platform,outcome_id,target_id,analysis_variant,test_family,asset_id,asset_analysis_use,financial_lag_weeks,n_paired_weeks,method,coefficient,ci_low,ci_high,p_value_raw,status,p_value_bh_fdr
reddit,anger_share,,primary_all_weeks,primary_spearman,GOLD_USD,main,0,20,spearman,-0.10534239249977988,-0.5724091062950504,0.3841413421649342,0.6633,exploratory_association_not_causal,0.9634029850746268
reddit,anger_share,,primary_all_weeks,primary_all_weeks_pearson,GOLD_USD,main,0,20,pearson,-0.0161141068741384,-0.5622763535717741,0.38453478879437547,0.9427,exploratory_association_not_causal,0.9752914285714286
reddit,anger_share,,primary_all_weeks,primary_spearman,GOLD_USD,main,1,19,spearman,0.507462882148281,0.005264689266739717,0.8425287286405171,0.0279,exploratory_association_not_causal,0.9423
reddit,anger_share,,primary_all_weeks,primary_all_weeks_pearson,GOLD_USD,main,1,19,pearson,0.3356812864682871,-0.10364578579313372,0.7865530183836921,0.1516,exploratory_association_not_causal,0.9168827586206897
reddit,anger_share,,primary_all_weeks,primary_spearman,GOLD_USD,main,2,18,spearman,0.03305786887949386,-0.4268230723251645,0.5390089563862924,0.8965,exploratory_association_not_causal,0.9634029850746268
reddit,anger_share,,primary_all_weeks,primary_all_weeks_pearson,GOLD_USD,main,2,18,pearson,0.015186460547366902,-0.40548392196336414,0.48285015785829044,0.9475,exploratory_association_not_causal,0.9752914285714286
reddit,anger_share,,primary_all_weeks,primary_spearman,IRR_USD,main,0,20,spearman,0.19488342612459275,-0.24099222767721504,0.5868730317309145,0.4121,exploratory_association_not_causal,0.9634029850746268
reddit,anger_share,,primary_all_weeks,primary_all_weeks_pearson,IRR_USD,main,0,20,pearson,0.20596234742082245,-0.17654255937891586,0.5745625365429767,0.3611,exploratory_association_not_causal,0.963460465116279
reddit,anger_share,,primary_all_weeks,primary_spearman,IRR_USD,main,1,19,spearman,-0.29587368734250985,-0.7342840010346693,0.20853805573285042,0.2092,exploratory_association_not_causal,0.9634029850746268
reddit,anger_share,,primary_all_weeks,primary_all_weeks_pearson,IRR_USD,main,1,19,pearson,-0.1588145605492953,-0.548686152551857,0.1830221840906186,0.4856,exploratory_association_not_causal,0.963460465116279
reddit,anger_share,,primary_all_weeks,primary_spearman,IRR_USD,main,2,18,spearman,0.06818185456395608,-0.4629049111807733,0.5910313094904159,0.7862,exploratory_association_not_causal,0.9634029850746268
reddit,anger_share,,primary_all_weeks,primary_all_weeks_pearson,IRR_USD,main,2,18,pearson,0.3021941655293304,-0.5263413360007627,0.8241826526704019,0.2095,exploratory_association_not_causal,0.9168827586206897
reddit,anger_share,,primary_all_weeks,primary_spearman,OIL_BRENT,main,0,20,spearman,-0.11211440344619429,-0.5376385665899475,0.36897217355346534,0.6273,exploratory_association_not_causal,0.9634029850746268
reddit,anger_share,,primary_all_weeks,primary_all_weeks_pearson,OIL_BRENT,main,0,20,pearson,-0.034060754006405985,-0.3672895905981422,0.31687390000353627,0.8847,exploratory_association_not_causal,0.9752914285714286
reddit,anger_share,,primary_all_weeks,primary_spearman,OIL_BRENT,main,1,19,spearman,-0.027216867381655206,-0.5669062116928779,0.46605935396394577,0.9125,exploratory_association_not_causal,0.975511330049261
reddit,anger_share,,primary_all_weeks,primary_all_weeks_pearson,OIL_BRENT,main,1,19,pearson,0.02717025071088955,-0.5478910371583541,0.40746891455729517,0.9101,exploratory_association_not_causal,0.9752914285714286
reddit,anger_share,,primary_all_weeks,primary_spearman,OIL_BRENT,main,2,18,spearman,-0.06818185456395608,-0.6042306550074246,0.475481274943519,0.7883,exploratory_association_not_causal,0.9634029850746268
reddit,anger_share,,primary_all_weeks,primary_all_weeks_pearson,OIL_BRENT,main,2,18,pearson,0.06431095069849474,-0.5670642273504763,0.525903343773307,0.8029,exploratory_association_not_causal,0.9752914285714286
reddit,anger_share,,primary_all_weeks,primary_spearman,VIX,main,0,20,spearman,-0.1399548928925647,-0.6052219349855296,0.42137434181935746,0.5519,exploratory_association_not_causal,0.9634029850746268
reddit,anger_share,,primary_all_weeks,primary_all_weeks_pearson,VIX,main,0,20,pearson,-0.28374569883991874,-0.718271403552544,0.5178059804728528,0.2239,exploratory_association_not_causal,0.9168827586206897
reddit,anger_share,,primary_all_weeks,primary_spearman,VIX,main,1,19,spearman,-0.4284461703950884,-0.7978933050631517,0.10546193570879021,0.0701,exploratory_association_not_causal,0.9634029850746268
reddit,anger_share,,primary_all_weeks,primary_all_weeks_pearson,VIX,main,1,19,pearson,-0.23406233319913164,-0.8290953807648573,0.2244249103352114,0.3171,exploratory_association_not_causal,0.9513
reddit,anger_share,,primary_all_weeks,primary_spearman,VIX,main,2,18,spearman,0.24690095819371968,-0.26073922551143547,0.6889944334763735,0.3228,exploratory_association_not_causal,0.9634029850746268
reddit,anger_share,,primary_all_weeks,primary_all_weeks_pearson,VIX,main,2,18,pearson,0.18318415331614382,-0.16807224551451644,0.5799414099322722,0.4641,exploratory_association_not_causal,0.963460465116279
reddit,automation_risk_share,,primary_all_weeks,primary_spearman,GOLD_USD,main,0,20,spearman,-0.18975925134199326,-0.6125054371578696,0.3598866442186685,0.4218,exploratory_association_not_causal,0.9634029850746268
reddit,automation_risk_share,,primary_all_weeks,primary_all_weeks_pearson,GOLD_USD,main,0,20,pearson,-0.13572001786582,-0.595733810345955,0.3088920062901029,0.5621,exploratory_association_not_causal,0.963460465116279
reddit,automation_risk_share,,primary_all_weeks,primary_spearman,GOLD_USD,main,1,19,spearman,-0.04563405441503279,-0.5144381371795353,0.4141269730608465,0.8503,exploratory_association_not_causal,0.9634029850746268
reddit,automation_risk_share,,primary_all_weeks,primary_all_weeks_pearson,GOLD_USD,main,1,19,pearson,-0.1562299005503507,-0.521571622070312,0.3021136648772077,0.514,exploratory_association_not_causal,0.963460465116279
reddit,automation_risk_share,,primary_all_weeks,primary_spearman,GOLD_USD,main,2,18,spearman,-0.4109448147019394,-0.7658056374154875,0.05011029594085037,0.0901,exploratory_association_not_causal,0.9634029850746268
reddit,automation_risk_share,,primary_all_weeks,primary_all_weeks_pearson,GOLD_USD,main,2,18,pearson,-0.38855560959179203,-0.6950251994206632,-0.05208505759935914,0.112,exploratory_association_not_causal,0.9168827586206897
reddit,automation_risk_share,,primary_all_weeks,primary_spearman,IRR_USD,main,0,20,spearman,-0.11295193532261505,-0.5807605222678615,0.35776782678235974,0.6322,exploratory_association_not_causal,0.9634029850746268
reddit,automation_risk_share,,primary_all_weeks,primary_all_weeks_pearson,IRR_USD,main,0,20,pearson,0.011127916144258065,-0.4394032268782028,0.3784659947286994,0.9613,exploratory_association_not_causal,0.9840796208530806
reddit,automation_risk_share,,primary_all_weeks,primary_spearman,IRR_USD,main,1,19,spearman,-0.20184293298956807,-0.5792072849469623,0.3034024211298599,0.397,exploratory_association_not_causal,0.9634029850746268
reddit,automation_risk_share,,primary_all_weeks,primary_all_weeks_pearson,IRR_USD,main,1,19,pearson,-0.2611629558621697,-0.5998168571731404,0.12216374145585014,0.265,exploratory_association_not_causal,0.9297529411764707
reddit,automation_risk_share,,primary_all_weeks,primary_spearman,IRR_USD,main,2,18,spearman,-0.182756864829757,-0.6907072264254034,0.42620866989473966,0.4654,exploratory_association_not_causal,0.9634029850746268
reddit,automation_risk_share,,primary_all_weeks,primary_all_weeks_pearson,IRR_USD,main,2,18,pearson,-0.3419074816693769,-0.8107028555957946,0.31561121101716755,0.1543,exploratory_association_not_causal,0.9168827586206897
reddit,automation_risk_share,,primary_all_weeks,primary_spearman,OIL_BRENT,main,0,20,spearman,-0.19277130295059636,-0.6549909082773806,0.31051792436199216,0.4105,exploratory_association_not_causal,0.9634029850746268
reddit,automation_risk_share,,primary_all_weeks,primary_all_weeks_pearson,OIL_BRENT,main,0,20,pearson,-0.2506630298906165,-0.6205702201956027,0.2882091214428541,0.2871,exploratory_association_not_causal,0.9297529411764707
reddit,automation_risk_share,,primary_all_weeks,primary_spearman,OIL_BRENT,main,1,19,spearman,-0.1904344193858099,-0.6062875435409857,0.34297224709042023,0.4435,exploratory_association_not_causal,0.9634029850746268
reddit,automation_risk_share,,primary_all_weeks,primary_all_weeks_pearson,OIL_BRENT,main,1,19,pearson,-0.19500822166682882,-0.5833841522551929,0.245590417321796,0.4269,exploratory_association_not_causal,0.963460465116279
reddit,automation_risk_share,,primary_all_weeks,primary_spearman,OIL_BRENT,main,2,18,spearman,0.0640165289234177,-0.4387637893846258,0.5188430501345673,0.803,exploratory_association_not_causal,0.9634029850746268
reddit,automation_risk_share,,primary_all_weeks,primary_all_weeks_pearson,OIL_BRENT,main,2,18,pearson,-0.025294970267436927,-0.38763949389889857,0.4646700946150805,0.9215,exploratory_association_not_causal,0.9752914285714286
reddit,automation_risk_share,,primary_all_weeks,primary_spearman,VIX,main,0,20,spearman,0.08132539343228283,-0.38079554472979366,0.520663392258509,0.7383,exploratory_association_not_causal,0.9634029850746268
reddit,automation_risk_share,,primary_all_weeks,primary_all_weeks_pearson,VIX,main,0,20,pearson,0.17813915582390283,-0.30606109815118654,0.6282610255349715,0.4526,exploratory_association_not_causal,0.963460465116279
reddit,automation_risk_share,,primary_all_weeks,primary_spearman,VIX,main,1,19,spearman,0.12110575979374086,-0.3912731151076855,0.6064367894825105,0.6244,exploratory_association_not_causal,0.9634029850746268
reddit,automation_risk_share,,primary_all_weeks,primary_all_weeks_pearson,VIX,main,1,19,pearson,0.29845489670378333,-0.5057041622078476,0.7553263891617623,0.2161,exploratory_association_not_causal,0.9168827586206897
reddit,automation_risk_share,,primary_all_weeks,primary_spearman,VIX,main,2,18,spearman,-0.006195147960330744,-0.4351725825258076,0.43176335804745486,0.9835,exploratory_association_not_causal,0.9975549295774647
reddit,automation_risk_share,,primary_all_weeks,primary_all_weeks_pearson,VIX,main,2,18,pearson,-0.06350725436139457,-0.39417900488975793,0.39813978756798674,0.7967,exploratory_association_not_causal,0.9752914285714286
reddit,negative_sentiment_share,,primary_all_weeks,primary_spearman,GOLD_USD,main,0,20,spearman,0.21820924160668687,-0.33799931932014715,0.6712135608817004,0.3605,exploratory_association_not_causal,0.9634029850746268
reddit,negative_sentiment_share,,primary_all_weeks,primary_all_weeks_pearson,GOLD_USD,main,0,20,pearson,0.19916173640811552,-0.3728563227751569,0.6069272663974331,0.3852,exploratory_association_not_causal,0.963460465116279
reddit,negative_sentiment_share,,primary_all_weeks,primary_spearman,GOLD_USD,main,1,19,spearman,0.37576836255962676,-0.0858129041610169,0.7406387797694824,0.1123,exploratory_association_not_causal,0.9634029850746268
reddit,negative_sentiment_share,,primary_all_weeks,primary_all_weeks_pearson,GOLD_USD,main,1,19,pearson,0.29934280791339696,-0.006419394116139339,0.5969083983263876,0.2044,exploratory_association_not_causal,0.9168827586206897
reddit,negative_sentiment_share,,primary_all_weeks,primary_spearman,GOLD_USD,main,2,18,spearman,-0.056788856303031834,-0.44943229392081696,0.38033305014795843,0.824,exploratory_association_not_causal,0.9634029850746268
reddit,negative_sentiment_share,,primary_all_weeks,primary_all_weeks_pearson,GOLD_USD,main,2,18,pearson,-0.05139732520346361,-0.3414340452181964,0.2866207303003489,0.8289,exploratory_association_not_causal,0.9752914285714286
reddit,negative_sentiment_share,,primary_all_weeks,primary_spearman,IRR_USD,main,0,20,spearman,-0.16177581705323338,-0.5743535653081516,0.2844657420593977,0.491,exploratory_association_not_causal,0.9634029850746268
reddit,negative_sentiment_share,,primary_all_weeks,primary_all_weeks_pearson,IRR_USD,main,0,20,pearson,-0.04773092140544452,-0.4334399592873569,0.2828391050839848,0.8259,exploratory_association_not_causal,0.9752914285714286
reddit,negative_sentiment_share,,primary_all_weeks,primary_spearman,IRR_USD,main,1,19,spearman,0.06496929633040274,-0.39880382799467756,0.5214467303802538,0.7945,exploratory_association_not_causal,0.9634029850746268
reddit,negative_sentiment_share,,primary_all_weeks,primary_all_weeks_pearson,IRR_USD,main,1,19,pearson,0.08554594850125373,-0.3132100171165154,0.43389863116358235,0.7086,exploratory_association_not_causal,0.9752914285714286
reddit,negative_sentiment_share,,primary_all_weeks,primary_spearman,IRR_USD,main,2,18,spearman,0.4429530791636483,-0.10422310200833194,0.8185821699326815,0.0693,exploratory_association_not_causal,0.9634029850746268
reddit,negative_sentiment_share,,primary_all_weeks,primary_all_weeks_pearson,IRR_USD,main,2,18,pearson,0.7018761042847592,0.09138743801894812,0.8945935567005024,0.003,exploratory_association_not_causal,0.324
reddit,negative_sentiment_share,,primary_all_weeks,primary_spearman,OIL_BRENT,main,0,20,spearman,-0.30624538391007433,-0.6181904118286297,0.13750492195760924,0.1883,exploratory_association_not_causal,0.9634029850746268
reddit,negative_sentiment_share,,primary_all_weeks,primary_all_weeks_pearson,OIL_BRENT,main,0,20,pearson,-0.19024304264255612,-0.5299736327652856,0.10139037629040841,0.4309,exploratory_association_not_causal,0.963460465116279
reddit,negative_sentiment_share,,primary_all_weeks,primary_spearman,OIL_BRENT,main,1,19,spearman,-0.017559269278487232,-0.46046098286615017,0.4489113352706521,0.9434,exploratory_association_not_causal,0.9825923076923077
reddit,negative_sentiment_share,,primary_all_weeks,primary_all_weeks_pearson,OIL_BRENT,main,1,19,pearson,0.10806218311474333,-0.4564998612540495,0.4435858987425523,0.6731,exploratory_association_not_causal,0.9752914285714286
reddit,negative_sentiment_share,,primary_all_weeks,primary_spearman,OIL_BRENT,main,2,18,spearman,0.24367581977300937,-0.3110209808996155,0.7161084330428941,0.3316,exploratory_association_not_causal,0.9634029850746268
reddit,negative_sentiment_share,,primary_all_weeks,primary_all_weeks_pearson,OIL_BRENT,main,2,18,pearson,0.2651367643801324,-0.27752528612490035,0.6613545962741854,0.2927,exploratory_association_not_causal,0.9297529411764707
reddit,negative_sentiment_share,,primary_all_weeks,primary_spearman,VIX,main,0,20,spearman,-0.09405570758908917,-0.5654203509256701,0.39853339534164867,0.6926,exploratory_association_not_causal,0.9634029850746268
reddit,negative_sentiment_share,,primary_all_weeks,primary_all_weeks_pearson,VIX,main,0,20,pearson,-0.345548737089525,-0.7259069873176007,0.3816570194900478,0.1394,exploratory_association_not_causal,0.9168827586206897
reddit,negative_sentiment_share,,primary_all_weeks,primary_spearman,VIX,main,1,19,spearman,-0.072870967505722,-0.5735294586622021,0.4378372900725162,0.7641,exploratory_association_not_causal,0.9634029850746268
reddit,negative_sentiment_share,,primary_all_weeks,primary_all_weeks_pearson,VIX,main,1,19,pearson,0.13088656362862064,-0.3767272827524211,0.47643343206974165,0.5754,exploratory_association_not_causal,0.963460465116279
reddit,negative_sentiment_share,,primary_all_weeks,primary_spearman,VIX,main,2,18,spearman,-0.14145587842755203,-0.5525778662699945,0.2862273424372129,0.5704,exploratory_association_not_causal,0.9634029850746268
reddit,negative_sentiment_share,,primary_all_weeks,primary_all_weeks_pearson,VIX,main,2,18,pearson,-0.058643068980350224,-0.47114578399056833,0.22331238894177521,0.8099,exploratory_association_not_causal,0.9752914285714286
reddit,oppose_share,,primary_all_weeks,primary_spearman,GOLD_USD,main,0,20,spearman,-0.0015048913214254266,-0.5267506914134811,0.5508234907478599,0.9955,exploratory_association_not_causal,0.9986000000000002
reddit,oppose_share,,primary_all_weeks,primary_all_weeks_pearson,GOLD_USD,main,0,20,pearson,0.07374414074027814,-0.5972869330487597,0.5639283874352548,0.7536,exploratory_association_not_causal,0.9752914285714286
reddit,oppose_share,,primary_all_weeks,primary_spearman,GOLD_USD,main,1,19,spearman,0.03336261162912574,-0.4796145755968652,0.5377941781971837,0.8927,exploratory_association_not_causal,0.9634029850746268
reddit,oppose_share,,primary_all_weeks,primary_all_weeks_pearson,GOLD_USD,main,1,19,pearson,0.020600996879318434,-0.4502888478524552,0.5459562440042895,0.9336,exploratory_association_not_causal,0.9752914285714286
reddit,oppose_share,,primary_all_weeks,primary_spearman,GOLD_USD,main,2,18,spearman,-0.3016530535253814,-0.7692409326327793,0.2225734964832328,0.2204,exploratory_association_not_causal,0.9634029850746268
reddit,oppose_share,,primary_all_weeks,primary_all_weeks_pearson,GOLD_USD,main,2,18,pearson,-0.22775773516080977,-0.6308440060722639,0.2258145458573401,0.3701,exploratory_association_not_causal,0.963460465116279
reddit,oppose_share,,primary_all_weeks,primary_spearman,IRR_USD,main,0,20,spearman,0.14747934949969183,-0.3435722708280071,0.5637601269653375,0.5319,exploratory_association_not_causal,0.9634029850746268
reddit,oppose_share,,primary_all_weeks,primary_all_weeks_pearson,IRR_USD,main,0,20,pearson,0.1961458590641545,-0.23020565537445228,0.48223420049561133,0.4197,exploratory_association_not_causal,0.963460465116279
reddit,oppose_share,,primary_all_weeks,primary_spearman,IRR_USD,main,1,19,spearman,0.06233540593862967,-0.48096357012750446,0.4680063598200984,0.7992,exploratory_association_not_causal,0.9634029850746268
reddit,oppose_share,,primary_all_weeks,primary_all_weeks_pearson,IRR_USD,main,1,19,pearson,0.12834269556886277,-0.3738556347496194,0.5244494933950868,0.6058,exploratory_association_not_causal,0.9752914285714286
reddit,oppose_share,,primary_all_weeks,primary_spearman,IRR_USD,main,2,18,spearman,-0.07644632178382953,-0.5500997822176557,0.4247347631946698,0.7631,exploratory_association_not_causal,0.9634029850746268
reddit,oppose_share,,primary_all_weeks,primary_all_weeks_pearson,IRR_USD,main,2,18,pearson,-0.19854496641719477,-0.5867170552928743,0.3058693615040934,0.4474,exploratory_association_not_causal,0.963460465116279
reddit,oppose_share,,primary_all_weeks,primary_spearman,OIL_BRENT,main,0,20,spearman,-0.01580135887496698,-0.5117557270177061,0.45988845061697664,0.9462,exploratory_association_not_causal,0.9825923076923077
reddit,oppose_share,,primary_all_weeks,primary_all_weeks_pearson,OIL_BRENT,main,0,20,pearson,0.004191331703824878,-0.4255049480694232,0.40166196852594305,0.9853,exploratory_association_not_causal,0.988
reddit,oppose_share,,primary_all_weeks,primary_spearman,OIL_BRENT,main,1,19,spearman,0.21773493905324165,-0.2711222306608702,0.5885628687654938,0.3728,exploratory_association_not_causal,0.9634029850746268
reddit,oppose_share,,primary_all_weeks,primary_all_weeks_pearson,OIL_BRENT,main,1,19,pearson,0.17695896493543997,-0.2133542497818175,0.5068214945209687,0.4658,exploratory_association_not_causal,0.963460465116279
reddit,oppose_share,,primary_all_weeks,primary_spearman,OIL_BRENT,main,2,18,spearman,0.21384308931422585,-0.31020173964923475,0.7209555107588871,0.3851,exploratory_association_not_causal,0.9634029850746268
reddit,oppose_share,,primary_all_weeks,primary_all_weeks_pearson,OIL_BRENT,main,2,18,pearson,0.1701299932589818,-0.2844799920736991,0.6127181633136691,0.504,exploratory_association_not_causal,0.963460465116279
reddit,oppose_share,,primary_all_weeks,primary_spearman,VIX,main,0,20,spearman,0.31828451448147776,-0.1951803383893261,0.6828617641858957,0.1743,exploratory_association_not_causal,0.9634029850746268
reddit,oppose_share,,primary_all_weeks,primary_all_weeks_pearson,VIX,main,0,20,pearson,0.4044782425820996,-0.027444570189010902,0.7000588966067776,0.0819,exploratory_association_not_causal,0.9168827586206897
reddit,oppose_share,,primary_all_weeks,primary_spearman,VIX,main,1,19,spearman,-0.21949086598109036,-0.6646016965520946,0.34047995860851527,0.3597,exploratory_association_not_causal,0.9634029850746268
reddit,oppose_share,,primary_all_weeks,primary_all_weeks_pearson,VIX,main,1,19,pearson,-0.07891219637057972,-0.5850746096588518,0.3828336002282644,0.7435,exploratory_association_not_causal,0.9752914285714286
reddit,oppose_share,,primary_all_weeks,primary_spearman,VIX,main,2,18,spearman,0.05475209533166169,-0.48313142516846375,0.5695948761894992,0.8327,exploratory_association_not_causal,0.9634029850746268
reddit,oppose_share,,primary_all_weeks,primary_all_weeks_pearson,VIX,main,2,18,pearson,-0.05188594313411917,-0.5475785497175657,0.4959033398519519,0.8368,exploratory_association_not_causal,0.9752914285714286
reddit,support_share,,primary_all_weeks,primary_spearman,GOLD_USD,main,0,20,spearman,-0.04287326365622987,-0.506709503759468,0.4678923426838509,0.8545,exploratory_association_not_causal,0.9634029850746268
reddit,support_share,,primary_all_weeks,primary_all_weeks_pearson,GOLD_USD,main,0,20,pearson,-0.08560210672474834,-0.47141388897091746,0.4773124626198243,0.7192,exploratory_association_not_causal,0.9752914285714286
reddit,support_share,,primary_all_weeks,primary_spearman,GOLD_USD,main,1,19,spearman,-0.6028960650601447,-0.8364823744465868,-0.24107153043180687,0.0062,exploratory_association_not_causal,0.378
reddit,support_share,,primary_all_weeks,primary_all_weeks_pearson,GOLD_USD,main,1,19,pearson,-0.45410052614706137,-0.7444809320795541,-0.21949276157611494,0.0551,exploratory_association_not_causal,0.9168827586206897
reddit,support_share,,primary_all_weeks,primary_spearman,GOLD_USD,main,2,18,spearman,0.1280330578468354,-0.4048232635275754,0.5842107593027369,0.608,exploratory_association_not_causal,0.9634029850746268
reddit,support_share,,primary_all_weeks,primary_all_weeks_pearson,GOLD_USD,main,2,18,pearson,0.02378614369587067,-0.34344475937938945,0.38945680183417325,0.919,exploratory_association_not_causal,0.9752914285714286
reddit,support_share,,primary_all_weeks,primary_spearman,IRR_USD,main,0,20,spearman,-0.5911997409438013,-0.8202589489718203,-0.20180658070369653,0.007,exploratory_association_not_causal,0.378
reddit,support_share,,primary_all_weeks,primary_all_weeks_pearson,IRR_USD,main,0,20,pearson,-0.42573894113079724,-0.6975190417260895,-0.1722411890106393,0.0638,exploratory_association_not_causal,0.9168827586206897
reddit,support_share,,primary_all_weeks,primary_spearman,IRR_USD,main,1,19,spearman,0.07810443928726764,-0.4129228014833453,0.5037622668595233,0.7534,exploratory_association_not_causal,0.9634029850746268
reddit,support_share,,primary_all_weeks,primary_all_weeks_pearson,IRR_USD,main,1,19,pearson,-0.03737816809991852,-0.3727091423028763,0.3608245214177055,0.8748,exploratory_association_not_causal,0.9752914285714286
reddit,support_share,,primary_all_weeks,primary_spearman,IRR_USD,main,2,18,spearman,-0.09292721940496118,-0.6129888565258217,0.4887766405896851,0.7111,exploratory_association_not_causal,0.9634029850746268
reddit,support_share,,primary_all_weeks,primary_all_weeks_pearson,IRR_USD,main,2,18,pearson,-0.13796804921425887,-0.8405305624283332,0.7437530899292035,0.5481,exploratory_association_not_causal,0.963460465116279
reddit,support_share,,primary_all_weeks,primary_spearman,OIL_BRENT,main,0,20,spearman,-0.006017300162277877,-0.5103862104143934,0.4792407068769118,0.983,exploratory_association_not_causal,0.9975549295774647
reddit,support_share,,primary_all_weeks,primary_all_weeks_pearson,OIL_BRENT,main,0,20,pearson,-0.16433575999466477,-0.5428697235468071,0.21390389590712236,0.4901,exploratory_association_not_causal,0.963460465116279
reddit,support_share,,primary_all_weeks,primary_spearman,OIL_BRENT,main,1,19,spearman,0.25010972131316045,-0.2471380029315629,0.6670003962915946,0.2959,exploratory_association_not_causal,0.9634029850746268
reddit,support_share,,primary_all_weeks,primary_all_weeks_pearson,OIL_BRENT,main,1,19,pearson,0.14925266606327892,-0.3272022972504137,0.6557603651633717,0.5494,exploratory_association_not_causal,0.963460465116279
reddit,support_share,,primary_all_weeks,primary_spearman,OIL_BRENT,main,2,18,spearman,-0.21992775259174147,-0.6670309793547082,0.3222137894427785,0.3872,exploratory_association_not_causal,0.9634029850746268
reddit,support_share,,primary_all_weeks,primary_all_weeks_pearson,OIL_BRENT,main,2,18,pearson,-0.2969746092285343,-0.6407115139063405,0.18683971688113435,0.2359,exploratory_association_not_causal,0.9168827586206897
reddit,support_share,,primary_all_weeks,primary_spearman,VIX,main,0,20,spearman,0.254983094376525,-0.2719034071716497,0.6662086419746666,0.2739,exploratory_association_not_causal,0.9634029850746268
reddit,support_share,,primary_all_weeks,primary_all_weeks_pearson,VIX,main,0,20,pearson,0.28912810509523607,-0.4252739074409343,0.7453496463667335,0.2136,exploratory_association_not_causal,0.9168827586206897
reddit,support_share,,primary_all_weeks,primary_spearman,VIX,main,1,19,spearman,0.22817027207516394,-0.24878526749152735,0.6694700015682753,0.3435,exploratory_association_not_causal,0.9634029850746268
reddit,support_share,,primary_all_weeks,primary_all_weeks_pearson,VIX,main,1,19,pearson,0.03946358381722887,-0.3112092442432467,0.5154625457577332,0.8716,exploratory_association_not_causal,0.9752914285714286
reddit,support_share,,primary_all_weeks,primary_spearman,VIX,main,2,18,spearman,-0.4202375366424356,-0.6940945310484408,-0.031479212392553454,0.0822,exploratory_association_not_causal,0.9634029850746268
reddit,support_share,,primary_all_weeks,primary_all_weeks_pearson,VIX,main,2,18,pearson,-0.31490342511955066,-0.5128077523004558,-0.11187098843240345,0.1927,exploratory_association_not_causal,0.9168827586206897
reddit,unclear_share,,primary_all_weeks,primary_spearman,GOLD_USD,main,0,20,spearman,0.15037593984962402,-0.35768110030729233,0.5735994590966473,0.5325,exploratory_association_not_causal,0.9634029850746268
reddit,unclear_share,,primary_all_weeks,primary_all_weeks_pearson,GOLD_USD,main,0,20,pearson,0.17125901053799297,-0.2362105357782834,0.5446745238496176,0.4699,exploratory_association_not_causal,0.963460465116279
reddit,unclear_share,,primary_all_weeks,primary_spearman,GOLD_USD,main,1,19,spearman,0.06315789473684211,-0.4191698454876488,0.5179925700921248,0.7997,exploratory_association_not_causal,0.9634029850746268
reddit,unclear_share,,primary_all_weeks,primary_all_weeks_pearson,GOLD_USD,main,1,19,pearson,0.06741303345286705,-0.3549033052144749,0.4953931850783224,0.7798,exploratory_association_not_causal,0.9752914285714286
reddit,unclear_share,,primary_all_weeks,primary_spearman,GOLD_USD,main,2,18,spearman,-0.12074303405572755,-0.5963475546305931,0.38126609651404775,0.6326,exploratory_association_not_causal,0.9634029850746268
reddit,unclear_share,,primary_all_weeks,primary_all_weeks_pearson,GOLD_USD,main,2,18,pearson,-0.03800762891226465,-0.5474877353337352,0.4545990855714093,0.8803,exploratory_association_not_causal,0.9752914285714286
reddit,unclear_share,,primary_all_weeks,primary_spearman,IRR_USD,main,0,20,spearman,0.23759398496240602,-0.21346917654956363,0.6366767600302798,0.3183,exploratory_association_not_causal,0.9634029850746268
reddit,unclear_share,,primary_all_weeks,primary_all_weeks_pearson,IRR_USD,main,0,20,pearson,0.15477239527581513,-0.19143063966377602,0.5083690540943345,0.5113,exploratory_association_not_causal,0.963460465116279
reddit,unclear_share,,primary_all_weeks,primary_spearman,IRR_USD,main,1,19,spearman,0.18947368421052632,-0.2824788957008346,0.5833776595744677,0.43,exploratory_association_not_causal,0.9634029850746268
reddit,unclear_share,,primary_all_weeks,primary_all_weeks_pearson,IRR_USD,main,1,19,pearson,0.19309271851799995,-0.19918513600460325,0.5300314768964643,0.429,exploratory_association_not_causal,0.963460465116279
reddit,unclear_share,,primary_all_weeks,primary_spearman,IRR_USD,main,2,18,spearman,0.4179566563467492,-0.2081869213384851,0.8232868301552267,0.0873,exploratory_association_not_causal,0.9634029850746268
reddit,unclear_share,,primary_all_weeks,primary_all_weeks_pearson,IRR_USD,main,2,18,pearson,0.409398772260353,-0.3276284495082789,0.8581240750502004,0.0907,exploratory_association_not_causal,0.9168827586206897
reddit,unclear_share,,primary_all_weeks,primary_spearman,OIL_BRENT,main,0,20,spearman,0.03308270676691729,-0.4030053093569244,0.4851788928892888,0.8898,exploratory_association_not_causal,0.9634029850746268
reddit,unclear_share,,primary_all_weeks,primary_all_weeks_pearson,OIL_BRENT,main,0,20,pearson,0.040271502079628235,-0.4033534982059076,0.4536975766557133,0.8633,exploratory_association_not_causal,0.9752914285714286
reddit,unclear_share,,primary_all_weeks,primary_spearman,OIL_BRENT,main,1,19,spearman,-0.042105263157894736,-0.5212871963515068,0.49336705774990564,0.8658,exploratory_association_not_causal,0.9634029850746268
reddit,unclear_share,,primary_all_weeks,primary_all_weeks_pearson,OIL_BRENT,main,1,19,pearson,0.032657535887416975,-0.44295716428231324,0.493887113281407,0.8924,exploratory_association_not_causal,0.9752914285714286
reddit,unclear_share,,primary_all_weeks,primary_spearman,OIL_BRENT,main,2,18,spearman,0.3353973168214654,-0.22274361039752685,0.7426351950354604,0.171,exploratory_association_not_causal,0.9634029850746268
reddit,unclear_share,,primary_all_weeks,primary_all_weeks_pearson,OIL_BRENT,main,2,18,pearson,0.36992289330262784,-0.14934536316386213,0.7165339538807606,0.1319,exploratory_association_not_causal,0.9168827586206897
reddit,unclear_share,,primary_all_weeks,primary_spearman,VIX,main,0,20,spearman,-0.2541353383458646,-0.6892664439387827,0.3064755486955539,0.2829,exploratory_association_not_causal,0.9634029850746268
reddit,unclear_share,,primary_all_weeks,primary_all_weeks_pearson,VIX,main,0,20,pearson,-0.42000224533724567,-0.7810931595291492,0.27019698659702845,0.0635,exploratory_association_not_causal,0.9168827586206897
reddit,unclear_share,,primary_all_weeks,primary_spearman,VIX,main,1,19,spearman,0.2771929824561403,-0.24897561951001573,0.7049651655264015,0.2452,exploratory_association_not_causal,0.9634029850746268
reddit,unclear_share,,primary_all_weeks,primary_all_weeks_pearson,VIX,main,1,19,pearson,0.24818564921853475,-0.22335213177453667,0.589671867292857,0.3137,exploratory_association_not_causal,0.9513
reddit,unclear_share,,primary_all_weeks,primary_spearman,VIX,main,2,18,spearman,0.33952528379772956,-0.18607310351496398,0.7146072146466018,0.1769,exploratory_association_not_causal,0.9634029850746268
reddit,unclear_share,,primary_all_weeks,primary_all_weeks_pearson,VIX,main,2,18,pearson,0.5032229006670624,0.018740708573649796,0.7621076306959992,0.0339,exploratory_association_not_causal,0.9168827586206897
x,anger_share,,primary_all_weeks,primary_spearman,GOLD_USD,main,0,21,spearman,0.1331601239441132,-0.4069368862133736,0.6321831612147796,0.566,exploratory_association_not_causal,0.9634029850746268
x,anger_share,,primary_all_weeks,primary_all_weeks_pearson,GOLD_USD,main,0,21,pearson,0.18886344070597177,-0.3835156041941623,0.5978179911064563,0.3928,exploratory_association_not_causal,0.963460465116279
x,anger_share,,primary_all_weeks,primary_spearman,GOLD_USD,main,1,20,spearman,0.36404665981781154,-0.11682465261278238,0.7610345817190405,0.1128,exploratory_association_not_causal,0.9634029850746268
x,anger_share,,primary_all_weeks,primary_all_weeks_pearson,GOLD_USD,main,1,20,pearson,0.3955439444307204,0.030079001037333512,0.6528849163364097,0.0897,exploratory_association_not_causal,0.9168827586206897
x,anger_share,,primary_all_weeks,primary_spearman,GOLD_USD,main,2,19,spearman,0.15620887857453528,-0.31102517062120866,0.5458232243018195,0.5265,exploratory_association_not_causal,0.9634029850746268
x,anger_share,,primary_all_weeks,primary_all_weeks_pearson,GOLD_USD,main,2,19,pearson,0.2229586445323501,-0.08032373840478967,0.49272002727644965,0.3526,exploratory_association_not_causal,0.963460465116279
x,anger_share,,primary_all_weeks,primary_spearman,IRR_USD,main,0,21,spearman,0.23384216887746706,-0.24602943290746737,0.6294446655075892,0.3083,exploratory_association_not_causal,0.9634029850746268
x,anger_share,,primary_all_weeks,primary_all_weeks_pearson,IRR_USD,main,0,21,pearson,0.01948796482243386,-0.3151182387816142,0.5185324161769195,0.9261,exploratory_association_not_causal,0.9752914285714286
x,anger_share,,primary_all_weeks,primary_spearman,IRR_USD,main,1,20,spearman,0.1504325040569469,-0.35737950654155637,0.6073349278828728,0.5246,exploratory_association_not_causal,0.9634029850746268
x,anger_share,,primary_all_weeks,primary_all_weeks_pearson,IRR_USD,main,1,20,pearson,0.0704921622111251,-0.289759865664336,0.617731362111665,0.7315,exploratory_association_not_causal,0.9752914285714286
x,anger_share,,primary_all_weeks,primary_spearman,IRR_USD,main,2,19,spearman,-0.05089952223215195,-0.5229684292247242,0.43490640191133023,0.837,exploratory_association_not_causal,0.9634029850746268
x,anger_share,,primary_all_weeks,primary_all_weeks_pearson,IRR_USD,main,2,19,pearson,-0.1794495848142165,-0.611838314801687,0.38262894376988665,0.4175,exploratory_association_not_causal,0.963460465116279
x,anger_share,,primary_all_weeks,primary_spearman,OIL_BRENT,main,0,21,spearman,-0.19227022774369515,-0.6126530932343122,0.27104078229336986,0.399,exploratory_association_not_causal,0.9634029850746268
x,anger_share,,primary_all_weeks,primary_all_weeks_pearson,OIL_BRENT,main,0,21,pearson,-0.19520520174399772,-0.5285496811654493,0.1726360301618918,0.4082,exploratory_association_not_causal,0.963460465116279
x,anger_share,,primary_all_weeks,primary_spearman,OIL_BRENT,main,1,20,spearman,-0.3685596349395199,-0.7517308397142753,0.13249050868825601,0.1132,exploratory_association_not_causal,0.9634029850746268
x,anger_share,,primary_all_weeks,primary_all_weeks_pearson,OIL_BRENT,main,1,20,pearson,-0.43224478675700956,-0.7135471647874422,0.055977948696192735,0.0576,exploratory_association_not_causal,0.9168827586206897
x,anger_share,,primary_all_weeks,primary_spearman,OIL_BRENT,main,2,19,spearman,-0.24659940943508105,-0.6066347890645185,0.20935138915217144,0.3047,exploratory_association_not_causal,0.9634029850746268
x,anger_share,,primary_all_weeks,primary_all_weeks_pearson,OIL_BRENT,main,2,19,pearson,-0.14837997602476796,-0.49213760234022425,0.18245636084553282,0.542,exploratory_association_not_causal,0.963460465116279
x,anger_share,,primary_all_weeks,primary_spearman,VIX,main,0,21,spearman,-0.14550179396820176,-0.619521186604659,0.38575922030521165,0.5267,exploratory_association_not_causal,0.9634029850746268
x,anger_share,,primary_all_weeks,primary_all_weeks_pearson,VIX,main,0,21,pearson,-0.1286392645700384,-0.483478117669559,0.343805282657107,0.5736,exploratory_association_not_causal,0.963460465116279
x,anger_share,,primary_all_weeks,primary_spearman,VIX,main,1,20,spearman,-0.351259896972971,-0.6876445494319072,0.06913190240556427,0.1255,exploratory_association_not_causal,0.9634029850746268
x,anger_share,,primary_all_weeks,primary_all_weeks_pearson,VIX,main,1,20,pearson,-0.36567501017893284,-0.5952346042836155,-0.06811987221302701,0.1087,exploratory_association_not_causal,0.9168827586206897
x,anger_share,,primary_all_weeks,primary_spearman,VIX,main,2,19,spearman,0.046511632384552644,-0.4432624113475177,0.47526700068444644,0.8475,exploratory_association_not_causal,0.9634029850746268
x,anger_share,,primary_all_weeks,primary_all_weeks_pearson,VIX,main,2,19,pearson,-0.01665707099687338,-0.3217185445417223,0.37134883551529024,0.9482,exploratory_association_not_causal,0.9752914285714286
x,automation_risk_share,,primary_all_weeks,primary_spearman,GOLD_USD,main,0,21,spearman,0.03715804173089641,-0.4171936451791155,0.5216633137003966,0.8622,exploratory_association_not_causal,0.9634029850746268
x,automation_risk_share,,primary_all_weeks,primary_all_weeks_pearson,GOLD_USD,main,0,21,pearson,0.07796695495463739,-0.40764191941161515,0.48951894047393324,0.7323,exploratory_association_not_causal,0.9752914285714286
x,automation_risk_share,,primary_all_weeks,primary_spearman,GOLD_USD,main,1,20,spearman,0.05060474923225579,-0.4090012586413472,0.490644474680844,0.8291,exploratory_association_not_causal,0.9634029850746268
x,automation_risk_share,,primary_all_weeks,primary_all_weeks_pearson,GOLD_USD,main,1,20,pearson,-0.01893527172294695,-0.45224967228054713,0.4030686613988809,0.9345,exploratory_association_not_causal,0.9752914285714286
x,automation_risk_share,,primary_all_weeks,primary_spearman,GOLD_USD,main,2,19,spearman,0.3192284542802342,-0.20078075244699775,0.7172910035934337,0.1839,exploratory_association_not_causal,0.9634029850746268
x,automation_risk_share,,primary_all_weeks,primary_all_weeks_pearson,GOLD_USD,main,2,19,pearson,0.3273002231716345,-0.1430878049534753,0.7108845661458985,0.1709,exploratory_association_not_causal,0.9168827586206897
x,automation_risk_share,,primary_all_weeks,primary_spearman,IRR_USD,main,0,21,spearman,0.03324666891711784,-0.3996482553403038,0.44822755935289277,0.8865,exploratory_association_not_causal,0.9634029850746268
x,automation_risk_share,,primary_all_weeks,primary_all_weeks_pearson,IRR_USD,main,0,21,pearson,0.05587374947124469,-0.35376145676099424,0.35847552680145894,0.8118,exploratory_association_not_causal,0.9752914285714286
x,automation_risk_share,,primary_all_weeks,primary_spearman,IRR_USD,main,1,20,spearman,-0.05438122305555847,-0.5225141453976995,0.4225482934183836,0.8141,exploratory_association_not_causal,0.9634029850746268
x,automation_risk_share,,primary_all_weeks,primary_all_weeks_pearson,IRR_USD,main,1,20,pearson,0.13863439655118454,-0.5187609110173586,0.5332368708804675,0.562,exploratory_association_not_causal,0.963460465116279
x,automation_risk_share,,primary_all_weeks,primary_spearman,IRR_USD,main,2,19,spearman,-0.1366862166117025,-0.5546458707154218,0.3473664245966682,0.5805,exploratory_association_not_causal,0.9634029850746268
x,automation_risk_share,,primary_all_weeks,primary_all_weeks_pearson,IRR_USD,main,2,19,pearson,-0.11265893991718023,-0.4450389562812098,0.2668065210575988,0.6502,exploratory_association_not_causal,0.9752914285714286
x,automation_risk_share,,primary_all_weeks,primary_spearman,OIL_BRENT,main,0,21,spearman,0.260758187585238,-0.24091649219209343,0.7485455453588822,0.2526,exploratory_association_not_causal,0.9634029850746268
x,automation_risk_share,,primary_all_weeks,primary_all_weeks_pearson,OIL_BRENT,main,0,21,pearson,0.10046513919081981,-0.36093553566783243,0.6261120744330574,0.6689,exploratory_association_not_causal,0.9752914285714286
x,automation_risk_share,,primary_all_weeks,primary_spearman,OIL_BRENT,main,1,20,spearman,-0.0574024021142006,-0.48195658935609176,0.3638087032391852,0.8113,exploratory_association_not_causal,0.9634029850746268
x,automation_risk_share,,primary_all_weeks,primary_all_weeks_pearson,OIL_BRENT,main,1,20,pearson,-0.11986834623175786,-0.47394736420934247,0.22256405020774084,0.6126,exploratory_association_not_causal,0.9752914285714286
x,automation_risk_share,,primary_all_weeks,primary_spearman,OIL_BRENT,main,2,19,spearman,-0.28571828504639746,-0.6791627484918867,0.21923107604718217,0.2366,exploratory_association_not_causal,0.9634029850746268
x,automation_risk_share,,primary_all_weeks,primary_all_weeks_pearson,OIL_BRENT,main,2,19,pearson,-0.22346294071560943,-0.6195761449002892,0.21891859828334,0.3564,exploratory_association_not_causal,0.963460465116279
x,automation_risk_share,,primary_all_weeks,primary_spearman,VIX,main,0,21,spearman,0.0013037909379261898,-0.4584552331090988,0.4330419362508168,0.9957,exploratory_association_not_causal,0.9986000000000002
x,automation_risk_share,,primary_all_weeks,primary_all_weeks_pearson,VIX,main,0,21,pearson,-0.10031926168186107,-0.46598790212442,0.3458910245324112,0.6662,exploratory_association_not_causal,0.9752914285714286
x,automation_risk_share,,primary_all_weeks,primary_spearman,VIX,main,1,20,spearman,0.017371779587192288,-0.47636524452702106,0.4849632661454034,0.9437,exploratory_association_not_causal,0.9825923076923077
x,automation_risk_share,,primary_all_weeks,primary_all_weeks_pearson,VIX,main,1,20,pearson,0.3158812645197905,-0.3504988303297653,0.6815907395588258,0.1722,exploratory_association_not_causal,0.9168827586206897
x,automation_risk_share,,primary_all_weeks,primary_spearman,VIX,main,2,19,spearman,-0.3245195336329452,-0.6975509491782594,0.1498453356597925,0.172,exploratory_association_not_causal,0.9634029850746268
x,automation_risk_share,,primary_all_weeks,primary_all_weeks_pearson,VIX,main,2,19,pearson,-0.3520502459091183,-0.6186660030723148,-0.018047940361427112,0.1433,exploratory_association_not_causal,0.9168827586206897
x,negative_sentiment_share,,primary_all_weeks,primary_spearman,GOLD_USD,main,0,21,spearman,-0.10659738573117204,-0.5467943705812137,0.3804837958378928,0.6432,exploratory_association_not_causal,0.9634029850746268
x,negative_sentiment_share,,primary_all_weeks,primary_all_weeks_pearson,GOLD_USD,main,0,21,pearson,-0.20519127321811906,-0.5807075318023662,0.32640851359182516,0.3776,exploratory_association_not_causal,0.963460465116279
x,negative_sentiment_share,,primary_all_weeks,primary_spearman,GOLD_USD,main,1,20,spearman,-0.10684728382120529,-0.5284389121112326,0.3287587313237554,0.6609,exploratory_association_not_causal,0.9634029850746268
x,negative_sentiment_share,,primary_all_weeks,primary_all_weeks_pearson,GOLD_USD,main,1,20,pearson,0.025368149972659147,-0.5609614375696249,0.4667431951873854,0.9147,exploratory_association_not_causal,0.9752914285714286
x,negative_sentiment_share,,primary_all_weeks,primary_spearman,GOLD_USD,main,2,19,spearman,0.4679545262716847,-0.03110355729346522,0.8128155609488058,0.0488,exploratory_association_not_causal,0.9634029850746268
x,negative_sentiment_share,,primary_all_weeks,primary_all_weeks_pearson,GOLD_USD,main,2,19,pearson,0.49419344443387553,0.005390754696665439,0.7945661260482427,0.0307,exploratory_association_not_causal,0.9168827586206897
x,negative_sentiment_share,,primary_all_weeks,primary_spearman,IRR_USD,main,0,21,spearman,-0.2937927948200595,-0.6864855614984299,0.2231999532042235,0.1936,exploratory_association_not_causal,0.9634029850746268
x,negative_sentiment_share,,primary_all_weeks,primary_all_weeks_pearson,IRR_USD,main,0,21,pearson,-0.38424244247934597,-0.6741864986163816,0.07606588093174277,0.0836,exploratory_association_not_causal,0.9168827586206897
x,negative_sentiment_share,,primary_all_weeks,primary_spearman,IRR_USD,main,1,20,spearman,0.41535000471341776,-0.026601397450068096,0.737687066144794,0.0688,exploratory_association_not_causal,0.9634029850746268
x,negative_sentiment_share,,primary_all_weeks,primary_all_weeks_pearson,IRR_USD,main,1,20,pearson,0.32789361361982544,0.08887809134450056,0.6021113868159265,0.1613,exploratory_association_not_causal,0.9168827586206897
x,negative_sentiment_share,,primary_all_weeks,primary_spearman,IRR_USD,main,2,19,spearman,0.2651449661051572,-0.2796433051169886,0.682431419908777,0.2692,exploratory_association_not_causal,0.9634029850746268
x,negative_sentiment_share,,primary_all_weeks,primary_all_weeks_pearson,IRR_USD,main,2,19,pearson,0.2675953767978037,-0.18474735687203142,0.6446785737395915,0.2811,exploratory_association_not_causal,0.9297529411764707
x,negative_sentiment_share,,primary_all_weeks,primary_spearman,OIL_BRENT,main,0,21,spearman,-0.09424768860378015,-0.5610385508618373,0.3723121145208364,0.6879,exploratory_association_not_causal,0.9634029850746268
x,negative_sentiment_share,,primary_all_weeks,primary_all_weeks_pearson,OIL_BRENT,main,0,21,pearson,-0.13887483551939017,-0.5637797740927691,0.2970202795880313,0.5366,exploratory_association_not_causal,0.963460465116279
x,negative_sentiment_share,,primary_all_weeks,primary_spearman,OIL_BRENT,main,1,20,spearman,0.22422880689238858,-0.30735894534014085,0.7110240216603714,0.3321,exploratory_association_not_causal,0.9634029850746268
x,negative_sentiment_share,,primary_all_weeks,primary_all_weeks_pearson,OIL_BRENT,main,1,20,pearson,0.2029652543381057,-0.3509134650246632,0.7008857620160205,0.3878,exploratory_association_not_causal,0.963460465116279
x,negative_sentiment_share,,primary_all_weeks,primary_spearman,OIL_BRENT,main,2,19,spearman,-0.05531169822723478,-0.5038261899366764,0.46229946517042736,0.8207,exploratory_association_not_causal,0.9634029850746268
x,negative_sentiment_share,,primary_all_weeks,primary_all_weeks_pearson,OIL_BRENT,main,2,19,pearson,-0.17379521113932697,-0.567109262380396,0.31891781358204335,0.4819,exploratory_association_not_causal,0.963460465116279
x,negative_sentiment_share,,primary_all_weeks,primary_spearman,VIX,main,0,21,spearman,0.25349378314120175,-0.22985755190553586,0.6597326109011404,0.2772,exploratory_association_not_causal,0.9634029850746268
x,negative_sentiment_share,,primary_all_weeks,primary_all_weeks_pearson,VIX,main,0,21,pearson,0.10931031284413027,-0.37235578299166494,0.5608606054157634,0.6388,exploratory_association_not_causal,0.9752914285714286
x,negative_sentiment_share,,primary_all_weeks,primary_spearman,VIX,main,1,20,spearman,0.17381494762463678,-0.36414373978950854,0.5520220426716627,0.4525,exploratory_association_not_causal,0.9634029850746268
x,negative_sentiment_share,,primary_all_weeks,primary_all_weeks_pearson,VIX,main,1,20,pearson,0.31892731253839895,0.00014244642658945014,0.6007999993815417,0.1684,exploratory_association_not_causal,0.9168827586206897
x,negative_sentiment_share,,primary_all_weeks,primary_spearman,VIX,main,2,19,spearman,-0.48902564940586934,-0.7696530211520677,-0.04075750635847319,0.0349,exploratory_association_not_causal,0.9423
x,negative_sentiment_share,,primary_all_weeks,primary_all_weeks_pearson,VIX,main,2,19,pearson,-0.46311567137956317,-0.7789604131369744,-0.14062882256341355,0.0473,exploratory_association_not_causal,0.9168827586206897
x,oppose_share,,primary_all_weeks,primary_spearman,GOLD_USD,main,0,21,spearman,-0.12483755678647188,-0.5437022745482408,0.3130398123611259,0.5834,exploratory_association_not_causal,0.9634029850746268
x,oppose_share,,primary_all_weeks,primary_all_weeks_pearson,GOLD_USD,main,0,21,pearson,-0.0255812662371684,-0.4131850050591163,0.2933547660958884,0.9056,exploratory_association_not_causal,0.9752914285714286
x,oppose_share,,primary_all_weeks,primary_spearman,GOLD_USD,main,1,20,spearman,-0.09627680259644603,-0.5196256156112047,0.3248574370807322,0.6869,exploratory_association_not_causal,0.9634029850746268
x,oppose_share,,primary_all_weeks,primary_all_weeks_pearson,GOLD_USD,main,1,20,pearson,-0.3395207436811114,-0.7034265684348918,0.33264229057533184,0.1386,exploratory_association_not_causal,0.9168827586206897
x,oppose_share,,primary_all_weeks,primary_spearman,GOLD_USD,main,2,19,spearman,0.10530935634238335,-0.42722404172878503,0.5444088810821357,0.6575,exploratory_association_not_causal,0.9634029850746268
x,oppose_share,,primary_all_weeks,primary_all_weeks_pearson,GOLD_USD,main,2,19,pearson,0.11292603517324475,-0.4157128804460051,0.42500448767879234,0.6379,exploratory_association_not_causal,0.9752914285714286
x,oppose_share,,primary_all_weeks,primary_spearman,IRR_USD,main,0,21,spearman,0.2548766784390467,-0.25477917310887577,0.7030223655533197,0.263,exploratory_association_not_causal,0.9634029850746268
x,oppose_share,,primary_all_weeks,primary_all_weeks_pearson,IRR_USD,main,0,21,pearson,-0.12128487911300727,-0.6135012411485008,0.701974547815254,0.5874,exploratory_association_not_causal,0.9726595419847328
x,oppose_share,,primary_all_weeks,primary_spearman,IRR_USD,main,1,20,spearman,0.06919895186619558,-0.4707549132456158,0.6435804708404224,0.7731,exploratory_association_not_causal,0.9634029850746268
x,oppose_share,,primary_all_weeks,primary_all_weeks_pearson,IRR_USD,main,1,20,pearson,-0.041965011333175165,-0.4431089294356884,0.5192612204700481,0.8588,exploratory_association_not_causal,0.9752914285714286
x,oppose_share,,primary_all_weeks,primary_spearman,IRR_USD,main,2,19,spearman,0.11584029197662168,-0.3568500262689236,0.5911840564395813,0.6401,exploratory_association_not_causal,0.9634029850746268
x,oppose_share,,primary_all_weeks,primary_all_weeks_pearson,IRR_USD,main,2,19,pearson,-0.08732102285753719,-0.43005647039212197,0.4111751401486481,0.7125,exploratory_association_not_causal,0.9752914285714286
x,oppose_share,,primary_all_weeks,primary_spearman,OIL_BRENT,main,0,21,spearman,-0.1339402953021521,-0.5653664859811978,0.3378436293961504,0.5532,exploratory_association_not_causal,0.9634029850746268
x,oppose_share,,primary_all_weeks,primary_all_weeks_pearson,OIL_BRENT,main,0,21,pearson,-0.016736477554681748,-0.41057913298077015,0.37161333865330143,0.9415,exploratory_association_not_causal,0.9752914285714286
x,oppose_share,,primary_all_weeks,primary_spearman,OIL_BRENT,main,1,20,spearman,-0.07521625202847344,-0.5754916500716208,0.4445126630851872,0.7494,exploratory_association_not_causal,0.9634029850746268
x,oppose_share,,primary_all_weeks,primary_all_weeks_pearson,OIL_BRENT,main,1,20,pearson,-0.003011418776541162,-0.5266843528220884,0.4273496323607709,0.988,exploratory_association_not_causal,0.988
x,oppose_share,,primary_all_weeks,primary_spearman,OIL_BRENT,main,2,19,spearman,-0.08863537492150599,-0.6116078871503191,0.4068332528353889,0.7131,exploratory_association_not_causal,0.9634029850746268
x,oppose_share,,primary_all_weeks,primary_all_weeks_pearson,OIL_BRENT,main,2,19,pearson,0.0384012526664826,-0.5036144652715135,0.4933507340807335,0.8792,exploratory_association_not_causal,0.9752914285714286
x,oppose_share,,primary_all_weeks,primary_spearman,VIX,main,0,21,spearman,-0.08842660272375091,-0.5141248894122834,0.37020516524344854,0.7062,exploratory_association_not_causal,0.9634029850746268
x,oppose_share,,primary_all_weeks,primary_all_weeks_pearson,VIX,main,0,21,pearson,-0.10178384605062375,-0.4058550400659774,0.2603969767448666,0.6602,exploratory_association_not_causal,0.9752914285714286
x,oppose_share,,primary_all_weeks,primary_spearman,VIX,main,1,20,spearman,-0.181271167388621,-0.49431466161125454,0.27429185731499006,0.4312,exploratory_association_not_causal,0.9634029850746268
x,oppose_share,,primary_all_weeks,primary_all_weeks_pearson,VIX,main,1,20,pearson,-0.17898720804349763,-0.4180975104349439,0.04666694846645119,0.4422,exploratory_association_not_causal,0.963460465116279
x,oppose_share,,primary_all_weeks,primary_spearman,VIX,main,2,19,spearman,0.36770516922882185,-0.13931205252901468,0.81240179959228,0.122,exploratory_association_not_causal,0.9634029850746268
x,oppose_share,,primary_all_weeks,primary_all_weeks_pearson,VIX,main,2,19,pearson,0.32012475680136676,-0.1598612028243817,0.8503793878458001,0.1816,exploratory_association_not_causal,0.9168827586206897
x,support_share,,primary_all_weeks,primary_spearman,GOLD_USD,main,0,21,spearman,-0.07922077922077922,-0.5501637709929027,0.45396528564562083,0.7316,exploratory_association_not_causal,0.9634029850746268
x,support_share,,primary_all_weeks,primary_all_weeks_pearson,GOLD_USD,main,0,21,pearson,-0.16294004511942142,-0.5022179979297061,0.41192035030131935,0.4802,exploratory_association_not_causal,0.963460465116279
x,support_share,,primary_all_weeks,primary_spearman,GOLD_USD,main,1,20,spearman,-0.03308270676691729,-0.4851973437100918,0.4080552054108704,0.8867,exploratory_association_not_causal,0.9634029850746268
x,support_share,,primary_all_weeks,primary_all_weeks_pearson,GOLD_USD,main,1,20,pearson,-0.033995552821752296,-0.45314147236952923,0.2674090584077143,0.8843,exploratory_association_not_causal,0.9752914285714286
x,support_share,,primary_all_weeks,primary_spearman,GOLD_USD,main,2,19,spearman,0.09298245614035087,-0.4482975883795276,0.5772740310889974,0.7015,exploratory_association_not_causal,0.9634029850746268
x,support_share,,primary_all_weeks,primary_all_weeks_pearson,GOLD_USD,main,2,19,pearson,0.06097110689262552,-0.3910922168511015,0.47012037497131753,0.8105,exploratory_association_not_causal,0.9752914285714286
x,support_share,,primary_all_weeks,primary_spearman,IRR_USD,main,0,21,spearman,-0.0935064935064935,-0.5876963350785341,0.39169630558582236,0.686,exploratory_association_not_causal,0.9634029850746268
x,support_share,,primary_all_weeks,primary_all_weeks_pearson,IRR_USD,main,0,21,pearson,0.25290963666052724,-0.3892163407915146,0.5977266602933374,0.2712,exploratory_association_not_causal,0.9297529411764707
x,support_share,,primary_all_weeks,primary_spearman,IRR_USD,main,1,20,spearman,-0.07368421052631578,-0.5107928949357521,0.35869908123267347,0.7575,exploratory_association_not_causal,0.9634029850746268
x,support_share,,primary_all_weeks,primary_all_weeks_pearson,IRR_USD,main,1,20,pearson,0.09444521452593807,-0.3610731748604221,0.43589722192399816,0.6888,exploratory_association_not_causal,0.9752914285714286
x,support_share,,primary_all_weeks,primary_spearman,IRR_USD,main,2,19,spearman,-0.005263157894736842,-0.5480584511699682,0.5024150009425268,0.9837,exploratory_association_not_causal,0.9975549295774647
x,support_share,,primary_all_weeks,primary_all_weeks_pearson,IRR_USD,main,2,19,pearson,0.044253201650822756,-0.620184537936107,0.5140819705810354,0.8566,exploratory_association_not_causal,0.9752914285714286
x,support_share,,primary_all_weeks,primary_spearman,OIL_BRENT,main,0,21,spearman,0.24545454545454545,-0.18289204489363803,0.6165512071927844,0.2762,exploratory_association_not_causal,0.9634029850746268
x,support_share,,primary_all_weeks,primary_all_weeks_pearson,OIL_BRENT,main,0,21,pearson,0.24035108978207056,-0.12742112833697192,0.5395412047825109,0.2877,exploratory_association_not_causal,0.9297529411764707
x,support_share,,primary_all_weeks,primary_spearman,OIL_BRENT,main,1,20,spearman,0.31127819548872177,-0.22089626831879045,0.7011155687668459,0.1866,exploratory_association_not_causal,0.9634029850746268
x,support_share,,primary_all_weeks,primary_all_weeks_pearson,OIL_BRENT,main,1,20,pearson,0.23088704982752378,-0.2273990595624642,0.6495616477840006,0.3336,exploratory_association_not_causal,0.963460465116279
x,support_share,,primary_all_weeks,primary_spearman,OIL_BRENT,main,2,19,spearman,-0.1649122807017544,-0.5660751984126985,0.302065033687019,0.5036,exploratory_association_not_causal,0.9634029850746268
x,support_share,,primary_all_weeks,primary_all_weeks_pearson,OIL_BRENT,main,2,19,pearson,-0.1848777912963913,-0.5472764566939204,0.24175934717859732,0.4353,exploratory_association_not_causal,0.963460465116279
x,support_share,,primary_all_weeks,primary_spearman,VIX,main,0,21,spearman,0.051948051948051945,-0.38851365905646307,0.4977458693263823,0.8268,exploratory_association_not_causal,0.9634029850746268
x,support_share,,primary_all_weeks,primary_all_weeks_pearson,VIX,main,0,21,pearson,0.0036899792587430772,-0.38359513554463054,0.4482037785665892,0.9869,exploratory_association_not_causal,0.988
x,support_share,,primary_all_weeks,primary_spearman,VIX,main,1,20,spearman,0.14887218045112782,-0.3682694756038814,0.6459077767069463,0.5435,exploratory_association_not_causal,0.9634029850746268
x,support_share,,primary_all_weeks,primary_all_weeks_pearson,VIX,main,1,20,pearson,0.07457920780116246,-0.333931764433816,0.5471035390284505,0.7496,exploratory_association_not_causal,0.9752914285714286
x,support_share,,primary_all_weeks,primary_spearman,VIX,main,2,19,spearman,-0.19298245614035087,-0.6121550724149382,0.32929606625258745,0.4242,exploratory_association_not_causal,0.9634029850746268
x,support_share,,primary_all_weeks,primary_all_weeks_pearson,VIX,main,2,19,pearson,-0.17995039038515456,-0.5406559146098199,0.203024564468271,0.4589,exploratory_association_not_causal,0.963460465116279
x,unclear_share,,primary_all_weeks,primary_spearman,GOLD_USD,main,0,21,spearman,0.18181818181818182,-0.32987072287366215,0.658649144070898,0.4302,exploratory_association_not_causal,0.9634029850746268
x,unclear_share,,primary_all_weeks,primary_all_weeks_pearson,GOLD_USD,main,0,21,pearson,0.25948169283727585,-0.34900383762817366,0.672798398620789,0.2405,exploratory_association_not_causal,0.9168827586206897
x,unclear_share,,primary_all_weeks,primary_spearman,GOLD_USD,main,1,20,spearman,0.10827067669172932,-0.3505679814459777,0.5469023468461738,0.649,exploratory_association_not_causal,0.9634029850746268
x,unclear_share,,primary_all_weeks,primary_all_weeks_pearson,GOLD_USD,main,1,20,pearson,0.12511341339362156,-0.320987006485808,0.4593698989684107,0.5899,exploratory_association_not_causal,0.9726595419847328
x,unclear_share,,primary_all_weeks,primary_spearman,GOLD_USD,main,2,19,spearman,0.38947368421052625,-0.09720610551794845,0.7213842058562556,0.1027,exploratory_association_not_causal,0.9634029850746268
x,unclear_share,,primary_all_weeks,primary_all_weeks_pearson,GOLD_USD,main,2,19,pearson,0.4118134948674326,0.10370496757783718,0.6118000490339822,0.0781,exploratory_association_not_causal,0.9168827586206897
x,unclear_share,,primary_all_weeks,primary_spearman,IRR_USD,main,0,21,spearman,0.03636363636363636,-0.4091762603164591,0.4781130643087533,0.875,exploratory_association_not_causal,0.9634029850746268
x,unclear_share,,primary_all_weeks,primary_all_weeks_pearson,IRR_USD,main,0,21,pearson,-0.0640702249682178,-0.41393359591251105,0.31808765861077404,0.7742,exploratory_association_not_causal,0.9752914285714286
x,unclear_share,,primary_all_weeks,primary_spearman,IRR_USD,main,1,20,spearman,0.07669172932330826,-0.41450571801254193,0.533832996185113,0.7577,exploratory_association_not_causal,0.9634029850746268
x,unclear_share,,primary_all_weeks,primary_all_weeks_pearson,IRR_USD,main,1,20,pearson,0.1193077704610438,-0.2637264519609343,0.5876878154729454,0.5742,exploratory_association_not_causal,0.963460465116279
x,unclear_share,,primary_all_weeks,primary_spearman,IRR_USD,main,2,19,spearman,-0.2824561403508772,-0.7021342555076043,0.3044483985765115,0.2352,exploratory_association_not_causal,0.9634029850746268
x,unclear_share,,primary_all_weeks,primary_all_weeks_pearson,IRR_USD,main,2,19,pearson,-0.386261179282192,-0.656600556107914,-0.023321522339537503,0.1074,exploratory_association_not_causal,0.9168827586206897
x,unclear_share,,primary_all_weeks,primary_spearman,OIL_BRENT,main,0,21,spearman,0.016883116883116882,-0.40453637365665474,0.4106688278098621,0.9411,exploratory_association_not_causal,0.9825923076923077
x,unclear_share,,primary_all_weeks,primary_all_weeks_pearson,OIL_BRENT,main,0,21,pearson,0.03985035070075639,-0.2547830921064724,0.3978386252510073,0.8669,exploratory_association_not_causal,0.9752914285714286
x,unclear_share,,primary_all_weeks,primary_spearman,OIL_BRENT,main,1,20,spearman,-0.11578947368421053,-0.5810199862717774,0.38260023340737065,0.624,exploratory_association_not_causal,0.9634029850746268
x,unclear_share,,primary_all_weeks,primary_all_weeks_pearson,OIL_BRENT,main,1,20,pearson,-0.23777997276426951,-0.5914892276010059,0.47092809003202635,0.3155,exploratory_association_not_causal,0.9513
x,unclear_share,,primary_all_weeks,primary_spearman,OIL_BRENT,main,2,19,spearman,0.07894736842105264,-0.4699828656427895,0.6249028673835123,0.7519,exploratory_association_not_causal,0.9634029850746268
x,unclear_share,,primary_all_weeks,primary_all_weeks_pearson,OIL_BRENT,main,2,19,pearson,-0.15379194465178522,-0.5809300433210585,0.4582373560521026,0.5307,exploratory_association_not_causal,0.963460465116279
x,unclear_share,,primary_all_weeks,primary_spearman,VIX,main,0,21,spearman,-0.007792207792207793,-0.5265806153978201,0.5793440814164282,0.9744,exploratory_association_not_causal,0.9975549295774647
x,unclear_share,,primary_all_weeks,primary_all_weeks_pearson,VIX,main,0,21,pearson,-0.09309130679801632,-0.5471606486816372,0.4804361723538203,0.6862,exploratory_association_not_causal,0.9752914285714286
x,unclear_share,,primary_all_weeks,primary_spearman,VIX,main,1,20,spearman,-0.17744360902255638,-0.6518925056775169,0.3415548656882385,0.4444,exploratory_association_not_causal,0.9634029850746268
x,unclear_share,,primary_all_weeks,primary_all_weeks_pearson,VIX,main,1,20,pearson,-0.1066995688470959,-0.48026380649005507,0.39771313681567255,0.6381,exploratory_association_not_causal,0.9752914285714286
x,unclear_share,,primary_all_weeks,primary_spearman,VIX,main,2,19,spearman,-0.19824561403508772,-0.5802590279842731,0.2714814135485446,0.4147,exploratory_association_not_causal,0.9634029850746268
x,unclear_share,,primary_all_weeks,primary_all_weeks_pearson,VIX,main,2,19,pearson,-0.2745776780648292,-0.6205853314533165,0.06267871714672103,0.2462,exploratory_association_not_causal,0.9168827586206897
youtube,anger_share,,primary_all_weeks,primary_spearman,GOLD_USD,main,0,21,spearman,-0.10533168853858561,-0.5867747829590484,0.3913279810272968,0.6455,exploratory_association_not_causal,0.9634029850746268
youtube,anger_share,,primary_all_weeks,primary_all_weeks_pearson,GOLD_USD,main,0,21,pearson,-0.07472127907941911,-0.49985278412731926,0.32000368019310627,0.7505,exploratory_association_not_causal,0.9752914285714286
youtube,anger_share,,primary_all_weeks,primary_spearman,GOLD_USD,main,1,20,spearman,0.09186757406239357,-0.4392327757745419,0.607816301874851,0.6896,exploratory_association_not_causal,0.9634029850746268
youtube,anger_share,,primary_all_weeks,primary_all_weeks_pearson,GOLD_USD,main,1,20,pearson,-0.24535431549380407,-0.7429449971958517,0.6006911998429475,0.298,exploratory_association_not_causal,0.9328695652173913
youtube,anger_share,,primary_all_weeks,primary_spearman,GOLD_USD,main,2,19,spearman,-0.12033387694953414,-0.5640588544294356,0.3858263142615379,0.6223,exploratory_association_not_causal,0.9634029850746268
youtube,anger_share,,primary_all_weeks,primary_all_weeks_pearson,GOLD_USD,main,2,19,pearson,-0.21039968257976782,-0.5284675241679496,0.21506725147670192,0.3849,exploratory_association_not_causal,0.963460465116279
youtube,anger_share,,primary_all_weeks,primary_spearman,IRR_USD,main,0,21,spearman,-0.04486349697013833,-0.457956439588294,0.38486339386240703,0.8508,exploratory_association_not_causal,0.9634029850746268
youtube,anger_share,,primary_all_weeks,primary_all_weeks_pearson,IRR_USD,main,0,21,pearson,-0.08602684006003113,-0.4279964275608014,0.25023140476796174,0.7086,exploratory_association_not_causal,0.9752914285714286
youtube,anger_share,,primary_all_weeks,primary_spearman,IRR_USD,main,1,20,spearman,-0.14533149011509802,-0.6278111142042535,0.3219700796791888,0.542,exploratory_association_not_causal,0.9634029850746268
youtube,anger_share,,primary_all_weeks,primary_all_weeks_pearson,IRR_USD,main,1,20,pearson,-0.11192774583752134,-0.5571303016731718,0.22534666768774375,0.6276,exploratory_association_not_causal,0.9752914285714286
youtube,anger_share,,primary_all_weeks,primary_spearman,IRR_USD,main,2,19,spearman,-0.24066775389906828,-0.6072052302017131,0.2651911265537164,0.3298,exploratory_association_not_causal,0.9634029850746268
youtube,anger_share,,primary_all_weeks,primary_all_weeks_pearson,IRR_USD,main,2,19,pearson,-0.11100354843665969,-0.42550558694413587,0.16408194329627082,0.6381,exploratory_association_not_causal,0.9752914285714286
youtube,anger_share,,primary_all_weeks,primary_spearman,OIL_BRENT,main,0,21,spearman,0.3543566065032664,-0.10733107862862987,0.7053103026834592,0.112,exploratory_association_not_causal,0.9634029850746268
youtube,anger_share,,primary_all_weeks,primary_all_weeks_pearson,OIL_BRENT,main,0,21,pearson,0.2981968113385301,-0.06998160001580586,0.589318109490562,0.1958,exploratory_association_not_causal,0.9168827586206897
youtube,anger_share,,primary_all_weeks,primary_spearman,OIL_BRENT,main,1,20,spearman,0.25602438673126077,-0.2704251271236851,0.6887085914546548,0.2735,exploratory_association_not_causal,0.9634029850746268
youtube,anger_share,,primary_all_weeks,primary_all_weeks_pearson,OIL_BRENT,main,1,20,pearson,0.16679348989703113,-0.3547302282778855,0.5963069599077977,0.4811,exploratory_association_not_causal,0.963460465116279
youtube,anger_share,,primary_all_weeks,primary_spearman,OIL_BRENT,main,2,19,spearman,0.0008783494667849208,-0.5089194704671782,0.4940561693539668,0.9986,exploratory_association_not_causal,0.9986000000000002
youtube,anger_share,,primary_all_weeks,primary_all_weeks_pearson,OIL_BRENT,main,2,19,pearson,0.06677677435495014,-0.40478218835202057,0.5011251647997238,0.7839,exploratory_association_not_causal,0.9752914285714286
youtube,anger_share,,primary_all_weeks,primary_spearman,VIX,main,0,21,spearman,0.2321198321498461,-0.24320198803351353,0.6642768245114864,0.3148,exploratory_association_not_causal,0.9634029850746268
youtube,anger_share,,primary_all_weeks,primary_all_weeks_pearson,VIX,main,0,21,pearson,0.1947732471432589,-0.16557715759953306,0.6151537190066135,0.4006,exploratory_association_not_causal,0.963460465116279
youtube,anger_share,,primary_all_weeks,primary_spearman,VIX,main,1,20,spearman,-0.41415709618292185,-0.7922983522039851,0.10958231942481679,0.0737,exploratory_association_not_causal,0.9634029850746268
youtube,anger_share,,primary_all_weeks,primary_all_weeks_pearson,VIX,main,1,20,pearson,-0.3259404992414491,-0.7234288918808325,0.04804091423854085,0.1618,exploratory_association_not_causal,0.9168827586206897
youtube,anger_share,,primary_all_weeks,primary_spearman,VIX,main,2,19,spearman,0.25120794750048736,-0.19947268944452665,0.6341073345090975,0.2947,exploratory_association_not_causal,0.9634029850746268
youtube,anger_share,,primary_all_weeks,primary_all_weeks_pearson,VIX,main,2,19,pearson,0.22329107689974528,-0.16921698685503503,0.5923462982262542,0.3544,exploratory_association_not_causal,0.963460465116279
youtube,automation_risk_share,,primary_all_weeks,primary_spearman,GOLD_USD,main,0,21,spearman,0.24005468787374018,-0.21949933236648875,0.6576730777076075,0.2926,exploratory_association_not_causal,0.9634029850746268
youtube,automation_risk_share,,primary_all_weeks,primary_all_weeks_pearson,GOLD_USD,main,0,21,pearson,0.30174624055504995,-0.22097380178433554,0.6734996473571431,0.1841,exploratory_association_not_causal,0.9168827586206897
youtube,automation_risk_share,,primary_all_weeks,primary_spearman,GOLD_USD,main,1,20,spearman,0.12368080406527956,-0.37695895317730216,0.5513015601697845,0.6066,exploratory_association_not_causal,0.9634029850746268
youtube,automation_risk_share,,primary_all_weeks,primary_all_weeks_pearson,GOLD_USD,main,1,20,pearson,0.2259637712035879,-0.36785905335384667,0.5846467296207195,0.3425,exploratory_association_not_causal,0.963460465116279
youtube,automation_risk_share,,primary_all_weeks,primary_spearman,GOLD_USD,main,2,19,spearman,-0.4260589792470483,-0.7899332431403817,0.11211324505038743,0.0721,exploratory_association_not_causal,0.9634029850746268
youtube,automation_risk_share,,primary_all_weeks,primary_all_weeks_pearson,GOLD_USD,main,2,19,pearson,-0.4556120591787772,-0.7491197792139871,-0.06444711651860575,0.0528,exploratory_association_not_causal,0.9168827586206897
youtube,automation_risk_share,,primary_all_weeks,primary_spearman,IRR_USD,main,0,21,spearman,-0.43248983168556987,-0.7515939581030339,-0.0011815545778177305,0.0539,exploratory_association_not_causal,0.9634029850746268
youtube,automation_risk_share,,primary_all_weeks,primary_all_weeks_pearson,IRR_USD,main,0,21,pearson,-0.3189577618641817,-0.5850787849762683,-0.04504084348244953,0.1575,exploratory_association_not_causal,0.9168827586206897
youtube,automation_risk_share,,primary_all_weeks,primary_spearman,IRR_USD,main,1,20,spearman,-0.12518910655388052,-0.6015026119711918,0.3726974050349804,0.5961,exploratory_association_not_causal,0.9634029850746268
youtube,automation_risk_share,,primary_all_weeks,primary_all_weeks_pearson,IRR_USD,main,1,20,pearson,-0.30004804681199787,-0.6342699014274952,0.2038611194649057,0.2052,exploratory_association_not_causal,0.9168827586206897
youtube,automation_risk_share,,primary_all_weeks,primary_spearman,IRR_USD,main,2,19,spearman,0.14612766643597114,-0.2834803519402796,0.5577031593632156,0.5417,exploratory_association_not_causal,0.9634029850746268
youtube,automation_risk_share,,primary_all_weeks,primary_all_weeks_pearson,IRR_USD,main,2,19,pearson,0.19326218084847788,-0.17695914742439414,0.5403901766665493,0.437,exploratory_association_not_causal,0.963460465116279
youtube,automation_risk_share,,primary_all_weeks,primary_spearman,OIL_BRENT,main,0,21,spearman,-0.5949181395131822,-0.8943849898974694,-0.11430264521622027,0.0048,exploratory_association_not_causal,0.378
youtube,automation_risk_share,,primary_all_weeks,primary_all_weeks_pearson,OIL_BRENT,main,0,21,pearson,-0.5737187316745692,-0.8833907773361723,-0.16371108139006943,0.0087,exploratory_association_not_causal,0.6264
youtube,automation_risk_share,,primary_all_weeks,primary_spearman,OIL_BRENT,main,1,20,spearman,-0.0859732418502553,-0.5217460766995653,0.3651424404070199,0.7214,exploratory_association_not_causal,0.9634029850746268
youtube,automation_risk_share,,primary_all_weeks,primary_all_weeks_pearson,OIL_BRENT,main,1,20,pearson,-0.10802899113724303,-0.5016816337300533,0.30215607646778825,0.6494,exploratory_association_not_causal,0.9752914285714286
youtube,automation_risk_share,,primary_all_weeks,primary_spearman,OIL_BRENT,main,2,19,spearman,0.0739441203651902,-0.46980911406126863,0.5685275523880116,0.7692,exploratory_association_not_causal,0.9634029850746268
youtube,automation_risk_share,,primary_all_weeks,primary_all_weeks_pearson,OIL_BRENT,main,2,19,pearson,0.13536595641675997,-0.4162764641862454,0.5466980439688687,0.5711,exploratory_association_not_causal,0.963460465116279
youtube,automation_risk_share,,primary_all_weeks,primary_spearman,VIX,main,0,21,spearman,-0.013698772949316694,-0.46903517045391896,0.4251468579613656,0.9572,exploratory_association_not_causal,0.9892593301435407
youtube,automation_risk_share,,primary_all_weeks,primary_all_weeks_pearson,VIX,main,0,21,pearson,0.05792864284465482,-0.36063682354758414,0.46144421561296706,0.8037,exploratory_association_not_causal,0.9752914285714286
youtube,automation_risk_share,,primary_all_weeks,primary_spearman,VIX,main,1,20,spearman,-0.09803966175906306,-0.5446827614898175,0.3629798275069228,0.6823,exploratory_association_not_causal,0.9634029850746268
youtube,automation_risk_share,,primary_all_weeks,primary_all_weeks_pearson,VIX,main,1,20,pearson,-0.053592760615168634,-0.45229985480124846,0.3446413197079212,0.8279,exploratory_association_not_causal,0.9752914285714286
youtube,automation_risk_share,,primary_all_weeks,primary_spearman,VIX,main,2,19,spearman,-0.10035273478132957,-0.5505098689346418,0.39125020327852955,0.678,exploratory_association_not_causal,0.9634029850746268
youtube,automation_risk_share,,primary_all_weeks,primary_all_weeks_pearson,VIX,main,2,19,pearson,-0.03378535298730575,-0.48421388577594676,0.3761881641342921,0.8934,exploratory_association_not_causal,0.9752914285714286
youtube,negative_sentiment_share,,primary_all_weeks,primary_spearman,GOLD_USD,main,0,21,spearman,-0.13506493506493505,-0.606298465424838,0.3182001815832389,0.5627,exploratory_association_not_causal,0.9634029850746268
youtube,negative_sentiment_share,,primary_all_weeks,primary_all_weeks_pearson,GOLD_USD,main,0,21,pearson,-0.05364692884741658,-0.4144374103689672,0.2637414225656997,0.8053,exploratory_association_not_causal,0.9752914285714286
youtube,negative_sentiment_share,,primary_all_weeks,primary_spearman,GOLD_USD,main,1,20,spearman,0.048120300751879695,-0.4865820580905131,0.5411940072883699,0.8431,exploratory_association_not_causal,0.9634029850746268
youtube,negative_sentiment_share,,primary_all_weeks,primary_all_weeks_pearson,GOLD_USD,main,1,20,pearson,0.3578754546482204,-0.48813177136874286,0.7614968142728776,0.1145,exploratory_association_not_causal,0.9168827586206897
youtube,negative_sentiment_share,,primary_all_weeks,primary_spearman,GOLD_USD,main,2,19,spearman,0.08070175438596491,-0.32811671087533156,0.4854490729517497,0.7418,exploratory_association_not_causal,0.9634029850746268
youtube,negative_sentiment_share,,primary_all_weeks,primary_all_weeks_pearson,GOLD_USD,main,2,19,pearson,0.08671065137535555,-0.17410410695709347,0.3977005006375886,0.7125,exploratory_association_not_causal,0.9752914285714286
youtube,negative_sentiment_share,,primary_all_weeks,primary_spearman,IRR_USD,main,0,21,spearman,-0.04285714285714286,-0.4853111823364259,0.3841315342801275,0.8564,exploratory_association_not_causal,0.9634029850746268
youtube,negative_sentiment_share,,primary_all_weeks,primary_all_weeks_pearson,IRR_USD,main,0,21,pearson,0.09339379714964323,-0.31509779187327325,0.4021360402341624,0.6621,exploratory_association_not_causal,0.9752914285714286
youtube,negative_sentiment_share,,primary_all_weeks,primary_spearman,IRR_USD,main,1,20,spearman,-0.21654135338345865,-0.7232914328939364,0.32370929879661003,0.3646,exploratory_association_not_causal,0.9634029850746268
youtube,negative_sentiment_share,,primary_all_weeks,primary_all_weeks_pearson,IRR_USD,main,1,20,pearson,-0.08839847815248784,-0.6153822739525314,0.4142040308993378,0.6787,exploratory_association_not_causal,0.9752914285714286
youtube,negative_sentiment_share,,primary_all_weeks,primary_spearman,IRR_USD,main,2,19,spearman,-0.29473684210526313,-0.6879944594161657,0.17816786529923237,0.2153,exploratory_association_not_causal,0.9634029850746268
youtube,negative_sentiment_share,,primary_all_weeks,primary_all_weeks_pearson,IRR_USD,main,2,19,pearson,-0.17218821506055546,-0.5345334161982508,0.1175076854625106,0.455,exploratory_association_not_causal,0.963460465116279
youtube,negative_sentiment_share,,primary_all_weeks,primary_spearman,OIL_BRENT,main,0,21,spearman,-0.022077922077922082,-0.5472823020131774,0.4878537173511934,0.9242,exploratory_association_not_causal,0.978564705882353
youtube,negative_sentiment_share,,primary_all_weeks,primary_all_weeks_pearson,OIL_BRENT,main,0,21,pearson,-0.06653178149118465,-0.44393634043868807,0.49481994497363707,0.7764,exploratory_association_not_causal,0.9752914285714286
youtube,negative_sentiment_share,,primary_all_weeks,primary_spearman,OIL_BRENT,main,1,20,spearman,-0.193984962406015,-0.6387590422734367,0.29652414422670154,0.4106,exploratory_association_not_causal,0.9634029850746268
youtube,negative_sentiment_share,,primary_all_weeks,primary_all_weeks_pearson,OIL_BRENT,main,1,20,pearson,-0.1512943449034604,-0.46840464260017906,0.2765300789047919,0.5347,exploratory_association_not_causal,0.963460465116279
youtube,negative_sentiment_share,,primary_all_weeks,primary_spearman,OIL_BRENT,main,2,19,spearman,-0.6385964912280702,-0.806455944782973,-0.3074064624765599,0.0037,exploratory_association_not_causal,0.378
youtube,negative_sentiment_share,,primary_all_weeks,primary_all_weeks_pearson,OIL_BRENT,main,2,19,pearson,-0.45340656320662986,-0.7813992875440572,-0.20424391543695108,0.0477,exploratory_association_not_causal,0.9168827586206897
youtube,negative_sentiment_share,,primary_all_weeks,primary_spearman,VIX,main,0,21,spearman,0.08181818181818182,-0.3276863898917898,0.5468343440124992,0.732,exploratory_association_not_causal,0.9634029850746268
youtube,negative_sentiment_share,,primary_all_weeks,primary_all_weeks_pearson,VIX,main,0,21,pearson,0.13744313920752804,-0.2206941202361626,0.4482638018598286,0.5494,exploratory_association_not_causal,0.963460465116279
youtube,negative_sentiment_share,,primary_all_weeks,primary_spearman,VIX,main,1,20,spearman,-0.04962406015037594,-0.5291623824228993,0.42510516140713606,0.8388,exploratory_association_not_causal,0.9634029850746268
youtube,negative_sentiment_share,,primary_all_weeks,primary_all_weeks_pearson,VIX,main,1,20,pearson,0.10028820167345417,-0.38229123716228364,0.48803317645777805,0.6666,exploratory_association_not_causal,0.9752914285714286
youtube,negative_sentiment_share,,primary_all_weeks,primary_spearman,VIX,main,2,19,spearman,-0.38421052631578945,-0.7345223285988727,0.14347400519072204,0.1073,exploratory_association_not_causal,0.9634029850746268
youtube,negative_sentiment_share,,primary_all_weeks,primary_all_weeks_pearson,VIX,main,2,19,pearson,-0.41809301587007713,-0.7021825038020324,-0.01899582415126371,0.0766,exploratory_association_not_causal,0.9168827586206897
youtube,oppose_share,,primary_all_weeks,primary_spearman,GOLD_USD,main,0,21,spearman,-0.13844660463865635,-0.6108380537812642,0.40499277001427103,0.5412,exploratory_association_not_causal,0.9634029850746268
youtube,oppose_share,,primary_all_weeks,primary_all_weeks_pearson,GOLD_USD,main,0,21,pearson,-0.25905564744561815,-0.6210239485582533,0.17428682719513694,0.2452,exploratory_association_not_causal,0.9168827586206897
youtube,oppose_share,,primary_all_weeks,primary_spearman,GOLD_USD,main,1,20,spearman,-0.21076415391742492,-0.6225278555680565,0.2885602716264802,0.3688,exploratory_association_not_causal,0.9634029850746268
youtube,oppose_share,,primary_all_weeks,primary_all_weeks_pearson,GOLD_USD,main,1,20,pearson,-0.5816695757107175,-0.850254091560935,0.12846955325496542,0.0116,exploratory_association_not_causal,0.6264
youtube,oppose_share,,primary_all_weeks,primary_spearman,GOLD_USD,main,2,19,spearman,-0.19675028055982224,-0.6141633904986442,0.3009084936794759,0.4249,exploratory_association_not_causal,0.9634029850746268
youtube,oppose_share,,primary_all_weeks,primary_all_weeks_pearson,GOLD_USD,main,2,19,pearson,-0.2492720504509363,-0.6408883790952717,0.14486500937976426,0.2873,exploratory_association_not_causal,0.9297529411764707
youtube,oppose_share,,primary_all_weeks,primary_spearman,IRR_USD,main,0,21,spearman,-0.2794931455146583,-0.5961442235195279,0.09700416614465923,0.2222,exploratory_association_not_causal,0.9634029850746268
youtube,oppose_share,,primary_all_weeks,primary_all_weeks_pearson,IRR_USD,main,0,21,pearson,-0.14405516667554072,-0.39594239970481526,0.004878990091181276,0.4999,exploratory_association_not_causal,0.963460465116279
youtube,oppose_share,,primary_all_weeks,primary_spearman,IRR_USD,main,1,20,spearman,-0.2205496324921625,-0.6781667448281299,0.33109080228324267,0.3495,exploratory_association_not_causal,0.9634029850746268
youtube,oppose_share,,primary_all_weeks,primary_all_weeks_pearson,IRR_USD,main,1,20,pearson,-0.2313942825007838,-0.7067717401207793,0.198804438622814,0.2792,exploratory_association_not_causal,0.9297529411764707
youtube,oppose_share,,primary_all_weeks,primary_spearman,IRR_USD,main,2,19,spearman,-0.0421607744056762,-0.49580033813026264,0.4305636319554545,0.8646,exploratory_association_not_causal,0.9634029850746268
youtube,oppose_share,,primary_all_weeks,primary_all_weeks_pearson,IRR_USD,main,2,19,pearson,-0.04445825540495499,-0.32049967850322164,0.2275336173772464,0.833,exploratory_association_not_causal,0.9752914285714286
youtube,oppose_share,,primary_all_weeks,primary_spearman,OIL_BRENT,main,0,21,spearman,0.18654542502955104,-0.3313246235756667,0.6311699177800022,0.4133,exploratory_association_not_causal,0.9634029850746268
youtube,oppose_share,,primary_all_weeks,primary_all_weeks_pearson,OIL_BRENT,main,0,21,pearson,0.24468994941323033,-0.24692375951263365,0.5958532395234862,0.2921,exploratory_association_not_causal,0.9297529411764707
youtube,oppose_share,,primary_all_weeks,primary_spearman,OIL_BRENT,main,1,20,spearman,0.316898959997271,-0.20248941218471286,0.6775441996819215,0.1748,exploratory_association_not_causal,0.9634029850746268
youtube,oppose_share,,primary_all_weeks,primary_all_weeks_pearson,OIL_BRENT,main,1,20,pearson,0.34747998501680916,-0.06323059328428686,0.6292126422663327,0.1332,exploratory_association_not_causal,0.9168827586206897
youtube,oppose_share,,primary_all_weeks,primary_spearman,OIL_BRENT,main,2,19,spearman,0.4971457982002651,0.0888840069299544,0.7588539230219865,0.0307,exploratory_association_not_causal,0.9423
youtube,oppose_share,,primary_all_weeks,primary_all_weeks_pearson,OIL_BRENT,main,2,19,pearson,0.2881342812107145,0.020486558932275002,0.6875437800911463,0.2339,exploratory_association_not_causal,0.9168827586206897
youtube,oppose_share,,primary_all_weeks,primary_spearman,VIX,main,0,21,spearman,0.05849856534027733,-0.4412602811811084,0.5213600169451637,0.7997,exploratory_association_not_causal,0.9634029850746268
youtube,oppose_share,,primary_all_weeks,primary_all_weeks_pearson,VIX,main,0,21,pearson,0.03917986073681203,-0.34685310033373534,0.46803363430178885,0.8588,exploratory_association_not_causal,0.9752914285714286
youtube,oppose_share,,primary_all_weeks,primary_spearman,VIX,main,1,20,spearman,0.2913061698787266,-0.14487910765078524,0.663661290682007,0.2014,exploratory_association_not_causal,0.9634029850746268
youtube,oppose_share,,primary_all_weeks,primary_all_weeks_pearson,VIX,main,1,20,pearson,0.1704322908153159,-0.11416194888096952,0.5379089363579211,0.4453,exploratory_association_not_causal,0.963460465116279
youtube,oppose_share,,primary_all_weeks,primary_spearman,VIX,main,2,19,spearman,0.1906018342923278,-0.3183255941547084,0.576041028240841,0.431,exploratory_association_not_causal,0.9634029850746268
youtube,oppose_share,,primary_all_weeks,primary_all_weeks_pearson,VIX,main,2,19,pearson,0.2879430078780137,-0.14918269446109977,0.5892669431027726,0.2308,exploratory_association_not_causal,0.9168827586206897
youtube,support_share,,primary_all_weeks,primary_spearman,GOLD_USD,main,0,21,spearman,-0.024683340048177082,-0.41549394107971105,0.3661664111298042,0.9168,exploratory_association_not_causal,0.975511330049261
youtube,support_share,,primary_all_weeks,primary_all_weeks_pearson,GOLD_USD,main,0,21,pearson,-0.0044294887115555355,-0.3307918923244171,0.2883844871686655,0.9835,exploratory_association_not_causal,0.988
youtube,support_share,,primary_all_weeks,primary_spearman,GOLD_USD,main,1,20,spearman,0.5550959399701341,0.12156155800042162,0.829100193853074,0.0112,exploratory_association_not_causal,0.48384
youtube,support_share,,primary_all_weeks,primary_all_weeks_pearson,GOLD_USD,main,1,20,pearson,0.6782471781495613,0.24623769985432778,0.8880266704838254,0.001,exploratory_association_not_causal,0.216
youtube,support_share,,primary_all_weeks,primary_spearman,GOLD_USD,main,2,19,spearman,0.08951295289102583,-0.41372853788418207,0.55793805931401,0.7108,exploratory_association_not_causal,0.9634029850746268
youtube,support_share,,primary_all_weeks,primary_all_weeks_pearson,GOLD_USD,main,2,19,pearson,0.26399976502836514,-0.18867991463611847,0.6196848237459855,0.2796,exploratory_association_not_causal,0.9297529411764707
youtube,support_share,,primary_all_weeks,primary_spearman,IRR_USD,main,0,21,spearman,0.32737903642845395,-0.16998085321653159,0.7451872783725428,0.1514,exploratory_association_not_causal,0.9634029850746268
youtube,support_share,,primary_all_weeks,primary_all_weeks_pearson,IRR_USD,main,0,21,pearson,0.29317758618083417,-0.26269217522394295,0.7207474047155797,0.1948,exploratory_association_not_causal,0.9168827586206897
youtube,support_share,,primary_all_weeks,primary_spearman,IRR_USD,main,1,20,spearman,-0.12260249080641171,-0.5714367068011714,0.3463737776981948,0.6072,exploratory_association_not_causal,0.9634029850746268
youtube,support_share,,primary_all_weeks,primary_all_weeks_pearson,IRR_USD,main,1,20,pearson,0.02291166094647439,-0.45459227190255835,0.47334813842494294,0.9214,exploratory_association_not_causal,0.9752914285714286
youtube,support_share,,primary_all_weeks,primary_spearman,IRR_USD,main,2,19,spearman,-0.15006583278789629,-0.6020571471385499,0.38158856295396804,0.5354,exploratory_association_not_causal,0.9634029850746268
youtube,support_share,,primary_all_weeks,primary_all_weeks_pearson,IRR_USD,main,2,19,pearson,-0.08922332361093793,-0.5660051698846452,0.3193474447755297,0.7136,exploratory_association_not_causal,0.9752914285714286
youtube,support_share,,primary_all_weeks,primary_spearman,OIL_BRENT,main,0,21,spearman,0.052614487997430084,-0.4153272764938929,0.5085618044111093,0.8197,exploratory_association_not_causal,0.9634029850746268
youtube,support_share,,primary_all_weeks,primary_all_weeks_pearson,OIL_BRENT,main,0,21,pearson,-0.08061503020993273,-0.5002347141951601,0.4390233591033174,0.7283,exploratory_association_not_causal,0.9752914285714286
youtube,support_share,,primary_all_weeks,primary_spearman,OIL_BRENT,main,1,20,spearman,-0.3204212336412969,-0.6687752283097119,0.20335713420228127,0.164,exploratory_association_not_causal,0.9634029850746268
youtube,support_share,,primary_all_weeks,primary_all_weeks_pearson,OIL_BRENT,main,1,20,pearson,-0.3482142141962842,-0.6569366549235299,0.07875543017884795,0.13,exploratory_association_not_causal,0.9168827586206897
youtube,support_share,,primary_all_weeks,primary_spearman,OIL_BRENT,main,2,19,spearman,-0.3773585268935404,-0.7479056337325388,0.09997083976884809,0.1127,exploratory_association_not_causal,0.9634029850746268
youtube,support_share,,primary_all_weeks,primary_all_weeks_pearson,OIL_BRENT,main,2,19,pearson,-0.3508387963724108,-0.7040446749215308,0.04249553275264285,0.152,exploratory_association_not_causal,0.9168827586206897
youtube,support_share,,primary_all_weeks,primary_spearman,VIX,main,0,21,spearman,-0.038324133232696,-0.4677885089828757,0.43851044715614723,0.8709,exploratory_association_not_causal,0.9634029850746268
youtube,support_share,,primary_all_weeks,primary_all_weeks_pearson,VIX,main,0,21,pearson,-0.07211066853255557,-0.5226248629808254,0.4050878954374209,0.7646,exploratory_association_not_causal,0.9752914285714286
youtube,support_share,,primary_all_weeks,primary_spearman,VIX,main,1,20,spearman,-0.2640090446199418,-0.6085051442613558,0.13333333551020624,0.2566,exploratory_association_not_causal,0.9634029850746268
youtube,support_share,,primary_all_weeks,primary_all_weeks_pearson,VIX,main,1,20,pearson,-0.14923529301423968,-0.4809805180211132,0.11407560890193612,0.5362,exploratory_association_not_causal,0.963460465116279
youtube,support_share,,primary_all_weeks,primary_spearman,VIX,main,2,19,spearman,-0.0386134306588739,-0.545227841325488,0.49692156019981765,0.8759,exploratory_association_not_causal,0.9634029850746268
youtube,support_share,,primary_all_weeks,primary_all_weeks_pearson,VIX,main,2,19,pearson,-0.1603419486099567,-0.6401999163249135,0.4056201276936436,0.5082,exploratory_association_not_causal,0.963460465116279
youtube,unclear_share,,primary_all_weeks,primary_spearman,GOLD_USD,main,0,21,spearman,-0.13909658869799277,-0.5678433592955392,0.3369229814653712,0.5435,exploratory_association_not_causal,0.9634029850746268
youtube,unclear_share,,primary_all_weeks,primary_all_weeks_pearson,GOLD_USD,main,0,21,pearson,-0.05252987367696011,-0.43468923745597415,0.3370189373759282,0.8246,exploratory_association_not_causal,0.9752914285714286
youtube,unclear_share,,primary_all_weeks,primary_spearman,GOLD_USD,main,1,20,spearman,0.10839299344324708,-0.41809876062051776,0.5624385845336409,0.6462,exploratory_association_not_causal,0.9634029850746268
youtube,unclear_share,,primary_all_weeks,primary_all_weeks_pearson,GOLD_USD,main,1,20,pearson,0.3011486262504803,-0.35278696087608075,0.7070100248459205,0.2042,exploratory_association_not_causal,0.9168827586206897
youtube,unclear_share,,primary_all_weeks,primary_spearman,GOLD_USD,main,2,19,spearman,0.3372861952454096,-0.07404678361099175,0.6357243196836659,0.1571,exploratory_association_not_causal,0.9634029850746268
youtube,unclear_share,,primary_all_weeks,primary_all_weeks_pearson,GOLD_USD,main,2,19,pearson,0.2848444446375108,-0.027504633801281476,0.574612792965984,0.2303,exploratory_association_not_causal,0.9168827586206897
youtube,unclear_share,,primary_all_weeks,primary_spearman,IRR_USD,main,0,21,spearman,0.08189799147638827,-0.33275733452107104,0.4605564319660316,0.7248,exploratory_association_not_causal,0.9634029850746268
youtube,unclear_share,,primary_all_weeks,primary_all_weeks_pearson,IRR_USD,main,0,21,pearson,-0.04151010656205867,-0.34792503761751176,0.2825003596488291,0.8636,exploratory_association_not_causal,0.9752914285714286
youtube,unclear_share,,primary_all_weeks,primary_spearman,IRR_USD,main,1,20,spearman,0.17237496873960823,-0.3451207833231462,0.6173534654920776,0.4689,exploratory_association_not_causal,0.9634029850746268
youtube,unclear_share,,primary_all_weeks,primary_all_weeks_pearson,IRR_USD,main,1,20,pearson,0.0075149947388669595,-0.4065452463924176,0.5683755466370918,0.9753,exploratory_association_not_causal,0.988
youtube,unclear_share,,primary_all_weeks,primary_spearman,IRR_USD,main,2,19,spearman,-0.17918329122412383,-0.5752530451189647,0.3242391314544952,0.4659,exploratory_association_not_causal,0.9634029850746268
youtube,unclear_share,,primary_all_weeks,primary_all_weeks_pearson,IRR_USD,main,2,19,pearson,-0.11577087469360031,-0.36753376483281514,0.23060990825526131,0.6342,exploratory_association_not_causal,0.9752914285714286
youtube,unclear_share,,primary_all_weeks,primary_spearman,OIL_BRENT,main,0,21,spearman,-0.18589544097021463,-0.553322179336206,0.21669268441973785,0.419,exploratory_association_not_causal,0.9634029850746268
youtube,unclear_share,,primary_all_weeks,primary_all_weeks_pearson,OIL_BRENT,main,0,21,pearson,-0.21319165017509503,-0.5414511130176758,0.19065698424666383,0.3449,exploratory_association_not_causal,0.963460465116279
youtube,unclear_share,,primary_all_weeks,primary_spearman,OIL_BRENT,main,1,20,spearman,-0.2205496324921625,-0.6687783790973633,0.26980386615986374,0.3545,exploratory_association_not_causal,0.9634029850746268
youtube,unclear_share,,primary_all_weeks,primary_all_weeks_pearson,OIL_BRENT,main,1,20,pearson,-0.16126790510713826,-0.5757862422558424,0.23849260889074853,0.4983,exploratory_association_not_causal,0.963460465116279
youtube,unclear_share,,primary_all_weeks,primary_spearman,OIL_BRENT,main,2,19,spearman,-0.22573581296372464,-0.6240820769488904,0.22895332025390958,0.3462,exploratory_association_not_causal,0.9634029850746268
youtube,unclear_share,,primary_all_weeks,primary_all_weeks_pearson,OIL_BRENT,main,2,19,pearson,-0.1581243274309391,-0.5341211737921627,0.26823818659507376,0.5128,exploratory_association_not_causal,0.963460465116279
youtube,unclear_share,,primary_all_weeks,primary_spearman,VIX,main,0,21,spearman,0.22554446858973595,-0.21782919488714095,0.6304250131435001,0.3228,exploratory_association_not_causal,0.9634029850746268
youtube,unclear_share,,primary_all_weeks,primary_all_weeks_pearson,VIX,main,0,21,pearson,0.12022241350666545,-0.21553595808217368,0.4397162000030345,0.5975,exploratory_association_not_causal,0.9752914285714286
youtube,unclear_share,,primary_all_weeks,primary_spearman,VIX,main,1,20,spearman,-0.21001142479629126,-0.6383411992791801,0.2862260043920295,0.3746,exploratory_association_not_causal,0.9634029850746268
youtube,unclear_share,,primary_all_weeks,primary_all_weeks_pearson,VIX,main,1,20,pearson,-0.0629188940684448,-0.45787440371300364,0.38608115133613635,0.7888,exploratory_association_not_causal,0.9752914285714286
youtube,unclear_share,,primary_all_weeks,primary_spearman,VIX,main,2,19,spearman,-0.3416779425793342,-0.7090241002057851,0.19908367907073032,0.1502,exploratory_association_not_causal,0.9634029850746268
youtube,unclear_share,,primary_all_weeks,primary_all_weeks_pearson,VIX,main,2,19,pearson,-0.46292404604533627,-0.7510276009336316,0.01972892942982521,0.0467,exploratory_association_not_causal,0.9168827586206897
reddit,anger_share,,sensitivity_exclude_w21,sensitivity_exclude_w21_spearman,GOLD_USD,main,0,19,spearman,0.001755926927848723,-0.5038180772707805,0.4977849906357842,0.9952,exploratory_association_not_causal,0.9989
reddit,anger_share,,sensitivity_exclude_w21,sensitivity_exclude_w21_spearman,GOLD_USD,main,1,18,spearman,0.4886366243750185,-0.05372953895755229,0.8664893118064231,0.0482,exploratory_association_not_causal,0.9845999999999999
reddit,anger_share,,sensitivity_exclude_w21,sensitivity_exclude_w21_spearman,GOLD_USD,main,2,17,spearman,0.18282222351032582,-0.3553350673444895,0.6375225997506233,0.4859,exploratory_association_not_causal,0.9871854545454546
reddit,anger_share,,sensitivity_exclude_w21,sensitivity_exclude_w21_spearman,IRR_USD,main,0,19,spearman,0.22827050062033397,-0.22548129645424636,0.636495708768106,0.3408,exploratory_association_not_causal,0.9871854545454546
reddit,anger_share,,sensitivity_exclude_w21,sensitivity_exclude_w21_spearman,IRR_USD,main,1,18,spearman,-0.3099175207452549,-0.765094326301223,0.17539686456697284,0.2107,exploratory_association_not_causal,0.9871854545454546
reddit,anger_share,,sensitivity_exclude_w21,sensitivity_exclude_w21_spearman,IRR_USD,main,2,17,spearman,0.11042953097939143,-0.4760923997608032,0.637564287615801,0.667,exploratory_association_not_causal,0.9871854545454546
reddit,anger_share,,sensitivity_exclude_w21,sensitivity_exclude_w21_spearman,OIL_BRENT,main,0,19,spearman,-0.10359968874307467,-0.5323143240035584,0.4079115845763838,0.6743,exploratory_association_not_causal,0.9871854545454546
reddit,anger_share,,sensitivity_exclude_w21,sensitivity_exclude_w21_spearman,OIL_BRENT,main,1,18,spearman,-0.02582646006210457,-0.5728575350232348,0.47700881093615666,0.9174,exploratory_association_not_causal,0.9872347826086958
reddit,anger_share,,sensitivity_exclude_w21,sensitivity_exclude_w21_spearman,OIL_BRENT,main,2,17,spearman,-0.019631916618558475,-0.5984053054003389,0.5443339361669519,0.946,exploratory_association_not_causal,0.9872347826086958
reddit,anger_share,,sensitivity_exclude_w21,sensitivity_exclude_w21_spearman,VIX,main,0,19,spearman,-0.20895530441399804,-0.6747935909567977,0.39020536629156444,0.3852,exploratory_association_not_causal,0.9871854545454546
reddit,anger_share,,sensitivity_exclude_w21,sensitivity_exclude_w21_spearman,VIX,main,1,18,spearman,-0.4152894777986415,-0.8050463613923182,0.11678022798436354,0.0928,exploratory_association_not_causal,0.9845999999999999
reddit,anger_share,,sensitivity_exclude_w21,sensitivity_exclude_w21_spearman,VIX,main,2,17,spearman,0.20122714534022437,-0.3119296952124205,0.6750085710568369,0.4318,exploratory_association_not_causal,0.9871854545454546
reddit,automation_risk_share,,sensitivity_exclude_w21,sensitivity_exclude_w21_spearman,GOLD_USD,main,0,19,spearman,-0.06757350365302932,-0.5295533445044277,0.46264005382090706,0.7741,exploratory_association_not_causal,0.9872347826086958
reddit,automation_risk_share,,sensitivity_exclude_w21,sensitivity_exclude_w21_spearman,GOLD_USD,main,1,18,spearman,0.017552919220937113,-0.44254924647266586,0.5199373695198324,0.9437,exploratory_association_not_causal,0.9872347826086958
reddit,automation_risk_share,,sensitivity_exclude_w21,sensitivity_exclude_w21_spearman,GOLD_USD,main,2,17,spearman,-0.36419381462134226,-0.747891493267871,0.14654840606876304,0.1516,exploratory_association_not_causal,0.9871854545454546
reddit,automation_risk_share,,sensitivity_exclude_w21,sensitivity_exclude_w21_spearman,IRR_USD,main,0,19,spearman,-0.07985959522630737,-0.5412210485649135,0.43405184066943553,0.7439,exploratory_association_not_causal,0.9871854545454546
reddit,automation_risk_share,,sensitivity_exclude_w21,sensitivity_exclude_w21_spearman,IRR_USD,main,1,18,spearman,-0.17346414288926087,-0.5766423357664233,0.3674815182514732,0.4876,exploratory_association_not_causal,0.9871854545454546
reddit,automation_risk_share,,sensitivity_exclude_w21,sensitivity_exclude_w21_spearman,IRR_USD,main,2,17,spearman,-0.20232989701185683,-0.7267422980193481,0.4087098002938455,0.4316,exploratory_association_not_causal,0.9871854545454546
reddit,automation_risk_share,,sensitivity_exclude_w21,sensitivity_exclude_w21_spearman,OIL_BRENT,main,0,19,spearman,-0.14392278700125727,-0.5976003442613677,0.38326094945672146,0.5489,exploratory_association_not_causal,0.9871854545454546
reddit,automation_risk_share,,sensitivity_exclude_w21,sensitivity_exclude_w21_spearman,OIL_BRENT,main,1,18,spearman,-0.13319568114711103,-0.5832956834631218,0.39900794415021684,0.5921,exploratory_association_not_causal,0.9871854545454546
reddit,automation_risk_share,,sensitivity_exclude_w21,sensitivity_exclude_w21_spearman,OIL_BRENT,main,2,17,spearman,0.08706316780510202,-0.3876430227641314,0.558086604255959,0.7354,exploratory_association_not_causal,0.9871854545454546
reddit,automation_risk_share,,sensitivity_exclude_w21,sensitivity_exclude_w21_spearman,VIX,main,0,19,spearman,-0.0008775779695198612,-0.48873729650170455,0.4783739515723942,0.9989,exploratory_association_not_causal,0.9989
reddit,automation_risk_share,,sensitivity_exclude_w21,sensitivity_exclude_w21_spearman,VIX,main,1,18,spearman,0.09189469474490607,-0.4562550826337881,0.5912164224480903,0.7117,exploratory_association_not_causal,0.9871854545454546
reddit,automation_risk_share,,sensitivity_exclude_w21,sensitivity_exclude_w21_spearman,VIX,main,2,17,spearman,-0.06008584820352112,-0.4783979946788224,0.4253615746572231,0.8184,exploratory_association_not_causal,0.9872347826086958
reddit,negative_sentiment_share,,sensitivity_exclude_w21,sensitivity_exclude_w21_spearman,GOLD_USD,main,0,19,spearman,0.35469723942544207,-0.22783243767386088,0.7683559938639052,0.1302,exploratory_association_not_causal,0.9871854545454546
reddit,negative_sentiment_share,,sensitivity_exclude_w21,sensitivity_exclude_w21_spearman,GOLD_USD,main,1,18,spearman,0.39235937082094724,-0.12227354362591432,0.7583658676553455,0.1094,exploratory_association_not_causal,0.9845999999999999
reddit,negative_sentiment_share,,sensitivity_exclude_w21,sensitivity_exclude_w21_spearman,GOLD_USD,main,2,17,spearman,-0.0453709466026588,-0.4984658619104657,0.41721277137946344,0.861,exploratory_association_not_causal,0.9872347826086958
reddit,negative_sentiment_share,,sensitivity_exclude_w21,sensitivity_exclude_w21_spearman,IRR_USD,main,0,19,spearman,-0.15364360618676326,-0.5502283398812107,0.2938966454189292,0.5307,exploratory_association_not_causal,0.9871854545454546
reddit,negative_sentiment_share,,sensitivity_exclude_w21,sensitivity_exclude_w21_spearman,IRR_USD,main,1,18,spearman,0.08156944814435482,-0.4025622745380131,0.5276428411601517,0.7482,exploratory_association_not_causal,0.9871854545454546
reddit,negative_sentiment_share,,sensitivity_exclude_w21,sensitivity_exclude_w21_spearman,IRR_USD,main,2,17,spearman,0.4500307406263725,-0.09680738601467076,0.8387369292260486,0.0723,exploratory_association_not_causal,0.9845999999999999
reddit,negative_sentiment_share,,sensitivity_exclude_w21,sensitivity_exclude_w21_spearman,OIL_BRENT,main,0,19,spearman,-0.2906059065589637,-0.5843928009781136,0.13569747071905627,0.2306,exploratory_association_not_causal,0.9871854545454546
reddit,negative_sentiment_share,,sensitivity_exclude_w21,sensitivity_exclude_w21_spearman,OIL_BRENT,main,1,18,spearman,0.006195147960330744,-0.46156070800708193,0.4864555035333373,0.9811,exploratory_association_not_causal,0.9989
reddit,negative_sentiment_share,,sensitivity_exclude_w21,sensitivity_exclude_w21_spearman,OIL_BRENT,main,2,17,spearman,0.27099943781588093,-0.2932123063540262,0.7612818261633005,0.2857,exploratory_association_not_causal,0.9871854545454546
reddit,negative_sentiment_share,,sensitivity_exclude_w21,sensitivity_exclude_w21_spearman,VIX,main,0,19,spearman,-0.1668130581456287,-0.6125075897933414,0.3627943527842506,0.4903,exploratory_association_not_causal,0.9871854545454546
reddit,negative_sentiment_share,,sensitivity_exclude_w21,sensitivity_exclude_w21_spearman,VIX,main,1,18,spearman,-0.05782138096308696,-0.5836678726112112,0.4859882038143039,0.8145,exploratory_association_not_causal,0.9872347826086958
reddit,negative_sentiment_share,,sensitivity_exclude_w21,sensitivity_exclude_w21_spearman,VIX,main,2,17,spearman,-0.14347029060840757,-0.5935297893879162,0.3201960275978702,0.5847,exploratory_association_not_causal,0.9871854545454546
reddit,oppose_share,,sensitivity_exclude_w21,sensitivity_exclude_w21_spearman,GOLD_USD,main,0,19,spearman,0.16505713121777998,-0.3810787295509348,0.6274610546302563,0.4932,exploratory_association_not_causal,0.9871854545454546
reddit,oppose_share,,sensitivity_exclude_w21,sensitivity_exclude_w21_spearman,GOLD_USD,main,1,18,spearman,-0.1270661835055545,-0.5790679625749219,0.4604052684903744,0.6111,exploratory_association_not_causal,0.9871854545454546
reddit,oppose_share,,sensitivity_exclude_w21,sensitivity_exclude_w21_spearman,GOLD_USD,main,2,17,spearman,-0.2697731960158091,-0.7746836912455088,0.2665994740222289,0.2817,exploratory_association_not_causal,0.9871854545454546
reddit,oppose_share,,sensitivity_exclude_w21,sensitivity_exclude_w21_spearman,IRR_USD,main,0,19,spearman,0.21861290251716603,-0.3035985271969765,0.6365735203162116,0.3684,exploratory_association_not_causal,0.9871854545454546
reddit,oppose_share,,sensitivity_exclude_w21,sensitivity_exclude_w21_spearman,IRR_USD,main,1,18,spearman,0.03719010248943058,-0.5289851160227413,0.5126141710234496,0.8876,exploratory_association_not_causal,0.9872347826086958
reddit,oppose_share,,sensitivity_exclude_w21,sensitivity_exclude_w21_spearman,IRR_USD,main,2,17,spearman,-0.10177806940596434,-0.5605165692007796,0.4147416132642267,0.695,exploratory_association_not_causal,0.9871854545454546
reddit,oppose_share,,sensitivity_exclude_w21,sensitivity_exclude_w21_spearman,OIL_BRENT,main,0,19,spearman,0.05092188090761296,-0.46880698336028653,0.5258166695343166,0.8343,exploratory_association_not_causal,0.9872347826086958
reddit,oppose_share,,sensitivity_exclude_w21,sensitivity_exclude_w21_spearman,OIL_BRENT,main,1,18,spearman,0.1683885196049218,-0.3569984084019211,0.5607802022424733,0.5013,exploratory_association_not_causal,0.9871854545454546
reddit,oppose_share,,sensitivity_exclude_w21,sensitivity_exclude_w21_spearman,OIL_BRENT,main,2,17,spearman,0.20232989701185683,-0.29680507529194355,0.7271548845856132,0.4369,exploratory_association_not_causal,0.9871854545454546
reddit,oppose_share,,sensitivity_exclude_w21,sensitivity_exclude_w21_spearman,VIX,main,0,19,spearman,0.24934162375451868,-0.2935695644853407,0.6543372913652651,0.3044,exploratory_association_not_causal,0.9871854545454546
reddit,oppose_share,,sensitivity_exclude_w21,sensitivity_exclude_w21_spearman,VIX,main,1,18,spearman,-0.11260336587077593,-0.607999407312483,0.4798685630601669,0.657,exploratory_association_not_causal,0.9871854545454546
reddit,oppose_share,,sensitivity_exclude_w21,sensitivity_exclude_w21_spearman,VIX,main,2,17,spearman,0.03556101220208392,-0.5247524752475248,0.5472412308506842,0.8884,exploratory_association_not_causal,0.9872347826086958
reddit,support_share,,sensitivity_exclude_w21,sensitivity_exclude_w21_spearman,GOLD_USD,main,0,19,spearman,-0.07459412740918821,-0.5797346739308172,0.5190878548459161,0.7541,exploratory_association_not_causal,0.9871854545454546
reddit,support_share,,sensitivity_exclude_w21,sensitivity_exclude_w21_spearman,GOLD_USD,main,1,18,spearman,-0.5554982671096569,-0.7916715813619597,-0.1933573329702148,0.0177,exploratory_association_not_causal,0.9558
reddit,support_share,,sensitivity_exclude_w21,sensitivity_exclude_w21_spearman,GOLD_USD,main,2,17,spearman,0.19374620441135382,-0.3250628015471111,0.6824245706949122,0.4504,exploratory_association_not_causal,0.9871854545454546
reddit,support_share,,sensitivity_exclude_w21,sensitivity_exclude_w21_spearman,IRR_USD,main,0,19,spearman,-0.587977239578307,-0.8094945074252583,-0.18064347954214435,0.0095,exploratory_association_not_causal,0.684
reddit,support_share,,sensitivity_exclude_w21,sensitivity_exclude_w21_spearman,IRR_USD,main,1,18,spearman,0.1280330578468354,-0.409214738688447,0.5958985409797322,0.609,exploratory_association_not_causal,0.9871854545454546
reddit,support_share,,sensitivity_exclude_w21,sensitivity_exclude_w21_spearman,IRR_USD,main,2,17,spearman,-0.10913552020639551,-0.6434491902008249,0.49812780378050303,0.6848,exploratory_association_not_causal,0.9871854545454546
reddit,support_share,,sensitivity_exclude_w21,sensitivity_exclude_w21_spearman,OIL_BRENT,main,0,19,spearman,-0.026327339085595838,-0.5250051021058942,0.4993780149583292,0.9163,exploratory_association_not_causal,0.9872347826086958
reddit,support_share,,sensitivity_exclude_w21,sensitivity_exclude_w21_spearman,OIL_BRENT,main,1,18,spearman,0.33557051451791536,-0.1717538509196177,0.7347009325152661,0.1738,exploratory_association_not_causal,0.9871854545454546
reddit,support_share,,sensitivity_exclude_w21,sensitivity_exclude_w21_spearman,OIL_BRENT,main,2,17,spearman,-0.17780506101041962,-0.6327563576702215,0.4087139928794907,0.4884,exploratory_association_not_causal,0.9871854545454546
reddit,support_share,,sensitivity_exclude_w21,sensitivity_exclude_w21_spearman,VIX,main,0,19,spearman,0.2641509688254782,-0.2703378484491559,0.7021662413864233,0.2774,exploratory_association_not_causal,0.9871854545454546
reddit,support_share,,sensitivity_exclude_w21,sensitivity_exclude_w21_spearman,VIX,main,1,18,spearman,0.16830151958898523,-0.3175586076731053,0.6240447166780992,0.4994,exploratory_association_not_causal,0.9871854545454546
reddit,support_share,,sensitivity_exclude_w21,sensitivity_exclude_w21_spearman,VIX,main,2,17,spearman,-0.47946054382809705,-0.716775593815539,-0.09936641052164992,0.0515,exploratory_association_not_causal,0.9845999999999999
reddit,unclear_share,,sensitivity_exclude_w21,sensitivity_exclude_w21_spearman,GOLD_USD,main,0,19,spearman,0.20877192982456141,-0.3033564814814815,0.6316761359118939,0.3894,exploratory_association_not_causal,0.9871854545454546
reddit,unclear_share,,sensitivity_exclude_w21,sensitivity_exclude_w21_spearman,GOLD_USD,main,1,18,spearman,-0.0608875128998968,-0.5194144275135809,0.44756863317757006,0.8095,exploratory_association_not_causal,0.9872347826086958
reddit,unclear_share,,sensitivity_exclude_w21,sensitivity_exclude_w21_spearman,GOLD_USD,main,2,17,spearman,-0.1985294117647059,-0.6976632695850473,0.36401157886665114,0.437,exploratory_association_not_causal,0.9871854545454546
reddit,unclear_share,,sensitivity_exclude_w21,sensitivity_exclude_w21_spearman,IRR_USD,main,0,19,spearman,0.25789473684210523,-0.18734008094629478,0.6446850527346214,0.2832,exploratory_association_not_causal,0.9871854545454546
reddit,unclear_share,,sensitivity_exclude_w21,sensitivity_exclude_w21_spearman,IRR_USD,main,1,18,spearman,0.17234262125902994,-0.35140647970145883,0.6226483883647798,0.4873,exploratory_association_not_causal,0.9871854545454546
reddit,unclear_share,,sensitivity_exclude_w21,sensitivity_exclude_w21_spearman,IRR_USD,main,2,17,spearman,0.4264705882352942,-0.17081071433064526,0.8218331572611355,0.0924,exploratory_association_not_causal,0.9845999999999999
reddit,unclear_share,,sensitivity_exclude_w21,sensitivity_exclude_w21_spearman,OIL_BRENT,main,0,19,spearman,0.04912280701754386,-0.4129356692621431,0.49910877513711144,0.8399,exploratory_association_not_causal,0.9872347826086958
reddit,unclear_share,,sensitivity_exclude_w21,sensitivity_exclude_w21_spearman,OIL_BRENT,main,1,18,spearman,-0.08771929824561403,-0.5966973039419813,0.48550752737226227,0.7317,exploratory_association_not_causal,0.9871854545454546
reddit,unclear_share,,sensitivity_exclude_w21,sensitivity_exclude_w21_spearman,OIL_BRENT,main,2,17,spearman,0.32598039215686275,-0.2577430120919531,0.7295452730756945,0.2047,exploratory_association_not_causal,0.9871854545454546
reddit,unclear_share,,sensitivity_exclude_w21,sensitivity_exclude_w21_spearman,VIX,main,0,19,spearman,-0.3192982456140351,-0.749060810604441,0.26974412406680953,0.1833,exploratory_association_not_causal,0.9871854545454546
reddit,unclear_share,,sensitivity_exclude_w21,sensitivity_exclude_w21_spearman,VIX,main,1,18,spearman,0.40350877192982454,-0.13841196420047472,0.8033481649225545,0.0993,exploratory_association_not_causal,0.9845999999999999
reddit,unclear_share,,sensitivity_exclude_w21,sensitivity_exclude_w21_spearman,VIX,main,2,17,spearman,0.4068627450980392,-0.10291856196171696,0.7816937277165608,0.1074,exploratory_association_not_causal,0.9845999999999999
x,anger_share,,sensitivity_exclude_w21,sensitivity_exclude_w21_spearman,GOLD_USD,main,0,20,spearman,0.020308388047687833,-0.5150920904604175,0.5324946071559427,0.9304,exploratory_association_not_causal,0.9872347826086958
x,anger_share,,sensitivity_exclude_w21,sensitivity_exclude_w21_spearman,GOLD_USD,main,1,19,spearman,0.34050025217370616,-0.17961694338838335,0.8012811006403565,0.1535,exploratory_association_not_causal,0.9871854545454546
x,anger_share,,sensitivity_exclude_w21,sensitivity_exclude_w21_spearman,GOLD_USD,main,2,18,spearman,0.1786267661895365,-0.31288742442799045,0.5845350886887024,0.4756,exploratory_association_not_causal,0.9871854545454546
x,anger_share,,sensitivity_exclude_w21,sensitivity_exclude_w21_spearman,IRR_USD,main,0,20,spearman,0.2030838804768783,-0.28247841968864945,0.6030269828525548,0.3834,exploratory_association_not_causal,0.9871854545454546
x,anger_share,,sensitivity_exclude_w21,sensitivity_exclude_w21_spearman,IRR_USD,main,1,19,spearman,0.13602458527557848,-0.4031705326732967,0.5993758082752366,0.5659,exploratory_association_not_causal,0.9871854545454546
x,anger_share,,sensitivity_exclude_w21,sensitivity_exclude_w21_spearman,IRR_USD,main,2,18,spearman,-0.056788856303031834,-0.5500602437570524,0.4482790246770674,0.8255,exploratory_association_not_causal,0.9872347826086958
x,anger_share,,sensitivity_exclude_w21,sensitivity_exclude_w21_spearman,OIL_BRENT,main,0,20,spearman,-0.24370065657225398,-0.7037402413439113,0.20574941099574168,0.2995,exploratory_association_not_causal,0.9871854545454546
x,anger_share,,sensitivity_exclude_w21,sensitivity_exclude_w21_spearman,OIL_BRENT,main,1,19,spearman,-0.4098289117657752,-0.7699172707575805,0.1365508555668129,0.0794,exploratory_association_not_causal,0.9845999999999999
x,anger_share,,sensitivity_exclude_w21,sensitivity_exclude_w21_spearman,OIL_BRENT,main,2,18,spearman,-0.22096027725179662,-0.5916896253071439,0.2446931994266122,0.3693,exploratory_association_not_causal,0.9871854545454546
x,anger_share,,sensitivity_exclude_w21,sensitivity_exclude_w21_spearman,VIX,main,0,20,spearman,-0.0631816517039177,-0.5443259604645936,0.5080149978606654,0.7946,exploratory_association_not_causal,0.9872347826086958
x,anger_share,,sensitivity_exclude_w21,sensitivity_exclude_w21_spearman,VIX,main,1,19,spearman,-0.3308468945089877,-0.6854711112816355,0.10392396351075638,0.1623,exploratory_association_not_causal,0.9871854545454546
x,anger_share,,sensitivity_exclude_w21,sensitivity_exclude_w21_spearman,VIX,main,2,18,spearman,0.033040789121763975,-0.4551831907871095,0.4858879345979969,0.8971,exploratory_association_not_causal,0.9872347826086958
x,automation_risk_share,,sensitivity_exclude_w21,sensitivity_exclude_w21_spearman,GOLD_USD,main,0,20,spearman,-0.0974330246412089,-0.5234953563442696,0.43503005275808493,0.6829,exploratory_association_not_causal,0.9871854545454546
x,automation_risk_share,,sensitivity_exclude_w21,sensitivity_exclude_w21_spearman,GOLD_USD,main,1,19,spearman,0.03351016923383674,-0.4242828838999969,0.49162213797340565,0.8943,exploratory_association_not_causal,0.9872347826086958
x,automation_risk_share,,sensitivity_exclude_w21,sensitivity_exclude_w21_spearman,GOLD_USD,main,2,18,spearman,0.31984006061984427,-0.23470385173566033,0.7405968581152871,0.1885,exploratory_association_not_causal,0.9871854545454546
x,automation_risk_share,,sensitivity_exclude_w21,sensitivity_exclude_w21_spearman,IRR_USD,main,0,20,spearman,-0.006797652881944808,-0.4461030665425452,0.43306781475090517,0.9786,exploratory_association_not_causal,0.9989
x,automation_risk_share,,sensitivity_exclude_w21,sensitivity_exclude_w21_spearman,IRR_USD,main,1,19,spearman,-0.04850156073318475,-0.5103632333522465,0.4496336839945141,0.8469,exploratory_association_not_causal,0.9872347826086958
x,automation_risk_share,,sensitivity_exclude_w21,sensitivity_exclude_w21_spearman,IRR_USD,main,2,18,spearman,-0.12668989414162665,-0.5737161000591691,0.3555621285691294,0.6156,exploratory_association_not_causal,0.9871854545454546
x,automation_risk_share,,sensitivity_exclude_w21,sensitivity_exclude_w21_spearman,OIL_BRENT,main,0,20,spearman,0.2235672503395181,-0.28638169189062446,0.7420196979183357,0.3466,exploratory_association_not_causal,0.9871854545454546
x,automation_risk_share,,sensitivity_exclude_w21,sensitivity_exclude_w21_spearman,OIL_BRENT,main,1,19,spearman,-0.0388012485865478,-0.4813821547836263,0.3841646838633828,0.8733,exploratory_association_not_causal,0.9872347826086958
x,automation_risk_share,,sensitivity_exclude_w21,sensitivity_exclude_w21_spearman,OIL_BRENT,main,2,18,spearman,-0.31257096833302966,-0.6910095334698032,0.2192493047284761,0.2039,exploratory_association_not_causal,0.9871854545454546
x,automation_risk_share,,sensitivity_exclude_w21,sensitivity_exclude_w21_spearman,VIX,main,0,20,spearman,0.0815718345833377,-0.35922909128392216,0.5168894037881772,0.7328,exploratory_association_not_causal,0.9871854545454546
x,automation_risk_share,,sensitivity_exclude_w21,sensitivity_exclude_w21_spearman,VIX,main,1,19,spearman,0.024691703645984962,-0.4691697951911559,0.49489434553554024,0.9224,exploratory_association_not_causal,0.9872347826086958
x,automation_risk_share,,sensitivity_exclude_w21,sensitivity_exclude_w21_spearman,VIX,main,2,18,spearman,-0.31257096833302966,-0.6779599912543994,0.1853705474145017,0.2089,exploratory_association_not_causal,0.9871854545454546
x,negative_sentiment_share,,sensitivity_exclude_w21,sensitivity_exclude_w21_spearman,GOLD_USD,main,0,20,spearman,-0.10684728382120529,-0.5615289604406113,0.3932248008911323,0.6557,exploratory_association_not_causal,0.9871854545454546
x,negative_sentiment_share,,sensitivity_exclude_w21,sensitivity_exclude_w21_spearman,GOLD_USD,main,1,19,spearman,-0.20895530441399804,-0.5832312855793113,0.21986795356719344,0.3967,exploratory_association_not_causal,0.9871854545454546
x,negative_sentiment_share,,sensitivity_exclude_w21,sensitivity_exclude_w21_spearman,GOLD_USD,main,2,18,spearman,0.3946283097489578,-0.09581210934487415,0.7801549286469343,0.1093,exploratory_association_not_causal,0.9845999999999999
x,negative_sentiment_share,,sensitivity_exclude_w21,sensitivity_exclude_w21_spearman,IRR_USD,main,0,20,spearman,-0.30398804692793624,-0.7201611837080879,0.2514479927480739,0.1907,exploratory_association_not_causal,0.9871854545454546
x,negative_sentiment_share,,sensitivity_exclude_w21,sensitivity_exclude_w21_spearman,IRR_USD,main,1,19,spearman,0.41527671843622294,-0.04804628268319208,0.7440403086261753,0.0741,exploratory_association_not_causal,0.9845999999999999
x,negative_sentiment_share,,sensitivity_exclude_w21,sensitivity_exclude_w21_spearman,IRR_USD,main,2,18,spearman,0.2582646006210457,-0.2730666952390723,0.7260135572375573,0.2959,exploratory_association_not_causal,0.9871854545454546
x,negative_sentiment_share,,sensitivity_exclude_w21,sensitivity_exclude_w21_spearman,OIL_BRENT,main,0,20,spearman,-0.09104592494623832,-0.5933011113204444,0.3646163679414009,0.7066,exploratory_association_not_causal,0.9871854545454546
x,negative_sentiment_share,,sensitivity_exclude_w21,sensitivity_exclude_w21_spearman,OIL_BRENT,main,1,19,spearman,0.1755926927848723,-0.38830101927305544,0.6793926156678513,0.4725,exploratory_association_not_causal,0.9871854545454546
x,negative_sentiment_share,,sensitivity_exclude_w21,sensitivity_exclude_w21_spearman,OIL_BRENT,main,2,18,spearman,-0.11157030746829175,-0.5987987741842672,0.4319943942049616,0.661,exploratory_association_not_causal,0.9871854545454546
x,negative_sentiment_share,,sensitivity_exclude_w21,sensitivity_exclude_w21_spearman,VIX,main,0,20,spearman,0.241535057088781,-0.23580162915281028,0.6525795072232331,0.3011,exploratory_association_not_causal,0.9871854545454546
x,negative_sentiment_share,,sensitivity_exclude_w21,sensitivity_exclude_w21_spearman,VIX,main,1,19,spearman,0.23617217179565322,-0.2851137376492415,0.6113086746451539,0.3363,exploratory_association_not_causal,0.9871854545454546
x,negative_sentiment_share,,sensitivity_exclude_w21,sensitivity_exclude_w21_spearman,VIX,main,2,18,spearman,-0.4524795802880721,-0.7634274406881287,0.02720383999575394,0.0604,exploratory_association_not_causal,0.9845999999999999
x,oppose_share,,sensitivity_exclude_w21,sensitivity_exclude_w21_spearman,GOLD_USD,main,0,20,spearman,-0.07446408950818872,-0.5162261915238426,0.3872061772466688,0.7519,exploratory_association_not_causal,0.9871854545454546
x,oppose_share,,sensitivity_exclude_w21,sensitivity_exclude_w21_spearman,GOLD_USD,main,1,19,spearman,-0.08775779695198613,-0.5022740435632174,0.38410725190260264,0.7218,exploratory_association_not_causal,0.9871854545454546
x,oppose_share,,sensitivity_exclude_w21,sensitivity_exclude_w21_spearman,GOLD_USD,main,2,18,spearman,0.12493548386667003,-0.46677700757080154,0.5436385384511572,0.6208,exploratory_association_not_causal,0.9871854545454546
x,oppose_share,,sensitivity_exclude_w21,sensitivity_exclude_w21_spearman,IRR_USD,main,0,20,spearman,0.28130878258649067,-0.23727040887399828,0.7511641714294197,0.2253,exploratory_association_not_causal,0.9871854545454546
x,oppose_share,,sensitivity_exclude_w21,sensitivity_exclude_w21_spearman,IRR_USD,main,1,19,spearman,0.02896007299415542,-0.5120213713268033,0.6460983199698357,0.9116,exploratory_association_not_causal,0.9872347826086958
x,oppose_share,,sensitivity_exclude_w21,sensitivity_exclude_w21_spearman,IRR_USD,main,2,18,spearman,0.12080538522644953,-0.35148142029319657,0.6074114794947174,0.6233,exploratory_association_not_causal,0.9871854545454546
x,oppose_share,,sensitivity_exclude_w21,sensitivity_exclude_w21_spearman,OIL_BRENT,main,0,20,spearman,-0.1113200530021407,-0.5401188263137636,0.38354232313333686,0.6414,exploratory_association_not_causal,0.9871854545454546
x,oppose_share,,sensitivity_exclude_w21,sensitivity_exclude_w21_spearman,OIL_BRENT,main,1,19,spearman,-0.062308035835910144,-0.5472715823820404,0.46622867893251574,0.8014,exploratory_association_not_causal,0.9872347826086958
x,oppose_share,,sensitivity_exclude_w21,sensitivity_exclude_w21_spearman,OIL_BRENT,main,2,18,spearman,-0.0970573180451817,-0.6367257601368995,0.42498938125182206,0.7067,exploratory_association_not_causal,0.9871854545454546
x,oppose_share,,sensitivity_exclude_w21,sensitivity_exclude_w21_spearman,VIX,main,0,20,spearman,-0.11884167820498805,-0.5491252377885293,0.37431162103870536,0.6207,exploratory_association_not_causal,0.9871854545454546
x,oppose_share,,sensitivity_exclude_w21,sensitivity_exclude_w21_spearman,VIX,main,1,19,spearman,-0.20272051095908794,-0.476428034084405,0.21989267557898684,0.3919,exploratory_association_not_causal,0.9871854545454546
x,oppose_share,,sensitivity_exclude_w21,sensitivity_exclude_w21_spearman,VIX,main,2,18,spearman,0.38409917354050627,-0.13085292466417112,0.834583083350122,0.1165,exploratory_association_not_causal,0.9871854545454546
x,support_share,,sensitivity_exclude_w21,sensitivity_exclude_w21_spearman,GOLD_USD,main,0,20,spearman,-0.14436090225563908,-0.621035430729585,0.3752009141192196,0.5495,exploratory_association_not_causal,0.9871854545454546
x,support_share,,sensitivity_exclude_w21,sensitivity_exclude_w21_spearman,GOLD_USD,main,1,19,spearman,0.028070175438596492,-0.46324505123296045,0.45612482269503474,0.9107,exploratory_association_not_causal,0.9872347826086958
x,support_share,,sensitivity_exclude_w21,sensitivity_exclude_w21_spearman,GOLD_USD,main,2,18,spearman,0.2239422084623323,-0.34527706480081577,0.6737546534104127,0.3656,exploratory_association_not_causal,0.9871854545454546
x,support_share,,sensitivity_exclude_w21,sensitivity_exclude_w21_spearman,IRR_USD,main,0,20,spearman,-0.11729323308270674,-0.6298636278722213,0.3632988298829883,0.6222,exploratory_association_not_causal,0.9871854545454546
x,support_share,,sensitivity_exclude_w21,sensitivity_exclude_w21_spearman,IRR_USD,main,1,19,spearman,-0.010526315789473684,-0.4676305503830436,0.4350711674326353,0.9713,exploratory_association_not_causal,0.9989
x,support_share,,sensitivity_exclude_w21,sensitivity_exclude_w21_spearman,IRR_USD,main,2,18,spearman,0.013415892672858616,-0.5849399835248892,0.5276059514794252,0.9614,exploratory_association_not_causal,0.9983769230769232
x,support_share,,sensitivity_exclude_w21,sensitivity_exclude_w21_spearman,OIL_BRENT,main,0,20,spearman,0.193984962406015,-0.22233339909320202,0.5614840329949444,0.4214,exploratory_association_not_causal,0.9871854545454546
x,support_share,,sensitivity_exclude_w21,sensitivity_exclude_w21_spearman,OIL_BRENT,main,1,19,spearman,0.38596491228070173,-0.1819367414195,0.7529107764983759,0.1026,exploratory_association_not_causal,0.9845999999999999
x,support_share,,sensitivity_exclude_w21,sensitivity_exclude_w21_spearman,OIL_BRENT,main,2,18,spearman,-0.1475748194014448,-0.5602388159738055,0.34796874999999977,0.554,exploratory_association_not_causal,0.9871854545454546
x,support_share,,sensitivity_exclude_w21,sensitivity_exclude_w21_spearman,VIX,main,0,20,spearman,0.09172932330827067,-0.3952989751443044,0.5457894138655065,0.7039,exploratory_association_not_causal,0.9871854545454546
x,support_share,,sensitivity_exclude_w21,sensitivity_exclude_w21_spearman,VIX,main,1,19,spearman,0.0912280701754386,-0.44445432977461446,0.6230861856378077,0.7107,exploratory_association_not_causal,0.9871854545454546
x,support_share,,sensitivity_exclude_w21,sensitivity_exclude_w21_spearman,VIX,main,2,18,spearman,-0.3003095975232198,-0.6864601421705396,0.2066913942051519,0.2289,exploratory_association_not_causal,0.9871854545454546
x,unclear_share,,sensitivity_exclude_w21,sensitivity_exclude_w21_spearman,GOLD_USD,main,0,20,spearman,0.05263157894736842,-0.4708730011748434,0.5550664013613403,0.8275,exploratory_association_not_causal,0.9872347826086958
x,unclear_share,,sensitivity_exclude_w21,sensitivity_exclude_w21_spearman,GOLD_USD,main,1,19,spearman,0.031578947368421054,-0.4097068880525192,0.5040211453744491,0.9007,exploratory_association_not_causal,0.9872347826086958
x,unclear_share,,sensitivity_exclude_w21,sensitivity_exclude_w21_spearman,GOLD_USD,main,2,18,spearman,0.3085655314757482,-0.17337908856112003,0.6952028253890282,0.2049,exploratory_association_not_causal,0.9871854545454546
x,unclear_share,,sensitivity_exclude_w21,sensitivity_exclude_w21_spearman,IRR_USD,main,0,20,spearman,0.006015037593984962,-0.4370757615011659,0.4690018462401537,0.9819,exploratory_association_not_causal,0.9989
x,unclear_share,,sensitivity_exclude_w21,sensitivity_exclude_w21_spearman,IRR_USD,main,1,19,spearman,0.028070175438596492,-0.5130341119243851,0.5071808510638293,0.914,exploratory_association_not_causal,0.9872347826086958
x,unclear_share,,sensitivity_exclude_w21,sensitivity_exclude_w21_spearman,IRR_USD,main,2,18,spearman,-0.29411764705882354,-0.7234944106410075,0.3089005235602095,0.2361,exploratory_association_not_causal,0.9871854545454546
x,unclear_share,,sensitivity_exclude_w21,sensitivity_exclude_w21_spearman,OIL_BRENT,main,0,20,spearman,-0.02857142857142857,-0.44621859104529144,0.39211218442492113,0.9099,exploratory_association_not_causal,0.9872347826086958
x,unclear_share,,sensitivity_exclude_w21,sensitivity_exclude_w21_spearman,OIL_BRENT,main,1,19,spearman,-0.1789473684210526,-0.6500943952288224,0.3499179229373329,0.4639,exploratory_association_not_causal,0.9871854545454546
x,unclear_share,,sensitivity_exclude_w21,sensitivity_exclude_w21_spearman,OIL_BRENT,main,2,18,spearman,0.04643962848297213,-0.5168808188569302,0.5905186076128481,0.8552,exploratory_association_not_causal,0.9872347826086958
x,unclear_share,,sensitivity_exclude_w21,sensitivity_exclude_w21_spearman,VIX,main,0,20,spearman,0.08721804511278194,-0.4740953794605539,0.6301510388474829,0.7137,exploratory_association_not_causal,0.9871854545454546
x,unclear_share,,sensitivity_exclude_w21,sensitivity_exclude_w21_spearman,VIX,main,1,19,spearman,-0.09473684210526316,-0.5862251575006847,0.44076453604375454,0.7022,exploratory_association_not_causal,0.9871854545454546
x,unclear_share,,sensitivity_exclude_w21,sensitivity_exclude_w21_spearman,VIX,main,2,18,spearman,-0.15583075335397317,-0.5741869998260264,0.3207743506174777,0.5338,exploratory_association_not_causal,0.9871854545454546
youtube,anger_share,,sensitivity_exclude_w21,sensitivity_exclude_w21_spearman,GOLD_USD,main,0,20,spearman,-0.23494002547103926,-0.6602499552980076,0.2570354092523054,0.3174,exploratory_association_not_causal,0.9871854545454546
youtube,anger_share,,sensitivity_exclude_w21,sensitivity_exclude_w21_spearman,GOLD_USD,main,1,19,spearman,0.0421607744056762,-0.4991642902220177,0.5921192935928291,0.866,exploratory_association_not_causal,0.9872347826086958
youtube,anger_share,,sensitivity_exclude_w21,sensitivity_exclude_w21_spearman,GOLD_USD,main,2,18,spearman,0.016537487575863846,-0.4380570163510719,0.5303139631576003,0.9461,exploratory_association_not_causal,0.9872347826086958
youtube,anger_share,,sensitivity_exclude_w21,sensitivity_exclude_w21_spearman,IRR_USD,main,0,20,spearman,-0.07831334182367976,-0.48807162782527985,0.35619006913183415,0.7383,exploratory_association_not_causal,0.9871854545454546
youtube,anger_share,,sensitivity_exclude_w21,sensitivity_exclude_w21_spearman,IRR_USD,main,1,19,spearman,-0.13702251681844763,-0.6046386963301355,0.3418167228457484,0.5793,exploratory_association_not_causal,0.9871854545454546
youtube,anger_share,,sensitivity_exclude_w21,sensitivity_exclude_w21_spearman,IRR_USD,main,2,18,spearman,-0.2253232682211449,-0.631188618389908,0.27935185018290054,0.3642,exploratory_association_not_causal,0.9871854545454546
youtube,anger_share,,sensitivity_exclude_w21,sensitivity_exclude_w21_spearman,OIL_BRENT,main,0,20,spearman,0.3049702253710606,-0.20039736866464036,0.698415862166107,0.1947,exploratory_association_not_causal,0.9871854545454546
youtube,anger_share,,sensitivity_exclude_w21,sensitivity_exclude_w21_spearman,OIL_BRENT,main,1,19,spearman,0.23364095816478891,-0.3069062336266497,0.6628608907068049,0.3362,exploratory_association_not_causal,0.9871854545454546
youtube,anger_share,,sensitivity_exclude_w21,sensitivity_exclude_w21_spearman,OIL_BRENT,main,2,18,spearman,0.07545228706487879,-0.4781021385589727,0.545951332160699,0.7629,exploratory_association_not_causal,0.9872347826086958
youtube,anger_share,,sensitivity_exclude_w21,sensitivity_exclude_w21_spearman,VIX,main,0,20,spearman,0.345632922087202,-0.11467531037376494,0.7113166951848595,0.1379,exploratory_association_not_causal,0.9871854545454546
youtube,anger_share,,sensitivity_exclude_w21,sensitivity_exclude_w21_spearman,VIX,main,1,19,spearman,-0.42687784085747155,-0.7981054330906626,0.10587643732636007,0.0721,exploratory_association_not_causal,0.9845999999999999
youtube,anger_share,,sensitivity_exclude_w21,sensitivity_exclude_w21_spearman,VIX,main,2,18,spearman,0.19328188604290872,-0.3012735640779116,0.6166586807037862,0.4392,exploratory_association_not_causal,0.9871854545454546
youtube,automation_risk_share,,sensitivity_exclude_w21,sensitivity_exclude_w21_spearman,GOLD_USD,main,0,20,spearman,0.39215864703625225,-0.07144919413741772,0.7437363774260047,0.0852,exploratory_association_not_causal,0.9845999999999999
youtube,automation_risk_share,,sensitivity_exclude_w21,sensitivity_exclude_w21_spearman,GOLD_USD,main,1,19,spearman,0.17253628085211048,-0.36590309780514907,0.623374946713321,0.4846,exploratory_association_not_causal,0.9871854545454546
youtube,automation_risk_share,,sensitivity_exclude_w21,sensitivity_exclude_w21_spearman,GOLD_USD,main,2,18,spearman,-0.3512983547466078,-0.7708908006076978,0.17902163655115785,0.1542,exploratory_association_not_causal,0.9871854545454546
youtube,automation_risk_share,,sensitivity_exclude_w21,sensitivity_exclude_w21_spearman,IRR_USD,main,0,20,spearman,-0.4374077216942813,-0.7592649540439308,0.022886819633438225,0.0543,exploratory_association_not_causal,0.9845999999999999
youtube,automation_risk_share,,sensitivity_exclude_w21,sensitivity_exclude_w21_spearman,IRR_USD,main,1,19,spearman,-0.11795847772542246,-0.6119797921411075,0.3887085075140401,0.6271,exploratory_association_not_causal,0.9871854545454546
youtube,automation_risk_share,,sensitivity_exclude_w21,sensitivity_exclude_w21_spearman,IRR_USD,main,2,18,spearman,0.17305848154183925,-0.2795025545268473,0.590235538235608,0.4948,exploratory_association_not_causal,0.9871854545454546
youtube,automation_risk_share,,sensitivity_exclude_w21,sensitivity_exclude_w21_spearman,OIL_BRENT,main,0,20,spearman,-0.5761715506455706,-0.8975834537275444,-0.08437945843704865,0.0091,exploratory_association_not_causal,0.684
youtube,automation_risk_share,,sensitivity_exclude_w21,sensitivity_exclude_w21_spearman,OIL_BRENT,main,1,19,spearman,-0.058098951715506594,-0.5168909067781144,0.43846333838473556,0.8167,exploratory_association_not_causal,0.9872347826086958
youtube,automation_risk_share,,sensitivity_exclude_w21,sensitivity_exclude_w21_spearman,OIL_BRENT,main,2,18,spearman,0.12746223490806124,-0.451375841645005,0.6212815556091716,0.6113,exploratory_association_not_causal,0.9871854545454546
youtube,automation_risk_share,,sensitivity_exclude_w21,sensitivity_exclude_w21_spearman,VIX,main,0,20,spearman,-0.07843172940725043,-0.49696643356070896,0.3584759538631709,0.744,exploratory_association_not_causal,0.9871854545454546
youtube,automation_risk_share,,sensitivity_exclude_w21,sensitivity_exclude_w21_spearman,VIX,main,1,19,spearman,-0.12147962631424106,-0.5590897809061569,0.34938576634334295,0.6272,exploratory_association_not_causal,0.9871854545454546
youtube,automation_risk_share,,sensitivity_exclude_w21,sensitivity_exclude_w21_spearman,VIX,main,2,18,spearman,-0.17305848154183925,-0.628874553214973,0.34192888237611485,0.4882,exploratory_association_not_causal,0.9871854545454546
youtube,negative_sentiment_share,,sensitivity_exclude_w21,sensitivity_exclude_w21_spearman,GOLD_USD,main,0,20,spearman,-0.08571428571428572,-0.549535434757079,0.3831477053837099,0.7211,exploratory_association_not_causal,0.9871854545454546
youtube,negative_sentiment_share,,sensitivity_exclude_w21,sensitivity_exclude_w21_spearman,GOLD_USD,main,1,19,spearman,0.02982456140350877,-0.531959219858156,0.5445444524926776,0.9033,exploratory_association_not_causal,0.9872347826086958
youtube,negative_sentiment_share,,sensitivity_exclude_w21,sensitivity_exclude_w21_spearman,GOLD_USD,main,2,18,spearman,0.12487100103199174,-0.3361086564497061,0.5338455581637344,0.6107,exploratory_association_not_causal,0.9871854545454546
youtube,negative_sentiment_share,,sensitivity_exclude_w21,sensitivity_exclude_w21_spearman,IRR_USD,main,0,20,spearman,-0.04661654135338346,-0.45962406419745727,0.39591499466394414,0.85,exploratory_association_not_causal,0.9872347826086958
youtube,negative_sentiment_share,,sensitivity_exclude_w21,sensitivity_exclude_w21_spearman,IRR_USD,main,1,19,spearman,-0.19824561403508772,-0.7016796825747067,0.36893085106382956,0.412,exploratory_association_not_causal,0.9871854545454546
youtube,negative_sentiment_share,,sensitivity_exclude_w21,sensitivity_exclude_w21_spearman,IRR_USD,main,2,18,spearman,-0.28998968008255926,-0.6785052496837999,0.2213117967064856,0.2404,exploratory_association_not_causal,0.9871854545454546
youtube,negative_sentiment_share,,sensitivity_exclude_w21,sensitivity_exclude_w21_spearman,OIL_BRENT,main,0,20,spearman,-0.021052631578947364,-0.555248797213865,0.47852601499426867,0.9353,exploratory_association_not_causal,0.9872347826086958
youtube,negative_sentiment_share,,sensitivity_exclude_w21,sensitivity_exclude_w21_spearman,OIL_BRENT,main,1,19,spearman,-0.1789473684210526,-0.6224124655152867,0.3198729639272277,0.4652,exploratory_association_not_causal,0.9871854545454546
youtube,negative_sentiment_share,,sensitivity_exclude_w21,sensitivity_exclude_w21_spearman,OIL_BRENT,main,2,18,spearman,-0.6470588235294118,-0.8163030221485336,-0.31096562178368475,0.0051,exploratory_association_not_causal,0.684
youtube,negative_sentiment_share,,sensitivity_exclude_w21,sensitivity_exclude_w21_spearman,VIX,main,0,20,spearman,0.03909774436090225,-0.3974523695326811,0.5447976173828424,0.874,exploratory_association_not_causal,0.9872347826086958
youtube,negative_sentiment_share,,sensitivity_exclude_w21,sensitivity_exclude_w21_spearman,VIX,main,1,19,spearman,-0.03333333333333333,-0.4960982480034668,0.4809463126843654,0.8913,exploratory_association_not_causal,0.9872347826086958
youtube,negative_sentiment_share,,sensitivity_exclude_w21,sensitivity_exclude_w21_spearman,VIX,main,2,18,spearman,-0.4282765737874097,-0.7731706145482964,0.09169512513034397,0.0769,exploratory_association_not_causal,0.9845999999999999
youtube,oppose_share,,sensitivity_exclude_w21,sensitivity_exclude_w21_spearman,GOLD_USD,main,0,20,spearman,-0.0037636456056683015,-0.5178378323468951,0.5019471962308908,0.989,exploratory_association_not_causal,0.9989
youtube,oppose_share,,sensitivity_exclude_w21,sensitivity_exclude_w21_spearman,GOLD_USD,main,1,19,spearman,-0.14492766201951193,-0.6102054418787364,0.4094363443779955,0.5522,exploratory_association_not_causal,0.9871854545454546
youtube,oppose_share,,sensitivity_exclude_w21,sensitivity_exclude_w21_spearman,GOLD_USD,main,2,18,spearman,-0.29043962555110875,-0.6911583184660599,0.20185660161491922,0.2363,exploratory_association_not_causal,0.9871854545454546
youtube,oppose_share,,sensitivity_exclude_w21,sensitivity_exclude_w21_spearman,IRR_USD,main,0,20,spearman,-0.2468951517318406,-0.5808671548036907,0.15943487933716097,0.3053,exploratory_association_not_causal,0.9871854545454546
youtube,oppose_share,,sensitivity_exclude_w21,sensitivity_exclude_w21_spearman,IRR_USD,main,1,19,spearman,-0.21168222149516588,-0.695748795103161,0.30994719276704524,0.3737,exploratory_association_not_causal,0.9871854545454546
youtube,oppose_share,,sensitivity_exclude_w21,sensitivity_exclude_w21_spearman,IRR_USD,main,2,18,spearman,-0.02067185946982981,-0.4647488584474887,0.47953390127803447,0.9335,exploratory_association_not_causal,0.9872347826086958
youtube,oppose_share,,sensitivity_exclude_w21,sensitivity_exclude_w21_spearman,OIL_BRENT,main,0,20,spearman,0.2634551923967811,-0.25118491384356717,0.7193016987249332,0.262,exploratory_association_not_causal,0.9871854545454546
youtube,oppose_share,,sensitivity_exclude_w21,sensitivity_exclude_w21_spearman,OIL_BRENT,main,1,19,spearman,0.3689067760496667,-0.10579277621198967,0.713534406253952,0.1234,exploratory_association_not_causal,0.9871854545454546
youtube,oppose_share,,sensitivity_exclude_w21,sensitivity_exclude_w21_spearman,OIL_BRENT,main,2,18,spearman,0.46925120996513664,0.02715528272034317,0.7727527968876652,0.0489,exploratory_association_not_causal,0.9845999999999999
youtube,oppose_share,,sensitivity_exclude_w21,sensitivity_exclude_w21_spearman,VIX,main,0,20,spearman,-0.03688372693554936,-0.5545639624080013,0.45992193259495695,0.8793,exploratory_association_not_causal,0.9872347826086958
youtube,oppose_share,,sensitivity_exclude_w21,sensitivity_exclude_w21_spearman,VIX,main,1,19,spearman,0.23891105496549844,-0.2600476208712874,0.6135008089245065,0.3264,exploratory_association_not_causal,0.9871854545454546
youtube,oppose_share,,sensitivity_exclude_w21,sensitivity_exclude_w21_spearman,VIX,main,2,18,spearman,0.24599512769097473,-0.2452462046974147,0.6198185254424261,0.3253,exploratory_association_not_causal,0.9871854545454546
youtube,support_share,,sensitivity_exclude_w21,sensitivity_exclude_w21_spearman,GOLD_USD,main,0,20,spearman,-0.13990222877296063,-0.5011787072243347,0.25192072323889486,0.5573,exploratory_association_not_causal,0.9871854545454546
youtube,support_share,,sensitivity_exclude_w21,sensitivity_exclude_w21_spearman,GOLD_USD,main,1,19,spearman,0.4931988188701621,0.012328151673640096,0.8214317264008077,0.0319,exploratory_association_not_causal,0.9845999999999999
youtube,support_share,,sensitivity_exclude_w21,sensitivity_exclude_w21_spearman,GOLD_USD,main,2,18,spearman,0.08982964542479581,-0.4149889028938008,0.5800850733464025,0.7293,exploratory_association_not_causal,0.9871854545454546
youtube,support_share,,sensitivity_exclude_w21,sensitivity_exclude_w21_spearman,IRR_USD,main,0,20,spearman,0.28958257030962276,-0.22131181579038053,0.7301036712844902,0.2134,exploratory_association_not_causal,0.9871854545454546
youtube,support_share,,sensitivity_exclude_w21,sensitivity_exclude_w21_spearman,IRR_USD,main,1,19,spearman,-0.16498465826973394,-0.6264997443142569,0.36839733931391394,0.5063,exploratory_association_not_causal,0.9871854545454546
youtube,support_share,,sensitivity_exclude_w21,sensitivity_exclude_w21_spearman,IRR_USD,main,2,18,spearman,-0.14145587842755203,-0.6170824236017788,0.35423361789659774,0.5818,exploratory_association_not_causal,0.9871854545454546
youtube,support_share,,sensitivity_exclude_w21,sensitivity_exclude_w21_spearman,OIL_BRENT,main,0,20,spearman,0.0007521625202847346,-0.4576094486121621,0.44388850207261393,0.9988,exploratory_association_not_causal,0.9989
youtube,support_share,,sensitivity_exclude_w21,sensitivity_exclude_w21_spearman,OIL_BRENT,main,1,19,spearman,-0.4098289117657752,-0.7357094768138728,0.06684525290620662,0.0814,exploratory_association_not_causal,0.9845999999999999
youtube,support_share,,sensitivity_exclude_w21,sensitivity_exclude_w21_spearman,OIL_BRENT,main,2,18,spearman,-0.37687150092012034,-0.7232082912576766,0.12609745390693564,0.1256,exploratory_association_not_causal,0.9871854545454546
youtube,support_share,,sensitivity_exclude_w21,sensitivity_exclude_w21_spearman,VIX,main,0,20,spearman,0.024069200649111507,-0.40674534291794184,0.5283939208837792,0.9162,exploratory_association_not_causal,0.9872347826086958
youtube,support_share,,sensitivity_exclude_w21,sensitivity_exclude_w21_spearman,VIX,main,1,19,spearman,-0.21500660253236603,-0.5926214588115357,0.17781097023466233,0.3701,exploratory_association_not_causal,0.9871854545454546
youtube,support_share,,sensitivity_exclude_w21,sensitivity_exclude_w21_spearman,VIX,main,2,18,spearman,-0.05472380698292159,-0.5635179810947152,0.4980083487328401,0.826,exploratory_association_not_causal,0.9872347826086958
youtube,unclear_share,,sensitivity_exclude_w21,sensitivity_exclude_w21_spearman,GOLD_USD,main,0,20,spearman,-0.10387661871644513,-0.5584421360311598,0.38320375132262813,0.661,exploratory_association_not_causal,0.9871854545454546
youtube,unclear_share,,sensitivity_exclude_w21,sensitivity_exclude_w21_spearman,GOLD_USD,main,1,19,spearman,0.08256484987778256,-0.45641470069030443,0.599252184229623,0.7316,exploratory_association_not_causal,0.9871854545454546
youtube,unclear_share,,sensitivity_exclude_w21,sensitivity_exclude_w21_spearman,GOLD_USD,main,2,18,spearman,0.29664118339205775,-0.12778813983215695,0.6416082888864056,0.2273,exploratory_association_not_causal,0.9871854545454546
youtube,unclear_share,,sensitivity_exclude_w21,sensitivity_exclude_w21_spearman,IRR_USD,main,0,20,spearman,0.0873165780515046,-0.3391280476484397,0.4598609522415877,0.7131,exploratory_association_not_causal,0.9871854545454546
youtube,unclear_share,,sensitivity_exclude_w21,sensitivity_exclude_w21_spearman,IRR_USD,main,1,19,spearman,0.13087407055095318,-0.36899976977441235,0.6010996226343533,0.5877,exploratory_association_not_causal,0.9871854545454546
youtube,unclear_share,,sensitivity_exclude_w21,sensitivity_exclude_w21_spearman,IRR_USD,main,2,18,spearman,-0.18708032820195974,-0.5569842396896736,0.3345904631054094,0.4537,exploratory_association_not_causal,0.9871854545454546
youtube,unclear_share,,sensitivity_exclude_w21,sensitivity_exclude_w21_spearman,OIL_BRENT,main,0,20,spearman,-0.17237496873960823,-0.5689600093007369,0.26429269013083295,0.4639,exploratory_association_not_causal,0.9871854545454546
youtube,unclear_share,,sensitivity_exclude_w21,sensitivity_exclude_w21_spearman,OIL_BRENT,main,1,19,spearman,-0.2801934799043897,-0.7171365347974028,0.20864446151008317,0.251,exploratory_association_not_causal,0.9871854545454546
youtube,unclear_share,,sensitivity_exclude_w21,sensitivity_exclude_w21_spearman,OIL_BRENT,main,2,18,spearman,-0.26459980121382154,-0.659350628115947,0.20520717060286514,0.2836,exploratory_association_not_causal,0.9871854545454546
youtube,unclear_share,,sensitivity_exclude_w21,sensitivity_exclude_w21_spearman,VIX,main,0,20,spearman,0.21603325776536053,-0.27766297457272854,0.6233885356252764,0.3624,exploratory_association_not_causal,0.9871854545454546
youtube,unclear_share,,sensitivity_exclude_w21,sensitivity_exclude_w21_spearman,VIX,main,1,19,spearman,-0.15898125348807068,-0.5961976683560553,0.374398001485596,0.5159,exploratory_association_not_causal,0.9871854545454546
youtube,unclear_share,,sensitivity_exclude_w21,sensitivity_exclude_w21_spearman,VIX,main,2,18,spearman,-0.35555598288107265,-0.7377253780587638,0.20383778285507229,0.1506,exploratory_association_not_causal,0.9871854545454546
reddit,anger_share,,sensitivity_alternative_assets,sensitivity_alternative_assets_spearman,IRR_GOLD18,sensitivity,0,20,spearman,0.09405570758908917,-0.3659645718750445,0.5125240572498752,0.6913,exploratory_association_not_causal,0.9734538461538461
reddit,anger_share,,sensitivity_alternative_assets,sensitivity_alternative_assets_spearman,IRR_GOLD18,sensitivity,1,19,spearman,-0.0869183829285118,-0.5399882269108033,0.41012289688001424,0.7234,exploratory_association_not_causal,0.9734538461538461
reddit,anger_share,,sensitivity_alternative_assets,sensitivity_alternative_assets_spearman,IRR_GOLD18,sensitivity,2,18,spearman,0.12396700829810195,-0.42902571456250604,0.6749388317990397,0.6124,exploratory_association_not_causal,0.9734538461538461
reddit,anger_share,,sensitivity_alternative_assets,sensitivity_alternative_assets_spearman,OIL_WTI,sensitivity,0,20,spearman,-0.08954103362481289,-0.5391787595809665,0.3844726308960271,0.7062,exploratory_association_not_causal,0.9734538461538461
reddit,anger_share,,sensitivity_alternative_assets,sensitivity_alternative_assets_spearman,OIL_WTI,sensitivity,1,19,spearman,-0.1413521176918222,-0.6416074840991416,0.3668215488276034,0.5558,exploratory_association_not_causal,0.9734538461538461
reddit,anger_share,,sensitivity_alternative_assets,sensitivity_alternative_assets_spearman,OIL_WTI,sensitivity,2,18,spearman,0.08264467219873463,-0.46399805790960447,0.5867162178530383,0.7439,exploratory_association_not_causal,0.9734538461538461
reddit,automation_risk_share,,sensitivity_alternative_assets,sensitivity_alternative_assets_spearman,IRR_GOLD18,sensitivity,0,20,spearman,-0.04668679993334755,-0.5034315131184892,0.43220687104154626,0.8491,exploratory_association_not_causal,0.9734538461538461
reddit,automation_risk_share,,sensitivity_alternative_assets,sensitivity_alternative_assets_spearman,IRR_GOLD18,sensitivity,1,19,spearman,-0.1404124751231778,-0.5670355426830289,0.3693185371650143,0.5685,exploratory_association_not_causal,0.9734538461538461
reddit,automation_risk_share,,sensitivity_alternative_assets,sensitivity_alternative_assets_spearman,IRR_GOLD18,sensitivity,2,18,spearman,-0.46670114634491616,-0.8397967804290886,0.05122371342737711,0.0526,exploratory_association_not_causal,0.8115428571428572
reddit,automation_risk_share,,sensitivity_alternative_assets,sensitivity_alternative_assets_spearman,OIL_WTI,sensitivity,0,20,spearman,-0.06777116119356902,-0.5387617476897569,0.4368382453125198,0.7793,exploratory_association_not_causal,0.9734538461538461
reddit,automation_risk_share,,sensitivity_alternative_assets,sensitivity_alternative_assets_spearman,OIL_WTI,sensitivity,1,19,spearman,-0.10355420040334364,-0.5637347931007866,0.3818801520124912,0.6768,exploratory_association_not_causal,0.9734538461538461
reddit,automation_risk_share,,sensitivity_alternative_assets,sensitivity_alternative_assets_spearman,OIL_WTI,sensitivity,2,18,spearman,-0.03200826446170885,-0.49530027393023623,0.4479000161225088,0.9024,exploratory_association_not_causal,0.9734538461538461
reddit,negative_sentiment_share,,sensitivity_alternative_assets,sensitivity_alternative_assets_spearman,IRR_GOLD18,sensitivity,0,20,spearman,-0.13243043628543757,-0.5441689746398335,0.3244008494885849,0.5788,exploratory_association_not_causal,0.9734538461538461
reddit,negative_sentiment_share,,sensitivity_alternative_assets,sensitivity_alternative_assets_spearman,IRR_GOLD18,sensitivity,1,19,spearman,0.2396840256513507,-0.2309842787498583,0.6209033106442273,0.3231,exploratory_association_not_causal,0.9734538461538461
reddit,negative_sentiment_share,,sensitivity_alternative_assets,sensitivity_alternative_assets_spearman,IRR_GOLD18,sensitivity,2,18,spearman,0.5606608904099325,0.09431097500740887,0.8481066710376733,0.0174,exploratory_association_not_causal,0.48059999999999997
reddit,negative_sentiment_share,,sensitivity_alternative_assets,sensitivity_alternative_assets_spearman,OIL_WTI,sensitivity,0,20,spearman,-0.38148994998134567,-0.7186927821367711,0.08825082548562067,0.0947,exploratory_association_not_causal,0.8523000000000001
reddit,negative_sentiment_share,,sensitivity_alternative_assets,sensitivity_alternative_assets_spearman,OIL_WTI,sensitivity,1,19,spearman,0.10974543299054518,-0.39631075459275905,0.583768249546262,0.6513,exploratory_association_not_causal,0.9734538461538461
reddit,negative_sentiment_share,,sensitivity_alternative_assets,sensitivity_alternative_assets_spearman,OIL_WTI,sensitivity,2,18,spearman,0.2519360170534503,-0.3303705411946087,0.761006289308176,0.3186,exploratory_association_not_causal,0.9734538461538461
reddit,oppose_share,,sensitivity_alternative_assets,sensitivity_alternative_assets_spearman,IRR_GOLD18,sensitivity,0,20,spearman,0.28442445974940567,-0.2106172507398629,0.7183604886757512,0.2161,exploratory_association_not_causal,0.9734538461538461
reddit,oppose_share,,sensitivity_alternative_assets,sensitivity_alternative_assets_spearman,IRR_GOLD18,sensitivity,1,19,spearman,0.11150135991839392,-0.40572894615276406,0.5685000356269917,0.645,exploratory_association_not_causal,0.9734538461538461
reddit,oppose_share,,sensitivity_alternative_assets,sensitivity_alternative_assets_spearman,IRR_GOLD18,sensitivity,2,18,spearman,-0.23657037416887788,-0.631647469709474,0.22806376126358055,0.3494,exploratory_association_not_causal,0.9734538461538461
reddit,oppose_share,,sensitivity_alternative_assets,sensitivity_alternative_assets_spearman,OIL_WTI,sensitivity,0,20,spearman,0.12716331666044856,-0.3360985996712285,0.5407501624212743,0.5952,exploratory_association_not_causal,0.9734538461538461
reddit,oppose_share,,sensitivity_alternative_assets,sensitivity_alternative_assets_spearman,OIL_WTI,sensitivity,1,19,spearman,0.1826164004962672,-0.29478579307651115,0.5787710038441519,0.4527,exploratory_association_not_causal,0.9734538461538461
reddit,oppose_share,,sensitivity_alternative_assets,sensitivity_alternative_assets_spearman,OIL_WTI,sensitivity,2,18,spearman,-0.020661168049683657,-0.526610327348971,0.5322686281076446,0.9373,exploratory_association_not_causal,0.9734538461538461
reddit,support_share,,sensitivity_alternative_assets,sensitivity_alternative_assets_spearman,IRR_GOLD18,sensitivity,0,20,spearman,-0.4625799499751117,-0.7334368336357218,-0.029684205615934916,0.0452,exploratory_association_not_causal,0.8115428571428572
reddit,support_share,,sensitivity_alternative_assets,sensitivity_alternative_assets_spearman,IRR_GOLD18,sensitivity,1,19,spearman,-0.18604652953821058,-0.6177482986595918,0.25754954129166585,0.4496,exploratory_association_not_causal,0.9734538461538461
reddit,support_share,,sensitivity_alternative_assets,sensitivity_alternative_assets_spearman,IRR_GOLD18,sensitivity,2,18,spearman,-0.06091895494325234,-0.5591852684529555,0.492286136303275,0.8068,exploratory_association_not_causal,0.9734538461538461
reddit,support_share,,sensitivity_alternative_assets,sensitivity_alternative_assets_spearman,OIL_WTI,sensitivity,0,20,spearman,-0.17751035478719734,-0.6636461292784062,0.3344521539691176,0.4581,exploratory_association_not_causal,0.9734538461538461
reddit,support_share,,sensitivity_alternative_assets,sensitivity_alternative_assets_spearman,OIL_WTI,sensitivity,1,19,spearman,0.2694164366425974,-0.19619570817333162,0.6572228402748367,0.2579,exploratory_association_not_causal,0.9734538461538461
reddit,support_share,,sensitivity_alternative_assets,sensitivity_alternative_assets_spearman,OIL_WTI,sensitivity,2,18,spearman,-0.24987096773334005,-0.6642856595767496,0.3033836400800131,0.3173,exploratory_association_not_causal,0.9734538461538461
reddit,unclear_share,,sensitivity_alternative_assets,sensitivity_alternative_assets_spearman,IRR_GOLD18,sensitivity,0,20,spearman,-0.0015037593984962405,-0.4264089500741416,0.42279341026505496,0.9975,exploratory_association_not_causal,0.9975
reddit,unclear_share,,sensitivity_alternative_assets,sensitivity_alternative_assets_spearman,IRR_GOLD18,sensitivity,1,19,spearman,0.4263157894736842,-0.09547045119277443,0.8243201143052052,0.0684,exploratory_association_not_causal,0.8355272727272727
reddit,unclear_share,,sensitivity_alternative_assets,sensitivity_alternative_assets_spearman,IRR_GOLD18,sensitivity,2,18,spearman,0.3106295149638803,-0.24129379901822492,0.7416733870967743,0.2132,exploratory_association_not_causal,0.9734538461538461
reddit,unclear_share,,sensitivity_alternative_assets,sensitivity_alternative_assets_spearman,OIL_WTI,sensitivity,0,20,spearman,0.03157894736842105,-0.46095231952158705,0.5443000436687763,0.8963,exploratory_association_not_causal,0.9734538461538461
reddit,unclear_share,,sensitivity_alternative_assets,sensitivity_alternative_assets_spearman,OIL_WTI,sensitivity,1,19,spearman,-0.05087719298245614,-0.48757956773050654,0.4650693698707444,0.8343,exploratory_association_not_causal,0.9734538461538461
reddit,unclear_share,,sensitivity_alternative_assets,sensitivity_alternative_assets_spearman,OIL_WTI,sensitivity,2,18,spearman,0.42414860681114547,-0.12070482653428556,0.7945600115786425,0.0819,exploratory_association_not_causal,0.8355272727272727
x,anger_share,,sensitivity_alternative_assets,sensitivity_alternative_assets_spearman,IRR_GOLD18,sensitivity,0,21,spearman,0.025332901628392267,-0.47156866974638084,0.4887235688708441,0.9156,exploratory_association_not_causal,0.9734538461538461
x,anger_share,,sensitivity_alternative_assets,sensitivity_alternative_assets_spearman,IRR_GOLD18,sensitivity,1,20,spearman,0.4039112733929024,-0.1187979431475976,0.805238697679563,0.0798,exploratory_association_not_causal,0.8355272727272727
x,anger_share,,sensitivity_alternative_assets,sensitivity_alternative_assets_spearman,IRR_GOLD18,sensitivity,2,19,spearman,0.07283897147014848,-0.41285052958841256,0.5443464036904537,0.771,exploratory_association_not_causal,0.9734538461538461
x,anger_share,,sensitivity_alternative_assets,sensitivity_alternative_assets_spearman,OIL_WTI,sensitivity,0,21,spearman,0.04352062587441748,-0.47589717805556886,0.4914998455756312,0.8514,exploratory_association_not_causal,0.9734538461538461
x,anger_share,,sensitivity_alternative_assets,sensitivity_alternative_assets_spearman,OIL_WTI,sensitivity,1,20,spearman,-0.2316660562476982,-0.6707443135743592,0.30651362942670374,0.3316,exploratory_association_not_causal,0.9734538461538461
x,anger_share,,sensitivity_alternative_assets,sensitivity_alternative_assets_spearman,OIL_WTI,sensitivity,2,19,spearman,-0.3878894625277787,-0.7505732736077954,0.07533886118165306,0.1056,exploratory_association_not_causal,0.8772923076923077
x,automation_risk_share,,sensitivity_alternative_assets,sensitivity_alternative_assets_spearman,IRR_GOLD18,sensitivity,0,21,spearman,0.16101818083388447,-0.3158465802364755,0.5756401525895473,0.4819,exploratory_association_not_causal,0.9734538461538461
x,automation_risk_share,,sensitivity_alternative_assets,sensitivity_alternative_assets_spearman,IRR_GOLD18,sensitivity,1,20,spearman,-0.018882369116513354,-0.46567615681003777,0.41650840599053957,0.9374,exploratory_association_not_causal,0.9734538461538461
x,automation_risk_share,,sensitivity_alternative_assets,sensitivity_alternative_assets_spearman,IRR_GOLD18,sensitivity,2,19,spearman,-0.16931453928675405,-0.612414222623078,0.3090418385761047,0.4966,exploratory_association_not_causal,0.9734538461538461
x,automation_risk_share,,sensitivity_alternative_assets,sensitivity_alternative_assets_spearman,OIL_WTI,sensitivity,0,21,spearman,0.2177330866336737,-0.24304322602606276,0.6281251578652526,0.3332,exploratory_association_not_causal,0.9734538461538461
x,automation_risk_share,,sensitivity_alternative_assets,sensitivity_alternative_assets_spearman,OIL_WTI,sensitivity,1,20,spearman,0.06042358117284274,-0.37339279405682885,0.45691968729687177,0.8011,exploratory_association_not_causal,0.9734538461538461
x,automation_risk_share,,sensitivity_alternative_assets,sensitivity_alternative_assets_spearman,OIL_WTI,sensitivity,2,19,spearman,-0.0194006242932739,-0.4446110341968348,0.4180921045627156,0.9365,exploratory_association_not_causal,0.9734538461538461
x,negative_sentiment_share,,sensitivity_alternative_assets,sensitivity_alternative_assets_spearman,IRR_GOLD18,sensitivity,0,21,spearman,-0.2326942932424365,-0.6463687412653548,0.31063454321766293,0.3115,exploratory_association_not_causal,0.9734538461538461
x,negative_sentiment_share,,sensitivity_alternative_assets,sensitivity_alternative_assets_spearman,IRR_GOLD18,sensitivity,1,20,spearman,0.23401060048165387,-0.22036476708990452,0.6300915992595666,0.321,exploratory_association_not_causal,0.9734538461538461
x,negative_sentiment_share,,sensitivity_alternative_assets,sensitivity_alternative_assets_spearman,IRR_GOLD18,sensitivity,2,19,spearman,0.32309055472416504,-0.19395910497625501,0.7049202256151759,0.1736,exploratory_association_not_causal,0.9734538461538461
x,negative_sentiment_share,,sensitivity_alternative_assets,sensitivity_alternative_assets_spearman,OIL_WTI,sensitivity,0,21,spearman,-0.3295419180835623,-0.7294404163580276,0.14595772381528488,0.1407,exploratory_association_not_causal,0.9497249999999999
x,negative_sentiment_share,,sensitivity_alternative_assets,sensitivity_alternative_assets_spearman,OIL_WTI,sensitivity,1,20,spearman,0.2603461986065988,-0.23369428342018092,0.6404113705854968,0.2694,exploratory_association_not_causal,0.9734538461538461
x,negative_sentiment_share,,sensitivity_alternative_assets,sensitivity_alternative_assets_spearman,OIL_WTI,sensitivity,2,19,spearman,0.21861290251716603,-0.27068242316689517,0.7143886760141935,0.3681,exploratory_association_not_causal,0.9734538461538461
x,oppose_share,,sensitivity_alternative_assets,sensitivity_alternative_assets_spearman,IRR_GOLD18,sensitivity,0,21,spearman,0.16645007571529583,-0.3474389318387594,0.6299642352583852,0.469,exploratory_association_not_causal,0.9734538461538461
x,oppose_share,,sensitivity_alternative_assets,sensitivity_alternative_assets_spearman,IRR_GOLD18,sensitivity,1,20,spearman,-0.012786762844840486,-0.5199436372496743,0.5628015220630107,0.9605,exploratory_association_not_causal,0.978622641509434
x,oppose_share,,sensitivity_alternative_assets,sensitivity_alternative_assets_spearman,IRR_GOLD18,sensitivity,2,19,spearman,0.0974111546167046,-0.3375402831390736,0.5386117444037803,0.6903,exploratory_association_not_causal,0.9734538461538461
x,oppose_share,,sensitivity_alternative_assets,sensitivity_alternative_assets_spearman,OIL_WTI,sensitivity,0,21,spearman,-0.09232777637332815,-0.535095617492877,0.3761083742515878,0.6841,exploratory_association_not_causal,0.9734538461538461
x,oppose_share,,sensitivity_alternative_assets,sensitivity_alternative_assets_spearman,OIL_WTI,sensitivity,1,20,spearman,-0.28130878258649067,-0.6472681393801757,0.179661351272914,0.23,exploratory_association_not_causal,0.9734538461538461
x,oppose_share,,sensitivity_alternative_assets,sensitivity_alternative_assets_spearman,OIL_WTI,sensitivity,2,19,spearman,-0.052654678171191675,-0.5760054550295862,0.4393359163306663,0.8245,exploratory_association_not_causal,0.9734538461538461
x,support_share,,sensitivity_alternative_assets,sensitivity_alternative_assets_spearman,IRR_GOLD18,sensitivity,0,21,spearman,-0.06493506493506493,-0.5282696763261637,0.43479612401435214,0.7725,exploratory_association_not_causal,0.9734538461538461
x,support_share,,sensitivity_alternative_assets,sensitivity_alternative_assets_spearman,IRR_GOLD18,sensitivity,1,20,spearman,-0.14887218045112782,-0.5699468085106382,0.30665513457423854,0.5292,exploratory_association_not_causal,0.9734538461538461
x,support_share,,sensitivity_alternative_assets,sensitivity_alternative_assets_spearman,IRR_GOLD18,sensitivity,2,19,spearman,-0.06666666666666667,-0.624245866739212,0.46857430629553404,0.7815,exploratory_association_not_causal,0.9734538461538461
x,support_share,,sensitivity_alternative_assets,sensitivity_alternative_assets_spearman,OIL_WTI,sensitivity,0,21,spearman,0.02857142857142857,-0.4002657674447499,0.4957488769325969,0.9053,exploratory_association_not_causal,0.9734538461538461
x,support_share,,sensitivity_alternative_assets,sensitivity_alternative_assets_spearman,OIL_WTI,sensitivity,1,20,spearman,0.35939849624060144,-0.1425643792314765,0.7537910082480318,0.1218,exploratory_association_not_causal,0.9396000000000001
x,support_share,,sensitivity_alternative_assets,sensitivity_alternative_assets_spearman,OIL_WTI,sensitivity,2,19,spearman,0.17719298245614035,-0.3629913079641016,0.6407442956018717,0.4738,exploratory_association_not_causal,0.9734538461538461
x,unclear_share,,sensitivity_alternative_assets,sensitivity_alternative_assets_spearman,IRR_GOLD18,sensitivity,0,21,spearman,0.3168831168831169,-0.1619136996904025,0.6840190320470896,0.1631,exploratory_association_not_causal,0.9734538461538461
x,unclear_share,,sensitivity_alternative_assets,sensitivity_alternative_assets_spearman,IRR_GOLD18,sensitivity,1,20,spearman,0.1744360902255639,-0.2891487518360459,0.5796904609278268,0.4606,exploratory_association_not_causal,0.9734538461538461
x,unclear_share,,sensitivity_alternative_assets,sensitivity_alternative_assets_spearman,IRR_GOLD18,sensitivity,2,19,spearman,-0.23333333333333334,-0.7188832703789448,0.3280573998714927,0.3297,exploratory_association_not_causal,0.9734538461538461
x,unclear_share,,sensitivity_alternative_assets,sensitivity_alternative_assets_spearman,OIL_WTI,sensitivity,0,21,spearman,0.14025974025974028,-0.3481506061277932,0.5652743746082396,0.5354,exploratory_association_not_causal,0.9734538461538461
x,unclear_share,,sensitivity_alternative_assets,sensitivity_alternative_assets_spearman,OIL_WTI,sensitivity,1,20,spearman,-0.1639097744360902,-0.648170172793867,0.3813205476710251,0.4844,exploratory_association_not_causal,0.9734538461538461
x,unclear_share,,sensitivity_alternative_assets,sensitivity_alternative_assets_spearman,OIL_WTI,sensitivity,2,19,spearman,-0.007017543859649123,-0.5280839138861243,0.6036109019017132,0.9778,exploratory_association_not_causal,0.9869383177570094
youtube,anger_share,,sensitivity_alternative_assets,sensitivity_alternative_assets_spearman,IRR_GOLD18,sensitivity,0,21,spearman,0.1794539878805533,-0.25011880738144243,0.5800234456673131,0.4397,exploratory_association_not_causal,0.9734538461538461
youtube,anger_share,,sensitivity_alternative_assets,sensitivity_alternative_assets_spearman,IRR_GOLD18,sensitivity,1,20,spearman,-0.3516570253044081,-0.6964645578865818,0.10784957913051597,0.131,exploratory_association_not_causal,0.9431999999999999
youtube,anger_share,,sensitivity_alternative_assets,sensitivity_alternative_assets_spearman,IRR_GOLD18,sensitivity,2,19,spearman,-0.09837514027991112,-0.5666346514009015,0.39404281050854784,0.6934,exploratory_association_not_causal,0.9734538461538461
youtube,anger_share,,sensitivity_alternative_assets,sensitivity_alternative_assets_spearman,OIL_WTI,sensitivity,0,21,spearman,0.1482445986839353,-0.3557337446261046,0.5739651436398044,0.5228,exploratory_association_not_causal,0.9734538461538461
youtube,anger_share,,sensitivity_alternative_assets,sensitivity_alternative_assets_spearman,OIL_WTI,sensitivity,1,20,spearman,0.1250001417570273,-0.39563315750589173,0.6299822580539263,0.6,exploratory_association_not_causal,0.9734538461538461
youtube,anger_share,,sensitivity_alternative_assets,sensitivity_alternative_assets_spearman,OIL_WTI,sensitivity,2,19,spearman,0.034255629204611907,-0.46609046105984786,0.5068730230340802,0.8931,exploratory_association_not_causal,0.9734538461538461
youtube,automation_risk_share,,sensitivity_alternative_assets,sensitivity_alternative_assets_spearman,IRR_GOLD18,sensitivity,0,21,spearman,-0.23157449509559175,-0.6527372933203893,0.2608828523999365,0.3132,exploratory_association_not_causal,0.9734538461538461
youtube,automation_risk_share,,sensitivity_alternative_assets,sensitivity_alternative_assets_spearman,IRR_GOLD18,sensitivity,1,20,spearman,-0.1915544160523232,-0.6442623125849426,0.2948919072825427,0.4095,exploratory_association_not_causal,0.9734538461538461
youtube,automation_risk_share,,sensitivity_alternative_assets,sensitivity_alternative_assets_spearman,IRR_GOLD18,sensitivity,2,19,spearman,0.0950710118981017,-0.3899595005644548,0.5854846654579697,0.7034,exploratory_association_not_causal,0.9734538461538461
youtube,automation_risk_share,,sensitivity_alternative_assets,sensitivity_alternative_assets_spearman,OIL_WTI,sensitivity,0,21,spearman,-0.534252145023351,-0.8579139522248436,-0.08617079350665549,0.0141,exploratory_association_not_causal,0.48059999999999997
youtube,automation_risk_share,,sensitivity_alternative_assets,sensitivity_alternative_assets_spearman,OIL_WTI,sensitivity,1,20,spearman,-0.016591327374610672,-0.5454423271785702,0.47854854932290464,0.948,exploratory_association_not_causal,0.9750857142857143
youtube,automation_risk_share,,sensitivity_alternative_assets,sensitivity_alternative_assets_spearman,OIL_WTI,sensitivity,2,19,spearman,-0.1338036463751061,-0.5992118332764222,0.37030590058224205,0.586,exploratory_association_not_causal,0.9734538461538461
youtube,negative_sentiment_share,,sensitivity_alternative_assets,sensitivity_alternative_assets_spearman,IRR_GOLD18,sensitivity,0,21,spearman,-0.26233766233766237,-0.6316579556314532,0.19164801190936812,0.2518,exploratory_association_not_causal,0.9734538461538461
youtube,negative_sentiment_share,,sensitivity_alternative_assets,sensitivity_alternative_assets_spearman,IRR_GOLD18,sensitivity,1,20,spearman,-0.08421052631578946,-0.6136882129277567,0.465933232169954,0.7237,exploratory_association_not_causal,0.9734538461538461
youtube,negative_sentiment_share,,sensitivity_alternative_assets,sensitivity_alternative_assets_spearman,IRR_GOLD18,sensitivity,2,19,spearman,-0.4052631578947368,-0.7143112930042204,0.013351468042953318,0.0851,exploratory_association_not_causal,0.8355272727272727
youtube,negative_sentiment_share,,sensitivity_alternative_assets,sensitivity_alternative_assets_spearman,OIL_WTI,sensitivity,0,21,spearman,0.17922077922077922,-0.3193829516813511,0.5552873143978831,0.4332,exploratory_association_not_causal,0.9734538461538461
youtube,negative_sentiment_share,,sensitivity_alternative_assets,sensitivity_alternative_assets_spearman,OIL_WTI,sensitivity,1,20,spearman,-0.024060150375939848,-0.4795027904616945,0.43532861398819456,0.922,exploratory_association_not_causal,0.9734538461538461
youtube,negative_sentiment_share,,sensitivity_alternative_assets,sensitivity_alternative_assets_spearman,OIL_WTI,sensitivity,2,19,spearman,-0.5684210526315789,-0.7364320174136737,-0.15349022428278022,0.0128,exploratory_association_not_causal,0.48059999999999997
youtube,oppose_share,,sensitivity_alternative_assets,sensitivity_alternative_assets_spearman,IRR_GOLD18,sensitivity,0,21,spearman,-0.062398469696295825,-0.4827138116642547,0.35342333083847466,0.7848,exploratory_association_not_causal,0.9734538461538461
youtube,oppose_share,,sensitivity_alternative_assets,sensitivity_alternative_assets_spearman,IRR_GOLD18,sensitivity,1,20,spearman,-0.5065866985229533,-0.8240847708916951,-0.029593775599629904,0.0251,exploratory_association_not_causal,0.54216
youtube,oppose_share,,sensitivity_alternative_assets,sensitivity_alternative_assets_spearman,IRR_GOLD18,sensitivity,2,19,spearman,0.02283708613640794,-0.4569887370911836,0.49831286582519974,0.9219,exploratory_association_not_causal,0.9734538461538461
youtube,oppose_share,,sensitivity_alternative_assets,sensitivity_alternative_assets_spearman,OIL_WTI,sensitivity,0,21,spearman,-0.10334746543448994,-0.567815099349838,0.37249435645330625,0.6529,exploratory_association_not_causal,0.9734538461538461
youtube,oppose_share,,sensitivity_alternative_assets,sensitivity_alternative_assets_spearman,OIL_WTI,sensitivity,1,20,spearman,0.16560040664940529,-0.28542761733417943,0.6160093816869301,0.4818,exploratory_association_not_causal,0.9734538461538461
youtube,oppose_share,,sensitivity_alternative_assets,sensitivity_alternative_assets_spearman,OIL_WTI,sensitivity,2,19,spearman,0.5445766694066508,0.15492261985968928,0.8244468203125354,0.0178,exploratory_association_not_causal,0.48059999999999997
youtube,support_share,,sensitivity_alternative_assets,sensitivity_alternative_assets_spearman,IRR_GOLD18,sensitivity,0,21,spearman,0.1338096855243284,-0.41179254096113516,0.584469810522872,0.5601,exploratory_association_not_causal,0.9734538461538461
youtube,support_share,,sensitivity_alternative_assets,sensitivity_alternative_assets_spearman,IRR_GOLD18,sensitivity,1,20,spearman,0.13238060357011328,-0.388981113085086,0.5727065969728324,0.5772,exploratory_association_not_causal,0.9734538461538461
youtube,support_share,,sensitivity_alternative_assets,sensitivity_alternative_assets_spearman,IRR_GOLD18,sensitivity,2,19,spearman,0.044756476445512915,-0.403568056875732,0.5373428856930932,0.8584,exploratory_association_not_causal,0.9734538461538461
youtube,support_share,,sensitivity_alternative_assets,sensitivity_alternative_assets_spearman,OIL_WTI,sensitivity,0,21,spearman,0.20850926724907481,-0.26528205892969886,0.6568169240831112,0.362,exploratory_association_not_causal,0.9734538461538461
youtube,support_share,,sensitivity_alternative_assets,sensitivity_alternative_assets_spearman,OIL_WTI,sensitivity,1,20,spearman,-0.061677326663348235,-0.4954367545882178,0.38157791861190676,0.795,exploratory_association_not_causal,0.9734538461538461
youtube,support_share,,sensitivity_alternative_assets,sensitivity_alternative_assets_spearman,OIL_WTI,sensitivity,2,19,spearman,-0.31417291308811035,-0.7039261345303394,0.15731898763409016,0.1906,exploratory_association_not_causal,0.9734538461538461
youtube,unclear_share,,sensitivity_alternative_assets,sensitivity_alternative_assets_spearman,IRR_GOLD18,sensitivity,0,21,spearman,0.11634714662121826,-0.28939433771750844,0.5027416349441427,0.603,exploratory_association_not_causal,0.9734538461538461
youtube,unclear_share,,sensitivity_alternative_assets,sensitivity_alternative_assets_spearman,IRR_GOLD18,sensitivity,1,20,spearman,0.1806549890720785,-0.33214616896403204,0.6206663842464174,0.4541,exploratory_association_not_causal,0.9734538461538461
youtube,unclear_share,,sensitivity_alternative_assets,sensitivity_alternative_assets_spearman,IRR_GOLD18,sensitivity,2,19,spearman,-0.18796678589197305,-0.5850529192423684,0.3257396094144686,0.4379,exploratory_association_not_causal,0.9734538461538461
youtube,unclear_share,,sensitivity_alternative_assets,sensitivity_alternative_assets_spearman,OIL_WTI,sensitivity,0,21,spearman,0.01884953772075603,-0.384623756169639,0.420864700509297,0.9347,exploratory_association_not_causal,0.9734538461538461
youtube,unclear_share,,sensitivity_alternative_assets,sensitivity_alternative_assets_spearman,OIL_WTI,sensitivity,1,20,spearman,-0.19646230061588538,-0.6233512353871059,0.271415560362589,0.4054,exploratory_association_not_causal,0.9734538461538461
youtube,unclear_share,,sensitivity_alternative_assets,sensitivity_alternative_assets_spearman,OIL_WTI,sensitivity,2,19,spearman,-0.3372861952454096,-0.6808771345814152,0.1495029366446897,0.155,exploratory_association_not_causal,0.9734538461538461
