

===== OVERLAY START 2026-08-14 06:29:34 | reddit_comments =====

========================================================================
CONTROL CENTER RUNTIME ADAPTER — reddit_comments
Original pipeline files: UNCHANGED
JSON_PAGE_PAUSE_SECONDS: 4.0
JSON_PAGE_TIMEOUT_SECONDS: 25
HTTP_PROBE_TIMEOUT_SECONDS: 10
PARENT_LOOKBACK_DAYS: 14
RESUME_EXISTING_JSON: True
MAX_POSTS: ALL
========================================================================


========================================================================================
REDDIT STAGE-1 -> STAGE-2 HANDOFF PRECHECK
========================================================================================
[REDDIT][HANDOFF] parent_dir=C:\Users\hnade\OneDrive\Desktop\PipeLine\v_5 - Copy\group-pipeline-with-monitoring\repo\data\raw\reddit\parent_posts
[REDDIT][HANDOFF] parent_files_found=1
[REDDIT][HANDOFF][INPUT_FILE] C:\Users\hnade\OneDrive\Desktop\PipeLine\v_5 - Copy\group-pipeline-with-monitoring\repo\data\raw\reddit\parent_posts\RQ-001_RD-001_reddit_parent_posts.csv
Reading: RQ-001_RD-001_reddit_parent_posts.csv

Parent merge summary
Unique parent posts: 49
Eligible for JSON collection: 46
Skipped because parent post is outside 14-day lookback + project window: 3
Unknown post dates kept for safety: 0
[REDDIT][HANDOFF] unique_parent_posts=49
[REDDIT][HANDOFF] eligible_for_json=46
[REDDIT][HANDOFF] selected_after_MAX_POSTS=46
[REDDIT][HANDOFF] existing_raw_json=0
[REDDIT][HANDOFF] pending_json_fetch=46
[REDDIT][JSON_QUEUE][1/46] state=PENDING post_id=1v3elmb created_at=2026-07-22T12:22:52.904000+00:00 json_url=https://www.reddit.com/r/worldnews/comments/1v3elmb/jd_vance_accuses_israel_of_manipulating_us_public.json
[REDDIT][JSON_QUEUE][2/46] state=PENDING post_id=1v2pu2q created_at=2026-07-21T17:53:12.266000+00:00 json_url=https://www.reddit.com/r/worldnews/comments/1v2pu2q/tankers_with_saudi_crude_turn_back_as_houthis.json
[REDDIT][JSON_QUEUE][3/46] state=PENDING post_id=1uy6pyl created_at=2026-07-16T15:51:23.345000+00:00 json_url=https://www.reddit.com/r/worldnews/comments/1uy6pyl/estonia_says_us_arms_delayed_over_iran_war_will.json
[REDDIT][JSON_QUEUE][4/46] state=PENDING post_id=1uxbtl0 created_at=2026-07-15T17:01:18.137000+00:00 json_url=https://www.reddit.com/r/worldnews/comments/1uxbtl0/iran_ramps_up_execution_of_political_prisoners.json
[REDDIT][JSON_QUEUE][5/46] state=PENDING post_id=1ux53o3 created_at=2026-07-15T12:56:38.326000+00:00 json_url=https://www.reddit.com/r/worldnews/comments/1ux53o3/iran_ramps_up_execution_of_political_prisoners.json
[REDDIT][JSON_QUEUE][6/46] state=PENDING post_id=1usd09i created_at=2026-07-10T04:13:05.065000+00:00 json_url=https://www.reddit.com/r/worldnews/comments/1usd09i/us_military_denies_involvement_after_explosions.json
[REDDIT][JSON_QUEUE][7/46] state=PENDING post_id=1urcjj0 created_at=2026-07-09T01:50:51.256000+00:00 json_url=https://www.reddit.com/r/worldnews/comments/1urcjj0/usisraeliran_war_latest_news_medvedev_warns_of.json
[REDDIT][JSON_QUEUE][8/46] state=PENDING post_id=1ul4rfn created_at=2026-07-02T01:49:03.126000+00:00 json_url=https://www.reddit.com/r/worldnews/comments/1ul4rfn/us_reportedly_mulls_pulling_troops_from_saudi.json
[REDDIT][JSON_QUEUE][9/46] state=PENDING post_id=1uk8nug created_at=2026-07-01T02:07:59.780000+00:00 json_url=https://www.reddit.com/r/worldnews/comments/1uk8nug/us_president_donald_trump_weighs_allout_war_on.json
[REDDIT][JSON_QUEUE][10/46] state=PENDING post_id=1uholq5 created_at=2026-06-28T05:26:24.708000+00:00 json_url=https://www.reddit.com/r/worldnews/comments/1uholq5/iran_attacks_bahrain_and_kuwait_following_us.json
[REDDIT][JSON_QUEUE][11/46] state=PENDING post_id=1uee6am created_at=2026-06-24T13:53:50.721000+00:00 json_url=https://www.reddit.com/r/worldnews/comments/1uee6am/italy_rebukes_natos_rutte_over_remarks_on_us_use.json
[REDDIT][JSON_QUEUE][12/46] state=PENDING post_id=1u7ebmm created_at=2026-06-16T13:57:28.486000+00:00 json_url=https://www.reddit.com/r/worldnews/comments/1u7ebmm/iran_says_the_us_war_deal_requires_israel_to.json
[REDDIT][JSON_QUEUE][13/46] state=PENDING post_id=1u6c7ou created_at=2026-06-15T10:01:45.292000+00:00 json_url=https://www.reddit.com/r/worldnews/comments/1u6c7ou/iran_and_us_reach_a_tentative_deal_to_end_war_as.json
[REDDIT][JSON_QUEUE][14/46] state=PENDING post_id=1u633xv created_at=2026-06-15T01:49:49.366000+00:00 json_url=https://www.reddit.com/r/worldnews/comments/1u633xv/us_iran_reach_preliminary_agreement_to_end_war.json
[REDDIT][JSON_QUEUE][15/46] state=PENDING post_id=1u4yl9l created_at=2026-06-13T18:37:28.159000+00:00 json_url=https://www.reddit.com/r/worldnews/comments/1u4yl9l/secret_qatari_protection_deal_presented_to_iran.json
[REDDIT][JSON_QUEUE][16/46] state=PENDING post_id=1twexmc created_at=2026-06-04T06:03:05.795000+00:00 json_url=https://www.reddit.com/r/worldnews/comments/1twexmc/iran_links_the_end_of_the_war_with_the_us_and.json
[REDDIT][JSON_QUEUE][17/46] state=PENDING post_id=1trsrsg created_at=2026-05-30T07:09:56.435000+00:00 json_url=https://www.reddit.com/r/worldnews/comments/1trsrsg/tehran_denies_us_claims_of_extension_to_iran_war.json
[REDDIT][JSON_QUEUE][18/46] state=PENDING post_id=1tmhpc0 created_at=2026-05-24T17:00:18.406000+00:00 json_url=https://www.reddit.com/r/worldnews/comments/1tmhpc0/iran_executes_person_for_sending_information_to.json
[REDDIT][JSON_QUEUE][19/46] state=PENDING post_id=1tkpesv created_at=2026-05-22T17:15:50.732000+00:00 json_url=https://www.reddit.com/r/worldnews/comments/1tkpesv/us_navy_chief_says_14bn_arms_sale_to_taiwan.json
[REDDIT][JSON_QUEUE][20/46] state=PENDING post_id=1tkkjko created_at=2026-05-22T14:24:45.720000+00:00 json_url=https://www.reddit.com/r/worldnews/comments/1tkkjko/qatari_negotiating_team_in_tehran_to_try_to_help.json
[REDDIT][JSON_QUEUE][21/46] state=PENDING post_id=1tibfua created_at=2026-05-20T04:54:16.324000+00:00 json_url=https://www.reddit.com/r/worldnews/comments/1tibfua/iran_warns_it_could_open_up_new_fronts_in_war.json
[REDDIT][JSON_QUEUE][22/46] state=PENDING post_id=1thsglp created_at=2026-05-19T16:39:38.744000+00:00 json_url=https://www.reddit.com/r/worldnews/comments/1thsglp/drone_strikes_uae_nuclear_plant_as_us_and_iran.json
[REDDIT][JSON_QUEUE][23/46] state=PENDING post_id=1thgigr created_at=2026-05-19T08:25:35.098000+00:00 json_url=https://www.reddit.com/r/worldnews/comments/1thgigr/iran_says_peace_proposal_includes_reparations_for.json
[REDDIT][JSON_QUEUE][24/46] state=PENDING post_id=1tc1s0i created_at=2026-05-13T14:44:55.801000+00:00 json_url=https://www.reddit.com/r/worldnews/comments/1tc1s0i/chinese_supertanker_breaks_through_usiran_war.json
[REDDIT][JSON_QUEUE][25/46] state=PENDING post_id=1t85jal created_at=2026-05-09T13:49:09.495000+00:00 json_url=https://www.reddit.com/r/worldnews/comments/1t85jal/merz_says_europe_wants_a_strong_nato_and_shares.json
[REDDIT][JSON_QUEUE][26/46] state=PENDING post_id=1t6wtx1 created_at=2026-05-08T03:57:18.928000+00:00 json_url=https://www.reddit.com/r/worldnews/comments/1t6wtx1/iran_considering_us_proposal_as_trump_says_war.json
[REDDIT][JSON_QUEUE][27/46] state=PENDING post_id=1t6qsi3 created_at=2026-05-07T23:17:46.891000+00:00 json_url=https://www.reddit.com/r/worldnews/comments/1t6qsi3/trump_calls_us_bombing_iran_a_love_tap_as.json
[REDDIT][JSON_QUEUE][28/46] state=PENDING post_id=1t6b4lh created_at=2026-05-07T13:49:37.319000+00:00 json_url=https://www.reddit.com/r/worldnews/comments/1t6b4lh/iran_reviewing_us_proposal_as_trump_pressures.json
[REDDIT][JSON_QUEUE][29/46] state=PENDING post_id=1t624xl created_at=2026-05-07T06:16:43.399000+00:00 json_url=https://www.reddit.com/r/worldnews/comments/1t624xl/us_fires_on_iranianflagged_oil_tanker_as_trump.json
[REDDIT][JSON_QUEUE][30/46] state=PENDING post_id=1t5dz13 created_at=2026-05-06T14:06:38.892000+00:00 json_url=https://www.reddit.com/r/worldnews/comments/1t5dz13/pakistani_source_confirms_us_iran_closing_in_on.json
[REDDIT][JSON_QUEUE][31/46] state=PENDING post_id=1t5bjbt created_at=2026-05-06T12:32:39.874000+00:00 json_url=https://www.reddit.com/r/worldnews/comments/1t5bjbt/iran_war_to_be_over_trump_says_epic_fury_will_end.json
[REDDIT][JSON_QUEUE][32/46] state=PENDING post_id=1t59yno created_at=2026-05-06T11:22:47.486000+00:00 json_url=https://www.reddit.com/r/worldnews/comments/1t59yno/us_and_iran_close_to_onepage_memorandum_to_end.json
[REDDIT][JSON_QUEUE][33/46] state=PENDING post_id=1t54dt3 created_at=2026-05-06T06:05:05.854000+00:00 json_url=https://www.reddit.com/r/worldnews/comments/1t54dt3/trump_puts_project_freedom_on_hold_saying_he.json
[REDDIT][JSON_QUEUE][34/46] state=PENDING post_id=1t2zhw4 created_at=2026-05-03T22:24:14.619000+00:00 json_url=https://www.reddit.com/r/worldnews/comments/1t2zhw4/iran_war_trump_says_us_to_guide_ships_safely_from.json
[REDDIT][JSON_QUEUE][35/46] state=PENDING post_id=1t2w6p6 created_at=2026-05-03T20:13:17.615000+00:00 json_url=https://www.reddit.com/r/worldnews/comments/1t2w6p6/iran_has_proposed_a_14point_plan_to_the_us_to_end.json
[REDDIT][JSON_QUEUE][36/46] state=PENDING post_id=1t1y7yj created_at=2026-05-02T18:47:44.603000+00:00 json_url=https://www.reddit.com/r/worldnews/comments/1t1y7yj/iran_military_official_says_war_with_with_us.json
[REDDIT][JSON_QUEUE][37/46] state=PENDING post_id=1t1hp79 created_at=2026-05-02T06:10:47.034000+00:00 json_url=https://www.reddit.com/r/worldnews/comments/1t1hp79/us_warned_europeans_of_weapon_delivery_delays_due.json
[REDDIT][JSON_QUEUE][38/46] state=PENDING post_id=1sz3554 created_at=2026-04-29T16:04:11.175000+00:00 json_url=https://www.reddit.com/r/worldnews/comments/1sz3554/us_war_in_iran_has_cost_25_billion_so_far_says.json
[REDDIT][JSON_QUEUE][39/46] state=PENDING post_id=1sxtv4q created_at=2026-04-28T07:00:32.694000+00:00 json_url=https://www.reddit.com/r/worldnews/comments/1sxtv4q/king_charles_arrives_in_us_for_trip_overshadowed.json
[REDDIT][JSON_QUEUE][40/46] state=PENDING post_id=1sxt92h created_at=2026-04-28T06:25:29.087000+00:00 json_url=https://www.reddit.com/r/worldnews/comments/1sxt92h/trump_not_happy_with_latest_iran_proposal_to_end.json
[REDDIT][JSON_QUEUE][41/46] state=PENDING post_id=1sx0fdo created_at=2026-04-27T11:06:52.401000+00:00 json_url=https://www.reddit.com/r/worldnews/comments/1sx0fdo/iran_offers_to_reopen_strait_of_hormuz_if_us.json
[REDDIT][JSON_QUEUE][42/46] state=PENDING post_id=1swuj9j created_at=2026-04-27T05:30:13.625000+00:00 json_url=https://www.reddit.com/r/worldnews/comments/1swuj9j/us_israel_iran_war_amid_irans_attacks_uae_called.json
[REDDIT][JSON_QUEUE][43/46] state=PENDING post_id=1sw0ql5 created_at=2026-04-26T07:21:38.628000+00:00 json_url=https://www.reddit.com/r/worldnews/comments/1sw0ql5/iran_war_delays_us_weapons_deliveries_to_estonia.json
[REDDIT][JSON_QUEUE][44/46] state=PENDING post_id=1svqap3 created_at=2026-04-25T22:43:38.057000+00:00 json_url=https://www.reddit.com/r/worldnews/comments/1svqap3/trump_cancels_us_envoys_trip_after_irans_araghchi.json
[REDDIT][JSON_QUEUE][45/46] state=PENDING post_id=1svi92e created_at=2026-04-25T17:26:52.453000+00:00 json_url=https://www.reddit.com/r/worldnews/comments/1svi92e/trump_cancels_his_envoys_pakistan_trip_for_iran.json
[REDDIT][JSON_QUEUE][46/46] state=PENDING post_id=1sshfjs created_at=2026-04-22T10:23:40.850000+00:00 json_url=https://www.reddit.com/r/worldnews/comments/1sshfjs/iran_sees_mass_redundancies_from_war_with_us_and.json
[REDDIT][STAGE2][START] Opening native Raw JSON collector.

========================================================================================
RAW REDDIT JSON COLLECTION VIA FIREFOX
========================================================================================
Eligible posts: 46
Pause between JSON pages: 4.0s
Priority: project-window parent posts first, then pre-project buffer posts.

[1/46] 1v3elmb | r/worldnews
Post date: 2026-07-22T12:22:52.904000+00:00
JSON URL: https://www.reddit.com/r/worldnews/comments/1v3elmb/jd_vance_accuses_israel_of_manipulating_us_public.json
[REDDIT][JSON_FETCH][START] post_id=1v3elmb json_url=https://www.reddit.com/r/worldnews/comments/1v3elmb/jd_vance_accuses_israel_of_manipulating_us_public.json
[REDDIT][JSON_FETCH][RESULT] post_id=1v3elmb status=saved_raw_json continue=True raw_json_file=C:\Users\hnade\OneDrive\Desktop\PipeLine\v_5 - Copy\group-pipeline-with-monitoring\repo\data\interim\reddit\raw_json_audit\raw_reddit_json\1v3elmb.json
[REDDIT][RAW_JSON][SAVED_AND_PARSED] post_id=1v3elmb bytes=1235103 comments=199 more_nodes=101 submission=yes
[REDDIT][POST][PARSED] post_id=1v3elmb subreddit=worldnews title="JD Vance accuses Israel of 'manipulating' US public opinion to prolong Iran war"
[REDDIT][COMMENT][PARSED] comment_id=oz2aei5 post_id=1v3elmb parent_id=t3_1v3elmb depth=0 created_at=2026-07-22T12:22:53+00:00 text="This submission from bbc.com is behind a dynamic paywall and may be unavailable in the United States. On the 26th of June 2025, the BBC implemented a dynamic paywall on [its websit"
[REDDIT][COMMENT][PARSED] comment_id=oz2gk85 post_id=1v3elmb parent_id=t3_1v3elmb depth=0 created_at=2026-07-22T12:54:48+00:00 text="Vance is prepping himself for the 2028 run. I do not see another explanation for what he’s doing. "
[REDDIT][COMMENT][PARSED] comment_id=oz2xv5o post_id=1v3elmb parent_id=t1_oz2gk85 depth=1 created_at=2026-07-22T14:15:41+00:00 text="No, he's flailing right now because he's been sidelined and Rubio is now being positioned as Trump's successor for 2028."
[REDDIT][COMMENT][PARSED] comment_id=oz31tgs post_id=1v3elmb parent_id=t1_oz2xv5o depth=2 created_at=2026-07-22T14:32:56+00:00 text="Curious how that works for him saying this when it was the POTUS who started the war and continuously prolonging it"
[REDDIT][COMMENT][PARSED] comment_id=oz346d5 post_id=1v3elmb parent_id=t1_oz31tgs depth=3 created_at=2026-07-22T14:43:05+00:00 text="1. Vance never supported the war. From day 1 he clearly opposed it. Unlike Rubio sucking the Trump teet.  2. Maga not a fan of Israel. See conspiracy.  3. Politically better to pos"
[REDDIT][COMMENT][PARSED] comment_id=oz3fl1t post_id=1v3elmb parent_id=t1_oz346d5 depth=4 created_at=2026-07-22T15:31:25+00:00 text="Vance also originally did not support Trump, and yet he ended up his VP  In other words, Vance's word cannot be trusted at all"
[REDDIT][COMMENT][PARSED] comment_id=oz3sb17 post_id=1v3elmb parent_id=t1_oz3fl1t depth=5 created_at=2026-07-22T16:24:22+00:00 text="That and he just out right said he would make shit up if it advanced his agenda "
[REDDIT][COMMENT][PARSED] comment_id=oz4m882 post_id=1v3elmb parent_id=t1_oz3sb17 depth=6 created_at=2026-07-22T18:26:07+00:00 text="\"The rules were that you guys weren't going to fact check\""
[REDDIT][COMMENT][PARSED] comment_id=oz4g7tz post_id=1v3elmb parent_id=t1_oz3sb17 depth=6 created_at=2026-07-22T18:01:27+00:00 text="I mean, half his book was just made up shit. "
[REDDIT][COMMENT][PARSED] comment_id=oz4ke4t post_id=1v3elmb parent_id=t1_oz4g7tz depth=7 created_at=2026-07-22T18:18:34+00:00 text="and they still kept in the couch fucking? l m f a o"
[REDDIT][COMMENT][PARSED] comment_id=oz4lrhd post_id=1v3elmb parent_id=t1_oz4ke4t depth=8 created_at=2026-07-22T18:24:13+00:00 text="That's marketing."
[REDDIT][COMMENT][PARSED] comment_id=oz4ryw6 post_id=1v3elmb parent_id=t1_oz3sb17 depth=6 created_at=2026-07-22T18:49:58+00:00 text="\"I was told there would be no fact checking!\""
[REDDIT][COMMENT][PARSED] comment_id=oz4kx4s post_id=1v3elmb parent_id=t1_oz3sb17 depth=6 created_at=2026-07-22T18:20:44+00:00 text="Like the Ohio immigrants eating people's pet dogs in Ohio bs."
[REDDIT][COMMENT][PARSED] comment_id=oz46u81 post_id=1v3elmb parent_id=t1_oz3fl1t depth=5 created_at=2026-07-22T17:23:41+00:00 text="Vance is an opportunist and an uncharismatic one at that.  If he were moral at all he never would’ve been VP to “America’s Hitler.”"
[REDDIT][COMMENT][PARSED] comment_id=oz4vn4l post_id=1v3elmb parent_id=t1_oz3fl1t depth=5 created_at=2026-07-22T19:05:20+00:00 text="Same story with Rubio though.  And Hegseth.  Pretty sure there’s a clip of Noem bashing trumpy too  They’re all opportunist worms"
[REDDIT][COMMENT][PARSED] comment_id=oz6fj9a post_id=1v3elmb parent_id=t1_oz4vn4l depth=6 created_at=2026-07-22T23:20:51+00:00 text="Mike Johnson opposed him pretty hard during part of the first term, but now he's all in."
[REDDIT][COMMENT][PARSED] comment_id=oz5s5zf post_id=1v3elmb parent_id=t1_oz3fl1t depth=5 created_at=2026-07-22T21:25:49+00:00 text="Neither did Rubio. Yet he ended up being his SecState. None of them can be trusted.  As the two \"smartest\" people in his cabinet, best guess is that they see the writing on the wal"
[REDDIT][COMMENT][PARSED] comment_id=oz66uu9 post_id=1v3elmb parent_id=t1_oz3fl1t depth=5 created_at=2026-07-22T22:36:09+00:00 text="He's a Republican, his word has meant nothing since the start."
[REDDIT][COMMENT][PARSED] comment_id=oz3dwui post_id=1v3elmb parent_id=t1_oz346d5 depth=4 created_at=2026-07-22T15:24:24+00:00 text="Eh, \"clearly opposed it\" is a huge stretch. He doesn't support the war, but he also barely pushed back against it. Nobody in trump's inner circle did."
[REDDIT][COMMENT][PARSED] comment_id=oz3vq0r post_id=1v3elmb parent_id=t1_oz3dwui depth=5 created_at=2026-07-22T16:38:29+00:00 text="Because pushing back against Trump is the quickest ticket out of said inner circle. Narcissists only tolerate yes-men."
[REDDIT][COMMENT][PARSED] comment_id=oz6xvv1 post_id=1v3elmb parent_id=t1_oz3vq0r depth=6 created_at=2026-07-23T00:58:39+00:00 text="I was gonna say the same thing: unless you’re slobbering his McNobble, opposing him is a one-way ticket to getting fired (and likely DOJ’d)"
[REDDIT][COMMENT][PARSED] comment_id=oz447yh post_id=1v3elmb parent_id=t1_oz3dwui depth=5 created_at=2026-07-22T17:13:04+00:00 text="The stupid leaked 2025 text chain on the Yemen Houthi stuff.  Vance is isolationist.  He wants the US to participate in nothing."
[REDDIT][COMMENT][PARSED] comment_id=oz5koby post_id=1v3elmb parent_id=t1_oz447yh depth=6 created_at=2026-07-22T20:52:27+00:00 text="He's probably down with invading Greenland though"
[REDDIT][COMMENT][PARSED] comment_id=oz3orhj post_id=1v3elmb parent_id=t1_oz3dwui depth=5 created_at=2026-07-22T16:09:42+00:00 text="He leaked to the press his opposition as soon as the war started.  Trump punished him by sending JD to negotiate a doomed deal so that he could tie the war around his neck and thro"
[REDDIT][COMMENT][PARSED] comment_id=oz3rn63 post_id=1v3elmb parent_id=t1_oz3orhj depth=6 created_at=2026-07-22T16:21:38+00:00 text="Behind the scenes no doubt, to the person making the decisions not so much.  &gt; \"You know I think this is a bad idea, but if you want to do it, **I’ll support you.\"**"
[REDDIT][COMMENT][PARSED] comment_id=oz3ngfk post_id=1v3elmb parent_id=t1_oz3dwui depth=5 created_at=2026-07-22T16:04:15+00:00 text="Actually according to insiders he did push back a lot. Not to defend him too much. But he has a brain and knew how unbelievably stupid it would be.  They just sidelined him complet"
[REDDIT][COMMENT][PARSED] comment_id=oz3wg55 post_id=1v3elmb parent_id=t1_oz3ngfk depth=6 created_at=2026-07-22T16:41:27+00:00 text="To work with/for trump you need to be dumb or evil. The 1st term was relatively benign because he surrounded himself with ignorance. This time he is surrounded by evil."
[REDDIT][COMMENT][PARSED] comment_id=oz4zc0t post_id=1v3elmb parent_id=t1_oz3wg55 depth=7 created_at=2026-07-22T19:21:05+00:00 text="Nah, first term he actually had some smart people around him who checked his bad intentions.  That no longer exists.  Now we have pure evil plus pure stupidity.  "
[REDDIT][COMMENT][PARSED] comment_id=oz6dh5v post_id=1v3elmb parent_id=t1_oz4zc0t depth=8 created_at=2026-07-22T23:10:01+00:00 text="It was 50/50 people pushing back and Trump not understanding the power of the office his first term."
[REDDIT][COMMENT][PARSED] comment_id=oz6dl2z post_id=1v3elmb parent_id=t1_oz6dh5v depth=9 created_at=2026-07-22T23:10:36+00:00 text="Yeh I’d agree there.. his stupidity ironically saved us a bit.  "
[REDDIT][COMMENT][PARSED] comment_id=oz3y6tx post_id=1v3elmb parent_id=t1_oz3dwui depth=5 created_at=2026-07-22T16:48:32+00:00 text="He opposes the war the same way he'll say there's a conspiracy around Epstein involving the CIA and Mossad, but just shrug his shoulders like he's powerless to uncover it."
[REDDIT][COMMENT][PARSED] comment_id=oz3jknx post_id=1v3elmb parent_id=t1_oz3dwui depth=5 created_at=2026-07-22T15:48:07+00:00 text="He pushed back as much as anyone in that handpicked group of sycophants could. I don't give him credit for it, but he's also not in much of a power position as VP"
[REDDIT][COMMENT][PARSED] comment_id=oz3s5r1 post_id=1v3elmb parent_id=t1_oz3jknx depth=6 created_at=2026-07-22T16:23:46+00:00 text="Or he’s just lying about it. Remember how he said he would just lie if it was in his favor? Never believe anything this couch fucking gremlin has to say "
[REDDIT][COMMENT][PARSED] comment_id=oz4el6z post_id=1v3elmb parent_id=t1_oz3s5r1 depth=7 created_at=2026-07-22T17:54:51+00:00 text="Yeah, this is very much letting everyone know he always opposed it the moment it became clear it wouldn't be a roaring success. That sentiment was suspiciously absent prior to ever"
[REDDIT][COMMENT][PARSED] comment_id=oz37szc post_id=1v3elmb parent_id=t1_oz346d5 depth=4 created_at=2026-07-22T14:58:33+00:00 text="What it will come down to is an internal fight over whether the base is more antisemitic or islamophobic. The winner gets the right to be the patron of the Palantir crowd as the ne"
[REDDIT][COMMENT][PARSED] comment_id=oz39hc1 post_id=1v3elmb parent_id=t1_oz31tgs depth=3 created_at=2026-07-22T15:05:43+00:00 text="It's not really about whether this message works with the electorate. Vance has strong personal and financial ties with Iran's lobbyist arm, specifically through Trita Parsi as wel"
[REDDIT][COMMENT][PARSED] comment_id=oz31o9a post_id=1v3elmb parent_id=t1_oz2xv5o depth=2 created_at=2026-07-22T14:32:18+00:00 text="Little Marco?.."
[REDDIT][COMMENT][PARSED] comment_id=oz30kc3 post_id=1v3elmb parent_id=t1_oz2gk85 depth=1 created_at=2026-07-22T14:27:30+00:00 text="He realizes he’s on a sinking ship and like the rats he’s trying to get away from it. "
[REDDIT][COMMENT][PARSED] comment_id=oz3a813 post_id=1v3elmb parent_id=t1_oz30kc3 depth=2 created_at=2026-07-22T15:08:54+00:00 text="The minute Trump no longer has power, all of his toadies and yes-men will begin their pivot to revising the history of their roles.    There will eventually be a flood of books fro"
[REDDIT][COMMENT][PARSED] comment_id=oz3gbn3 post_id=1v3elmb parent_id=t1_oz3a813 depth=3 created_at=2026-07-22T15:34:33+00:00 text="You will see it come January 2027 when they can 25th amendment him so Thiel's stooge can take over and potentially have 10 years in power. Once they have control, they'll make sure"
[REDDIT][COMMENT][PARSED] comment_id=oz4ceis post_id=1v3elmb parent_id=t1_oz3gbn3 depth=4 created_at=2026-07-22T17:46:04+00:00 text="As much I'd love to see him gone, the 25th amendment will never be used to get rid of a president. The Senate removal requirements are too high"
[REDDIT][COMMENT][PARSED] comment_id=oz3kutk post_id=1v3elmb parent_id=t1_oz3gbn3 depth=4 created_at=2026-07-22T15:53:26+00:00 text="Well, it would be a hilarious and ignoble end to Trump were that to happen -- long-term consequences to America aside -- but I honestly doubt it will.  Trump is their excuse (\"I to"
[REDDIT][COMMENT][PARSED] comment_id=oz3txna post_id=1v3elmb parent_id=t1_oz3kutk depth=5 created_at=2026-07-22T16:31:03+00:00 text="&gt;but I suspect that most of them aren't going to want to potentially derail the gravy train two years early.  It will probably depend on how the midterm goes (or more accurately"
[REDDIT][COMMENT][PARSED] comment_id=oz3axwo post_id=1v3elmb parent_id=t1_oz2gk85 depth=1 created_at=2026-07-22T15:11:58+00:00 text="And it's probably going to work.  Americans have a short memory. As soon as Trump is out of the picture, voters will forget entirely about his association with Trump, importantly, "
[REDDIT][COMMENT][PARSED] comment_id=oz4llek post_id=1v3elmb parent_id=t1_oz3axwo depth=2 created_at=2026-07-22T18:23:30+00:00 text="“The worst Republican is still better than the best Democrat.”  This is the Republican though process."
[REDDIT][COMMENT][PARSED] comment_id=oz31qei post_id=1v3elmb parent_id=t1_oz2gk85 depth=1 created_at=2026-07-22T14:32:34+00:00 text="The other explanation is that you're being manipulated by an old story being reposted to make it seem like something other than an offhand comment from a three-hour conversation la"
[REDDIT][COMMENT][PARSED] comment_id=oz3f7ub post_id=1v3elmb parent_id=t1_oz2gk85 depth=1 created_at=2026-07-22T15:29:52+00:00 text="He won't go far. Can't wait for him to vanish into the abyss of nothingness."
[REDDIT][COMMENT][PARSED] comment_id=oz2b2ro post_id=1v3elmb parent_id=t3_1v3elmb depth=0 created_at=2026-07-22T12:26:28+00:00 text="The US public opinion is against this war, what the fuck is he on about?"
[REDDIT][COMMENT][PARSED] comment_id=oz2g00f post_id=1v3elmb parent_id=t1_oz2b2ro depth=1 created_at=2026-07-22T12:51:59+00:00 text="He's positioning himself to finally separate from Trump and become the Trojan horse he's always meant to be to bring about the palantir surveillance state"
[REDDIT][COMMENT][PARSED] comment_id=oz2nqdy post_id=1v3elmb parent_id=t1_oz2g00f depth=2 created_at=2026-07-22T13:29:28+00:00 text="If Trump dies or 'dies' after midterms JD can technically be President and run 2 times.  What are the odds he tries to repair the relationship with Elon Musk."
[REDDIT][COMMENT][PARSED] comment_id=oz2rn7a post_id=1v3elmb parent_id=t1_oz2nqdy depth=3 created_at=2026-07-22T13:47:49+00:00 text="The relationship between this administration and Musk is not broken, what are you on about. They literally handheld Musk while he became a trillionaire."
[REDDIT][COMMENT][PARSED] comment_id=oz4j57v post_id=1v3elmb parent_id=t1_oz2rn7a depth=4 created_at=2026-07-22T18:13:27+00:00 text="I am convinced the entire blow-up between musk and trump was totally kayfabe."
[REDDIT][COMMENT][PARSED] comment_id=oz4rtir post_id=1v3elmb parent_id=t1_oz4j57v depth=5 created_at=2026-07-22T18:49:21+00:00 text="Nah, they're both just incredibly mentally stunted nepo-babies, so they act like children since everything has been handed to them in life. One thing doesn't go their way and they "
[REDDIT][COMMENT][PARSED] comment_id=oz61usf post_id=1v3elmb parent_id=t1_oz4rtir depth=6 created_at=2026-07-22T22:11:24+00:00 text="Yeah they have too much to gain from each other to not continue to continue their dance as they have been, they just evidently can't have both their egos in the same room."
[REDDIT][COMMENT][PARSED] comment_id=oz3kia0 post_id=1v3elmb parent_id=t1_oz2rn7a depth=4 created_at=2026-07-22T15:51:59+00:00 text="Thiel's relationship with Elon"
[REDDIT][COMMENT][PARSED] comment_id=oz4dnbs post_id=1v3elmb parent_id=t1_oz3kia0 depth=5 created_at=2026-07-22T17:51:04+00:00 text="Underrated. I have first hand knowledge of Thiel cutting Elon out of a deal he desperately wanted in on. Instead they brought in Bezos.   Though I think they align a lot in terms o"
[REDDIT][COMMENT][PARSED] comment_id=oz4r50v post_id=1v3elmb parent_id=t1_oz4dnbs depth=6 created_at=2026-07-22T18:46:32+00:00 text="Elon has unpredictable immature pseudo-incel energy. Same reason Epstein didn't really want him around either."
[REDDIT][COMMENT][PARSED] comment_id=oz4udpy post_id=1v3elmb parent_id=t1_oz4r50v depth=7 created_at=2026-07-22T18:59:58+00:00 text="Though, his ability to act like a leech is something that has worked in their favor. "
[REDDIT][COMMENT][PARSED] comment_id=oz588rf post_id=1v3elmb parent_id=t1_oz4dnbs depth=6 created_at=2026-07-22T19:59:11+00:00 text="Elon is the pathetic little toady who desparately wants to be part of the cool kids and openly acts that way. Of course no one actually wants him near them beyond laughing at and u"
[REDDIT][COMMENT][PARSED] comment_id=oz2r9hs post_id=1v3elmb parent_id=t1_oz2nqdy depth=3 created_at=2026-07-22T13:46:04+00:00 text="[deleted]"
[REDDIT][COMMENT][PARSED] comment_id=oz2rx6b post_id=1v3elmb parent_id=t1_oz2r9hs depth=4 created_at=2026-07-22T13:49:05+00:00 text="How many people said an orange rapist would never get reelected, and yet here we are."
[REDDIT][COMMENT][PARSED] comment_id=oz31h0x post_id=1v3elmb parent_id=t1_oz2rx6b depth=5 created_at=2026-07-22T14:31:26+00:00 text="How many people in the GOP prior to either the first term or the second term trashed talked him, with accuracy?  But then they eventually fell in line, sucking at the power teat.  "
[REDDIT][COMMENT][PARSED] comment_id=oz2rv5q post_id=1v3elmb parent_id=t1_oz2r9hs depth=4 created_at=2026-07-22T13:48:49+00:00 text="Certain people who pushed for him to be VP will want him to be President for the rest of his life is all I'm saying, and 10 years is a good start."
[REDDIT][COMMENT][PARSED] comment_id=oz2sve2 post_id=1v3elmb parent_id=t1_oz2rv5q depth=5 created_at=2026-07-22T13:53:24+00:00 text="They couldn't cheat hard enough to get him in.  Trump at least had the cult. JD has Thiel and his wife and that's about it. The idea he will be an elected President is a fantasy."
[REDDIT][COMMENT][PARSED] comment_id=oz2tz05 post_id=1v3elmb parent_id=t1_oz2sve2 depth=6 created_at=2026-07-22T13:58:22+00:00 text="We all thought Trump running the first time was a joke. Now look at us. Vote no matter what. "
[REDDIT][COMMENT][PARSED] comment_id=oz2v9rl post_id=1v3elmb parent_id=t1_oz2tz05 depth=7 created_at=2026-07-22T14:04:12+00:00 text="I still remember sitting in a work meeting with a group of fresh college grads. I was the only liberal.  One of them read the headline “Donald Trump announces candidacy for preside"
[REDDIT][COMMENT][PARSED] comment_id=oz2ytpq post_id=1v3elmb parent_id=t1_oz2v9rl depth=8 created_at=2026-07-22T14:19:54+00:00 text="Yeah, my cousin was a never-Trumper conservative—liked Ben Carson, despised Trump as I think most conservative Christians did.  But then came the mix of unclenching loyalty and cul"
[REDDIT][COMMENT][PARSED] comment_id=oz2wy6d post_id=1v3elmb parent_id=t1_oz2v9rl depth=8 created_at=2026-07-22T14:11:39+00:00 text="Dumbest people alive. For me it'd be a core embassassment memory but some people must just be able to forget how stupid they are constantly. Amazing really."
[REDDIT][COMMENT][PARSED] comment_id=oz2yyus post_id=1v3elmb parent_id=t1_oz2wy6d depth=9 created_at=2026-07-22T14:20:32+00:00 text="Frightening."
[REDDIT][COMMENT][PARSED] comment_id=oz3i6va post_id=1v3elmb parent_id=t1_oz2v9rl depth=8 created_at=2026-07-22T15:42:24+00:00 text="What is it they say....  Democrats fall in love, republicans fall in line.  Reps will always \"do their duty\" to whoever the party puts on the stage."
[REDDIT][COMMENT][PARSED] comment_id=oz30pmw post_id=1v3elmb parent_id=t1_oz2sve2 depth=6 created_at=2026-07-22T14:28:08+00:00 text="Voting for Vance without Trump will be *much* easier for the huge chunk of Christians we have. He's much more justifiable in their eyes, even though he's basically the embodiment o"
[REDDIT][COMMENT][PARSED] comment_id=oz2s7gk post_id=1v3elmb parent_id=t1_oz2r9hs depth=4 created_at=2026-07-22T13:50:24+00:00 text="I admire your optimism, but we live in a country that elected Donald Trump president twice.  All we need is AOC to win the primaries in 2028 and hello president JD.  **Edit:** I sa"
[REDDIT][COMMENT][PARSED] comment_id=oz3k98t post_id=1v3elmb parent_id=t1_oz2s7gk depth=5 created_at=2026-07-22T15:50:57+00:00 text="[removed]"
[REDDIT][COMMENT][PARSED] comment_id=oz56fdx post_id=1v3elmb parent_id=t1_oz3k98t depth=6 created_at=2026-07-22T19:51:32+00:00 text="Exactly. As awful as it is that people think this way still, Trump beat two women to become president. There are large portions of the country that will either not vote for a woman"
[REDDIT][COMMENT][PARSED] comment_id=oz2v0hi post_id=1v3elmb parent_id=t1_oz2nqdy depth=3 created_at=2026-07-22T14:03:02+00:00 text="&gt; 'dies' after midterms JD can technically be President and run 2 times.  No, he would have to wait for late-January."
[REDDIT][COMMENT][PARSED] comment_id=oz2vluo post_id=1v3elmb parent_id=t1_oz2v0hi depth=4 created_at=2026-07-22T14:05:41+00:00 text="I meant in a relative sense. I'm aware of the laws. I'm also aware that they'd Mitch McConnel him for at least a month if they had to."
[REDDIT][COMMENT][PARSED] comment_id=oz2rmgf post_id=1v3elmb parent_id=t1_oz2g00f depth=2 created_at=2026-07-22T13:47:43+00:00 text="He also must have seen the writing on the wall when FoxNews and several Rep. started to shift the blame for the Iran debacle entirely on him.  He noticed he is in the top of the li"
[REDDIT][COMMENT][PARSED] comment_id=oz2ri3z post_id=1v3elmb parent_id=t1_oz2g00f depth=2 created_at=2026-07-22T13:47:10+00:00 text="Exactly, you never see those two doing anything together anymore. "
[REDDIT][COMMENT][PARSED] comment_id=oz2c1qt post_id=1v3elmb parent_id=t1_oz2b2ro depth=1 created_at=2026-07-22T12:31:34+00:00 text="trying to garner the anti-jewish vote. "
[REDDIT][COMMENT][PARSED] comment_id=oz2d2xl post_id=1v3elmb parent_id=t1_oz2c1qt depth=2 created_at=2026-07-22T12:36:58+00:00 text="This, unfortunately"
[REDDIT][COMMENT][PARSED] comment_id=oz2kip7 post_id=1v3elmb parent_id=t1_oz2d2xl depth=3 created_at=2026-07-22T13:14:15+00:00 text="He’s also trying to whitewash his name so he can be all kumbaya let’s hold hands and begin the healing once Trump kicks the bucket. "
[REDDIT][COMMENT][PARSED] comment_id=oz2ne0u post_id=1v3elmb parent_id=t1_oz2kip7 depth=4 created_at=2026-07-22T13:27:52+00:00 text="[removed]"
[REDDIT][COMMENT][PARSED] comment_id=oz2qluq post_id=1v3elmb parent_id=t1_oz2ne0u depth=5 created_at=2026-07-22T13:43:01+00:00 text="After trump and his cronies are gone, suddenly everyone will be in favor of releasing the epstein files "
[REDDIT][COMMENT][PARSED] comment_id=oz2s0ug post_id=1v3elmb parent_id=t1_oz2qluq depth=6 created_at=2026-07-22T13:49:33+00:00 text="[removed]"
[REDDIT][COMMENT][PARSED] comment_id=oz30knv post_id=1v3elmb parent_id=t1_oz2s0ug depth=7 created_at=2026-07-22T14:27:32+00:00 text="We don’t need to see it. We know. We all know. I hope somewhere deep inside those monsters know what we see when people look at them. I hope they drink themselves to sleep every ni"
[REDDIT][COMMENT][PARSED] comment_id=oz3fnlf post_id=1v3elmb parent_id=t1_oz30knv depth=8 created_at=2026-07-22T15:31:43+00:00 text="They don't care. Their inner circle acts much the same way. Nobody whose opinion they actually care about would do anything with the revelation, assuming they don't already know.  "
[REDDIT][COMMENT][PARSED] comment_id=oz2p0vv post_id=1v3elmb parent_id=t1_oz2ne0u depth=5 created_at=2026-07-22T13:35:37+00:00 text="Yes but the against it will be the harassing and assaults of random Jews on campuses, the yelling terrorist slogans outside of synagouges, and the shooting of Jews at musuems."
[REDDIT][COMMENT][PARSED] comment_id=oz2mtkn post_id=1v3elmb parent_id=t1_oz2kip7 depth=4 created_at=2026-07-22T13:25:12+00:00 text="Agreed. Then he can start implementing Thiels bullshit"
[REDDIT][COMMENT][PARSED] comment_id=oz603h0 post_id=1v3elmb parent_id=t1_oz2c1qt depth=2 created_at=2026-07-22T22:02:52+00:00 text="The anti Israel right =/= anti Jewish vote  There's definitely overlap, but to assume Republican voters who don't \"want more wars for Israel\" (real statements/messaging) are all an"
[REDDIT][COMMENT][PARSED] comment_id=oz2ed1u post_id=1v3elmb parent_id=t1_oz2c1qt depth=2 created_at=2026-07-22T12:43:37+00:00 text=" Normally they don't have to try so hard to get it. "
[REDDIT][COMMENT][PARSED] comment_id=oz2g6m0 post_id=1v3elmb parent_id=t1_oz2ed1u depth=3 created_at=2026-07-22T12:52:54+00:00 text="Do you know how hard it is to capitulate to two opposing groups at the same time"
[REDDIT][COMMENT][PARSED] comment_id=oz2elf3 post_id=1v3elmb parent_id=t1_oz2ed1u depth=3 created_at=2026-07-22T12:44:49+00:00 text="Everyone is going after it, unfortunately. I think hes trying to get the 'good goy' posters, not the 'land to the sea' posters. "
[REDDIT][COMMENT][PARSED] comment_id=oz2eplu post_id=1v3elmb parent_id=t1_oz2b2ro depth=1 created_at=2026-07-22T12:45:25+00:00 text="He is trying to position himself as the next in line and win support with the American brownshirts "
[REDDIT][COMMENT][PARSED] comment_id=oz2isco post_id=1v3elmb parent_id=t1_oz2eplu depth=2 created_at=2026-07-22T13:05:53+00:00 text="Yeah that will go well with Trump. Get on his radar and Trump will give the kiss of death to JD, all the MAGAdiots will gladly dumpster him"
[REDDIT][COMMENT][PARSED] comment_id=oz2ky42 post_id=1v3elmb parent_id=t1_oz2isco depth=3 created_at=2026-07-22T13:16:19+00:00 text="Oh god let that happen. Let Trump poison the well and let JD have to sit in the chair his boss used to shit on. "
[REDDIT][COMMENT][PARSED] comment_id=oz2m5nh post_id=1v3elmb parent_id=t1_oz2ky42 depth=4 created_at=2026-07-22T13:22:04+00:00 text="Trump is the scorpion riding on the back of the JD Frog, it's his nature to poison his VP. He doesn't like anyone that threatens his spotlight and attention whoring. It's why he ta"
[REDDIT][COMMENT][PARSED] comment_id=oz2n3m9 post_id=1v3elmb parent_id=t1_oz2m5nh depth=5 created_at=2026-07-22T13:26:30+00:00 text="He tried to have his last VP murdered by a mob."
[REDDIT][COMMENT][PARSED] comment_id=oz2nucl post_id=1v3elmb parent_id=t1_oz2n3m9 depth=6 created_at=2026-07-22T13:30:00+00:00 text="They were literally chanting Hang Mike Pence"
[REDDIT][COMMENT][PARSED] comment_id=oz2p8b0 post_id=1v3elmb parent_id=t1_oz2nucl depth=7 created_at=2026-07-22T13:36:35+00:00 text="And, like the losers they are, they failed"
[REDDIT][COMMENT][PARSED] comment_id=oz47545 post_id=1v3elmb parent_id=t1_oz2p8b0 depth=8 created_at=2026-07-22T17:24:54+00:00 text="And because Pence is a worm, he dares not insult his dorito dusted master"
[REDDIT][COMMENT][PARSED] comment_id=oz2u2kh post_id=1v3elmb parent_id=t1_oz2ky42 depth=4 created_at=2026-07-22T13:58:49+00:00 text="Just wait a few more months. Trump is going to attack everyone who has White House aspirations regardless of party."
[REDDIT][COMMENT][PARSED] comment_id=oz2f22o post_id=1v3elmb parent_id=t1_oz2b2ro depth=1 created_at=2026-07-22T12:47:12+00:00 text="He’s clearly forgotten that they campaigned on a promise of no new wars"
[REDDIT][COMMENT][PARSED] comment_id=oz2gm1a post_id=1v3elmb parent_id=t1_oz2f22o depth=2 created_at=2026-07-22T12:55:03+00:00 text="He has been a never trumper literally up until the moment he was selected to be the vice president and he 180d"
[REDDIT][COMMENT][PARSED] comment_id=oz2gxs0 post_id=1v3elmb parent_id=t1_oz2gm1a depth=3 created_at=2026-07-22T12:56:42+00:00 text="Like many of the Republicans. Initially anti Trump then the moment they saw he was popular with the MAGA crowd they suddenly became pro Trump"
[REDDIT][COMMENT][PARSED] comment_id=oz2s4rq post_id=1v3elmb parent_id=t1_oz2f22o depth=2 created_at=2026-07-22T13:50:03+00:00 text="No, New wars!"
[REDDIT][COMMENT][PARSED] comment_id=oz2lij3 post_id=1v3elmb parent_id=t1_oz2b2ro depth=1 created_at=2026-07-22T13:19:01+00:00 text="He’s trying to shift blame away from himself. He can’t blame Trump, so that leaves Israel. The guy is a joke. "
[REDDIT][COMMENT][PARSED] comment_id=oz2gtvk post_id=1v3elmb parent_id=t1_oz2b2ro depth=1 created_at=2026-07-22T12:56:09+00:00 text="Not all invocation of Israel is antisemmitism, but some is. This is an example of Vance pandering to the audience that Nick Fuentes and Tucker Carlson have captured - it is code sp"
[REDDIT][COMMENT][PARSED] comment_id=oz2sang post_id=1v3elmb parent_id=t1_oz2gtvk depth=2 created_at=2026-07-22T13:50:48+00:00 text="I'm already seeing people who ostensibly consider themselves leftists trying to reframe Tucker Carlson's image as \"the biggest anti war and anti Israel voice.\"    I suspect there a"
[REDDIT][COMMENT][PARSED] comment_id=oz318rn post_id=1v3elmb parent_id=t1_oz2sang depth=3 created_at=2026-07-22T14:30:26+00:00 text="Reddit won't like this but the same with Thomas Massie. I see leftist gargling his balls on Instagram all the time. Only because hes against sending aid to israel. Nevermind the fa"
[REDDIT][COMMENT][PARSED] comment_id=oz3bd3a post_id=1v3elmb parent_id=t1_oz318rn depth=4 created_at=2026-07-22T15:13:45+00:00 text="Yup.  Tucker is an expert at this.  He knows which way the wind is blowing so he's happily trying to weasel his way in to courting left leaning people who feel abandoned by the Dem"
[REDDIT][COMMENT][PARSED] comment_id=oz3uksr post_id=1v3elmb parent_id=t1_oz318rn depth=4 created_at=2026-07-22T16:33:42+00:00 text="Massie seems 5 minutes away from outright holocaust denial at all times. Maybe he genuinely hates pedos, maybe he just sees disclosure as a means of ridding himself of opponents on"
[REDDIT][COMMENT][PARSED] comment_id=oz3g1v0 post_id=1v3elmb parent_id=t1_oz2sang depth=3 created_at=2026-07-22T15:33:24+00:00 text="Online lefties became obsessed with I/P after Oct 7th and did no further thinking than “Israel bad because West bad”.  Then some elements, notably tankies, have used that to be ant"
[REDDIT][COMMENT][PARSED] comment_id=oz2cxgq post_id=1v3elmb parent_id=t3_1v3elmb depth=0 created_at=2026-07-22T12:36:10+00:00 text="Remember folks. Vance is trying to line himself up for 2028 as the \"anti Iran war\" candidate. He'll act like he had nothing to do with it and never wanted it.   No one should belie"
[REDDIT][COMMENT][PARSED] comment_id=oz2ewq3 post_id=1v3elmb parent_id=t1_oz2cxgq depth=1 created_at=2026-07-22T12:46:26+00:00 text="Yep just like when he was anti Trump then suddenly his opinion shifted "
[REDDIT][COMMENT][PARSED] comment_id=oz2mo71 post_id=1v3elmb parent_id=t1_oz2ewq3 depth=2 created_at=2026-07-22T13:24:29+00:00 text="I'm starting to think public service isn't the reason these politicians are going into public service. "
[REDDIT][COMMENT][PARSED] comment_id=oz2oz98 post_id=1v3elmb parent_id=t1_oz2mo71 depth=3 created_at=2026-07-22T13:35:24+00:00 text="Whoa, you might be onto something here!"
[REDDIT][COMMENT][PARSED] comment_id=oz2ru9b post_id=1v3elmb parent_id=t1_oz2mo71 depth=3 created_at=2026-07-22T13:48:43+00:00 text="No, it is. They just think 'public service' means the public is there to service them."
[REDDIT][COMMENT][PARSED] comment_id=oz2nhc4 post_id=1v3elmb parent_id=t1_oz2ewq3 depth=2 created_at=2026-07-22T13:28:17+00:00 text="His morals change as directed by Thiel. "
[REDDIT][COMMENT][PARSED] comment_id=oz2fwh5 post_id=1v3elmb parent_id=t1_oz2cxgq depth=1 created_at=2026-07-22T12:51:29+00:00 text="He's been leaking a ton to try and make this case, as well as trying to insulate himself from Epstein Files fallout. The reality is it doesn't matter if he can convince MAGA of thi"
[REDDIT][COMMENT][PARSED] comment_id=oz2irii post_id=1v3elmb parent_id=t1_oz2fwh5 depth=2 created_at=2026-07-22T13:05:46+00:00 text="MAGA doesn't give a crap about that when picking their idols.   Trump is the complete opposite of the supposed MAGA lifestyle in every way. His birth and education, lifestyle, back"
[REDDIT][COMMENT][PARSED] comment_id=oz2lvy9 post_id=1v3elmb parent_id=t1_oz2irii depth=3 created_at=2026-07-22T13:20:48+00:00 text="Sure, Trump isn't the downtrodden rural white person Trump supporters imagine themselves to be. But Trump can spin a yarn that these people buy.  You think the guy whose donut orde"
[REDDIT][COMMENT][PARSED] comment_id=oz2q5n4 post_id=1v3elmb parent_id=t1_oz2lvy9 depth=4 created_at=2026-07-22T13:40:56+00:00 text="He portrays what they think they can achieve"
[REDDIT][COMMENT][PARSED] comment_id=oz5560g post_id=1v3elmb parent_id=t1_oz2irii depth=3 created_at=2026-07-22T19:46:09+00:00 text="trump has some kind of bizarre charisma that is just *catnip* to that crowd, though. it’s like his one skill in life.   vance is a personality black hole."
[REDDIT][COMMENT][PARSED] comment_id=oz2xubr post_id=1v3elmb parent_id=t1_oz2fwh5 depth=2 created_at=2026-07-22T14:15:35+00:00 text="Exactly, Trump is MAGA's dictator, not president. The movement lives and dies with him. Others have tried to steal a slice of the movement and it eats them and spits them out"
[REDDIT][COMMENT][PARSED] comment_id=oz2k8xn post_id=1v3elmb parent_id=t1_oz2fwh5 depth=2 created_at=2026-07-22T13:12:58+00:00 text="There is no heir to Trump. When Trump dies, so does the whole cult of personality."
[REDDIT][COMMENT][PARSED] comment_id=oz2oflz post_id=1v3elmb parent_id=t1_oz2k8xn depth=3 created_at=2026-07-22T13:32:50+00:00 text="The cult disintegrates, because a cult can't just be transferred to a new cult leader.  Though MAGA will not go away unfortunately.  Those radicalized morons will still be around a"
[REDDIT][COMMENT][PARSED] comment_id=oz2vu5f post_id=1v3elmb parent_id=t1_oz2oflz depth=4 created_at=2026-07-22T14:06:42+00:00 text="Trump is the glue that holds them together as a group. Without him, they break into little tribes."
[REDDIT][COMMENT][PARSED] comment_id=oz4j2h3 post_id=1v3elmb parent_id=t1_oz2fwh5 depth=2 created_at=2026-07-22T18:13:08+00:00 text="I did speech and debate many years ago and I remember assholes like him. They'd sit and argue the meaning of a word that had already been clearly defined. Because what's a definiti"
[REDDIT][COMMENT][PARSED] comment_id=oz2gd9g post_id=1v3elmb parent_id=t1_oz2cxgq depth=1 created_at=2026-07-22T12:53:49+00:00 text="It’ll be funny to watch him try to campaign on this and still lick trumps booty as the VP at the same time."
[REDDIT][COMMENT][PARSED] comment_id=oz2ljo3 post_id=1v3elmb parent_id=t1_oz2gd9g depth=2 created_at=2026-07-22T13:19:10+00:00 text="Its kind of funny how hes in the same impossible position as Harris  Obligatory no maga, no bothsidesism, no false equivalence. Just two vps that took the job opportunistically and"
[REDDIT][COMMENT][PARSED] comment_id=oz2nfht post_id=1v3elmb parent_id=t1_oz2cxgq depth=1 created_at=2026-07-22T13:28:03+00:00 text="Thankfully he's about as charismatic as a jaded nurse going through a brutal divorce performing an enema."
[REDDIT][COMMENT][PARSED] comment_id=oz2irnu post_id=1v3elmb parent_id=t1_oz2cxgq depth=1 created_at=2026-07-22T13:05:47+00:00 text="To be fair, there have been multiple reports (in NYT for example) that he has been the one person in the Trump administration consistently arguing against the war. So yeah, it's pr"
[REDDIT][COMMENT][PARSED] comment_id=oz2m70o post_id=1v3elmb parent_id=t1_oz2cxgq depth=1 created_at=2026-07-22T13:22:15+00:00 text="&gt;No one should believe him.  I wish that was the case but let's remember that Obama was elected after the Republicans got the US stuck in two wars and crashed the economy but tw"
[REDDIT][COMMENT][PARSED] comment_id=oz2enpo post_id=1v3elmb parent_id=t3_1v3elmb depth=0 created_at=2026-07-22T12:45:09+00:00 text="Look at JD pretending he isn't part of the problem.   "
[REDDIT][COMMENT][PARSED] comment_id=oz35qj8 post_id=1v3elmb parent_id=t1_oz2enpo depth=1 created_at=2026-07-22T14:49:44+00:00 text="Right? Only one person has any say over how long this war lasts, and that's Donald Trump.   Ironically, Netanyahu is actually manipulating Trump's opinion, so Vance isn't completel"
[REDDIT][COMMENT][PARSED] comment_id=oz2arw4 post_id=1v3elmb parent_id=t3_1v3elmb depth=0 created_at=2026-07-22T12:24:52+00:00 text="Easier than saying your boss made a critical error in starting the war. "
[REDDIT][COMMENT][PARSED] comment_id=oz2mk79 post_id=1v3elmb parent_id=t1_oz2arw4 depth=1 created_at=2026-07-22T13:23:58+00:00 text="Omg, is he using the \"it's the Jews fault!\" defense?"
[REDDIT][COMMENT][PARSED] comment_id=oz3n791 post_id=1v3elmb parent_id=t1_oz2mk79 depth=2 created_at=2026-07-22T16:03:10+00:00 text="Duh"
[REDDIT][COMMENT][PARSED] comment_id=oz2gjwc post_id=1v3elmb parent_id=t3_1v3elmb depth=0 created_at=2026-07-22T12:54:46+00:00 text="\"I take no responsibility\".   What a pathetic POS"
[REDDIT][COMMENT][PARSED] comment_id=oz3nxoi post_id=1v3elmb parent_id=t1_oz2gjwc depth=1 created_at=2026-07-22T16:06:15+00:00 text="reminds me of one of my fav trump quotes (yes it's real)  &gt;Donald Trump wants America to know that if the Republicans gain control of Congress, he deserves all the accolades. Bu"
[REDDIT][COMMENT][PARSED] comment_id=oz6a0ng post_id=1v3elmb parent_id=t1_oz3nxoi depth=2 created_at=2026-07-22T22:52:09+00:00 text="he also said something like \"the good parts of the economy were me and the bad parts are biden\" so transparently self-serving and idiotic. but his base is full of similar babies wh"
[REDDIT][COMMENT][PARSED] comment_id=oz4zkuq post_id=1v3elmb parent_id=t1_oz2gjwc depth=1 created_at=2026-07-22T19:22:09+00:00 text="Not a leader. Not even a man."
[REDDIT][COMMENT][PARSED] comment_id=oz2begv post_id=1v3elmb parent_id=t3_1v3elmb depth=0 created_at=2026-07-22T12:28:11+00:00 text="Public opinion? I think the public is overwhelmingly against this war. "
[REDDIT][COMMENT][PARSED] comment_id=oz2uak5 post_id=1v3elmb parent_id=t1_oz2begv depth=1 created_at=2026-07-22T13:59:48+00:00 text="By \"public opinion,\" I think he just means they talked Trump into it against all expert advice. There's really no difference to Republicans anymore between Trump's opinion and publ"
[REDDIT][COMMENT][PARSED] comment_id=oz3hco8 post_id=1v3elmb parent_id=t1_oz2uak5 depth=2 created_at=2026-07-22T15:38:49+00:00 text="It’s amazing how Trump always gets “talked into” doing the worst thing possible."
[REDDIT][COMMENT][PARSED] comment_id=oz2ghbo post_id=1v3elmb parent_id=t3_1v3elmb depth=0 created_at=2026-07-22T12:54:24+00:00 text="If only he was in a position of power to end it"
[REDDIT][COMMENT][PARSED] comment_id=oz2rfg0 post_id=1v3elmb parent_id=t1_oz2ghbo depth=1 created_at=2026-07-22T13:46:50+00:00 text="Pssh. You’d at least have to be vice president to have that much power. Oh wait. "
[REDDIT][COMMENT][PARSED] comment_id=oz2l8mr post_id=1v3elmb parent_id=t3_1v3elmb depth=0 created_at=2026-07-22T13:17:43+00:00 text="Does JD Vance know he’s the VP? Does he know his boss is one of the main people prolonging this war? I think JD is a bit of a simple dog, guys. "
[REDDIT][COMMENT][PARSED] comment_id=oz2oxsx post_id=1v3elmb parent_id=t3_1v3elmb depth=0 created_at=2026-07-22T13:35:13+00:00 text="A manipulator accuses another manipulator of manipulating public opinion, all in the attempt to manipulate public opinion himself."
[REDDIT][COMMENT][PARSED] comment_id=oz2cdiw post_id=1v3elmb parent_id=t3_1v3elmb depth=0 created_at=2026-07-22T12:33:16+00:00 text="I mean sure, but you're the fucking government they're manipulating dude.     This is just like blaming 'liberals' when your red state has been under one-party conservative rule si"
[REDDIT][COMMENT][PARSED] comment_id=oz2m4to post_id=1v3elmb parent_id=t1_oz2cdiw depth=1 created_at=2026-07-22T13:21:58+00:00 text="Doesn't seem to stop them lol"
[REDDIT][COMMENT][PARSED] comment_id=oz2sxfc post_id=1v3elmb parent_id=t3_1v3elmb depth=0 created_at=2026-07-22T13:53:39+00:00 text="I remember hearing somewhere that the Republicans would progressively loosen ties with Israel to push for the \"It's the Jeeeeews\" narrative back on.  Seems we're slowly getting the"
[REDDIT][COMMENT][PARSED] comment_id=oz2p31r post_id=1v3elmb parent_id=t3_1v3elmb depth=0 created_at=2026-07-22T13:35:54+00:00 text="Who all remembers back in February, when Trump and Rubio and Hegseth were all in front of cameras saying the US was only involved in this because Israel was going to launch the att"
[REDDIT][COMMENT][PARSED] comment_id=oz3j7i5 post_id=1v3elmb parent_id=t3_1v3elmb depth=0 created_at=2026-07-22T15:46:36+00:00 text="The real headline here is toward the end of the article - somehow JD is upset with American leadership in caving to Israel.  My brother in christ, you are in charge of the negotiat"
[REDDIT][COMMENT][PARSED] comment_id=oz2gj78 post_id=1v3elmb parent_id=t3_1v3elmb depth=0 created_at=2026-07-22T12:54:40+00:00 text="Blaming everyone else, Israel &amp; the American Public in one fell swoop, rather than accepting responsibility. Vance should be flushed come 2028."
[REDDIT][COMMENT][PARSED] comment_id=oz2resz post_id=1v3elmb parent_id=t3_1v3elmb depth=0 created_at=2026-07-22T13:46:45+00:00 text="Wow, the 2028 election cycle starts now, eh?"
[REDDIT][COMMENT][PARSED] comment_id=oz2r1yj post_id=1v3elmb parent_id=t3_1v3elmb depth=0 created_at=2026-07-22T13:45:06+00:00 text="Look into the mirror Vance. You and everyone else knows who is responsible for the war and the negative opinion of the public is entirely on the party that is in charge: The Republ"
[REDDIT][COMMENT][PARSED] comment_id=oz2v4z3 post_id=1v3elmb parent_id=t3_1v3elmb depth=0 created_at=2026-07-22T14:03:35+00:00 text="Yeah it’s never their ineptitude, it’s always some shadow campaign working against them. If only they ran the government "
[REDDIT][COMMENT][PARSED] comment_id=oz2bqmc post_id=1v3elmb parent_id=t3_1v3elmb depth=0 created_at=2026-07-22T12:29:57+00:00 text="“You have done that yourself” "
[REDDIT][COMMENT][PARSED] comment_id=oz2cs9z post_id=1v3elmb parent_id=t3_1v3elmb depth=0 created_at=2026-07-22T12:35:25+00:00 text="Us public opinion has always been opposed to the war, no?"
[REDDIT][COMMENT][PARSED] comment_id=oz2oz1j post_id=1v3elmb parent_id=t3_1v3elmb depth=0 created_at=2026-07-22T13:35:23+00:00 text="Don't trust this snake. He has no position on anything."
[REDDIT][COMMENT][PARSED] comment_id=oz45uqr post_id=1v3elmb parent_id=t3_1v3elmb depth=0 created_at=2026-07-22T17:19:41+00:00 text="1. The U.S. public didn’t start this war.    2. The public HATES this war and wants it to end.   3. The public isn’t responsible for keeping the war going, YOU ARE! "
[REDDIT][COMMENT][PARSED] comment_id=oz3nkvg post_id=1v3elmb parent_id=t3_1v3elmb depth=0 created_at=2026-07-22T16:04:46+00:00 text="Yeah because it’s the US population that’s demanding this continue, and not his boss.."
[REDDIT][COMMENT][PARSED] comment_id=oz2frnv post_id=1v3elmb parent_id=t3_1v3elmb depth=0 created_at=2026-07-22T12:50:49+00:00 text="Can’t wait until public opinion yeets his incompetence out of politics. "
[REDDIT][COMMENT][PARSED] comment_id=oz2gxuf post_id=1v3elmb parent_id=t3_1v3elmb depth=0 created_at=2026-07-22T12:56:43+00:00 text="Soooo if jd keeps talking abt how shitty this war is how long before old orange man gets pissed. He’s clearly trying to distance himself from orangey but we won’t forget."
[REDDIT][COMMENT][PARSED] comment_id=oz37hgw post_id=1v3elmb parent_id=t3_1v3elmb depth=0 created_at=2026-07-22T14:57:11+00:00 text="Rubios in the mirror may be closer than they appear."
[REDDIT][COMMENT][PARSED] comment_id=oz4flfb post_id=1v3elmb parent_id=t3_1v3elmb depth=0 created_at=2026-07-22T17:58:54+00:00 text="JD seems awfully lost on what to say with Thiel moving to Argentina.  Seems to be trying to distance himself from Trump here and there but has no idea how to deliver any sort of me"
[REDDIT][COMMENT][PARSED] comment_id=oz6a1x8 post_id=1v3elmb parent_id=t3_1v3elmb depth=0 created_at=2026-07-22T22:52:20+00:00 text="They'll blame anyone but the president for this. "
[REDDIT][COMMENT][PARSED] comment_id=oz2hdjh post_id=1v3elmb parent_id=t3_1v3elmb depth=0 created_at=2026-07-22T12:58:53+00:00 text="He’s as right about this as he was about flying to Romania to advocate for the Tate brothers."
[REDDIT][COMMENT][PARSED] comment_id=oz2ddl5 post_id=1v3elmb parent_id=t3_1v3elmb depth=0 created_at=2026-07-22T12:38:30+00:00 text="JD beginning to realize lame duck maga is a sinking ship. "
[REDDIT][COMMENT][PARSED] comment_id=oz2ur27 post_id=1v3elmb parent_id=t1_oz2ddl5 depth=1 created_at=2026-07-22T14:01:51+00:00 text="I really wonder. I would have bet good money MAGA was over when Trump lost in 2020 and went on trial for J6.   Now, I don’t believe there is a bottom for half the country. "
[REDDIT][COMMENT][PARSED] comment_id=oz2w1uk post_id=1v3elmb parent_id=t1_oz2ur27 depth=2 created_at=2026-07-22T14:07:40+00:00 text="Ha don’t take up gambling then. Once the dems went full establishment and fumbled J6 it was guaranteed Trump was coming back.   Fortunately since there are term limits Trump is pac"
[REDDIT][COMMENT][PARSED] comment_id=oz2xf91 post_id=1v3elmb parent_id=t3_1v3elmb depth=0 created_at=2026-07-22T14:13:44+00:00 text="Nah man, it’s you pres and Kegsbreath that is doing that."
[REDDIT][COMMENT][PARSED] comment_id=oz4dofu post_id=1v3elmb parent_id=t3_1v3elmb depth=0 created_at=2026-07-22T17:51:12+00:00 text="mfer YOU are the one pushing this war lmao"
[REDDIT][COMMENT][PARSED] comment_id=oz4i8zc post_id=1v3elmb parent_id=t1_oz4dofu depth=1 created_at=2026-07-22T18:09:47+00:00 text="Right!?, it's like he hasn't seen Kegbreaths senate hearing. This is either disturbingly bad incompetence or boss level gas lighting. "
[REDDIT][COMMENT][PARSED] comment_id=oz2mprk post_id=1v3elmb parent_id=t3_1v3elmb depth=0 created_at=2026-07-22T13:24:42+00:00 text="Feel like couch fkr is setting up his turn at potus."
[REDDIT][COMMENT][PARSED] comment_id=oz3otwg post_id=1v3elmb parent_id=t3_1v3elmb depth=0 created_at=2026-07-22T16:09:59+00:00 text="It is *this administration* that is prolonging the war. They could end it at any time.   Does JD hope that people don’t know he’s the Vice President or something? "
[REDDIT][COMMENT][PARSED] comment_id=oz4g7iz post_id=1v3elmb parent_id=t3_1v3elmb depth=0 created_at=2026-07-22T18:01:25+00:00 text="Did he just find out about this or something?  Is Trump really keeping him that in the dark?"
[REDDIT][COMMENT][PARSED] comment_id=oz4imlk post_id=1v3elmb parent_id=t3_1v3elmb depth=0 created_at=2026-07-22T18:11:19+00:00 text="Ya, right JD.  You are drinking too much Orange Kool Aid.  You will never take responsibility for anything, along with the Orange moron and his cult.    People who you conned are b"
[REDDIT][COMMENT][PARSED] comment_id=oz4mgrf post_id=1v3elmb parent_id=t3_1v3elmb depth=0 created_at=2026-07-22T18:27:06+00:00 text="Hes a cunt. Type of man to switch what he says depending on who he’s saying it to. No strength or integrity of character "
[REDDIT][COMMENT][PARSED] comment_id=oz6c96w post_id=1v3elmb parent_id=t3_1v3elmb depth=0 created_at=2026-07-22T23:03:36+00:00 text="Oh so it's Israel's fault entirely and Vance is totally innocent. /s  Remember this bullshit in 2028"
[REDDIT][COMMENT][PARSED] comment_id=oz2p6ob post_id=1v3elmb parent_id=t3_1v3elmb depth=0 created_at=2026-07-22T13:36:23+00:00 text="I’m guessing this is an attempt to distract from the fact that Netanyahu played Trump like a fiddle"
[REDDIT][COMMENT][PARSED] comment_id=oz2az7p post_id=1v3elmb parent_id=t3_1v3elmb depth=0 created_at=2026-07-22T12:25:57+00:00 text="Let me fix that for you :   JD Vance accuses Israel of 'manipulating' ~~US public opinion~~ the American President to prolong Iran war"
[REDDIT][COMMENT][PARSED] comment_id=oz2db9f post_id=1v3elmb parent_id=t3_1v3elmb depth=0 created_at=2026-07-22T12:38:10+00:00 text="Dude, you are 2nd in command of THIS administration.  Surely you have the people's ear more than the Israelis do..."
[REDDIT][COMMENT][PARSED] comment_id=oz30xbb post_id=1v3elmb parent_id=t1_oz2db9f depth=1 created_at=2026-07-22T14:29:03+00:00 text="kinda, but not really. the vp is mainly a backup guy, a tiebreaker in the senate, and a ceremonial officiant   the power he HAS is in speaking out, but he's a cowardly little dipsh"
[REDDIT][COMMENT][PARSED] comment_id=oz3dxna post_id=1v3elmb parent_id=t3_1v3elmb depth=0 created_at=2026-07-22T15:24:29+00:00 text="JD Vance is trying to create a permission structure to run for President in 2028 by distancing himself from Trump and MAGA, and seen as the \"voice of reason\" within the White House"
[REDDIT][COMMENT][PARSED] comment_id=oz395ya post_id=1v3elmb parent_id=t3_1v3elmb depth=0 created_at=2026-07-22T15:04:21+00:00 text="they're eating the cats.  they're eating the dogs."
[REDDIT][COMMENT][PARSED] comment_id=oz3auk2 post_id=1v3elmb parent_id=t3_1v3elmb depth=0 created_at=2026-07-22T15:11:34+00:00 text="I do find it endearing that he thinks the american publics opinion has this direct an effect on foreign policy under the current government.   Just kidding; he obviously lays the g"
[REDDIT][COMMENT][PARSED] comment_id=oz3lt5x post_id=1v3elmb parent_id=t3_1v3elmb depth=0 created_at=2026-07-22T15:57:23+00:00 text="I mean yea, but also… you guys did all the stuff.  Also… isn’t public opinion broadly against the war? It’s only MAGA that’s still in favor of this. What context is “the US public”"
[REDDIT][COMMENT][PARSED] comment_id=oz3xost post_id=1v3elmb parent_id=t3_1v3elmb depth=0 created_at=2026-07-22T16:46:29+00:00 text="EVERYONE must remember in 2028 how integral he was in this Iran war "
[REDDIT][COMMENT][PARSED] comment_id=oz3yddm post_id=1v3elmb parent_id=t3_1v3elmb depth=0 created_at=2026-07-22T16:49:16+00:00 text="I keep looking for the political angle to this - the Machiavellian reason for saying this while your Dear Leader basically does the opposite.  And I think it's purely they think th"
[REDDIT][COMMENT][PARSED] comment_id=oz45fl8 post_id=1v3elmb parent_id=t3_1v3elmb depth=0 created_at=2026-07-22T17:17:58+00:00 text="manipulating US public opinion? Like they appeared to manipulate US *Government* into starting the war? Does he mean like that?"
[REDDIT][COMMENT][PARSED] comment_id=oz4ch2x post_id=1v3elmb parent_id=t3_1v3elmb depth=0 created_at=2026-07-22T17:46:21+00:00 text="I feel like we need an everybody out moment in politics.  If you previously held office your out. They are only interested in self enrichment."
[REDDIT][COMMENT][PARSED] comment_id=oz4d4x0 post_id=1v3elmb parent_id=t3_1v3elmb depth=0 created_at=2026-07-22T17:49:01+00:00 text="It's not been the public's actions that continue to bomb the county or instigate the waters of the strait."
[REDDIT][COMMENT][PARSED] comment_id=oz4evuc post_id=1v3elmb parent_id=t3_1v3elmb depth=0 created_at=2026-07-22T17:56:01+00:00 text="JD Vance....totally forgot about that guy. Wheres he been lately?"
[REDDIT][COMMENT][PARSED] comment_id=oz5b7zg post_id=1v3elmb parent_id=t3_1v3elmb depth=0 created_at=2026-07-22T20:11:45+00:00 text="The only one trying to extend the Iran war is the administration."
[REDDIT][COMMENT][PARSED] comment_id=oz5xrzq post_id=1v3elmb parent_id=t3_1v3elmb depth=0 created_at=2026-07-22T21:51:49+00:00 text="Vance is bought and sold by Peter Thiel. Looks like the time has come to start positioning himself as the next president. Too bad, he’s a sniveling dough face liar and everyone kno"
[REDDIT][COMMENT][PARSED] comment_id=oz656dh post_id=1v3elmb parent_id=t3_1v3elmb depth=0 created_at=2026-07-22T22:27:40+00:00 text="I call bullshit"
[REDDIT][COMMENT][PARSED] comment_id=oz6j0wl post_id=1v3elmb parent_id=t3_1v3elmb depth=0 created_at=2026-07-22T23:39:09+00:00 text="dunno much about vance. but when i saw how he interacted with zelensky when zelensky asked something or called some bs out (honestly dont remember), i remember vance not being able"
Status: saved_raw_json

[2/46] 1v2pu2q | r/worldnews
Post date: 2026-07-21T17:53:12.266000+00:00
JSON URL: https://www.reddit.com/r/worldnews/comments/1v2pu2q/tankers_with_saudi_crude_turn_back_as_houthis.json
[REDDIT][JSON_FETCH][START] post_id=1v2pu2q json_url=https://www.reddit.com/r/worldnews/comments/1v2pu2q/tankers_with_saudi_crude_turn_back_as_houthis.json
[REDDIT][JSON_FETCH][RESULT] post_id=1v2pu2q status=saved_raw_json continue=True raw_json_file=C:\Users\hnade\OneDrive\Desktop\PipeLine\v_5 - Copy\group-pipeline-with-monitoring\repo\data\interim\reddit\raw_json_audit\raw_reddit_json\1v2pu2q.json
[REDDIT][RAW_JSON][SAVED_AND_PARSED] post_id=1v2pu2q bytes=112744 comments=25 more_nodes=0 submission=yes
[REDDIT][POST][PARSED] post_id=1v2pu2q subreddit=worldnews title="Tankers with Saudi crude turn back as Houthis open new front in US-Iran war"
[REDDIT][COMMENT][PARSED] comment_id=oyx1o6c post_id=1v2pu2q parent_id=t3_1v2pu2q depth=0 created_at=2026-07-21T17:58:59+00:00 text="I'm beginning to think this war isn't going according to plan...."
[REDDIT][COMMENT][PARSED] comment_id=oyx52z4 post_id=1v2pu2q parent_id=t1_oyx1o6c depth=1 created_at=2026-07-21T18:13:24+00:00 text="There was a plan?"
[REDDIT][COMMENT][PARSED] comment_id=oyx72d7 post_id=1v2pu2q parent_id=t1_oyx52z4 depth=2 created_at=2026-07-21T18:21:49+00:00 text="A concept of a plan\\*"
[REDDIT][COMMENT][PARSED] comment_id=oyxu187 post_id=1v2pu2q parent_id=t1_oyx72d7 depth=3 created_at=2026-07-21T20:01:29+00:00 text="A concept of a path to a plan"
[REDDIT][COMMENT][PARSED] comment_id=oz1o2cn post_id=1v2pu2q parent_id=t1_oyx1o6c depth=1 created_at=2026-07-22T09:58:50+00:00 text="It's almost like a draft dodger with dementia and a drunk platoon leader are running the US military....."
[REDDIT][COMMENT][PARSED] comment_id=oyxk2sa post_id=1v2pu2q parent_id=t1_oyx1o6c depth=1 created_at=2026-07-21T19:17:54+00:00 text="Donald Trump is the greatest Climate President of all time. His contribution to getting the whole world to switch to green energy is incalculable. "
[REDDIT][COMMENT][PARSED] comment_id=oyx2tmy post_id=1v2pu2q parent_id=t1_oyx1o6c depth=1 created_at=2026-07-21T18:03:51+00:00 text="&gt;\"So far it hasn't happened. Might happen, but we take care of things. If something like ​that happens, we take care of it\"  Supreme leader says it's fine."
[REDDIT][COMMENT][PARSED] comment_id=oyzqsej post_id=1v2pu2q parent_id=t1_oyx1o6c depth=1 created_at=2026-07-22T01:41:53+00:00 text="I think you’re absolutely correct. We could’ve turned away from this a while ago I think. Now we’re just stuck."
[REDDIT][COMMENT][PARSED] comment_id=oyzr412 post_id=1v2pu2q parent_id=t1_oyzqsej depth=2 created_at=2026-07-22T01:43:41+00:00 text="I hate to say it, but I think the people responsible are the people in charge of my country. I love this country. I love it’s people, it’s history and it’s geography. I love what i"
[REDDIT][COMMENT][PARSED] comment_id=oyx8n89 post_id=1v2pu2q parent_id=t1_oyx1o6c depth=1 created_at=2026-07-21T18:28:38+00:00 text="No it is. Brown people are killing brown people just like the GOP wanted."
[REDDIT][COMMENT][PARSED] comment_id=oyx3gih post_id=1v2pu2q parent_id=t3_1v2pu2q depth=0 created_at=2026-07-21T18:06:33+00:00 text="Dear Trump administration,   You suck. Way to go, jackasses. "
[REDDIT][COMMENT][PARSED] comment_id=oyxddq2 post_id=1v2pu2q parent_id=t3_1v2pu2q depth=0 created_at=2026-07-21T18:48:56+00:00 text="You know that game when a driver pretends to stop the car long enough to let someone in, then lurches a few feet ahead?   I think that’s what Iran plans to do with the US here, ind"
[REDDIT][COMMENT][PARSED] comment_id=oyxdpwp post_id=1v2pu2q parent_id=t3_1v2pu2q depth=0 created_at=2026-07-21T18:50:22+00:00 text="As someone who drives 180 miles round trip per day for my work commute: damn."
[REDDIT][COMMENT][PARSED] comment_id=oyxhho2 post_id=1v2pu2q parent_id=t1_oyxdpwp depth=1 created_at=2026-07-21T19:06:36+00:00 text="Honestly if you're driving that far, its kind of on you,  big sauzel. You couldn't pay me to commute that far. "
[REDDIT][COMMENT][PARSED] comment_id=oyxhswp post_id=1v2pu2q parent_id=t1_oyxhho2 depth=2 created_at=2026-07-21T19:07:57+00:00 text="I work 10 days a month, it makes it very doable.  5 days of work followed by 9 days off. Much better than a traditional job. I get off 26 full weeks off per year, not even includin"
[REDDIT][COMMENT][PARSED] comment_id=oyxr0es post_id=1v2pu2q parent_id=t1_oyxhswp depth=3 created_at=2026-07-21T19:48:17+00:00 text="[deleted]"
[REDDIT][COMMENT][PARSED] comment_id=oyxrtal post_id=1v2pu2q parent_id=t1_oyxr0es depth=4 created_at=2026-07-21T19:51:49+00:00 text="That's the ideal commute to have for sure. But sometimes a short commute isn't feasible for a number of valid reasons. Right now my situation makes sense mathematically and and lif"
[REDDIT][COMMENT][PARSED] comment_id=oyywggv post_id=1v2pu2q parent_id=t1_oyxrtal depth=5 created_at=2026-07-21T22:58:46+00:00 text="Depending on the vehicle, can see about investing in a secondary fuel cell."
[REDDIT][COMMENT][PARSED] comment_id=oz0s1kq post_id=1v2pu2q parent_id=t1_oyxhho2 depth=2 created_at=2026-07-22T05:39:48+00:00 text="What about a million a year? "
[REDDIT][COMMENT][PARSED] comment_id=oyx4r2c post_id=1v2pu2q parent_id=t3_1v2pu2q depth=0 created_at=2026-07-21T18:11:59+00:00 text="We have to stop shitting on education. Educated Americans did not vote for this. Just a bunch of brainwashed blue collar and racists"
[REDDIT][COMMENT][PARSED] comment_id=oyx9oxq post_id=1v2pu2q parent_id=t1_oyx4r2c depth=1 created_at=2026-07-21T18:33:06+00:00 text="what's with self-perceived educated americans talking down on blue collar workers "
[REDDIT][COMMENT][PARSED] comment_id=oyxeibh post_id=1v2pu2q parent_id=t1_oyx9oxq depth=2 created_at=2026-07-21T18:53:44+00:00 text="Maybe blue-collar workers should listen instead of voting against their own interests out of spite?"
[REDDIT][COMMENT][PARSED] comment_id=oyxfjes post_id=1v2pu2q parent_id=t1_oyxeibh depth=3 created_at=2026-07-21T18:58:09+00:00 text="Dems should really continue the strategy of talking down on working class people like they know better. It's been totally effective at upholding democracy over the past 2 decades!"
[REDDIT][COMMENT][PARSED] comment_id=oyx2so2 post_id=1v2pu2q parent_id=t3_1v2pu2q depth=0 created_at=2026-07-21T18:03:44+00:00 text="Is it just a coincidence that the Houthi blockade aligns with reports about Saudi Arabia potentially developing a nuclear bomb?\""
[REDDIT][COMMENT][PARSED] comment_id=oyxaohb post_id=1v2pu2q parent_id=t3_1v2pu2q depth=0 created_at=2026-07-21T18:37:20+00:00 text="Already got $4 fuel national average so yay market manipulation "
Status: saved_raw_json

[3/46] 1uy6pyl | r/worldnews
Post date: 2026-07-16T15:51:23.345000+00:00
JSON URL: https://www.reddit.com/r/worldnews/comments/1uy6pyl/estonia_says_us_arms_delayed_over_iran_war_will.json
[REDDIT][JSON_FETCH][START] post_id=1uy6pyl json_url=https://www.reddit.com/r/worldnews/comments/1uy6pyl/estonia_says_us_arms_delayed_over_iran_war_will.json
[REDDIT][JSON_FETCH][RESULT] post_id=1uy6pyl status=saved_raw_json continue=True raw_json_file=C:\Users\hnade\OneDrive\Desktop\PipeLine\v_5 - Copy\group-pipeline-with-monitoring\repo\data\interim\reddit\raw_json_audit\raw_reddit_json\1uy6pyl.json
[REDDIT][RAW_JSON][SAVED_AND_PARSED] post_id=1uy6pyl bytes=11598 comments=2 more_nodes=0 submission=yes
[REDDIT][POST][PARSED] post_id=1uy6pyl subreddit=worldnews title="Estonia says US arms delayed over Iran war will arrive in coming months"
[REDDIT][COMMENT][PARSED] comment_id=oxwy7b6 post_id=1uy6pyl parent_id=t3_1uy6pyl depth=0 created_at=2026-07-16T16:17:39+00:00 text="Doubtful. The moron in the WH will delay again, watch"
[REDDIT][COMMENT][PARSED] comment_id=oy37puy post_id=1uy6pyl parent_id=t1_oxwy7b6 depth=1 created_at=2026-07-17T13:20:02+00:00 text="Krasnov is Putin's best asset"
Status: saved_raw_json

[4/46] 1uxbtl0 | r/worldnews
Post date: 2026-07-15T17:01:18.137000+00:00
JSON URL: https://www.reddit.com/r/worldnews/comments/1uxbtl0/iran_ramps_up_execution_of_political_prisoners.json
[REDDIT][JSON_FETCH][START] post_id=1uxbtl0 json_url=https://www.reddit.com/r/worldnews/comments/1uxbtl0/iran_ramps_up_execution_of_political_prisoners.json
[REDDIT][JSON_FETCH][RESULT] post_id=1uxbtl0 status=saved_raw_json continue=True raw_json_file=C:\Users\hnade\OneDrive\Desktop\PipeLine\v_5 - Copy\group-pipeline-with-monitoring\repo\data\interim\reddit\raw_json_audit\raw_reddit_json\1uxbtl0.json
[REDDIT][RAW_JSON][SAVED_AND_PARSED] post_id=1uxbtl0 bytes=56985 comments=11 more_nodes=0 submission=yes
[REDDIT][POST][PARSED] post_id=1uxbtl0 subreddit=worldnews title="Iran ramps up execution of political prisoners amid war with US, human rights data shows"
[REDDIT][COMMENT][PARSED] comment_id=oxpwln4 post_id=1uxbtl0 parent_id=t3_1uxbtl0 depth=0 created_at=2026-07-15T17:22:41+00:00 text="Every Iranian life this hellish occupying terrorist junta take breaks my heart.  Iran will become free soon. It is long overdue.  Edit: downvoted for this comment.   It seems the R"
[REDDIT][COMMENT][PARSED] comment_id=oxqf9h4 post_id=1uxbtl0 parent_id=t1_oxpwln4 depth=1 created_at=2026-07-15T18:39:35+00:00 text="There are plenty of tankies on reddit who support the IRGC"
[REDDIT][COMMENT][PARSED] comment_id=oxqfgbn post_id=1uxbtl0 parent_id=t1_oxqf9h4 depth=2 created_at=2026-07-15T18:40:23+00:00 text="I have had the utmost displeasure of interacting with quite a lot of them in the past 6 months. "
[REDDIT][COMMENT][PARSED] comment_id=oxsb22t post_id=1uxbtl0 parent_id=t1_oxpwln4 depth=1 created_at=2026-07-15T23:29:10+00:00 text="You are correct but you are at +23. You have my upvote"
[REDDIT][COMMENT][PARSED] comment_id=oxqp9il post_id=1uxbtl0 parent_id=t3_1uxbtl0 depth=0 created_at=2026-07-15T19:21:57+00:00 text="More reason to see this through as soon as possible. "
[REDDIT][COMMENT][PARSED] comment_id=oxrzbf7 post_id=1uxbtl0 parent_id=t1_oxqp9il depth=1 created_at=2026-07-15T22:31:13+00:00 text="I would love to see a free Iran, but if you're expecting the dude who threatened to glass the nation if his demands aren't met to care about the Iranian people then I've got a brid"
[REDDIT][COMMENT][PARSED] comment_id=oxsf0lh post_id=1uxbtl0 parent_id=t1_oxrzbf7 depth=2 created_at=2026-07-15T23:49:48+00:00 text="Definitly to my point here that targeting needs to start being a bit more refined than just infrastructure. That is how, little by little, the regime gets erroded to the point it b"
[REDDIT][COMMENT][PARSED] comment_id=oxsjltl post_id=1uxbtl0 parent_id=t1_oxsf0lh depth=3 created_at=2026-07-16T00:14:18+00:00 text="To your point? Your point was to \"Finish the job\". That makes it sound like we've started the job. The current US administration has no interest in helping the Iranian people, just"
[REDDIT][COMMENT][PARSED] comment_id=oxsna4a post_id=1uxbtl0 parent_id=t1_oxsjltl depth=4 created_at=2026-07-16T00:34:14+00:00 text="I’m definitly not a blind patriot, just against terror in general. I’d argue we are doing more, now, than any point prior. Finishing the job to me is complete annihilation of the I"
[REDDIT][COMMENT][PARSED] comment_id=oxprht3 post_id=1uxbtl0 parent_id=t3_1uxbtl0 depth=0 created_at=2026-07-15T17:01:38+00:00 text="[Paywall break here.](https://archive.is/FXIBa)"
[REDDIT][COMMENT][PARSED] comment_id=oxqm18p post_id=1uxbtl0 parent_id=t3_1uxbtl0 depth=0 created_at=2026-07-15T19:08:10+00:00 text="That being said, Americans, hurry up.  You have now become, if one more Iranian dies, it is your fault that the US military did not quickly punch the Iranian government to death."
Status: saved_raw_json

[5/46] 1ux53o3 | r/worldnews
Post date: 2026-07-15T12:56:38.326000+00:00
JSON URL: https://www.reddit.com/r/worldnews/comments/1ux53o3/iran_ramps_up_execution_of_political_prisoners.json
[REDDIT][JSON_FETCH][START] post_id=1ux53o3 json_url=https://www.reddit.com/r/worldnews/comments/1ux53o3/iran_ramps_up_execution_of_political_prisoners.json
[REDDIT][JSON_FETCH][RESULT] post_id=1ux53o3 status=saved_raw_json continue=True raw_json_file=C:\Users\hnade\OneDrive\Desktop\PipeLine\v_5 - Copy\group-pipeline-with-monitoring\repo\data\interim\reddit\raw_json_audit\raw_reddit_json\1ux53o3.json
[REDDIT][RAW_JSON][SAVED_AND_PARSED] post_id=1ux53o3 bytes=286079 comments=46 more_nodes=0 submission=yes
[REDDIT][POST][PARSED] post_id=1ux53o3 subreddit=worldnews title="Iran ramps up execution of political prisoners amid war with US, human rights data shows"
[REDDIT][COMMENT][PARSED] comment_id=oxo8vsj post_id=1ux53o3 parent_id=t3_1ux53o3 depth=0 created_at=2026-07-15T13:02:50+00:00 text="They're busy  Iran's regime silences them too. Executing political prisoners during a war is a calculated move to crush dissent while the world looks away."
[REDDIT][COMMENT][PARSED] comment_id=oxoflpn post_id=1ux53o3 parent_id=t3_1ux53o3 depth=0 created_at=2026-07-15T13:35:43+00:00 text="Terrorist Mullah regime."
[REDDIT][COMMENT][PARSED] comment_id=oxpfmb4 post_id=1ux53o3 parent_id=t1_oxoflpn depth=1 created_at=2026-07-15T16:12:29+00:00 text="Iran seems like a lovely place this time of year, why are there so many of its citizens acting like assholes across the globe when they could be soaking up the sun at home praising"
[REDDIT][COMMENT][PARSED] comment_id=oxp2que post_id=1ux53o3 parent_id=t3_1ux53o3 depth=0 created_at=2026-07-15T15:18:33+00:00 text="The Islamic regime needs to die. "
[REDDIT][COMMENT][PARSED] comment_id=oxo8h69 post_id=1ux53o3 parent_id=t3_1ux53o3 depth=0 created_at=2026-07-15T13:00:45+00:00 text="Where are all the human rights activists?"
[REDDIT][COMMENT][PARSED] comment_id=oxoj81a post_id=1ux53o3 parent_id=t1_oxo8h69 depth=1 created_at=2026-07-15T13:52:35+00:00 text="Supporting the IRGC. "
[REDDIT][COMMENT][PARSED] comment_id=oxpyzp4 post_id=1ux53o3 parent_id=t1_oxoj81a depth=2 created_at=2026-07-15T17:32:27+00:00 text="I'm glad there's some sensible people still left on Reddit. "
[REDDIT][COMMENT][PARSED] comment_id=oxriejy post_id=1ux53o3 parent_id=t1_oxpyzp4 depth=3 created_at=2026-07-15T21:18:52+00:00 text="For real! I swear this place is insufferable in wanting the US to lose. "
[REDDIT][COMMENT][PARSED] comment_id=oxufdt1 post_id=1ux53o3 parent_id=t1_oxriejy depth=4 created_at=2026-07-16T07:42:27+00:00 text="This war can't be won, it's an attempt at a foreign regime change without any benefits to rest of the world. In fact the world is paying a huge price for this. And before you start"
[REDDIT][COMMENT][PARSED] comment_id=oxx9wx6 post_id=1ux53o3 parent_id=t1_oxufdt1 depth=5 created_at=2026-07-16T17:05:25+00:00 text="Tell that to the families of 100k+ victims of Iran and it's filthy proxies all over the world, they will massively disagree with your shit take."
[REDDIT][COMMENT][PARSED] comment_id=oxoa1ip post_id=1ux53o3 parent_id=t1_oxo8h69 depth=1 created_at=2026-07-15T13:08:39+00:00 text="The bots are too busy slamming the US. Anything else isn’t in their algorithm."
[REDDIT][COMMENT][PARSED] comment_id=oxpz1jq post_id=1ux53o3 parent_id=t1_oxoa1ip depth=2 created_at=2026-07-15T17:32:40+00:00 text="This."
[REDDIT][COMMENT][PARSED] comment_id=oxoe64d post_id=1ux53o3 parent_id=t1_oxoa1ip depth=2 created_at=2026-07-15T13:28:51+00:00 text="No one is cheering for Iran. They’re questioning why start a war that you can’t finish.   America is happily negotiating with the existing government, not trying to free people fro"
[REDDIT][COMMENT][PARSED] comment_id=oxofs1q post_id=1ux53o3 parent_id=t1_oxoe64d depth=3 created_at=2026-07-15T13:36:34+00:00 text="The US military could finish off the Iranian regime but Trump is too dumb and fears military losses."
[REDDIT][COMMENT][PARSED] comment_id=oxp27d3 post_id=1ux53o3 parent_id=t1_oxofs1q depth=4 created_at=2026-07-15T15:16:15+00:00 text="Yep. Best I can tell, (the sane) people that bash the US over this mess have the simple point of \"someone has to fix this, and the USA won't\".   It's not a wrong point. "
[REDDIT][COMMENT][PARSED] comment_id=oxp8vnd post_id=1ux53o3 parent_id=t1_oxofs1q depth=4 created_at=2026-07-15T15:44:22+00:00 text="We woulda won Vietnam if they just took the gloves off!  Certain wars are just not winnable when you consider the cost or what the public will allow. Thats why it’s a stupid war to"
[REDDIT][COMMENT][PARSED] comment_id=oxol7ra post_id=1ux53o3 parent_id=t1_oxofs1q depth=4 created_at=2026-07-15T14:01:37+00:00 text="Yeah because it was so easy in Iraq and Afghanistan and totally didn't result the Taliban ruling again after 20 years of failed investment"
[REDDIT][COMMENT][PARSED] comment_id=oxoq250 post_id=1ux53o3 parent_id=t1_oxol7ra depth=5 created_at=2026-07-15T14:23:30+00:00 text="Why do you assume Iran will be like Iraq and Afghanistan?"
[REDDIT][COMMENT][PARSED] comment_id=oxoszpp post_id=1ux53o3 parent_id=t1_oxoq250 depth=6 created_at=2026-07-15T14:36:29+00:00 text="The region is even more mountainous and larger, the army and its equipment are larger and more modern.  Overall Iran is similar to Afghanistan but bigger and newer in every paramet"
[REDDIT][COMMENT][PARSED] comment_id=oxovohh post_id=1ux53o3 parent_id=t1_oxoszpp depth=7 created_at=2026-07-15T14:48:12+00:00 text="You just described the terrain.   Maybe I wasn’t being specific with my question.   Knowing what you know about Iranian history, culture, society, pre occupation governance, and th"
[REDDIT][COMMENT][PARSED] comment_id=oxuthhm post_id=1ux53o3 parent_id=t1_oxovohh depth=8 created_at=2026-07-16T09:40:18+00:00 text="What makes you think it will not? Who thought the IRCG would withstand months of bombings by two of the world's most powerful militaries and come out on top?  And let's look at his"
[REDDIT][COMMENT][PARSED] comment_id=oxvatdm post_id=1ux53o3 parent_id=t1_oxuthhm depth=9 created_at=2026-07-16T11:41:29+00:00 text="The islamic takeover of Iran in 1979 is a lesson in populism, not theocratic desire.   Khomeini promised socialists socialism.   He promised communists communism.   He promised lef"
[REDDIT][COMMENT][PARSED] comment_id=oxptrd7 post_id=1ux53o3 parent_id=t1_oxovohh depth=8 created_at=2026-07-15T17:11:04+00:00 text="Because roughly a third of the population are religious whackjobs supportive of IRGC and Islamic rule.  61% support IRGC's military support for proxy groups like Hezbollah and Hout"
[REDDIT][COMMENT][PARSED] comment_id=oxpucyd post_id=1ux53o3 parent_id=t1_oxptrd7 depth=9 created_at=2026-07-15T17:13:32+00:00 text="That’s not true.   Approximately 10-15% support the IRGC and the higher limits of that are me being liberal.   Of those 10-15% maybe half are ideological zealots and the rest are i"
[REDDIT][COMMENT][PARSED] comment_id=oxohqgf post_id=1ux53o3 parent_id=t1_oxofs1q depth=4 created_at=2026-07-15T13:45:44+00:00 text="Agree they could, but they’re not. Now it’s a complete shitshow. Great. All because of an ill conceived war."
[REDDIT][COMMENT][PARSED] comment_id=oxoizli post_id=1ux53o3 parent_id=t1_oxofs1q depth=4 created_at=2026-07-15T13:51:30+00:00 text="This can't be done without a military occupation of Iran. Any attempt to do that will not go well"
[REDDIT][COMMENT][PARSED] comment_id=oxog0wg post_id=1ux53o3 parent_id=t1_oxo8h69 depth=1 created_at=2026-07-15T13:37:44+00:00 text="They didn’t care when the regime killed at least 35,000 protesters earlier this year. They didn’t care when the irgc and “morality” police raped and killed women who were protestin"
[REDDIT][COMMENT][PARSED] comment_id=oxojicv post_id=1ux53o3 parent_id=t1_oxog0wg depth=2 created_at=2026-07-15T13:53:53+00:00 text="People will downvote you for this, but this is unfortunately the case. We have seen it throughout the past 47 years, but particularly so since the January massacres. "
[REDDIT][COMMENT][PARSED] comment_id=oxojdkg post_id=1ux53o3 parent_id=t1_oxog0wg depth=2 created_at=2026-07-15T13:53:17+00:00 text="It drives me nuts. Selective activism for things that only oppose western culture.   These idiots have no idea what it's like to live in an oppressive country like Iran."
[REDDIT][COMMENT][PARSED] comment_id=oxpz83x post_id=1ux53o3 parent_id=t1_oxojdkg depth=3 created_at=2026-07-15T17:33:25+00:00 text="This x1000. A certain group is so loud about other things but silent about this. The 35-50k people need to be remembered."
[REDDIT][COMMENT][PARSED] comment_id=oxpfx76 post_id=1ux53o3 parent_id=t1_oxog0wg depth=2 created_at=2026-07-15T16:13:43+00:00 text="Utter drivel. Human rights organisations have often been the only source pointing out atrocities committed by Iran . They also pointed out the US bombing of a girls' school which m"
[REDDIT][COMMENT][PARSED] comment_id=oxpili0 post_id=1ux53o3 parent_id=t1_oxpfx76 depth=3 created_at=2026-07-15T16:24:54+00:00 text="Do you know what “temporary wife” means in this context?"
[REDDIT][COMMENT][PARSED] comment_id=oxpka6o post_id=1ux53o3 parent_id=t1_oxpili0 depth=4 created_at=2026-07-15T16:31:54+00:00 text="The idiocy of your overall position against human rights activists is plain for all to see. To ask a question like that is as absurd as your logic. Do you know what a 'straw man' a"
[REDDIT][COMMENT][PARSED] comment_id=oxpp0yp post_id=1ux53o3 parent_id=t1_oxpka6o depth=5 created_at=2026-07-15T16:51:30+00:00 text="So the answer is no. Let me educate you a bit.   First, my criticism is of course not directed towards all people involved in human rights. The problem is the fake internet human r"
[REDDIT][COMMENT][PARSED] comment_id=oxqfsjn post_id=1ux53o3 parent_id=t1_oxpp0yp depth=6 created_at=2026-07-15T18:41:48+00:00 text="My answer wasn't 'no'. I was not prepared to dignify your insulting question with an answer. You have attempted to take the moral high ground by listing various atrocious abuses of"
[REDDIT][COMMENT][PARSED] comment_id=oxrzxam post_id=1ux53o3 parent_id=t1_oxqfsjn depth=7 created_at=2026-07-15T22:34:06+00:00 text="And now you've run away like the charlatan you are."
[REDDIT][COMMENT][PARSED] comment_id=oxpq7bk post_id=1ux53o3 parent_id=t1_oxo8h69 depth=1 created_at=2026-07-15T16:56:21+00:00 text="Trying to figure out how to blame this on Trump"
[REDDIT][COMMENT][PARSED] comment_id=oxshoiy post_id=1ux53o3 parent_id=t1_oxo8h69 depth=1 created_at=2026-07-16T00:03:57+00:00 text="you mean the \"I stand with Iran\" Idiots "
[REDDIT][COMMENT][PARSED] comment_id=oxp22kq post_id=1ux53o3 parent_id=t3_1ux53o3 depth=0 created_at=2026-07-15T15:15:40+00:00 text="Crazy that Iran doesn't have more detractors"
[REDDIT][COMMENT][PARSED] comment_id=oxoequi post_id=1ux53o3 parent_id=t3_1ux53o3 depth=0 created_at=2026-07-15T13:31:35+00:00 text="So a bunch of psychos took over a country with 100 million people.   Fkn kill these people?  I fail to see the issue here."
[REDDIT][COMMENT][PARSED] comment_id=oxok8oz post_id=1ux53o3 parent_id=t1_oxoequi depth=1 created_at=2026-07-15T13:57:14+00:00 text="If it was only that simple. It's not a handful of fanatics keeping those 93 million people hostage.   It's a lot of religious zealots, of worst kind, in power. They are not what an"
[REDDIT][COMMENT][PARSED] comment_id=oxolamr post_id=1ux53o3 parent_id=t1_oxok8oz depth=2 created_at=2026-07-15T14:01:59+00:00 text="You are wrong.  We can sort this out.  You are severely underestimating the power of the western military.   We can do w/e and we should stop this Iranian clown show where innocent"
[REDDIT][COMMENT][PARSED] comment_id=oxp9cxz post_id=1ux53o3 parent_id=t1_oxolamr depth=3 created_at=2026-07-15T15:46:22+00:00 text="Should western militaries invade every oppressive country in the world until all oppression stops? "
[REDDIT][COMMENT][PARSED] comment_id=oxpul7n post_id=1ux53o3 parent_id=t1_oxok8oz depth=2 created_at=2026-07-15T17:14:27+00:00 text="Right.  So instead of helping the resistance with tactics, communications, weapons, etc... The US has decided to simply bomb the resistance."
[REDDIT][COMMENT][PARSED] comment_id=oxpvu1l post_id=1ux53o3 parent_id=t1_oxpul7n depth=3 created_at=2026-07-15T17:19:33+00:00 text="They also said, when Iranians were starting their big protest against the regime, \"Help is on the way\", and did nothing to prevent all those executions, that followed."
[REDDIT][COMMENT][PARSED] comment_id=oxq0gtq post_id=1ux53o3 parent_id=t1_oxpvu1l depth=4 created_at=2026-07-15T17:38:29+00:00 text="Yep.  I mean, the Iranian regime is evil no doubt.  I hate that Iranians have to live under that government, and I suspect most of them also hate their government.  But...  * My gu"
Status: saved_raw_json

[6/46] 1usd09i | r/worldnews
Post date: 2026-07-10T04:13:05.065000+00:00
JSON URL: https://www.reddit.com/r/worldnews/comments/1usd09i/us_military_denies_involvement_after_explosions.json
[REDDIT][JSON_FETCH][START] post_id=1usd09i json_url=https://www.reddit.com/r/worldnews/comments/1usd09i/us_military_denies_involvement_after_explosions.json
[REDDIT][JSON_FETCH][RESULT] post_id=1usd09i status=saved_raw_json continue=True raw_json_file=C:\Users\hnade\OneDrive\Desktop\PipeLine\v_5 - Copy\group-pipeline-with-monitoring\repo\data\interim\reddit\raw_json_audit\raw_reddit_json\1usd09i.json
[REDDIT][RAW_JSON][SAVED_AND_PARSED] post_id=1usd09i bytes=89268 comments=22 more_nodes=0 submission=yes
[REDDIT][POST][PARSED] post_id=1usd09i subreddit=worldnews title="US military denies involvement after explosions heard in Iran | US-Israel war on Iran News"
[REDDIT][COMMENT][PARSED] comment_id=owmtsle post_id=1usd09i parent_id=t3_1usd09i depth=0 created_at=2026-07-10T04:13:06+00:00 text="Users often report submissions from this site for sensationalized articles. Readers have a responsibility to be skeptical, check sources, and comment on any flaws.  You can help im"
[REDDIT][COMMENT][PARSED] comment_id=owmuoj1 post_id=1usd09i parent_id=t3_1usd09i depth=0 created_at=2026-07-10T04:19:02+00:00 text="What a confusing article . But this whole situation is a mind fk."
[REDDIT][COMMENT][PARSED] comment_id=owmv4h2 post_id=1usd09i parent_id=t3_1usd09i depth=0 created_at=2026-07-10T04:22:01+00:00 text="Shaggy singing wasn’t me about the explosions just playing in my head right now "
[REDDIT][COMMENT][PARSED] comment_id=owmuqhl post_id=1usd09i parent_id=t3_1usd09i depth=0 created_at=2026-07-10T04:19:23+00:00 text="Nobody in here but us chickens "
[REDDIT][COMMENT][PARSED] comment_id=own4gng post_id=1usd09i parent_id=t1_owmuqhl depth=1 created_at=2026-07-10T05:28:14+00:00 text="We got bills to pay and eggs to lay."
[REDDIT][COMMENT][PARSED] comment_id=owmug02 post_id=1usd09i parent_id=t3_1usd09i depth=0 created_at=2026-07-10T04:17:26+00:00 text="IDK if it's worth 4 dollars a gallon..."
[REDDIT][COMMENT][PARSED] comment_id=own3hd5 post_id=1usd09i parent_id=t1_owmug02 depth=1 created_at=2026-07-10T05:20:52+00:00 text="Lol I wish we could go back to $4/gallon! It's close to $6/gallon here. I've started driving a lot less"
[REDDIT][COMMENT][PARSED] comment_id=owmuyb0 post_id=1usd09i parent_id=t1_owmug02 depth=1 created_at=2026-07-10T04:20:50+00:00 text="[removed]"
[REDDIT][COMMENT][PARSED] comment_id=owmvska post_id=1usd09i parent_id=t1_owmuyb0 depth=2 created_at=2026-07-10T04:26:36+00:00 text="I mean, it's cost...inflation inflation inflation...Americans have been fighting inflation since Covid..and it never ends...amazing isn't it...America is facing a pandemic/national"
[REDDIT][COMMENT][PARSED] comment_id=ownh5b8 post_id=1usd09i parent_id=t1_owmug02 depth=1 created_at=2026-07-10T07:06:06+00:00 text="I mean Iran attacked again after supposedly signing the deal so at this point I don’t think the US can pull out "
[REDDIT][COMMENT][PARSED] comment_id=owowqsh post_id=1usd09i parent_id=t1_ownh5b8 depth=2 created_at=2026-07-10T13:05:33+00:00 text="Just a reminder that US/Israel never met the MOU provisions on Lebanon.   Iran was not the first to violate the agreement. "
[REDDIT][COMMENT][PARSED] comment_id=ownkosv post_id=1usd09i parent_id=t1_ownh5b8 depth=2 created_at=2026-07-10T07:34:48+00:00 text="[deleted]"
[REDDIT][COMMENT][PARSED] comment_id=ownx14g post_id=1usd09i parent_id=t1_ownkosv depth=3 created_at=2026-07-10T09:16:58+00:00 text="Impressive that you managed to stack a wall of bullshit that tall,  congrats "
[REDDIT][COMMENT][PARSED] comment_id=owmw21t post_id=1usd09i parent_id=t3_1usd09i depth=0 created_at=2026-07-10T04:28:23+00:00 text="Even if the US backs off, Israel is going to keep stirring the pot in the region.  Somewhat suprised this hasn't blossomed into a bigger regional conflict, but hey, there's still a"
[REDDIT][COMMENT][PARSED] comment_id=owns5fu post_id=1usd09i parent_id=t1_owmw21t depth=1 created_at=2026-07-10T08:36:49+00:00 text="A war on three (really four) fronts in the region for the last three years initiated and spearheaded by Iranian proxies. Over the last few months fronts have expanded to GCC countr"
[REDDIT][COMMENT][PARSED] comment_id=own38pb post_id=1usd09i parent_id=t1_owmw21t depth=1 created_at=2026-07-10T05:19:05+00:00 text="Benji proposed this crap show to Obama and every President since. Luckily Drump had a smart group of people in the military saying no the first term. He had all the smart people fi"
[REDDIT][COMMENT][PARSED] comment_id=owmwz6u post_id=1usd09i parent_id=t1_owmw21t depth=1 created_at=2026-07-10T04:34:44+00:00 text="If anyone thinks that Israel will stop banging heads with Iran then they are either ignorant or just foolish, they'll always keep stirring the pot and vice versa is gonna be the sa"
[REDDIT][COMMENT][PARSED] comment_id=owmwwq3 post_id=1usd09i parent_id=t3_1usd09i depth=0 created_at=2026-07-10T04:34:16+00:00 text="If anyone is attacking Iran right now, we know who will be blamed.  "
[REDDIT][COMMENT][PARSED] comment_id=owmy4j4 post_id=1usd09i parent_id=t1_owmwwq3 depth=1 created_at=2026-07-10T04:42:42+00:00 text="Never count Israel out of these discussions."
[REDDIT][COMMENT][PARSED] comment_id=owmvhsf post_id=1usd09i parent_id=t3_1usd09i depth=0 created_at=2026-07-10T04:24:33+00:00 text="So, IDF bringing more future retaliation upon themselves then?"
[REDDIT][COMMENT][PARSED] comment_id=owmvw2v post_id=1usd09i parent_id=t3_1usd09i depth=0 created_at=2026-07-10T04:27:17+00:00 text="Gunna cost arot of money "
[REDDIT][COMMENT][PARSED] comment_id=owntnf0 post_id=1usd09i parent_id=t3_1usd09i depth=0 created_at=2026-07-10T08:49:11+00:00 text="More civilians infrastructure taken out, then act like (the school) we didn’t do it. "
Status: saved_raw_json

[7/46] 1urcjj0 | r/worldnews
Post date: 2026-07-09T01:50:51.256000+00:00
JSON URL: https://www.reddit.com/r/worldnews/comments/1urcjj0/usisraeliran_war_latest_news_medvedev_warns_of.json
[REDDIT][JSON_FETCH][START] post_id=1urcjj0 json_url=https://www.reddit.com/r/worldnews/comments/1urcjj0/usisraeliran_war_latest_news_medvedev_warns_of.json
[REDDIT][JSON_FETCH][RESULT] post_id=1urcjj0 status=saved_raw_json continue=True raw_json_file=C:\Users\hnade\OneDrive\Desktop\PipeLine\v_5 - Copy\group-pipeline-with-monitoring\repo\data\interim\reddit\raw_json_audit\raw_reddit_json\1urcjj0.json
[REDDIT][RAW_JSON][SAVED_AND_PARSED] post_id=1urcjj0 bytes=109676 comments=24 more_nodes=0 submission=yes
[REDDIT][POST][PARSED] post_id=1urcjj0 subreddit=worldnews title="US-Israel-Iran War Latest News: Medvedev Warns of ‘Backup Weapon’ in Bab al-Mandeb as Iran Holds Talks with Hamas and Hezbollah Amid Hormuz Tension"
[REDDIT][COMMENT][PARSED] comment_id=owetb3k post_id=1urcjj0 parent_id=t3_1urcjj0 depth=0 created_at=2026-07-09T02:05:03+00:00 text="Zelensky: did I hear backup weapons in Russia? 💣 "
[REDDIT][COMMENT][PARSED] comment_id=owerdih post_id=1urcjj0 parent_id=t3_1urcjj0 depth=0 created_at=2026-07-09T01:54:02+00:00 text="Another update here:  https://www.wionews.com/world/iran-npt-withdrawal-bab-el-mandeb-closure-us-attack-warning-1783533182260  Basically, the Houthis will close the Red Sea and cau"
[REDDIT][COMMENT][PARSED] comment_id=owfbywq post_id=1urcjj0 parent_id=t1_owerdih depth=1 created_at=2026-07-09T03:58:57+00:00 text="Can’t really compare the Houthis (a minor proxy) to the Iranian nation.  I doubt their ability to lock down that waterway."
[REDDIT][COMMENT][PARSED] comment_id=owfq8ld post_id=1urcjj0 parent_id=t1_owfbywq depth=2 created_at=2026-07-09T05:39:50+00:00 text="I'm not sure that owners of billion dollar ships are willing to risk the passage so while they lack the abilities of Iran they probably just need to fire a few missiles to be effec"
[REDDIT][COMMENT][PARSED] comment_id=owfu6dk post_id=1urcjj0 parent_id=t1_owfbywq depth=2 created_at=2026-07-09T06:10:00+00:00 text="They have missiles and drones. Supplied by Iran. How many is anyone's guess. That's enough to tie down enough combat power if the US wants to keep the Red Sea (and thus Suez) open "
[REDDIT][COMMENT][PARSED] comment_id=owl5q8q post_id=1urcjj0 parent_id=t1_owfu6dk depth=3 created_at=2026-07-09T22:36:33+00:00 text="They have a limited supply of manpower, and since they aren’t Iran, the Houthis have to decide if entering the conflict is in their interest.  The Houthis don’t have a million man "
[REDDIT][COMMENT][PARSED] comment_id=owgmo14 post_id=1urcjj0 parent_id=t1_owfbywq depth=2 created_at=2026-07-09T10:02:27+00:00 text="They've been getting bombed the the Saudi's for like 15+ years and are still around. And if you remember the last time we sent the navy to stop the attacks there was already discus"
[REDDIT][COMMENT][PARSED] comment_id=oxo6kxx post_id=1urcjj0 parent_id=t1_owfbywq depth=2 created_at=2026-07-15T12:51:00+00:00 text="Haven't they already done that innings the recent past?"
[REDDIT][COMMENT][PARSED] comment_id=owey81o post_id=1urcjj0 parent_id=t1_owerdih depth=1 created_at=2026-07-09T02:33:20+00:00 text="That’s a different war. But also you arnt wrong. "
[REDDIT][COMMENT][PARSED] comment_id=owfdaj4 post_id=1urcjj0 parent_id=t1_owey81o depth=2 created_at=2026-07-09T04:07:34+00:00 text="Same evil Iranian proxies.   Huthis have a flag reddit would block you should wiki it.  Great folks who bombed KSA oilfields in 2019 and sunk cargo boats full of oil.  At least Hit"
[REDDIT][COMMENT][PARSED] comment_id=owf1zts post_id=1urcjj0 parent_id=t1_owey81o depth=2 created_at=2026-07-09T02:55:38+00:00 text="They're about to become on huge problem."
[REDDIT][COMMENT][PARSED] comment_id=owfakjs post_id=1urcjj0 parent_id=t1_owey81o depth=2 created_at=2026-07-09T03:50:01+00:00 text="Its alllll related "
[REDDIT][COMMENT][PARSED] comment_id=owescp8 post_id=1urcjj0 parent_id=t3_1urcjj0 depth=0 created_at=2026-07-09T01:59:37+00:00 text="If this is about Bab Al-Mandeb, shouldn’t the Houthis be included in the headline? "
[REDDIT][COMMENT][PARSED] comment_id=owfj33b post_id=1urcjj0 parent_id=t3_1urcjj0 depth=0 created_at=2026-07-09T04:47:17+00:00 text="The Houthis can only function with Iran’s help. Without it, then what?"
[REDDIT][COMMENT][PARSED] comment_id=owes1xd post_id=1urcjj0 parent_id=t3_1urcjj0 depth=0 created_at=2026-07-09T01:57:56+00:00 text="I think this is the first ever Scroedinger’s war"
[REDDIT][COMMENT][PARSED] comment_id=owghlrh post_id=1urcjj0 parent_id=t1_owes1xd depth=1 created_at=2026-07-09T09:21:59+00:00 text="ScrewDinger's War"
[REDDIT][COMMENT][PARSED] comment_id=owey7r4 post_id=1urcjj0 parent_id=t3_1urcjj0 depth=0 created_at=2026-07-09T02:33:17+00:00 text="This is dumb. So fucking dumb. "
[REDDIT][COMMENT][PARSED] comment_id=owf2kug post_id=1urcjj0 parent_id=t3_1urcjj0 depth=0 created_at=2026-07-09T02:59:15+00:00 text="Okay now this is seeming more like Iran is actually wanting the fight. Regardless of Trumps rhetoric a peace offer \\*was\\* given and now the world and especially the US will likely"
[REDDIT][COMMENT][PARSED] comment_id=owf3enj post_id=1urcjj0 parent_id=t1_owf2kug depth=1 created_at=2026-07-09T03:04:17+00:00 text="Until the US bombs the ever living shit out of their country. They can play strategy but if Trump goes off the handle they could be facing serious consequences for pushing too far"
[REDDIT][COMMENT][PARSED] comment_id=owfx6ko post_id=1urcjj0 parent_id=t1_owf3enj depth=2 created_at=2026-07-09T06:33:39+00:00 text="You can do that if you want the entire region's Oil infrastructure gone. Then it wouldn't matter whether the strait is closed or not for the next half a decade."
[REDDIT][COMMENT][PARSED] comment_id=owg419n post_id=1urcjj0 parent_id=t1_owfx6ko depth=3 created_at=2026-07-09T07:28:23+00:00 text="You see what we have here is a rational argument…which has historically not been the primary factor of the us going to war. "
[REDDIT][COMMENT][PARSED] comment_id=owgdw0k post_id=1urcjj0 parent_id=t1_owg419n depth=4 created_at=2026-07-09T08:50:53+00:00 text="And definitely not a primary factor of reddit"
[REDDIT][COMMENT][PARSED] comment_id=owgbqg9 post_id=1urcjj0 parent_id=t1_owf2kug depth=1 created_at=2026-07-09T08:32:46+00:00 text="Peace offer was given but conditions not met.   Everyone knows already war is coming after elections are over in the good old USA, with boots on the ground and everything.   US cou"
[REDDIT][COMMENT][PARSED] comment_id=owezqy8 post_id=1urcjj0 parent_id=t3_1urcjj0 depth=0 created_at=2026-07-09T02:42:14+00:00 text="is it the pee tape? not working."
Status: saved_raw_json

[8/46] 1ul4rfn | r/worldnews
Post date: 2026-07-02T01:49:03.126000+00:00
JSON URL: https://www.reddit.com/r/worldnews/comments/1ul4rfn/us_reportedly_mulls_pulling_troops_from_saudi.json
[REDDIT][JSON_FETCH][START] post_id=1ul4rfn json_url=https://www.reddit.com/r/worldnews/comments/1ul4rfn/us_reportedly_mulls_pulling_troops_from_saudi.json
[REDDIT][JSON_FETCH][RESULT] post_id=1ul4rfn status=saved_raw_json continue=True raw_json_file=C:\Users\hnade\OneDrive\Desktop\PipeLine\v_5 - Copy\group-pipeline-with-monitoring\repo\data\interim\reddit\raw_json_audit\raw_reddit_json\1ul4rfn.json
[REDDIT][RAW_JSON][SAVED_AND_PARSED] post_id=1ul4rfn bytes=941544 comments=198 more_nodes=55 submission=yes
[REDDIT][POST][PARSED] post_id=1ul4rfn subreddit=worldnews title="US reportedly mulls pulling troops from Saudi Arabia as ties sour over Iran war"
[REDDIT][COMMENT][PARSED] comment_id=ov1gsfx post_id=1ul4rfn parent_id=t3_1ul4rfn depth=0 created_at=2026-07-02T02:23:39+00:00 text="Trump has been the greatest gift ever to America's enemies. They basically just get to sit back and watch America destroy itself just to satisfy the ego of one man"
[REDDIT][COMMENT][PARSED] comment_id=ov1ivqa post_id=1ul4rfn parent_id=t1_ov1gsfx depth=1 created_at=2026-07-02T02:35:11+00:00 text="That was literally russias plan all along from foundations of geopolitics. "
[REDDIT][COMMENT][PARSED] comment_id=ov1mms2 post_id=1ul4rfn parent_id=t1_ov1ivqa depth=2 created_at=2026-07-02T02:56:34+00:00 text="It just took them finding a useful idiot…"
[REDDIT][COMMENT][PARSED] comment_id=ov1pdyt post_id=1ul4rfn parent_id=t1_ov1mms2 depth=3 created_at=2026-07-02T03:12:56+00:00 text="To their credit, they crafted him over decades, since the ‘80s at least."
[REDDIT][COMMENT][PARSED] comment_id=ov1yian post_id=1ul4rfn parent_id=t1_ov1pdyt depth=4 created_at=2026-07-02T04:10:42+00:00 text="[deleted]"
[REDDIT][COMMENT][PARSED] comment_id=ov2rll5 post_id=1ul4rfn parent_id=t1_ov1yian depth=5 created_at=2026-07-02T07:52:23+00:00 text="The problem isn't that Russia did this, the problem is that America fell for it. Not once, but twice."
[REDDIT][COMMENT][PARSED] comment_id=ov2x02y post_id=1ul4rfn parent_id=t1_ov2rll5 depth=6 created_at=2026-07-02T08:37:26+00:00 text="Well, Russia did [help with that too](https://en.wikipedia.org/wiki/Senate_Intelligence_Committee_report_on_Russian_interference_in_the_2016_United_States_presidential_election#Vol"
[REDDIT][COMMENT][PARSED] comment_id=ov4goys post_id=1ul4rfn parent_id=t1_ov2rll5 depth=6 created_at=2026-07-02T14:19:24+00:00 text="[deleted]"
[REDDIT][COMMENT][PARSED] comment_id=ov5wfb9 post_id=1ul4rfn parent_id=t1_ov4goys depth=7 created_at=2026-07-02T17:59:02+00:00 text="And SCOTUS decided to make that easier this week. We're in deep trouble here unless we can reverse this trend of money being equivalent to speech and corporations being able to hav"
[REDDIT][COMMENT][PARSED] comment_id=ov4a8hm post_id=1ul4rfn parent_id=t1_ov2rll5 depth=6 created_at=2026-07-02T13:49:59+00:00 text="This. Right. Here!  Once, you were fooled. 2x's, you are complacent. The DNC for not having a proper nomination process. DNC politicians for keeping 'decorum' instead of fighting f"
[REDDIT][COMMENT][PARSED] comment_id=ov2c8ce post_id=1ul4rfn parent_id=t1_ov1pdyt depth=4 created_at=2026-07-02T05:49:45+00:00 text="I reckon it's more than just  a pee video they have over him. Something from the latest releases from the Epstein files."
[REDDIT][COMMENT][PARSED] comment_id=ov2e2ai post_id=1ul4rfn parent_id=t1_ov2c8ce depth=5 created_at=2026-07-02T06:03:41+00:00 text="Honestly I think he’s just that much of an impressionable idiot. He really thinks all the stuff he is doing is good because he’s basically been programmed too over the years"
[REDDIT][COMMENT][PARSED] comment_id=ov2l5bh post_id=1ul4rfn parent_id=t1_ov2e2ai depth=6 created_at=2026-07-02T06:59:17+00:00 text="well he is *very* stupid."
[REDDIT][COMMENT][PARSED] comment_id=ov5wmva post_id=1ul4rfn parent_id=t1_ov2l5bh depth=7 created_at=2026-07-02T17:59:55+00:00 text="The only man stupider than Trump is... *checks notes*... also Trump. Scientists are baffled by this paradox."
[REDDIT][COMMENT][PARSED] comment_id=ov2ucac post_id=1ul4rfn parent_id=t1_ov2e2ai depth=6 created_at=2026-07-02T08:15:28+00:00 text="It's money. That's all he cares about. The Russians bailed him out billions, he's been laundering their money for decades. This has been the only reason his empire hasn't collapsed"
[REDDIT][COMMENT][PARSED] comment_id=ov4jts4 post_id=1ul4rfn parent_id=t1_ov2ucac depth=7 created_at=2026-07-02T14:33:23+00:00 text="I mean, how’s that going lol"
[REDDIT][COMMENT][PARSED] comment_id=ov2gjgu post_id=1ul4rfn parent_id=t1_ov2c8ce depth=5 created_at=2026-07-02T06:23:08+00:00 text="At the very least Putin has the financial evidence from all the money laundering and property they were messing around with in NYC after the wall fell and Russian oligarchs were cu"
[REDDIT][COMMENT][PARSED] comment_id=ov2tbjg post_id=1ul4rfn parent_id=t1_ov2c8ce depth=5 created_at=2026-07-02T08:06:55+00:00 text="I'm so tired of all this conspirashit. You don't need kompromat to control bonnal blimp, all you need is to feed his narcissism. In many ways that's way way worse than the wishful "
[REDDIT][COMMENT][PARSED] comment_id=ov2rxmi post_id=1ul4rfn parent_id=t1_ov2c8ce depth=5 created_at=2026-07-02T07:55:11+00:00 text="The P has never referred to urine anyway I'd guess.  I don't think it is complicated. Think of what kind of man Trump is. He can't allow himself to be the \"loser\" so when he starte"
[REDDIT][COMMENT][PARSED] comment_id=ov1pgx8 post_id=1ul4rfn parent_id=t1_ov1mms2 depth=3 created_at=2026-07-02T03:13:25+00:00 text="And yet 1/3 of Americans still voted this idiot in and 1/3 could not be bothered, TWICE!"
[REDDIT][COMMENT][PARSED] comment_id=ov1v16i post_id=1ul4rfn parent_id=t1_ov1pgx8 depth=4 created_at=2026-07-02T03:48:12+00:00 text="The first time it was dumb, the second time it was inexcusable. "
[REDDIT][COMMENT][PARSED] comment_id=ov26b2f post_id=1ul4rfn parent_id=t1_ov1v16i depth=5 created_at=2026-07-02T05:05:22+00:00 text="Yeah the first time I said to myself *maybe* it's not as bad as I think. The second time I lost all faith in this country. "
[REDDIT][COMMENT][PARSED] comment_id=ov2m7nf post_id=1ul4rfn parent_id=t1_ov26b2f depth=6 created_at=2026-07-02T07:07:48+00:00 text="Thing is, you see over and over even the ones who aren’t happy with him anymore claiming he did such an amazing job in term 1 and they can’t understand why he isn’t able to do that"
[REDDIT][COMMENT][PARSED] comment_id=ov2ei6q post_id=1ul4rfn parent_id=t1_ov1v16i depth=5 created_at=2026-07-02T06:07:07+00:00 text="imma be blunt here, to the rest of the world, what's feeling inexcusable to us is how y'all are doing pretty much nothing whatsoever about it beyond bitching on Reddit.   Let's fac"
[REDDIT][COMMENT][PARSED] comment_id=ov2ob97 post_id=1ul4rfn parent_id=t1_ov2ei6q depth=6 created_at=2026-07-02T07:24:52+00:00 text="Unfortunately, we are going to have a 'Trump' in UK and Europe as well. It is not regular Americans Vs Trump and maga. It is regular Americans Vs Tech Bros, who have mastered the a"
[REDDIT][COMMENT][PARSED] comment_id=ov3omt8 post_id=1ul4rfn parent_id=t1_ov2ei6q depth=6 created_at=2026-07-02T11:59:16+00:00 text="The electorate chose this outcome.  I voted for Harris.  My personal action can't undo the decisions of the US electorate, to include both those who voted for him and those who cou"
[REDDIT][COMMENT][PARSED] comment_id=ov2iacu post_id=1ul4rfn parent_id=t1_ov2ei6q depth=6 created_at=2026-07-02T06:36:56+00:00 text="Sadly most of the weapons are owned by like 5% of the population. "
[REDDIT][COMMENT][PARSED] comment_id=ov259z9 post_id=1ul4rfn parent_id=t1_ov1ivqa depth=2 created_at=2026-07-02T04:57:54+00:00 text="My MAGA friend turned me on to that book way back in 16 or so.  I never did find out why he can be so blind to it happening."
[REDDIT][COMMENT][PARSED] comment_id=ov1qjmz post_id=1ul4rfn parent_id=t1_ov1ivqa depth=2 created_at=2026-07-02T03:19:58+00:00 text="Screams in Darth Vader:  DUUUUUUGAAAAN!!!!!!"
[REDDIT][COMMENT][PARSED] comment_id=ov2h8p7 post_id=1ul4rfn parent_id=t1_ov1ivqa depth=2 created_at=2026-07-02T06:28:40+00:00 text="If only there was a proper (i.e. not done by machine) English translation of that book…"
[REDDIT][COMMENT][PARSED] comment_id=ov2rivf post_id=1ul4rfn parent_id=t1_ov1gsfx depth=1 created_at=2026-07-02T07:51:43+00:00 text="Russian doctrine since 1997 and NOT secret:  &gt;Russia should \"introduce geopolitical disorder into internal American activity, encouraging all kinds of [separatism](https://en.wi"
[REDDIT][COMMENT][PARSED] comment_id=ov5gvna post_id=1ul4rfn parent_id=t1_ov2rivf depth=2 created_at=2026-07-02T16:54:13+00:00 text="Russia couldn’t do it—no external force could do it—without the fissures and hatred being baked in. So whatever the influence campaign, I place the blame on ordinary American citiz"
[REDDIT][COMMENT][PARSED] comment_id=ov3hls1 post_id=1ul4rfn parent_id=t1_ov1gsfx depth=1 created_at=2026-07-02T11:15:35+00:00 text="Unironically one of the nicknames in China for Trump is \"nation builder\"/chuan jianguo since all his stupid  policies (tariffs and trade wars, alienating all the US allies, and scr"
[REDDIT][COMMENT][PARSED] comment_id=ov4r6hi post_id=1ul4rfn parent_id=t1_ov1gsfx depth=1 created_at=2026-07-02T15:05:29+00:00 text="China is reallllyyyyyy quiet these days. They are on a roll and they know it.   In Germany we think the US soldiers stationed here are more likely to shoot us in the back if our co"
[REDDIT][COMMENT][PARSED] comment_id=ov2mj9j post_id=1ul4rfn parent_id=t1_ov1gsfx depth=1 created_at=2026-07-02T07:10:25+00:00 text="To be fair, the strategy \\*was getting leaders like DJT into power, knowing what would come of it…all they had to do was sit back and wait."
[REDDIT][COMMENT][PARSED] comment_id=ov1ne98 post_id=1ul4rfn parent_id=t1_ov1gsfx depth=1 created_at=2026-07-02T03:01:02+00:00 text="[deleted]"
[REDDIT][COMMENT][PARSED] comment_id=ov1nxlz post_id=1ul4rfn parent_id=t1_ov1ne98 depth=2 created_at=2026-07-02T03:04:13+00:00 text="Yeah, but Trump’s reason is dumber"
[REDDIT][COMMENT][PARSED] comment_id=ov23f35 post_id=1ul4rfn parent_id=t1_ov1nxlz depth=3 created_at=2026-07-02T04:44:31+00:00 text="Its a shit cake sandwich any way you put it... but there are some unintended sprinkles hidden in the sheer ineptitude"
[REDDIT][COMMENT][PARSED] comment_id=ov3auox post_id=1ul4rfn parent_id=t1_ov23f35 depth=4 created_at=2026-07-02T10:28:49+00:00 text="That's a great way of putting it. Hell we should have pulled out of Saudi after the connections between them and the 9/11 attacks were discovered."
[REDDIT][COMMENT][PARSED] comment_id=ov1tv7e post_id=1ul4rfn parent_id=t1_ov1ne98 depth=2 created_at=2026-07-02T03:40:48+00:00 text="Cutting ties by taking a principled stand over human rights is very different than cutting ties because we're fucking up the global economy with a pointless war."
[REDDIT][COMMENT][PARSED] comment_id=ov1uiru post_id=1ul4rfn parent_id=t1_ov1ne98 depth=2 created_at=2026-07-02T03:45:00+00:00 text="Hey look everyone... over there on the left! 🙄"
[REDDIT][COMMENT][PARSED] comment_id=ov1rltz post_id=1ul4rfn parent_id=t1_ov1ne98 depth=2 created_at=2026-07-02T03:26:34+00:00 text="We didn't need to bomb Iranian children to cut ties with the Saudis."
[REDDIT][COMMENT][PARSED] comment_id=ov1wvg9 post_id=1ul4rfn parent_id=t1_ov1ne98 depth=2 created_at=2026-07-02T03:59:59+00:00 text="I mean, fair. I just find it ironic that the thing to sour the relations might be one of the few issues I actually side with Saudi Arabia on."
[REDDIT][COMMENT][PARSED] comment_id=ov1fj0v post_id=1ul4rfn parent_id=t3_1ul4rfn depth=0 created_at=2026-07-02T02:16:57+00:00 text="Does everything he touches turn to shit?"
[REDDIT][COMMENT][PARSED] comment_id=ov1ih7e post_id=1ul4rfn parent_id=t1_ov1fj0v depth=1 created_at=2026-07-02T02:32:56+00:00 text="The Mierdas Touch"
[REDDIT][COMMENT][PARSED] comment_id=ov1kzpa post_id=1ul4rfn parent_id=t1_ov1ih7e depth=2 created_at=2026-07-02T02:47:06+00:00 text="I love this!!"
[REDDIT][COMMENT][PARSED] comment_id=ov2twv2 post_id=1ul4rfn parent_id=t1_ov1kzpa depth=3 created_at=2026-07-02T08:11:54+00:00 text="Its even better when you realize that Maga will never get it because they fear any language that isnt English"
[REDDIT][COMMENT][PARSED] comment_id=ov3z8yf post_id=1ul4rfn parent_id=t1_ov1fj0v depth=1 created_at=2026-07-02T12:57:05+00:00 text="The New York Knicks lost one game out of their last sixteen during this last postseason. ONE. It was the game he attended."
[REDDIT][COMMENT][PARSED] comment_id=ov1meq3 post_id=1ul4rfn parent_id=t1_ov1fj0v depth=1 created_at=2026-07-02T02:55:15+00:00 text="I mean, hes a billion or so richer since he took office...so, thats there...."
[REDDIT][COMMENT][PARSED] comment_id=ov1wwwn post_id=1ul4rfn parent_id=t1_ov1meq3 depth=2 created_at=2026-07-02T04:00:14+00:00 text="Way way way more than that."
[REDDIT][COMMENT][PARSED] comment_id=ov1cvp0 post_id=1ul4rfn parent_id=t3_1ul4rfn depth=0 created_at=2026-07-02T02:03:06+00:00 text="The irony is that is what Bin Laden wanted "
[REDDIT][COMMENT][PARSED] comment_id=ov1orhk post_id=1ul4rfn parent_id=t1_ov1cvp0 depth=1 created_at=2026-07-02T03:09:12+00:00 text="And all it took was catching an old man molesting children on a billionaires island"
[REDDIT][COMMENT][PARSED] comment_id=ov275mu post_id=1ul4rfn parent_id=t1_ov1orhk depth=2 created_at=2026-07-02T05:11:33+00:00 text="they needed americans to hate muslims first. "
[REDDIT][COMMENT][PARSED] comment_id=ov2q68t post_id=1ul4rfn parent_id=t1_ov1orhk depth=2 created_at=2026-07-02T07:40:23+00:00 text="In fairness, I highly doubt that would have occurred to Bin Laden or any of the US enemies twenty years ago."
[REDDIT][COMMENT][PARSED] comment_id=ov1rtfg post_id=1ul4rfn parent_id=t1_ov1cvp0 depth=1 created_at=2026-07-02T03:27:54+00:00 text="Instead of hiding in a cave in the middle of nowhere. He could have just used his family fortunes to help a certain country's US lobbies. He must be rolling in his grave."
[REDDIT][COMMENT][PARSED] comment_id=ov1vht9 post_id=1ul4rfn parent_id=t1_ov1rtfg depth=2 created_at=2026-07-02T03:51:09+00:00 text="He was \"buried\" at Sea. They dumped his body off the USS Carl Vinson somewhere in the Northern Arabian Sea because no country would accept his remains and so there wasn't a shrine "
[REDDIT][COMMENT][PARSED] comment_id=ov1z6uk post_id=1ul4rfn parent_id=t1_ov1vht9 depth=3 created_at=2026-07-02T04:15:16+00:00 text="He is sleeping with the fishes."
[REDDIT][COMMENT][PARSED] comment_id=ov2feje post_id=1ul4rfn parent_id=t1_ov1z6uk depth=4 created_at=2026-07-02T06:14:07+00:00 text="*\"I sleep in a racing car. Do you?\"*  *\"I sleep in a big bed with my wife\"*"
[REDDIT][COMMENT][PARSED] comment_id=ov2s9gb post_id=1ul4rfn parent_id=t1_ov1rtfg depth=2 created_at=2026-07-02T07:57:57+00:00 text="All he needed to do was buy fox news and pdiddy"
[REDDIT][COMMENT][PARSED] comment_id=ov21am2 post_id=1ul4rfn parent_id=t1_ov1cvp0 depth=1 created_at=2026-07-02T04:29:36+00:00 text="It’s also one of Irans demands "
[REDDIT][COMMENT][PARSED] comment_id=ov5jn8a post_id=1ul4rfn parent_id=t1_ov1cvp0 depth=1 created_at=2026-07-02T17:05:49+00:00 text="Biden Laden also wanted the US to capitulate in Afghanistan, which Trump did in 2020. "
[REDDIT][COMMENT][PARSED] comment_id=ov1drz7 post_id=1ul4rfn parent_id=t3_1ul4rfn depth=0 created_at=2026-07-02T02:07:51+00:00 text="[removed]"
[REDDIT][COMMENT][PARSED] comment_id=ov1fu8n post_id=1ul4rfn parent_id=t1_ov1drz7 depth=1 created_at=2026-07-02T02:18:38+00:00 text="It's like watching an 8 year old drive a sports car with a stick shift "
[REDDIT][COMMENT][PARSED] comment_id=ov1hgxs post_id=1ul4rfn parent_id=t1_ov1fu8n depth=2 created_at=2026-07-02T02:27:22+00:00 text="Good analogy. You’re walking from here. "
[REDDIT][COMMENT][PARSED] comment_id=ov1ld6v post_id=1ul4rfn parent_id=t1_ov1fu8n depth=2 created_at=2026-07-02T02:49:15+00:00 text="Except it keeps moving. Wrong direction but moving.   At least with a stick he'd eventually bork the transmission"
[REDDIT][COMMENT][PARSED] comment_id=ov1nmxs post_id=1ul4rfn parent_id=t1_ov1ld6v depth=3 created_at=2026-07-02T03:02:28+00:00 text="Dropped the clutch on à hill and got out before he put the emergency brake on "
[REDDIT][COMMENT][PARSED] comment_id=ov1o3sc post_id=1ul4rfn parent_id=t1_ov1ld6v depth=3 created_at=2026-07-02T03:05:14+00:00 text="Crashed around a few lamp posts, kerbs and trees, but hey if it’s still moving it’s working and winning!"
[REDDIT][COMMENT][PARSED] comment_id=ov215f2 post_id=1ul4rfn parent_id=t1_ov1fu8n depth=2 created_at=2026-07-02T04:28:36+00:00 text="I *wish* it were like that, an 8-year-old wouldn't be able to get a stickshift car moving. This type of havoc can only be done by automatic transmission"
[REDDIT][COMMENT][PARSED] comment_id=ov2e4gx post_id=1ul4rfn parent_id=t1_ov1fu8n depth=2 created_at=2026-07-02T06:04:10+00:00 text="Not even.  An 8-year-old isn't figuring out he needs to hold the clutch in to start a car with a standard transmission lol.  This is like somehow strapping a Ferrari engine to a ri"
[REDDIT][COMMENT][PARSED] comment_id=ov1g248 post_id=1ul4rfn parent_id=t1_ov1drz7 depth=1 created_at=2026-07-02T02:19:46+00:00 text="Destruction of both soft and hard power.  This here is the destruction of hard power-- though the US has the strongest military, the will and competency to apply it effectively tow"
[REDDIT][COMMENT][PARSED] comment_id=ov1hazt post_id=1ul4rfn parent_id=t1_ov1g248 depth=2 created_at=2026-07-02T02:26:27+00:00 text="Not sure how healthy our strategic think tanks are.   Is there any expertise at the top anymore??"
[REDDIT][COMMENT][PARSED] comment_id=ov1ibfh post_id=1ul4rfn parent_id=t1_ov1hazt depth=3 created_at=2026-07-02T02:32:02+00:00 text="Most of it gets overridden by Kegsbreath and he fires people who disagree.  Maybe there are a few that are still holding on, enough to recover somewhat after these people are out. "
[REDDIT][COMMENT][PARSED] comment_id=ov1jak0 post_id=1ul4rfn parent_id=t1_ov1ibfh depth=4 created_at=2026-07-02T02:37:29+00:00 text="Just rebuilding competent leadership in the armed forces and intelligence services will take decades unless they can drag all the fired personnel back in."
[REDDIT][COMMENT][PARSED] comment_id=ov1kbq5 post_id=1ul4rfn parent_id=t1_ov1jak0 depth=5 created_at=2026-07-02T02:43:19+00:00 text="Who would wish to come back in, just to get put out a few years afterward?"
[REDDIT][COMMENT][PARSED] comment_id=ov1ktzk post_id=1ul4rfn parent_id=t1_ov1jak0 depth=5 created_at=2026-07-02T02:46:12+00:00 text="Agent Kasperov has done a very good job in a very short timeframe.  Look at DC physically, look at our corroded government, look at our relationships with other countries, look at "
[REDDIT][COMMENT][PARSED] comment_id=ov259jw post_id=1ul4rfn parent_id=t1_ov1ktzk depth=6 created_at=2026-07-02T04:57:49+00:00 text="Kasparov is the chess grandmaster. Krasnov struggles with checkers."
[REDDIT][COMMENT][PARSED] comment_id=ov38ca0 post_id=1ul4rfn parent_id=t1_ov259jw depth=7 created_at=2026-07-02T10:09:57+00:00 text="Krasnov would struggle with tic-tac-toe. Unless he can profit from it. "
[REDDIT][COMMENT][PARSED] comment_id=ov2s2d6 post_id=1ul4rfn parent_id=t1_ov1ibfh depth=4 created_at=2026-07-02T07:56:17+00:00 text="I think three or four decades is extremely optimistic. We arent in a forgive and forget mood in europe"
[REDDIT][COMMENT][PARSED] comment_id=ov1rxzm post_id=1ul4rfn parent_id=t1_ov1ibfh depth=4 created_at=2026-07-02T03:28:41+00:00 text="A decade? We'll still be going downhill. We're never recovering from this. The average American cannot or refuses to fathom the damage done here. We will be seeing Victorian living"
[REDDIT][COMMENT][PARSED] comment_id=ov1ldw5 post_id=1ul4rfn parent_id=t1_ov1hazt depth=3 created_at=2026-07-02T02:49:22+00:00 text="Republicans were the woke DEI hires getting jobs they did not qualify for all along."
[REDDIT][COMMENT][PARSED] comment_id=ov1i6z6 post_id=1ul4rfn parent_id=t1_ov1hazt depth=3 created_at=2026-07-02T02:31:21+00:00 text="Just right wing influencers."
[REDDIT][COMMENT][PARSED] comment_id=ov2515n post_id=1ul4rfn parent_id=t1_ov1g248 depth=2 created_at=2026-07-02T04:56:08+00:00 text="Information and logistics are the true hard power. Yet with idjits who assume the strongest military consists of big sweaty men with bulging muscles won’t appreciate that.   “Stron"
[REDDIT][COMMENT][PARSED] comment_id=ov1jcba post_id=1ul4rfn parent_id=t1_ov1drz7 depth=1 created_at=2026-07-02T02:37:45+00:00 text="Why tho. Like seriously, why are they doing it?  Only thing I can come up with is that it allows rich people to exploit markets without economic controls in places the US “policed”"
[REDDIT][COMMENT][PARSED] comment_id=ov2bkys post_id=1ul4rfn parent_id=t1_ov1jcba depth=2 created_at=2026-07-02T05:44:49+00:00 text="&gt;  Why tho. Like seriously, why are they doing it?  People keep thinking Trump has some secret strategy, but I don't think there is.  He's an impulsive toddler pushing random bu"
[REDDIT][COMMENT][PARSED] comment_id=ov2qmyy post_id=1ul4rfn parent_id=t1_ov2bkys depth=3 created_at=2026-07-02T07:44:19+00:00 text="I think there is a strategy but it is short termism on steroids. There is no next year, next month or even next week. It is today. What can I do today to benefit me today. Short th"
[REDDIT][COMMENT][PARSED] comment_id=ov2850j post_id=1ul4rfn parent_id=t1_ov1jcba depth=2 created_at=2026-07-02T05:18:51+00:00 text="Look at who stands to gain from it.  If the US is no longer patrolling the Middle East, they can no longer guarantee the safety of the Strait of Hormuz, and Iran gets to charge a f"
[REDDIT][COMMENT][PARSED] comment_id=ov1t7ea post_id=1ul4rfn parent_id=t1_ov1drz7 depth=1 created_at=2026-07-02T03:36:35+00:00 text="It's insane how far the goalposts can be moved for MAGATs. They're legitimately brainwashed. All this time yelling about sleepy Joe when Trump is literally falling asleep on live T"
[REDDIT][COMMENT][PARSED] comment_id=ov2jhq8 post_id=1ul4rfn parent_id=t1_ov1t7ea depth=2 created_at=2026-07-02T06:46:10+00:00 text="I'm still waiting for the normalization of US presidents declaring a new constitution overnight"
[REDDIT][COMMENT][PARSED] comment_id=ov2nrpe post_id=1ul4rfn parent_id=t1_ov1t7ea depth=2 created_at=2026-07-02T07:20:23+00:00 text="It's legitimately insane that these people would rather die on a hill than admit they were wrong.  America has this ingrained arrogance that is caused by an inclusive system that d"
[REDDIT][COMMENT][PARSED] comment_id=ov2sxjv post_id=1ul4rfn parent_id=t1_ov1t7ea depth=2 created_at=2026-07-02T08:03:36+00:00 text="They are in echo chambers so it is likely that they are not seeing this news. They may learn about this in three years time when someone mentions trying to get back into Saudi Arab"
[REDDIT][COMMENT][PARSED] comment_id=ov1jpnn post_id=1ul4rfn parent_id=t1_ov1drz7 depth=1 created_at=2026-07-02T02:39:50+00:00 text="It is all done on purpose, for a family’s profit "
[REDDIT][COMMENT][PARSED] comment_id=ov1kkdr post_id=1ul4rfn parent_id=t1_ov1drz7 depth=1 created_at=2026-07-02T02:44:41+00:00 text="USA is under attacked from within"
[REDDIT][COMMENT][PARSED] comment_id=ov1jotd post_id=1ul4rfn parent_id=t1_ov1drz7 depth=1 created_at=2026-07-02T02:39:42+00:00 text="What would a president who colludes with Russia do?"
[REDDIT][COMMENT][PARSED] comment_id=ov1kbuk post_id=1ul4rfn parent_id=t1_ov1jotd depth=2 created_at=2026-07-02T02:43:20+00:00 text="Not too much differently. "
[REDDIT][COMMENT][PARSED] comment_id=ov1gnhp post_id=1ul4rfn parent_id=t1_ov1drz7 depth=1 created_at=2026-07-02T02:22:55+00:00 text="To be fair, this is his second term... he got a decent head start beginning in 2016. "
[REDDIT][COMMENT][PARSED] comment_id=ov1ixnu post_id=1ul4rfn parent_id=t1_ov1drz7 depth=1 created_at=2026-07-02T02:35:29+00:00 text="If not literally trying to destroy the US, why destroying the US shaped?"
[REDDIT][COMMENT][PARSED] comment_id=ov1t9e4 post_id=1ul4rfn parent_id=t1_ov1drz7 depth=1 created_at=2026-07-02T03:36:56+00:00 text="He’s rivaling James Buchanan on that front now"
[REDDIT][COMMENT][PARSED] comment_id=ov1xesk post_id=1ul4rfn parent_id=t3_1ul4rfn depth=0 created_at=2026-07-02T04:03:28+00:00 text="This man is a master of 4 dementia chess"
[REDDIT][COMMENT][PARSED] comment_id=ov1cn9c post_id=1ul4rfn parent_id=t3_1ul4rfn depth=0 created_at=2026-07-02T02:01:50+00:00 text="Trump is selling the U.S. out to pay off his debts, get rich, and save his ass from jail. Nice going MAGATs"
[REDDIT][COMMENT][PARSED] comment_id=ov1gw0z post_id=1ul4rfn parent_id=t1_ov1cn9c depth=1 created_at=2026-07-02T02:24:12+00:00 text="Reminder, his boss, old Daddy Putin, had him put in office to do this. Destroy the USA without a bullet fired.   All Trump needs is that Dubya MISSION ACCOMPLISHED banner and he ca"
[REDDIT][COMMENT][PARSED] comment_id=ov1kaoh post_id=1ul4rfn parent_id=t1_ov1gw0z depth=2 created_at=2026-07-02T02:43:09+00:00 text="He's got an Iranian victory arch instead "
[REDDIT][COMMENT][PARSED] comment_id=ov1k8eh post_id=1ul4rfn parent_id=t1_ov1cn9c depth=1 created_at=2026-07-02T02:42:48+00:00 text="The way i conceptualize it is that Trump is setting the USA on fire to keep himself warm."
[REDDIT][COMMENT][PARSED] comment_id=ov1kqcy post_id=1ul4rfn parent_id=t3_1ul4rfn depth=0 created_at=2026-07-02T02:45:38+00:00 text="This administration is so unfathomably god damn stupid."
[REDDIT][COMMENT][PARSED] comment_id=ov1od1k post_id=1ul4rfn parent_id=t3_1ul4rfn depth=0 created_at=2026-07-02T03:06:47+00:00 text="…and Osama bin Laden finally gets the US troops to leave Saudi Arabia. "
[REDDIT][COMMENT][PARSED] comment_id=ov25wfn post_id=1ul4rfn parent_id=t1_ov1od1k depth=1 created_at=2026-07-02T05:02:25+00:00 text="I bet the Middle East will hire pr companies to push this line: “Did Trump let Bin Laden win anyway?”  Easy win. "
[REDDIT][COMMENT][PARSED] comment_id=ov1j3ju post_id=1ul4rfn parent_id=t3_1ul4rfn depth=0 created_at=2026-07-02T02:36:25+00:00 text="Aka until Saudi Arabia gives Jared more money or buys more Trump coin"
[REDDIT][COMMENT][PARSED] comment_id=ov1j72a post_id=1ul4rfn parent_id=t3_1ul4rfn depth=0 created_at=2026-07-02T02:36:57+00:00 text="[removed]"
[REDDIT][COMMENT][PARSED] comment_id=ov1rp1y post_id=1ul4rfn parent_id=t1_ov1j72a depth=1 created_at=2026-07-02T03:27:08+00:00 text="Wink wink"
[REDDIT][COMMENT][PARSED] comment_id=ov1ayhj post_id=1ul4rfn parent_id=t3_1ul4rfn depth=0 created_at=2026-07-02T01:52:55+00:00 text="We keep getting weaker, and China keeps getting stronger.   "
[REDDIT][COMMENT][PARSED] comment_id=ov1gaf6 post_id=1ul4rfn parent_id=t1_ov1ayhj depth=1 created_at=2026-07-02T02:20:59+00:00 text="And Leon keeps getting laaaaaargerrrrrrr!"
[REDDIT][COMMENT][PARSED] comment_id=ov1ibl5 post_id=1ul4rfn parent_id=t1_ov1gaf6 depth=2 created_at=2026-07-02T02:32:03+00:00 text="THERE'S A SALE AT PENNY'S!!!"
[REDDIT][COMMENT][PARSED] comment_id=ov1lk20 post_id=1ul4rfn parent_id=t1_ov1ibl5 depth=3 created_at=2026-07-02T02:50:21+00:00 text="What can you make of this?"
[REDDIT][COMMENT][PARSED] comment_id=ov1mgb0 post_id=1ul4rfn parent_id=t1_ov1lk20 depth=4 created_at=2026-07-02T02:55:30+00:00 text="A broach...or a pterodactyl"
[REDDIT][COMMENT][PARSED] comment_id=ov1h6k4 post_id=1ul4rfn parent_id=t1_ov1ayhj depth=1 created_at=2026-07-02T02:25:47+00:00 text="This race was over when the government decided it was a good idea to significantly cut investment into education, and have zero plan or willingness to provide health care to its pe"
[REDDIT][COMMENT][PARSED] comment_id=ov1d7v4 post_id=1ul4rfn parent_id=t1_ov1ayhj depth=1 created_at=2026-07-02T02:04:56+00:00 text="Every minute I stay in this room, I get weaker, and every minute Charlie squats in the bush, he gets stronger. Each time I looked around the walls moved in a little tighter."
[REDDIT][COMMENT][PARSED] comment_id=ov1gcbz post_id=1ul4rfn parent_id=t1_ov1d7v4 depth=2 created_at=2026-07-02T02:21:16+00:00 text="Never get out of the boat "
[REDDIT][COMMENT][PARSED] comment_id=ov1gdlj post_id=1ul4rfn parent_id=t1_ov1ayhj depth=1 created_at=2026-07-02T02:21:27+00:00 text="China is doing nothing yet is winning.  It's like the Western world keeps making really horrible decisions or something. But that can't be right, the Western world is always right!"
[REDDIT][COMMENT][PARSED] comment_id=ov1gld3 post_id=1ul4rfn parent_id=t1_ov1gdlj depth=2 created_at=2026-07-02T02:22:36+00:00 text="China has its own problems "
[REDDIT][COMMENT][PARSED] comment_id=ov1k6lb post_id=1ul4rfn parent_id=t1_ov1gdlj depth=2 created_at=2026-07-02T02:42:30+00:00 text="The western world is doing just fine. It is the Trump administration that is destroying every remnant of American soft power."
[REDDIT][COMMENT][PARSED] comment_id=ov1b1s3 post_id=1ul4rfn parent_id=t3_1ul4rfn depth=0 created_at=2026-07-02T01:53:24+00:00 text="So end of petrodollar coming soon? "
[REDDIT][COMMENT][PARSED] comment_id=ov1fgmf post_id=1ul4rfn parent_id=t1_ov1b1s3 depth=1 created_at=2026-07-02T02:16:36+00:00 text="It's not inconceivable the way this is going."
[REDDIT][COMMENT][PARSED] comment_id=ov4vz7p post_id=1ul4rfn parent_id=t1_ov1b1s3 depth=1 created_at=2026-07-02T15:26:06+00:00 text="The AI dollar will replace it (for a few months until it collapses taking the world with it)"
[REDDIT][COMMENT][PARSED] comment_id=ov2ftw9 post_id=1ul4rfn parent_id=t3_1ul4rfn depth=0 created_at=2026-07-02T06:17:30+00:00 text="First the idiot alienated Europe and all of America's longstanding western allies while ingratiating himself with Middle Eastern monarchs who openly bribed him. Now even they are s"
[REDDIT][COMMENT][PARSED] comment_id=ov37d40 post_id=1ul4rfn parent_id=t3_1ul4rfn depth=0 created_at=2026-07-02T10:02:26+00:00 text="Just so we're very clear, one of al-Qaeda's main objectives was to get the U.S. to withdraw from Saudi Arabia.  If Trump goes through with this he'll be finishing the job that Osam"
[REDDIT][COMMENT][PARSED] comment_id=ov1fujv post_id=1ul4rfn parent_id=t3_1ul4rfn depth=0 created_at=2026-07-02T02:18:40+00:00 text="Didn't his son in law get a shady 6 billion from them"
[REDDIT][COMMENT][PARSED] comment_id=ov1m06g post_id=1ul4rfn parent_id=t1_ov1fujv depth=1 created_at=2026-07-02T02:52:54+00:00 text="And to think how faux outraged they were over Hunter Biden…"
[REDDIT][COMMENT][PARSED] comment_id=ov2svvh post_id=1ul4rfn parent_id=t1_ov1fujv depth=1 created_at=2026-07-02T08:03:12+00:00 text="In exchange for state secrets"
[REDDIT][COMMENT][PARSED] comment_id=ov1l92j post_id=1ul4rfn parent_id=t3_1ul4rfn depth=0 created_at=2026-07-02T02:48:36+00:00 text="The yucky strange unholy honeymoon between these two bros is coming to an end. Had to happen eventually."
[REDDIT][COMMENT][PARSED] comment_id=ov1okjg post_id=1ul4rfn parent_id=t1_ov1l92j depth=1 created_at=2026-07-02T03:08:01+00:00 text="Everything Trump touches dies, but the Bone-Saw-Crown-Prince might take Trump down with him. "
[REDDIT][COMMENT][PARSED] comment_id=ov2mf9g post_id=1ul4rfn parent_id=t3_1ul4rfn depth=0 created_at=2026-07-02T07:09:30+00:00 text="DJT accomplishing what Osama Bin Laden could not…"
[REDDIT][COMMENT][PARSED] comment_id=ov1c0i8 post_id=1ul4rfn parent_id=t3_1ul4rfn depth=0 created_at=2026-07-02T01:58:25+00:00 text="so saudi stopping the bribes?"
[REDDIT][COMMENT][PARSED] comment_id=ov1chtd post_id=1ul4rfn parent_id=t1_ov1c0i8 depth=1 created_at=2026-07-02T02:01:03+00:00 text="They didn't get anything. Infact things are worse for the UAE."
[REDDIT][COMMENT][PARSED] comment_id=ov1cups post_id=1ul4rfn parent_id=t1_ov1chtd depth=2 created_at=2026-07-02T02:02:57+00:00 text="everyone gets burned by this dumbass"
[REDDIT][COMMENT][PARSED] comment_id=ov1i8gk post_id=1ul4rfn parent_id=t1_ov1cups depth=3 created_at=2026-07-02T02:31:35+00:00 text="Tends to be the case with sociopaths "
[REDDIT][COMMENT][PARSED] comment_id=ov1jt4w post_id=1ul4rfn parent_id=t1_ov1chtd depth=2 created_at=2026-07-02T02:40:23+00:00 text="I love this for them "
[REDDIT][COMMENT][PARSED] comment_id=ov2m37t post_id=1ul4rfn parent_id=t1_ov1chtd depth=2 created_at=2026-07-02T07:06:48+00:00 text="What are you.. Saudi and UAE are distinctly different places."
[REDDIT][COMMENT][PARSED] comment_id=ov1dyq6 post_id=1ul4rfn parent_id=t3_1ul4rfn depth=0 created_at=2026-07-02T02:08:48+00:00 text="Leaving the middle east was always part of the plan. Its why our bases are getting destroyed."
[REDDIT][COMMENT][PARSED] comment_id=ov1u18i post_id=1ul4rfn parent_id=t3_1ul4rfn depth=0 created_at=2026-07-02T03:41:52+00:00 text="Grooming Rubio has been hilarious, but whoever put him there has ruined a lot of work. What an absolute flop of a diplomat. 🤮"
[REDDIT][COMMENT][PARSED] comment_id=ov1cjgm post_id=1ul4rfn parent_id=t3_1ul4rfn depth=0 created_at=2026-07-02T02:01:17+00:00 text="Omg this is the end of the U.S. hegemony. MAWA make America weak again. He is taking us 251 years back"
[REDDIT][COMMENT][PARSED] comment_id=ov1em0a post_id=1ul4rfn parent_id=t3_1ul4rfn depth=0 created_at=2026-07-02T02:12:08+00:00 text="Where is Trump going to get all of his investment money? Russia is poor. And the Saudis are mad?"
[REDDIT][COMMENT][PARSED] comment_id=ov1rt2i post_id=1ul4rfn parent_id=t1_ov1em0a depth=1 created_at=2026-07-02T03:27:50+00:00 text="Uhhh isn’t it obvious? Scamming American taxpayers "
[REDDIT][COMMENT][PARSED] comment_id=ov1e3ny post_id=1ul4rfn parent_id=t3_1ul4rfn depth=0 created_at=2026-07-02T02:09:30+00:00 text="Or did the Iranians demand it to end the war?"
[REDDIT][COMMENT][PARSED] comment_id=ov1hmyc post_id=1ul4rfn parent_id=t3_1ul4rfn depth=0 created_at=2026-07-02T02:28:17+00:00 text="Maybe the war will force military spending cuts"
[REDDIT][COMMENT][PARSED] comment_id=ov1iwu7 post_id=1ul4rfn parent_id=t1_ov1hmyc depth=1 created_at=2026-07-02T02:35:21+00:00 text="That's hilarious. You should do stand up."
[REDDIT][COMMENT][PARSED] comment_id=ov2t2kf post_id=1ul4rfn parent_id=t1_ov1hmyc depth=1 created_at=2026-07-02T08:04:48+00:00 text="All that money spent and it still couldnt impose its will "
[REDDIT][COMMENT][PARSED] comment_id=ov1k4kp post_id=1ul4rfn parent_id=t3_1ul4rfn depth=0 created_at=2026-07-02T02:42:11+00:00 text="How are ties *still* souring around the world?   How have they not all died and rotted of the vine long, long ago?   This administration treats foreign countries like it treats its"
[REDDIT][COMMENT][PARSED] comment_id=ov1fs4b post_id=1ul4rfn parent_id=t3_1ul4rfn depth=0 created_at=2026-07-02T02:18:19+00:00 text="It's a condition that Iran imposed due to our surrender.  "
[REDDIT][COMMENT][PARSED] comment_id=ov1goft post_id=1ul4rfn parent_id=t1_ov1fs4b depth=1 created_at=2026-07-02T02:23:03+00:00 text="Think something dramatic and bad for the U.S. will be announced July 4th?"
[REDDIT][COMMENT][PARSED] comment_id=ov2pp28 post_id=1ul4rfn parent_id=t1_ov1fs4b depth=1 created_at=2026-07-02T07:36:18+00:00 text="yep US has to close all Middle East bases as part of its surrender to Iran and pay Iran $300 billion"
[REDDIT][COMMENT][PARSED] comment_id=ov1ruj7 post_id=1ul4rfn parent_id=t3_1ul4rfn depth=0 created_at=2026-07-02T03:28:05+00:00 text="Isn't that one of the things Osama Bin Laden and Al-Qaeda were upset about? The great Satan had troops on Saudi Holy land?   I guess in the end, Al-Qaeda wins thanks to Trump. "
[REDDIT][COMMENT][PARSED] comment_id=ov281sl post_id=1ul4rfn parent_id=t1_ov1ruj7 depth=1 created_at=2026-07-02T05:18:11+00:00 text="Yeah, something like that. Osama was angry because the Saudis called the USA in against Saddam during the gulf war, instead of calling a Jihad (Saddam ideology was not liked by the"
[REDDIT][COMMENT][PARSED] comment_id=ov1gqdc post_id=1ul4rfn parent_id=t3_1ul4rfn depth=0 created_at=2026-07-02T02:23:21+00:00 text="Same as tarrifs.. you made me mad so let me shoot myself in the foot.  Russia and China drooling though. "
[REDDIT][COMMENT][PARSED] comment_id=ov1isnp post_id=1ul4rfn parent_id=t1_ov1gqdc depth=1 created_at=2026-07-02T02:34:43+00:00 text="Russia's not drooling much these days. They are frantically trying to order gasoline on Amazon prime."
[REDDIT][COMMENT][PARSED] comment_id=ov2kkxf post_id=1ul4rfn parent_id=t1_ov1isnp depth=2 created_at=2026-07-02T06:54:48+00:00 text="The way their economy is going, SOMEONE is drooling at the wheel ... and not doing much else"
[REDDIT][COMMENT][PARSED] comment_id=ov1f8rh post_id=1ul4rfn parent_id=t3_1ul4rfn depth=0 created_at=2026-07-02T02:15:27+00:00 text="Well, that tracks. I already don't use gasoline."
[REDDIT][COMMENT][PARSED] comment_id=ov1jxxu post_id=1ul4rfn parent_id=t3_1ul4rfn depth=0 created_at=2026-07-02T02:41:08+00:00 text="Lmao. Trump wants more money."
[REDDIT][COMMENT][PARSED] comment_id=ov1rd1i post_id=1ul4rfn parent_id=t3_1ul4rfn depth=0 created_at=2026-07-02T03:25:01+00:00 text="Man, even them doing 9/11 didn't sour our ties with Saudi Arabia.  This is a sad day for two not at all problematic and very wholesome friends."
[REDDIT][COMMENT][PARSED] comment_id=ov2cnk2 post_id=1ul4rfn parent_id=t3_1ul4rfn depth=0 created_at=2026-07-02T05:52:58+00:00 text="Please. Do it. We never should've been there."
[REDDIT][COMMENT][PARSED] comment_id=ov1f1vg post_id=1ul4rfn parent_id=t3_1ul4rfn depth=0 created_at=2026-07-02T02:14:27+00:00 text="Leopards Eating Saudi Faces."
[REDDIT][COMMENT][PARSED] comment_id=ov1gjb8 post_id=1ul4rfn parent_id=t3_1ul4rfn depth=0 created_at=2026-07-02T02:22:18+00:00 text="guess they aren't kissing his ass anymore?"
[REDDIT][COMMENT][PARSED] comment_id=ov1jwdc post_id=1ul4rfn parent_id=t3_1ul4rfn depth=0 created_at=2026-07-02T02:40:53+00:00 text="When your ties start souring with every single ally one might start to think that you're the problem, not them... "
[REDDIT][COMMENT][PARSED] comment_id=ov1sfa7 post_id=1ul4rfn parent_id=t3_1ul4rfn depth=0 created_at=2026-07-02T03:31:41+00:00 text="Man such a good deal maker. "
[REDDIT][COMMENT][PARSED] comment_id=ov1sj44 post_id=1ul4rfn parent_id=t3_1ul4rfn depth=0 created_at=2026-07-02T03:32:21+00:00 text="Wouldn’t that like diminish our troop readiness in the area or whatever the fuck we’ve been telling the world we need these bases and stations for???"
[REDDIT][COMMENT][PARSED] comment_id=ov1sltt post_id=1ul4rfn parent_id=t3_1ul4rfn depth=0 created_at=2026-07-02T03:32:50+00:00 text="I expect a complete US pull out from the region within the next decade."
[REDDIT][COMMENT][PARSED] comment_id=ov1v6my post_id=1ul4rfn parent_id=t3_1ul4rfn depth=0 created_at=2026-07-02T03:49:10+00:00 text="Been there, they won't mind being pulled."
[REDDIT][COMMENT][PARSED] comment_id=ov23kg8 post_id=1ul4rfn parent_id=t3_1ul4rfn depth=0 created_at=2026-07-02T04:45:36+00:00 text="The empire is ending. They'll be out of the region soon enough after solidifying Iran's power and their own ineptitude in this last misadventure. Americans should expect more suffe"
[REDDIT][COMMENT][PARSED] comment_id=ov25zpv post_id=1ul4rfn parent_id=t3_1ul4rfn depth=0 created_at=2026-07-02T05:03:04+00:00 text="Or when you’re getting kicked out.  "
[REDDIT][COMMENT][PARSED] comment_id=ov2a6v3 post_id=1ul4rfn parent_id=t3_1ul4rfn depth=0 created_at=2026-07-02T05:34:15+00:00 text="\"US plans total retreat from the region after losing war with Iran\""
[REDDIT][COMMENT][PARSED] comment_id=ov2bypn post_id=1ul4rfn parent_id=t3_1ul4rfn depth=0 created_at=2026-07-02T05:47:42+00:00 text="I used to work in the oil industry in 2015 when this happened previously and the Saudi's crashed the oil price because they can produce a barrel of oil cheaper than almost anyone e"
[REDDIT][COMMENT][PARSED] comment_id=ov2kbhs post_id=1ul4rfn parent_id=t3_1ul4rfn depth=0 created_at=2026-07-02T06:52:43+00:00 text="JDPON DON with another heater. This is awesome. Fuck Saudi Arabia and I wish it was true, unfortunately I have to assume any news service from Israel  is fake"
[REDDIT][COMMENT][PARSED] comment_id=ov2py99 post_id=1ul4rfn parent_id=t3_1ul4rfn depth=0 created_at=2026-07-02T07:38:28+00:00 text="Jeez, Trump really is turning everyone against the US isn't he."
[REDDIT][COMMENT][PARSED] comment_id=ov2rtqp post_id=1ul4rfn parent_id=t3_1ul4rfn depth=0 created_at=2026-07-02T07:54:17+00:00 text="We need to finish electrifying transportation so we can just abandon Saudi Arabia. The United States should not be supporting theocracies."
[REDDIT][COMMENT][PARSED] comment_id=ov2w0o7 post_id=1ul4rfn parent_id=t3_1ul4rfn depth=0 created_at=2026-07-02T08:29:31+00:00 text="I suspect the reality is Iran has made the middle east see that US bases there are a cancer and we'll seen this happen in other countries there too.   The bases aren't there for Sa"
[REDDIT][COMMENT][PARSED] comment_id=ov3jjrj post_id=1ul4rfn parent_id=t3_1ul4rfn depth=0 created_at=2026-07-02T11:28:13+00:00 text="Imagine Saudi Arabia decides to sell oil in other currencies, that would be literally the end for the US. That could be the great legacy Trump is looking for."
[REDDIT][COMMENT][PARSED] comment_id=ov4gn6n post_id=1ul4rfn parent_id=t3_1ul4rfn depth=0 created_at=2026-07-02T14:19:11+00:00 text="Honestly, after they funded 9/11 I kinda thought that would be it. "
[REDDIT][COMMENT][PARSED] comment_id=ov4jkhb post_id=1ul4rfn parent_id=t3_1ul4rfn depth=0 created_at=2026-07-02T14:32:14+00:00 text="Trump will be by far the most important president in modern US history. Just not for good reasons.  Speedrunning losing allies at impressive rates. Europe is gone. UK is gone. Now "
[REDDIT][COMMENT][PARSED] comment_id=ov8cpo2 post_id=1ul4rfn parent_id=t3_1ul4rfn depth=0 created_at=2026-07-03T01:11:20+00:00 text="After all the money Mister Bone Saw gave him.   I guess the US is the world’s policeman, just not an honest one. "
[REDDIT][COMMENT][PARSED] comment_id=ov8kvhy post_id=1ul4rfn parent_id=t3_1ul4rfn depth=0 created_at=2026-07-03T01:54:25+00:00 text="Saudi Arabia, for all their faults, are the reason we have the petrodollar and are not a failing state, but Trump is just “hold my beer”."
[REDDIT][COMMENT][PARSED] comment_id=ov1kch1 post_id=1ul4rfn parent_id=t3_1ul4rfn depth=0 created_at=2026-07-02T02:43:26+00:00 text="It's actually impressive.   How he's ending the frustration of constant American military engagements and \"bringing the troops home\", something so many have wanted for so long, in "
[REDDIT][COMMENT][PARSED] comment_id=ov23v01 post_id=1ul4rfn parent_id=t3_1ul4rfn depth=0 created_at=2026-07-02T04:47:43+00:00 text="Isn't this one of the things Bin Laden was fighting for? I remember that. and 9/11."
[REDDIT][COMMENT][PARSED] comment_id=ov1d4u3 post_id=1ul4rfn parent_id=t3_1ul4rfn depth=0 created_at=2026-07-02T02:04:29+00:00 text="The US failed to protect Saudi Arabia against Iranian drons. Protection is now done by Ukrania. "
[REDDIT][COMMENT][PARSED] comment_id=ov1fdt5 post_id=1ul4rfn parent_id=t3_1ul4rfn depth=0 created_at=2026-07-02T02:16:12+00:00 text="You would think this guy knows what he’s doing right???? "
[REDDIT][COMMENT][PARSED] comment_id=ov1nef5 post_id=1ul4rfn parent_id=t3_1ul4rfn depth=0 created_at=2026-07-02T03:01:03+00:00 text="You’d think he’d keep the Saudis of all people happy. This man is senile on a whole new level. "
[REDDIT][COMMENT][PARSED] comment_id=ov1r6pr post_id=1ul4rfn parent_id=t3_1ul4rfn depth=0 created_at=2026-07-02T03:23:55+00:00 text="This and Israel saying they don’t need US aid in one day? Is it Christmas? In all seriousness, I hate both, but we already pissed off our other allies. This is bad for US soft powe"
[REDDIT][COMMENT][PARSED] comment_id=ov1rwgf post_id=1ul4rfn parent_id=t3_1ul4rfn depth=0 created_at=2026-07-02T03:28:25+00:00 text="US military, you are supposed to protect the US from threats foreign and domestic "
[REDDIT][COMMENT][PARSED] comment_id=ov1spq5 post_id=1ul4rfn parent_id=t3_1ul4rfn depth=0 created_at=2026-07-02T03:33:32+00:00 text="This is sooooooo funny , they fucking helped put him there and boom.  I hope they all choke"
[REDDIT][COMMENT][PARSED] comment_id=ov1syyu post_id=1ul4rfn parent_id=t3_1ul4rfn depth=0 created_at=2026-07-02T03:35:08+00:00 text="Ah, Agent Orange finally makes the next move"
[REDDIT][COMMENT][PARSED] comment_id=ov23muw post_id=1ul4rfn parent_id=t3_1ul4rfn depth=0 created_at=2026-07-02T04:46:05+00:00 text="Until they buy more of his magic beans aka crypto "
[REDDIT][COMMENT][PARSED] comment_id=ov2dq4y post_id=1ul4rfn parent_id=t3_1ul4rfn depth=0 created_at=2026-07-02T06:01:06+00:00 text="Wait...what?!?!?  Dude seriously just wants to take a wrecking ball to the world."
[REDDIT][COMMENT][PARSED] comment_id=ov2fsz2 post_id=1ul4rfn parent_id=t3_1ul4rfn depth=0 created_at=2026-07-02T06:17:18+00:00 text="So dumb."
[REDDIT][COMMENT][PARSED] comment_id=ov2g87c post_id=1ul4rfn parent_id=t3_1ul4rfn depth=0 created_at=2026-07-02T06:20:40+00:00 text="Peter Thiel must be so happy."
[REDDIT][COMMENT][PARSED] comment_id=ov2iizn post_id=1ul4rfn parent_id=t3_1ul4rfn depth=0 created_at=2026-07-02T06:38:47+00:00 text="What’s one more foreign relationship to completely fuck up? "
[REDDIT][COMMENT][PARSED] comment_id=ov3xr4x post_id=1ul4rfn parent_id=t3_1ul4rfn depth=0 created_at=2026-07-02T12:49:29+00:00 text="World will never be the same thanks that cheeto fuck "
[REDDIT][COMMENT][PARSED] comment_id=ov40u8p post_id=1ul4rfn parent_id=t3_1ul4rfn depth=0 created_at=2026-07-02T13:05:06+00:00 text="There's an additional implication here, and these souring ties will also negatively impact Jared Kushner's economic power.   Delicious. Trumps single biggest kickback avenue is bei"
[REDDIT][COMMENT][PARSED] comment_id=ov4o83s post_id=1ul4rfn parent_id=t3_1ul4rfn depth=0 created_at=2026-07-02T14:52:38+00:00 text="Oops!  There goes another ally."
[REDDIT][COMMENT][PARSED] comment_id=ov64toa post_id=1ul4rfn parent_id=t3_1ul4rfn depth=0 created_at=2026-07-02T18:35:06+00:00 text="Where does that leave Jared Kushner?"
[REDDIT][COMMENT][PARSED] comment_id=ov7jl1l post_id=1ul4rfn parent_id=t3_1ul4rfn depth=0 created_at=2026-07-02T22:30:19+00:00 text="Just stunned that nobody saw this coming. "
[REDDIT][COMMENT][PARSED] comment_id=ov8k24b post_id=1ul4rfn parent_id=t3_1ul4rfn depth=0 created_at=2026-07-03T01:49:50+00:00 text="Does Jared have to give back the 2 billion? "
Status: saved_raw_json

[9/46] 1uk8nug | r/worldnews
Post date: 2026-07-01T02:07:59.780000+00:00
JSON URL: https://www.reddit.com/r/worldnews/comments/1uk8nug/us_president_donald_trump_weighs_allout_war_on.json
[REDDIT][JSON_FETCH][START] post_id=1uk8nug json_url=https://www.reddit.com/r/worldnews/comments/1uk8nug/us_president_donald_trump_weighs_allout_war_on.json
[REDDIT][JSON_FETCH][RESULT] post_id=1uk8nug status=webdriver_error continue=True raw_json_file=
Status: webdriver_error

[10/46] 1uholq5 | r/worldnews
Post date: 2026-06-28T05:26:24.708000+00:00
JSON URL: https://www.reddit.com/r/worldnews/comments/1uholq5/iran_attacks_bahrain_and_kuwait_following_us.json
[REDDIT][JSON_FETCH][START] post_id=1uholq5 json_url=https://www.reddit.com/r/worldnews/comments/1uholq5/iran_attacks_bahrain_and_kuwait_following_us.json
[REDDIT][JSON_FETCH][RESULT] post_id=1uholq5 status=webdriver_error continue=True raw_json_file=
Status: webdriver_error

[11/46] 1uee6am | r/worldnews
Post date: 2026-06-24T13:53:50.721000+00:00
JSON URL: https://www.reddit.com/r/worldnews/comments/1uee6am/italy_rebukes_natos_rutte_over_remarks_on_us_use.json
[REDDIT][JSON_FETCH][START] post_id=1uee6am json_url=https://www.reddit.com/r/worldnews/comments/1uee6am/italy_rebukes_natos_rutte_over_remarks_on_us_use.json
[REDDIT][JSON_FETCH][RESULT] post_id=1uee6am status=webdriver_error continue=True raw_json_file=
Status: webdriver_error

[12/46] 1u7ebmm | r/worldnews
Post date: 2026-06-16T13:57:28.486000+00:00
JSON URL: https://www.reddit.com/r/worldnews/comments/1u7ebmm/iran_says_the_us_war_deal_requires_israel_to.json
[REDDIT][JSON_FETCH][START] post_id=1u7ebmm json_url=https://www.reddit.com/r/worldnews/comments/1u7ebmm/iran_says_the_us_war_deal_requires_israel_to.json
[REDDIT][JSON_FETCH][RESULT] post_id=1u7ebmm status=webdriver_error continue=True raw_json_file=
Status: webdriver_error

[13/46] 1u6c7ou | r/worldnews
Post date: 2026-06-15T10:01:45.292000+00:00
JSON URL: https://www.reddit.com/r/worldnews/comments/1u6c7ou/iran_and_us_reach_a_tentative_deal_to_end_war_as.json
[REDDIT][JSON_FETCH][START] post_id=1u6c7ou json_url=https://www.reddit.com/r/worldnews/comments/1u6c7ou/iran_and_us_reach_a_tentative_deal_to_end_war_as.json
[REDDIT][JSON_FETCH][RESULT] post_id=1u6c7ou status=webdriver_error continue=True raw_json_file=
Status: webdriver_error

[14/46] 1u633xv | r/worldnews
Post date: 2026-06-15T01:49:49.366000+00:00
JSON URL: https://www.reddit.com/r/worldnews/comments/1u633xv/us_iran_reach_preliminary_agreement_to_end_war.json
[REDDIT][JSON_FETCH][START] post_id=1u633xv json_url=https://www.reddit.com/r/worldnews/comments/1u633xv/us_iran_reach_preliminary_agreement_to_end_war.json
[REDDIT][JSON_FETCH][RESULT] post_id=1u633xv status=webdriver_error continue=True raw_json_file=
Status: webdriver_error

[15/46] 1u4yl9l | r/worldnews
Post date: 2026-06-13T18:37:28.159000+00:00
JSON URL: https://www.reddit.com/r/worldnews/comments/1u4yl9l/secret_qatari_protection_deal_presented_to_iran.json
[REDDIT][JSON_FETCH][START] post_id=1u4yl9l json_url=https://www.reddit.com/r/worldnews/comments/1u4yl9l/secret_qatari_protection_deal_presented_to_iran.json
[REDDIT][JSON_FETCH][RESULT] post_id=1u4yl9l status=webdriver_error continue=True raw_json_file=
Status: webdriver_error

[16/46] 1twexmc | r/worldnews
Post date: 2026-06-04T06:03:05.795000+00:00
JSON URL: https://www.reddit.com/r/worldnews/comments/1twexmc/iran_links_the_end_of_the_war_with_the_us_and.json
[REDDIT][JSON_FETCH][START] post_id=1twexmc json_url=https://www.reddit.com/r/worldnews/comments/1twexmc/iran_links_the_end_of_the_war_with_the_us_and.json
[REDDIT][JSON_FETCH][RESULT] post_id=1twexmc status=webdriver_error continue=True raw_json_file=
Status: webdriver_error

[17/46] 1trsrsg | r/worldnews
Post date: 2026-05-30T07:09:56.435000+00:00
JSON URL: https://www.reddit.com/r/worldnews/comments/1trsrsg/tehran_denies_us_claims_of_extension_to_iran_war.json
[REDDIT][JSON_FETCH][START] post_id=1trsrsg json_url=https://www.reddit.com/r/worldnews/comments/1trsrsg/tehran_denies_us_claims_of_extension_to_iran_war.json
[REDDIT][JSON_FETCH][RESULT] post_id=1trsrsg status=webdriver_error continue=True raw_json_file=
Status: webdriver_error

[18/46] 1tmhpc0 | r/worldnews
Post date: 2026-05-24T17:00:18.406000+00:00
JSON URL: https://www.reddit.com/r/worldnews/comments/1tmhpc0/iran_executes_person_for_sending_information_to.json
[REDDIT][JSON_FETCH][START] post_id=1tmhpc0 json_url=https://www.reddit.com/r/worldnews/comments/1tmhpc0/iran_executes_person_for_sending_information_to.json
[REDDIT][JSON_FETCH][RESULT] post_id=1tmhpc0 status=webdriver_error continue=True raw_json_file=
Status: webdriver_error

[19/46] 1tkpesv | r/worldnews
Post date: 2026-05-22T17:15:50.732000+00:00
JSON URL: https://www.reddit.com/r/worldnews/comments/1tkpesv/us_navy_chief_says_14bn_arms_sale_to_taiwan.json
[REDDIT][JSON_FETCH][START] post_id=1tkpesv json_url=https://www.reddit.com/r/worldnews/comments/1tkpesv/us_navy_chief_says_14bn_arms_sale_to_taiwan.json
[REDDIT][JSON_FETCH][RESULT] post_id=1tkpesv status=webdriver_error continue=True raw_json_file=
Status: webdriver_error

[20/46] 1tkkjko | r/worldnews
Post date: 2026-05-22T14:24:45.720000+00:00
JSON URL: https://www.reddit.com/r/worldnews/comments/1tkkjko/qatari_negotiating_team_in_tehran_to_try_to_help.json
[REDDIT][JSON_FETCH][START] post_id=1tkkjko json_url=https://www.reddit.com/r/worldnews/comments/1tkkjko/qatari_negotiating_team_in_tehran_to_try_to_help.json
[REDDIT][JSON_FETCH][RESULT] post_id=1tkkjko status=webdriver_error continue=True raw_json_file=
Status: webdriver_error

[21/46] 1tibfua | r/worldnews
Post date: 2026-05-20T04:54:16.324000+00:00
JSON URL: https://www.reddit.com/r/worldnews/comments/1tibfua/iran_warns_it_could_open_up_new_fronts_in_war.json
[REDDIT][JSON_FETCH][START] post_id=1tibfua json_url=https://www.reddit.com/r/worldnews/comments/1tibfua/iran_warns_it_could_open_up_new_fronts_in_war.json
[REDDIT][JSON_FETCH][RESULT] post_id=1tibfua status=webdriver_error continue=True raw_json_file=
Status: webdriver_error

[22/46] 1thsglp | r/worldnews
Post date: 2026-05-19T16:39:38.744000+00:00
JSON URL: https://www.reddit.com/r/worldnews/comments/1thsglp/drone_strikes_uae_nuclear_plant_as_us_and_iran.json
[REDDIT][JSON_FETCH][START] post_id=1thsglp json_url=https://www.reddit.com/r/worldnews/comments/1thsglp/drone_strikes_uae_nuclear_plant_as_us_and_iran.json
[REDDIT][JSON_FETCH][RESULT] post_id=1thsglp status=webdriver_error continue=True raw_json_file=
Status: webdriver_error

[23/46] 1thgigr | r/worldnews
Post date: 2026-05-19T08:25:35.098000+00:00
JSON URL: https://www.reddit.com/r/worldnews/comments/1thgigr/iran_says_peace_proposal_includes_reparations_for.json
[REDDIT][JSON_FETCH][START] post_id=1thgigr json_url=https://www.reddit.com/r/worldnews/comments/1thgigr/iran_says_peace_proposal_includes_reparations_for.json
[REDDIT][JSON_FETCH][RESULT] post_id=1thgigr status=webdriver_error continue=True raw_json_file=
Status: webdriver_error

[24/46] 1tc1s0i | r/worldnews
Post date: 2026-05-13T14:44:55.801000+00:00
JSON URL: https://www.reddit.com/r/worldnews/comments/1tc1s0i/chinese_supertanker_breaks_through_usiran_war.json
[REDDIT][JSON_FETCH][START] post_id=1tc1s0i json_url=https://www.reddit.com/r/worldnews/comments/1tc1s0i/chinese_supertanker_breaks_through_usiran_war.json
[REDDIT][JSON_FETCH][RESULT] post_id=1tc1s0i status=webdriver_error continue=True raw_json_file=
Status: webdriver_error

[25/46] 1t85jal | r/worldnews
Post date: 2026-05-09T13:49:09.495000+00:00
JSON URL: https://www.reddit.com/r/worldnews/comments/1t85jal/merz_says_europe_wants_a_strong_nato_and_shares.json
[REDDIT][JSON_FETCH][START] post_id=1t85jal json_url=https://www.reddit.com/r/worldnews/comments/1t85jal/merz_says_europe_wants_a_strong_nato_and_shares.json
[REDDIT][JSON_FETCH][RESULT] post_id=1t85jal status=webdriver_error continue=True raw_json_file=
Status: webdriver_error

[26/46] 1t6wtx1 | r/worldnews
Post date: 2026-05-08T03:57:18.928000+00:00
JSON URL: https://www.reddit.com/r/worldnews/comments/1t6wtx1/iran_considering_us_proposal_as_trump_says_war.json
[REDDIT][JSON_FETCH][START] post_id=1t6wtx1 json_url=https://www.reddit.com/r/worldnews/comments/1t6wtx1/iran_considering_us_proposal_as_trump_says_war.json
[REDDIT][JSON_FETCH][RESULT] post_id=1t6wtx1 status=webdriver_error continue=True raw_json_file=
Status: webdriver_error

[27/46] 1t6qsi3 | r/worldnews
Post date: 2026-05-07T23:17:46.891000+00:00
JSON URL: https://www.reddit.com/r/worldnews/comments/1t6qsi3/trump_calls_us_bombing_iran_a_love_tap_as.json
[REDDIT][JSON_FETCH][START] post_id=1t6qsi3 json_url=https://www.reddit.com/r/worldnews/comments/1t6qsi3/trump_calls_us_bombing_iran_a_love_tap_as.json
[REDDIT][JSON_FETCH][RESULT] post_id=1t6qsi3 status=webdriver_error continue=True raw_json_file=
Status: webdriver_error

[28/46] 1t6b4lh | r/worldnews
Post date: 2026-05-07T13:49:37.319000+00:00
JSON URL: https://www.reddit.com/r/worldnews/comments/1t6b4lh/iran_reviewing_us_proposal_as_trump_pressures.json
[REDDIT][JSON_FETCH][START] post_id=1t6b4lh json_url=https://www.reddit.com/r/worldnews/comments/1t6b4lh/iran_reviewing_us_proposal_as_trump_pressures.json
[REDDIT][JSON_FETCH][RESULT] post_id=1t6b4lh status=webdriver_error continue=True raw_json_file=
Status: webdriver_error

[29/46] 1t624xl | r/worldnews
Post date: 2026-05-07T06:16:43.399000+00:00
JSON URL: https://www.reddit.com/r/worldnews/comments/1t624xl/us_fires_on_iranianflagged_oil_tanker_as_trump.json
[REDDIT][JSON_FETCH][START] post_id=1t624xl json_url=https://www.reddit.com/r/worldnews/comments/1t624xl/us_fires_on_iranianflagged_oil_tanker_as_trump.json
[REDDIT][JSON_FETCH][RESULT] post_id=1t624xl status=webdriver_error continue=True raw_json_file=
Status: webdriver_error

[30/46] 1t5dz13 | r/worldnews
Post date: 2026-05-06T14:06:38.892000+00:00
JSON URL: https://www.reddit.com/r/worldnews/comments/1t5dz13/pakistani_source_confirms_us_iran_closing_in_on.json
[REDDIT][JSON_FETCH][START] post_id=1t5dz13 json_url=https://www.reddit.com/r/worldnews/comments/1t5dz13/pakistani_source_confirms_us_iran_closing_in_on.json
[REDDIT][JSON_FETCH][RESULT] post_id=1t5dz13 status=webdriver_error continue=True raw_json_file=
Status: webdriver_error

[31/46] 1t5bjbt | r/worldnews
Post date: 2026-05-06T12:32:39.874000+00:00
JSON URL: https://www.reddit.com/r/worldnews/comments/1t5bjbt/iran_war_to_be_over_trump_says_epic_fury_will_end.json
[REDDIT][JSON_FETCH][START] post_id=1t5bjbt json_url=https://www.reddit.com/r/worldnews/comments/1t5bjbt/iran_war_to_be_over_trump_says_epic_fury_will_end.json
[REDDIT][JSON_FETCH][RESULT] post_id=1t5bjbt status=webdriver_error continue=True raw_json_file=
Status: webdriver_error

[32/46] 1t59yno | r/worldnews
Post date: 2026-05-06T11:22:47.486000+00:00
JSON URL: https://www.reddit.com/r/worldnews/comments/1t59yno/us_and_iran_close_to_onepage_memorandum_to_end.json
[REDDIT][JSON_FETCH][START] post_id=1t59yno json_url=https://www.reddit.com/r/worldnews/comments/1t59yno/us_and_iran_close_to_onepage_memorandum_to_end.json
[REDDIT][JSON_FETCH][RESULT] post_id=1t59yno status=webdriver_error continue=True raw_json_file=
Status: webdriver_error

[33/46] 1t54dt3 | r/worldnews
Post date: 2026-05-06T06:05:05.854000+00:00
JSON URL: https://www.reddit.com/r/worldnews/comments/1t54dt3/trump_puts_project_freedom_on_hold_saying_he.json
[REDDIT][JSON_FETCH][START] post_id=1t54dt3 json_url=https://www.reddit.com/r/worldnews/comments/1t54dt3/trump_puts_project_freedom_on_hold_saying_he.json
[REDDIT][JSON_FETCH][RESULT] post_id=1t54dt3 status=webdriver_error continue=True raw_json_file=
Status: webdriver_error

[34/46] 1t2zhw4 | r/worldnews
Post date: 2026-05-03T22:24:14.619000+00:00
JSON URL: https://www.reddit.com/r/worldnews/comments/1t2zhw4/iran_war_trump_says_us_to_guide_ships_safely_from.json
[REDDIT][JSON_FETCH][START] post_id=1t2zhw4 json_url=https://www.reddit.com/r/worldnews/comments/1t2zhw4/iran_war_trump_says_us_to_guide_ships_safely_from.json
[REDDIT][JSON_FETCH][RESULT] post_id=1t2zhw4 status=webdriver_error continue=True raw_json_file=
Status: webdriver_error

[35/46] 1t2w6p6 | r/worldnews
Post date: 2026-05-03T20:13:17.615000+00:00
JSON URL: https://www.reddit.com/r/worldnews/comments/1t2w6p6/iran_has_proposed_a_14point_plan_to_the_us_to_end.json
[REDDIT][JSON_FETCH][START] post_id=1t2w6p6 json_url=https://www.reddit.com/r/worldnews/comments/1t2w6p6/iran_has_proposed_a_14point_plan_to_the_us_to_end.json
[REDDIT][JSON_FETCH][RESULT] post_id=1t2w6p6 status=webdriver_error continue=True raw_json_file=
Status: webdriver_error

[36/46] 1t1y7yj | r/worldnews
Post date: 2026-05-02T18:47:44.603000+00:00
JSON URL: https://www.reddit.com/r/worldnews/comments/1t1y7yj/iran_military_official_says_war_with_with_us.json
[REDDIT][JSON_FETCH][START] post_id=1t1y7yj json_url=https://www.reddit.com/r/worldnews/comments/1t1y7yj/iran_military_official_says_war_with_with_us.json
[REDDIT][JSON_FETCH][RESULT] post_id=1t1y7yj status=webdriver_error continue=True raw_json_file=
Status: webdriver_error

[37/46] 1t1hp79 | r/worldnews
Post date: 2026-05-02T06:10:47.034000+00:00
JSON URL: https://www.reddit.com/r/worldnews/comments/1t1hp79/us_warned_europeans_of_weapon_delivery_delays_due.json
[REDDIT][JSON_FETCH][START] post_id=1t1hp79 json_url=https://www.reddit.com/r/worldnews/comments/1t1hp79/us_warned_europeans_of_weapon_delivery_delays_due.json
[REDDIT][JSON_FETCH][RESULT] post_id=1t1hp79 status=webdriver_error continue=True raw_json_file=
Status: webdriver_error

[38/46] 1sz3554 | r/worldnews
Post date: 2026-04-29T16:04:11.175000+00:00
JSON URL: https://www.reddit.com/r/worldnews/comments/1sz3554/us_war_in_iran_has_cost_25_billion_so_far_says.json
[REDDIT][JSON_FETCH][START] post_id=1sz3554 json_url=https://www.reddit.com/r/worldnews/comments/1sz3554/us_war_in_iran_has_cost_25_billion_so_far_says.json
[REDDIT][JSON_FETCH][RESULT] post_id=1sz3554 status=webdriver_error continue=True raw_json_file=
Status: webdriver_error

[39/46] 1sxtv4q | r/worldnews
Post date: 2026-04-28T07:00:32.694000+00:00
JSON URL: https://www.reddit.com/r/worldnews/comments/1sxtv4q/king_charles_arrives_in_us_for_trip_overshadowed.json
[REDDIT][JSON_FETCH][START] post_id=1sxtv4q json_url=https://www.reddit.com/r/worldnews/comments/1sxtv4q/king_charles_arrives_in_us_for_trip_overshadowed.json
[REDDIT][JSON_FETCH][RESULT] post_id=1sxtv4q status=webdriver_error continue=True raw_json_file=
Status: webdriver_error

[40/46] 1sxt92h | r/worldnews
Post date: 2026-04-28T06:25:29.087000+00:00
JSON URL: https://www.reddit.com/r/worldnews/comments/1sxt92h/trump_not_happy_with_latest_iran_proposal_to_end.json
[REDDIT][JSON_FETCH][START] post_id=1sxt92h json_url=https://www.reddit.com/r/worldnews/comments/1sxt92h/trump_not_happy_with_latest_iran_proposal_to_end.json
[REDDIT][JSON_FETCH][RESULT] post_id=1sxt92h status=webdriver_error continue=True raw_json_file=
Status: webdriver_error

[41/46] 1sx0fdo | r/worldnews
Post date: 2026-04-27T11:06:52.401000+00:00
JSON URL: https://www.reddit.com/r/worldnews/comments/1sx0fdo/iran_offers_to_reopen_strait_of_hormuz_if_us.json
[REDDIT][JSON_FETCH][START] post_id=1sx0fdo json_url=https://www.reddit.com/r/worldnews/comments/1sx0fdo/iran_offers_to_reopen_strait_of_hormuz_if_us.json
[REDDIT][JSON_FETCH][RESULT] post_id=1sx0fdo status=webdriver_error continue=True raw_json_file=
Status: webdriver_error

[42/46] 1swuj9j | r/worldnews
Post date: 2026-04-27T05:30:13.625000+00:00
JSON URL: https://www.reddit.com/r/worldnews/comments/1swuj9j/us_israel_iran_war_amid_irans_attacks_uae_called.json
[REDDIT][JSON_FETCH][START] post_id=1swuj9j json_url=https://www.reddit.com/r/worldnews/comments/1swuj9j/us_israel_iran_war_amid_irans_attacks_uae_called.json
[REDDIT][JSON_FETCH][RESULT] post_id=1swuj9j status=webdriver_error continue=True raw_json_file=
Status: webdriver_error

[43/46] 1sw0ql5 | r/worldnews
Post date: 2026-04-26T07:21:38.628000+00:00
JSON URL: https://www.reddit.com/r/worldnews/comments/1sw0ql5/iran_war_delays_us_weapons_deliveries_to_estonia.json
[REDDIT][JSON_FETCH][START] post_id=1sw0ql5 json_url=https://www.reddit.com/r/worldnews/comments/1sw0ql5/iran_war_delays_us_weapons_deliveries_to_estonia.json
[REDDIT][JSON_FETCH][RESULT] post_id=1sw0ql5 status=webdriver_error continue=True raw_json_file=
Status: webdriver_error

[44/46] 1svqap3 | r/worldnews
Post date: 2026-04-25T22:43:38.057000+00:00
JSON URL: https://www.reddit.com/r/worldnews/comments/1svqap3/trump_cancels_us_envoys_trip_after_irans_araghchi.json
[REDDIT][JSON_FETCH][START] post_id=1svqap3 json_url=https://www.reddit.com/r/worldnews/comments/1svqap3/trump_cancels_us_envoys_trip_after_irans_araghchi.json
[REDDIT][JSON_FETCH][RESULT] post_id=1svqap3 status=webdriver_error continue=True raw_json_file=
Status: webdriver_error

[45/46] 1svi92e | r/worldnews
Post date: 2026-04-25T17:26:52.453000+00:00
JSON URL: https://www.reddit.com/r/worldnews/comments/1svi92e/trump_cancels_his_envoys_pakistan_trip_for_iran.json
[REDDIT][JSON_FETCH][START] post_id=1svi92e json_url=https://www.reddit.com/r/worldnews/comments/1svi92e/trump_cancels_his_envoys_pakistan_trip_for_iran.json
[REDDIT][JSON_FETCH][RESULT] post_id=1svi92e status=webdriver_error continue=True raw_json_file=
Status: webdriver_error

[46/46] 1sshfjs | r/worldnews
Post date: 2026-04-22T10:23:40.850000+00:00
JSON URL: https://www.reddit.com/r/worldnews/comments/1sshfjs/iran_sees_mass_redundancies_from_war_with_us_and.json
[REDDIT][JSON_FETCH][START] post_id=1sshfjs json_url=https://www.reddit.com/r/worldnews/comments/1sshfjs/iran_sees_mass_redundancies_from_war_with_us_and.json
[REDDIT][JSON_FETCH][RESULT] post_id=1sshfjs status=webdriver_error continue=True raw_json_file=
Status: webdriver_error

Closing Firefox.
[REDDIT][STAGE2][RAW_FETCH_DONE] Parsing all raw JSON files into native comment/submission outputs.
[REDDIT][COMMENTS_CSV][WRITE_START] rows=527 include_week=False file=C:\Users\hnade\OneDrive\Desktop\PipeLine\v_5 - Copy\group-pipeline-with-monitoring\repo\data\interim\reddit\raw_json_audit\comments_from_raw_json.csv
[REDDIT][COMMENTS_CSV][SAVED] rows=527 bytes=237806 file=C:\Users\hnade\OneDrive\Desktop\PipeLine\v_5 - Copy\group-pipeline-with-monitoring\repo\data\interim\reddit\raw_json_audit\comments_from_raw_json.csv
[REDDIT][SUBMISSIONS_CSV][WRITE_START] rows=8 file=C:\Users\hnade\OneDrive\Desktop\PipeLine\v_5 - Copy\group-pipeline-with-monitoring\repo\data\interim\reddit\raw_json_audit\submissions_from_raw_json.csv
[REDDIT][SUBMISSIONS_CSV][SAVED] rows=8 file=C:\Users\hnade\OneDrive\Desktop\PipeLine\v_5 - Copy\group-pipeline-with-monitoring\repo\data\interim\reddit\raw_json_audit\submissions_from_raw_json.csv
[REDDIT][COMMENTS_CSV][WRITE_START] rows=526 include_week=True file=C:\Users\hnade\OneDrive\Desktop\PipeLine\v_5 - Copy\group-pipeline-with-monitoring\repo\data\interim\reddit\raw_json_audit\comments_project_window.csv
[REDDIT][COMMENTS_CSV][SAVED] rows=526 bytes=239476 file=C:\Users\hnade\OneDrive\Desktop\PipeLine\v_5 - Copy\group-pipeline-with-monitoring\repo\data\interim\reddit\raw_json_audit\comments_project_window.csv

===============================================================================================
WEEKLY COVERAGE FROM SAVED RAW JSON
===============================================================================================
Week    Comments     Posts     Users      Subs       Top   Replies      Status
-----------------------------------------------------------------------------------------------
W01            0         0         0         0         0         0       EMPTY
W02            0         0         0         0         0         0       EMPTY
W03            0         0         0         0         0         0       EMPTY
W04            0         0         0         0         0         0       EMPTY
W05            0         0         0         0         0         0       EMPTY
W06            0         0         0         0         0         0       EMPTY
W07            0         0         0         0         0         0       EMPTY
W08            0         0         0         0         0         0       EMPTY
W09            0         0         0         0         0         0       EMPTY
W10            0         0         0         0         0         0       EMPTY
W11            0         0         0         0         0         0       EMPTY
W12            0         0         0         0         0         0       EMPTY
W13            0         0         0         0         0         0       EMPTY
W14            0         0         0         0         0         0       EMPTY
W15            0         0         0         0         0         0       EMPTY
W16            0         0         0         0         0         0       EMPTY
W17            0         0         0         0         0         0       EMPTY
W18          198         1       176         1        72       126          OK
W19           45         2        41         1        18        27          OK
W20           60         4        35         1        11        49          OK
W21          223         2       192         1        63       160          OK

========================================================================================
OFFLINE OUTPUT SUMMARY
========================================================================================
Raw JSON files: 8
Parsed comments: 527
Comments inside project window: 526
Comments CSV: C:\Users\hnade\OneDrive\Desktop\PipeLine\v_5 - Copy\group-pipeline-with-monitoring\repo\data\interim\reddit\raw_json_audit\comments_from_raw_json.csv
Window comments CSV: C:\Users\hnade\OneDrive\Desktop\PipeLine\v_5 - Copy\group-pipeline-with-monitoring\repo\data\interim\reddit\raw_json_audit\comments_project_window.csv
Coverage CSV: C:\Users\hnade\OneDrive\Desktop\PipeLine\v_5 - Copy\group-pipeline-with-monitoring\repo\data\interim\reddit\raw_json_audit\weekly_coverage_W01_W21.csv

Unexpanded 'more' nodes (posts affected: 2, total 'more' nodes: 156, estimated comments not collected: ~1873) -> C:\Users\hnade\OneDrive\Desktop\PipeLine\v_5 - Copy\group-pipeline-with-monitoring\repo\data\interim\reddit\raw_json_audit\more_nodes_not_expanded.csv

Submissions parsed: 8 (self-posts with body text: 0, link/no-text posts: 8) -> C:\Users\hnade\OneDrive\Desktop\PipeLine\v_5 - Copy\group-pipeline-with-monitoring\repo\data\interim\reddit\raw_json_audit\submissions_from_raw_json.csv
[REDDIT][STAGE2][DONE] Raw JSON collection + native offline outputs completed.
===== OVERLAY END | exit=0 | duration=53.2s =====


===== OVERLAY START 2026-08-14 10:40:46 | reddit_comments =====

========================================================================
CONTROL CENTER RUNTIME ADAPTER — reddit_comments
Original pipeline files: UNCHANGED
JSON_PAGE_PAUSE_SECONDS: 4.0
JSON_PAGE_TIMEOUT_SECONDS: 25
HTTP_PROBE_TIMEOUT_SECONDS: 10
PARENT_LOOKBACK_DAYS: 14
RESUME_EXISTING_JSON: True
MAX_POSTS: ALL
========================================================================


========================================================================================
REDDIT STAGE-1 -> STAGE-2 HANDOFF PRECHECK
========================================================================================
[REDDIT][HANDOFF] parent_dir=C:\Users\hnade\OneDrive\Desktop\New folder\repo\data\raw\reddit\parent_posts
[REDDIT][HANDOFF] parent_files_found=2
[REDDIT][HANDOFF][INPUT_FILE] C:\Users\hnade\OneDrive\Desktop\New folder\repo\data\raw\reddit\parent_posts\RQ-001_RD-001_reddit_parent_posts.csv
[REDDIT][HANDOFF][INPUT_FILE] C:\Users\hnade\OneDrive\Desktop\New folder\repo\data\raw\reddit\parent_posts\RQ-CUSTOM-001_r_all_reddit_parent_posts.csv
Reading: RQ-001_RD-001_reddit_parent_posts.csv
Reading: RQ-CUSTOM-001_r_all_reddit_parent_posts.csv

Parent merge summary
Unique parent posts: 129
Eligible for JSON collection: 80
Skipped because parent post is outside 14-day lookback + project window: 49
Unknown post dates kept for safety: 7
[REDDIT][HANDOFF] unique_parent_posts=129
[REDDIT][HANDOFF] eligible_for_json=80
[REDDIT][HANDOFF] selected_after_MAX_POSTS=80
[REDDIT][HANDOFF] existing_raw_json=0
[REDDIT][HANDOFF] pending_json_fetch=80
[REDDIT][JSON_QUEUE][1/80] state=PENDING post_id=1v3n17q created_at=2026-07-22T17:32:55.122000+00:00 json_url=https://www.reddit.com/r/worldnews/comments/1v3n17q/rubio_meets_chinas_wang_at_regional_gathering.json
[REDDIT][JSON_QUEUE][2/80] state=PENDING post_id=1v3elmb created_at=2026-07-22T12:22:52.904000+00:00 json_url=https://www.reddit.com/r/worldnews/comments/1v3elmb/jd_vance_accuses_israel_of_manipulating_us_public.json
[REDDIT][JSON_QUEUE][3/80] state=PENDING post_id=1v2pu2q created_at=2026-07-21T17:53:12.266000+00:00 json_url=https://www.reddit.com/r/worldnews/comments/1v2pu2q/tankers_with_saudi_crude_turn_back_as_houthis.json
[REDDIT][JSON_QUEUE][4/80] state=PENDING post_id=1v2e0z5 created_at=2026-07-21T10:01:21.365000+00:00 json_url=https://www.reddit.com/r/worldnews/comments/1v2e0z5/israeli_media_says_turkey_was_ready_to_intervene.json
[REDDIT][JSON_QUEUE][5/80] state=PENDING post_id=1v1tifk created_at=2026-07-20T18:20:41.366000+00:00 json_url=https://www.reddit.com/r/worldnews/comments/1v1tifk/araghchi_says_turkey_helped_prevent_kurdish.json
[REDDIT][JSON_QUEUE][6/80] state=PENDING post_id=1uy6pyl created_at=2026-07-16T15:51:23.345000+00:00 json_url=https://www.reddit.com/r/worldnews/comments/1uy6pyl/estonia_says_us_arms_delayed_over_iran_war_will.json
[REDDIT][JSON_QUEUE][7/80] state=PENDING post_id=1uxbtl0 created_at=2026-07-15T17:01:18.137000+00:00 json_url=https://www.reddit.com/r/worldnews/comments/1uxbtl0/iran_ramps_up_execution_of_political_prisoners.json
[REDDIT][JSON_QUEUE][8/80] state=PENDING post_id=1ux53o3 created_at=2026-07-15T12:56:38.326000+00:00 json_url=https://www.reddit.com/r/worldnews/comments/1ux53o3/iran_ramps_up_execution_of_political_prisoners.json
[REDDIT][JSON_QUEUE][9/80] state=PENDING post_id=1uw013m created_at=2026-07-14T05:54:31.192000+00:00 json_url=https://www.reddit.com/r/worldnews/comments/1uw013m/war_and_economic_crisis_complicate_efforts_to.json
[REDDIT][JSON_QUEUE][10/80] state=PENDING post_id=1usl3rp created_at=2026-07-10T11:35:46.566000+00:00 json_url=https://www.reddit.com/r/worldnews/comments/1usl3rp/iran_war_20_slams_asia_back_into_the_blast_zone.json
[REDDIT][JSON_QUEUE][11/80] state=PENDING post_id=1usd09i created_at=2026-07-10T04:13:05.065000+00:00 json_url=https://www.reddit.com/r/worldnews/comments/1usd09i/us_military_denies_involvement_after_explosions.json
[REDDIT][JSON_QUEUE][12/80] state=PENDING post_id=1uru3pm created_at=2026-07-09T15:47:22.561000+00:00 json_url=https://www.reddit.com/r/worldnews/comments/1uru3pm/russia_swings_to_june_budget_surplus_on_oil_rally.json
[REDDIT][JSON_QUEUE][13/80] state=PENDING post_id=1urcjj0 created_at=2026-07-09T01:50:51.256000+00:00 json_url=https://www.reddit.com/r/worldnews/comments/1urcjj0/usisraeliran_war_latest_news_medvedev_warns_of.json
[REDDIT][JSON_QUEUE][14/80] state=PENDING post_id=1ur0mde created_at=2026-07-08T18:08:10.557000+00:00 json_url=https://www.reddit.com/r/worldnews/comments/1ur0mde/uaes_gargash_says_iran_unable_to_turn_the_page_on.json
[REDDIT][JSON_QUEUE][15/80] state=PENDING post_id=1ul4rfn created_at=2026-07-02T01:49:03.126000+00:00 json_url=https://www.reddit.com/r/worldnews/comments/1ul4rfn/us_reportedly_mulls_pulling_troops_from_saudi.json
[REDDIT][JSON_QUEUE][16/80] state=PENDING post_id=1uk8nug created_at=2026-07-01T02:07:59.780000+00:00 json_url=https://www.reddit.com/r/worldnews/comments/1uk8nug/us_president_donald_trump_weighs_allout_war_on.json
[REDDIT][JSON_QUEUE][17/80] state=PENDING post_id=1ujpfqk created_at=2026-06-30T13:35:19.369000+00:00 json_url=https://www.reddit.com/r/worldnews/comments/1ujpfqk/us_envoys_arrive_in_qatar_for_meetings_on_iran.json
[REDDIT][JSON_QUEUE][18/80] state=PENDING post_id=1uholq5 created_at=2026-06-28T05:26:24.708000+00:00 json_url=https://www.reddit.com/r/worldnews/comments/1uholq5/iran_attacks_bahrain_and_kuwait_following_us.json
[REDDIT][JSON_QUEUE][19/80] state=PENDING post_id=1uh1kwa created_at=2026-06-27T12:31:44.357000+00:00 json_url=https://www.reddit.com/r/worldnews/comments/1uh1kwa/iran_says_it_hit_us_targets_as_tensions_over.json
[REDDIT][JSON_QUEUE][20/80] state=PENDING post_id=1uee6am created_at=2026-06-24T13:53:50.721000+00:00 json_url=https://www.reddit.com/r/worldnews/comments/1uee6am/italy_rebukes_natos_rutte_over_remarks_on_us_use.json
[REDDIT][JSON_QUEUE][21/80] state=PENDING post_id=1u7ebmm created_at=2026-06-16T13:57:28.486000+00:00 json_url=https://www.reddit.com/r/worldnews/comments/1u7ebmm/iran_says_the_us_war_deal_requires_israel_to.json
[REDDIT][JSON_QUEUE][22/80] state=PENDING post_id=1u6c7ou created_at=2026-06-15T10:01:45.292000+00:00 json_url=https://www.reddit.com/r/worldnews/comments/1u6c7ou/iran_and_us_reach_a_tentative_deal_to_end_war_as.json
[REDDIT][JSON_QUEUE][23/80] state=PENDING post_id=1u633xv created_at=2026-06-15T01:49:49.366000+00:00 json_url=https://www.reddit.com/r/worldnews/comments/1u633xv/us_iran_reach_preliminary_agreement_to_end_war.json
[REDDIT][JSON_QUEUE][24/80] state=PENDING post_id=1u4yl9l created_at=2026-06-13T18:37:28.159000+00:00 json_url=https://www.reddit.com/r/worldnews/comments/1u4yl9l/secret_qatari_protection_deal_presented_to_iran.json
[REDDIT][JSON_QUEUE][25/80] state=PENDING post_id=1twexmc created_at=2026-06-04T06:03:05.795000+00:00 json_url=https://www.reddit.com/r/worldnews/comments/1twexmc/iran_links_the_end_of_the_war_with_the_us_and.json
[REDDIT][JSON_QUEUE][26/80] state=PENDING post_id=1trsrsg created_at=2026-05-30T07:09:56.435000+00:00 json_url=https://www.reddit.com/r/worldnews/comments/1trsrsg/tehran_denies_us_claims_of_extension_to_iran_war.json
[REDDIT][JSON_QUEUE][27/80] state=PENDING post_id=1tmhpc0 created_at=2026-05-24T17:00:18.406000+00:00 json_url=https://www.reddit.com/r/worldnews/comments/1tmhpc0/iran_executes_person_for_sending_information_to.json
[REDDIT][JSON_QUEUE][28/80] state=PENDING post_id=1tkpesv created_at=2026-05-22T17:15:50.732000+00:00 json_url=https://www.reddit.com/r/worldnews/comments/1tkpesv/us_navy_chief_says_14bn_arms_sale_to_taiwan.json
[REDDIT][JSON_QUEUE][29/80] state=PENDING post_id=1tkkjko created_at=2026-05-22T14:24:45.720000+00:00 json_url=https://www.reddit.com/r/worldnews/comments/1tkkjko/qatari_negotiating_team_in_tehran_to_try_to_help.json
[REDDIT][JSON_QUEUE][30/80] state=PENDING post_id=1tibfua created_at=2026-05-20T04:54:16.324000+00:00 json_url=https://www.reddit.com/r/worldnews/comments/1tibfua/iran_warns_it_could_open_up_new_fronts_in_war.json
[REDDIT][JSON_QUEUE][31/80] state=PENDING post_id=1thsglp created_at=2026-05-19T16:39:38.744000+00:00 json_url=https://www.reddit.com/r/worldnews/comments/1thsglp/drone_strikes_uae_nuclear_plant_as_us_and_iran.json
[REDDIT][JSON_QUEUE][32/80] state=PENDING post_id=1thgigr created_at=2026-05-19T08:25:35.098000+00:00 json_url=https://www.reddit.com/r/worldnews/comments/1thgigr/iran_says_peace_proposal_includes_reparations_for.json
[REDDIT][JSON_QUEUE][33/80] state=PENDING post_id=1tc1s0i created_at=2026-05-13T14:44:55.801000+00:00 json_url=https://www.reddit.com/r/worldnews/comments/1tc1s0i/chinese_supertanker_breaks_through_usiran_war.json
[REDDIT][JSON_QUEUE][34/80] state=PENDING post_id=1t9yh7e created_at=2026-05-11T09:46:42.061000+00:00 json_url=https://www.reddit.com/r/worldnews/comments/1t9yh7e/iran_executes_alleged_mossad_spy_erfan.json
[REDDIT][JSON_QUEUE][35/80] state=PENDING post_id=1t85jal created_at=2026-05-09T13:49:09.495000+00:00 json_url=https://www.reddit.com/r/worldnews/comments/1t85jal/merz_says_europe_wants_a_strong_nato_and_shares.json
[REDDIT][JSON_QUEUE][36/80] state=PENDING post_id=1t6wtx1 created_at=2026-05-08T03:57:18.928000+00:00 json_url=https://www.reddit.com/r/worldnews/comments/1t6wtx1/iran_considering_us_proposal_as_trump_says_war.json
[REDDIT][JSON_QUEUE][37/80] state=PENDING post_id=1t6qsi3 created_at=2026-05-07T23:17:46.891000+00:00 json_url=https://www.reddit.com/r/worldnews/comments/1t6qsi3/trump_calls_us_bombing_iran_a_love_tap_as.json
[REDDIT][JSON_QUEUE][38/80] state=PENDING post_id=1t6b4lh created_at=2026-05-07T13:49:37.319000+00:00 json_url=https://www.reddit.com/r/worldnews/comments/1t6b4lh/iran_reviewing_us_proposal_as_trump_pressures.json
[REDDIT][JSON_QUEUE][39/80] state=PENDING post_id=1t624xl created_at=2026-05-07T06:16:43.399000+00:00 json_url=https://www.reddit.com/r/worldnews/comments/1t624xl/us_fires_on_iranianflagged_oil_tanker_as_trump.json
[REDDIT][JSON_QUEUE][40/80] state=PENDING post_id=1t5dz13 created_at=2026-05-06T14:06:38.892000+00:00 json_url=https://www.reddit.com/r/worldnews/comments/1t5dz13/pakistani_source_confirms_us_iran_closing_in_on.json
[REDDIT][JSON_QUEUE][41/80] state=PENDING post_id=1t5bjbt created_at=2026-05-06T12:32:39.874000+00:00 json_url=https://www.reddit.com/r/worldnews/comments/1t5bjbt/iran_war_to_be_over_trump_says_epic_fury_will_end.json
[REDDIT][JSON_QUEUE][42/80] state=PENDING post_id=1t59yno created_at=2026-05-06T11:22:47.486000+00:00 json_url=https://www.reddit.com/r/worldnews/comments/1t59yno/us_and_iran_close_to_onepage_memorandum_to_end.json
[REDDIT][JSON_QUEUE][43/80] state=PENDING post_id=1t54dt3 created_at=2026-05-06T06:05:05.854000+00:00 json_url=https://www.reddit.com/r/worldnews/comments/1t54dt3/trump_puts_project_freedom_on_hold_saying_he.json
[REDDIT][JSON_QUEUE][44/80] state=PENDING post_id=1t2zhw4 created_at=2026-05-03T22:24:14.619000+00:00 json_url=https://www.reddit.com/r/worldnews/comments/1t2zhw4/iran_war_trump_says_us_to_guide_ships_safely_from.json
[REDDIT][JSON_QUEUE][45/80] state=PENDING post_id=1t2w6p6 created_at=2026-05-03T20:13:17.615000+00:00 json_url=https://www.reddit.com/r/worldnews/comments/1t2w6p6/iran_has_proposed_a_14point_plan_to_the_us_to_end.json
[REDDIT][JSON_QUEUE][46/80] state=PENDING post_id=1t1y7yj created_at=2026-05-02T18:47:44.603000+00:00 json_url=https://www.reddit.com/r/worldnews/comments/1t1y7yj/iran_military_official_says_war_with_with_us.json
[REDDIT][JSON_QUEUE][47/80] state=PENDING post_id=1t1hp79 created_at=2026-05-02T06:10:47.034000+00:00 json_url=https://www.reddit.com/r/worldnews/comments/1t1hp79/us_warned_europeans_of_weapon_delivery_delays_due.json
[REDDIT][JSON_QUEUE][48/80] state=PENDING post_id=1sz3554 created_at=2026-04-29T16:04:11.175000+00:00 json_url=https://www.reddit.com/r/worldnews/comments/1sz3554/us_war_in_iran_has_cost_25_billion_so_far_says.json
[REDDIT][JSON_QUEUE][49/80] state=PENDING post_id=1sxtv4q created_at=2026-04-28T07:00:32.694000+00:00 json_url=https://www.reddit.com/r/worldnews/comments/1sxtv4q/king_charles_arrives_in_us_for_trip_overshadowed.json
[REDDIT][JSON_QUEUE][50/80] state=PENDING post_id=1sxt92h created_at=2026-04-28T06:25:29.087000+00:00 json_url=https://www.reddit.com/r/worldnews/comments/1sxt92h/trump_not_happy_with_latest_iran_proposal_to_end.json
[REDDIT][JSON_QUEUE][51/80] state=PENDING post_id=1sx0fdo created_at=2026-04-27T11:06:52.401000+00:00 json_url=https://www.reddit.com/r/worldnews/comments/1sx0fdo/iran_offers_to_reopen_strait_of_hormuz_if_us.json
[REDDIT][JSON_QUEUE][52/80] state=PENDING post_id=1swuj9j created_at=2026-04-27T05:30:13.625000+00:00 json_url=https://www.reddit.com/r/worldnews/comments/1swuj9j/us_israel_iran_war_amid_irans_attacks_uae_called.json
[REDDIT][JSON_QUEUE][53/80] state=PENDING post_id=1sw0ql5 created_at=2026-04-26T07:21:38.628000+00:00 json_url=https://www.reddit.com/r/worldnews/comments/1sw0ql5/iran_war_delays_us_weapons_deliveries_to_estonia.json
[REDDIT][JSON_QUEUE][54/80] state=PENDING post_id=1svqap3 created_at=2026-04-25T22:43:38.057000+00:00 json_url=https://www.reddit.com/r/worldnews/comments/1svqap3/trump_cancels_us_envoys_trip_after_irans_araghchi.json
[REDDIT][JSON_QUEUE][55/80] state=PENDING post_id=1svi92e created_at=2026-04-25T17:26:52.453000+00:00 json_url=https://www.reddit.com/r/worldnews/comments/1svi92e/trump_cancels_his_envoys_pakistan_trip_for_iran.json
[REDDIT][JSON_QUEUE][56/80] state=PENDING post_id=1sshfjs created_at=2026-04-22T10:23:40.850000+00:00 json_url=https://www.reddit.com/r/worldnews/comments/1sshfjs/iran_sees_mass_redundancies_from_war_with_us_and.json
[REDDIT][JSON_QUEUE][57/80] state=PENDING post_id=1ss921l created_at=2026-04-22T02:51:12.884000+00:00 json_url=https://www.reddit.com/r/worldnews/comments/1ss921l/iran_sees_mass_redundancies_from_war_with_us_and.json
[REDDIT][JSON_QUEUE][58/80] state=PENDING post_id=1sr65ld created_at=2026-04-20T23:06:46.477000+00:00 json_url=https://www.reddit.com/r/worldnews/comments/1sr65ld/trump_offers_mixed_messages_about_path_ahead_for.json
[REDDIT][JSON_QUEUE][59/80] state=PENDING post_id=1sr3651 created_at=2026-04-20T21:11:05.863000+00:00 json_url=https://www.reddit.com/r/worldnews/comments/1sr3651/us_spending_on_reckless_iran_war_could_have_saved.json
[REDDIT][JSON_QUEUE][60/80] state=PENDING post_id=1spdyh6 created_at=2026-04-19T00:21:31.070000+00:00 json_url=https://www.reddit.com/r/worldnews/comments/1spdyh6/diplomatic_cables_show_iran_war_is_damaging_us_on.json
[REDDIT][JSON_QUEUE][61/80] state=PENDING post_id=1so555l created_at=2026-04-17T15:59:39.544000+00:00 json_url=https://www.reddit.com/r/worldnews/comments/1so555l/us_to_delay_weapons_deliveries_to_some_european.json
[REDDIT][JSON_QUEUE][62/80] state=PENDING post_id=1smyiz8 created_at=2026-04-16T09:28:56.681000+00:00 json_url=https://www.reddit.com/r/worldnews/comments/1smyiz8/us_war_on_iran_was_a_mistake_says_uk_chancellor.json
[REDDIT][JSON_QUEUE][63/80] state=PENDING post_id=1smp1x8 created_at=2026-04-16T01:14:44.748000+00:00 json_url=https://www.reddit.com/r/worldnews/comments/1smp1x8/trump_says_war_very_close_to_being_over_as_us.json
[REDDIT][JSON_QUEUE][64/80] state=PENDING post_id=1smc1z2 created_at=2026-04-15T17:02:39.483000+00:00 json_url=https://www.reddit.com/r/worldnews/comments/1smc1z2/who_says_vaccinations_save_millions_in_africa_but.json
[REDDIT][JSON_QUEUE][65/80] state=PENDING post_id=1smbhw0 created_at=2026-04-15T16:42:58.819000+00:00 json_url=https://www.reddit.com/r/worldnews/comments/1smbhw0/chancellor_rachel_reeves_calls_usisraeli_war_on.json
[REDDIT][JSON_QUEUE][66/80] state=PENDING post_id=1sl0fqt created_at=2026-04-14T06:18:27.294000+00:00 json_url=https://www.reddit.com/r/worldnews/comments/1sl0fqt/us_starts_naval_blockade_of_iranian_ports_after.json
[REDDIT][JSON_QUEUE][67/80] state=PENDING post_id=1sklr98 created_at=2026-04-13T19:46:37.804000+00:00 json_url=https://www.reddit.com/r/worldnews/comments/1sklr98/trump_did_not_speak_with_the_chinese_leader_but.json
[REDDIT][JSON_QUEUE][68/80] state=PENDING post_id=1sklj4v created_at=2026-04-13T19:38:47.744000+00:00 json_url=https://www.reddit.com/r/worldnews/comments/1sklj4v/turkey_also_tries_to_mediate_an_end_to_the.json
[REDDIT][JSON_QUEUE][69/80] state=PENDING post_id=1sit5bu created_at=2026-04-11T19:55:16.569000+00:00 json_url=https://www.reddit.com/r/worldnews/comments/1sit5bu/pope_leo_xiv_denounces_the_delusion_of.json
[REDDIT][JSON_QUEUE][70/80] state=PENDING post_id=1siglep created_at=2026-04-11T11:30:26.133000+00:00 json_url=https://www.reddit.com/r/worldnews/comments/1siglep/iran_war_us_official_denies_claims_washington.json
[REDDIT][JSON_QUEUE][71/80] state=PENDING post_id=1ryc3q5 created_at=2026-03-19T20:54:22.589000+00:00 json_url=https://www.reddit.com/r/worldnews/comments/1ryc3q5/us_approves_165bn_arms_deal_to_gulf_states_amid.json
[REDDIT][JSON_QUEUE][72/80] state=PENDING post_id=1rgb5xk created_at=2026-02-27T16:21:52.962000+00:00 json_url=https://www.reddit.com/r/worldnews/comments/1rgb5xk/uk_withdraws_tehran_embassy_staff_as_usiran.json
[REDDIT][JSON_QUEUE][73/80] state=PENDING post_id=1re9ate created_at=2026-02-25T10:06:01.370000+00:00 json_url=https://www.reddit.com/r/worldnews/comments/1re9ate/indias_modi_visits_israel_as_usiran_tensions_mount.json
[REDDIT][JSON_QUEUE][74/80] state=PENDING post_id=1vhocq0 created_at= json_url=https://www.reddit.com/r/worldnews/comments/1vhocq0/petrobras_profit_jumps_80_tops_estimates_on_iran.json
[REDDIT][JSON_QUEUE][75/80] state=PENDING post_id=1vkr87r created_at= json_url=https://www.reddit.com/r/worldnews/comments/1vkr87r/saudi_arabia_used_86_of_its_patriot_missile.json
[REDDIT][JSON_QUEUE][76/80] state=PENDING post_id=1vlegdf created_at= json_url=https://www.reddit.com/r/worldnews/comments/1vlegdf/iran_appoints_new_military_chiefs_as_usiran_war.json
[REDDIT][JSON_QUEUE][77/80] state=PENDING post_id=1vlizc1 created_at= json_url=https://www.reddit.com/r/worldnews/comments/1vlizc1/trump_pivots_back_to_sanctions_for_iran_as_other.json
[REDDIT][JSON_QUEUE][78/80] state=PENDING post_id=1vn66q3 created_at= json_url=https://www.reddit.com/r/worldnews/comments/1vn66q3/saudi_arabia_turns_to_muslim_military.json
[REDDIT][JSON_QUEUE][79/80] state=PENDING post_id=1vn9dwp created_at= json_url=https://www.reddit.com/r/worldnews/comments/1vn9dwp/south_korean_airport_becomes_busiest_in_world_for.json
[REDDIT][JSON_QUEUE][80/80] state=PENDING post_id=1vnkf0x created_at= json_url=https://www.reddit.com/r/worldnews/comments/1vnkf0x/iran_rapidly_rebuilding_ballistic_missile_arsenal.json
[REDDIT][STAGE2][START] Opening native Raw JSON collector.

========================================================================================
RAW REDDIT JSON COLLECTION VIA FIREFOX
========================================================================================
Eligible posts: 80
Pause between JSON pages: 4.0s
Priority: project-window parent posts first, then pre-project buffer posts.

[1/80] 1v3n17q | r/worldnews
Post date: 2026-07-22T17:32:55.122000+00:00
JSON URL: https://www.reddit.com/r/worldnews/comments/1v3n17q/rubio_meets_chinas_wang_at_regional_gathering.json
[REDDIT][JSON_FETCH][START] post_id=1v3n17q json_url=https://www.reddit.com/r/worldnews/comments/1v3n17q/rubio_meets_chinas_wang_at_regional_gathering.json
[REDDIT][JSON_FETCH][RESULT] post_id=1v3n17q status=saved_raw_json continue=True raw_json_file=C:\Users\hnade\OneDrive\Desktop\New folder\repo\data\interim\reddit\raw_json_audit\raw_reddit_json\1v3n17q.json
[REDDIT][RAW_JSON][SAVED_AND_PARSED] post_id=1v3n17q bytes=50793 comments=15 more_nodes=0 submission=yes
[REDDIT][POST][PARSED] post_id=1v3n17q subreddit=worldnews title="Rubio meets China's Wang at regional gathering where Iran war looms large"
[REDDIT][COMMENT][PARSED] comment_id=oz49mm9 post_id=1v3n17q parent_id=t3_1v3n17q depth=0 created_at=2026-07-22T17:34:55+00:00 text="Say what now?!?"
[REDDIT][COMMENT][PARSED] comment_id=oz4aw82 post_id=1v3n17q parent_id=t3_1v3n17q depth=0 created_at=2026-07-22T17:40:04+00:00 text="How often is he seeing China’s Wang? "
[REDDIT][COMMENT][PARSED] comment_id=oz4to3w post_id=1v3n17q parent_id=t1_oz4aw82 depth=1 created_at=2026-07-22T18:57:01+00:00 text="enough for it to loom large."
[REDDIT][COMMENT][PARSED] comment_id=oz4es74 post_id=1v3n17q parent_id=t3_1v3n17q depth=0 created_at=2026-07-22T17:55:37+00:00 text="If push came to shove do you think Rubio could take Wang? "
[REDDIT][COMMENT][PARSED] comment_id=oz4tcp7 post_id=1v3n17q parent_id=t1_oz4es74 depth=1 created_at=2026-07-22T18:55:42+00:00 text="Definitely, Wang's like 70 years old."
[REDDIT][COMMENT][PARSED] comment_id=oz4faxy post_id=1v3n17q parent_id=t3_1v3n17q depth=0 created_at=2026-07-22T17:57:43+00:00 text="THAT AUTHOR KNEW EXACTLY WHAT THEY WERE DOING! &gt;:( "
[REDDIT][COMMENT][PARSED] comment_id=oz4j60c post_id=1v3n17q parent_id=t3_1v3n17q depth=0 created_at=2026-07-22T18:13:33+00:00 text="Little Marco meeting Big Wang."
[REDDIT][COMMENT][PARSED] comment_id=oz4vq7a post_id=1v3n17q parent_id=t3_1v3n17q depth=0 created_at=2026-07-22T19:05:42+00:00 text="hahaha  are we still doing phrasing?"
[REDDIT][COMMENT][PARSED] comment_id=oz4x9yt post_id=1v3n17q parent_id=t1_oz4vq7a depth=1 created_at=2026-07-22T19:12:17+00:00 text="You know the author cackled to themself at the opportunity for this headline"
[REDDIT][COMMENT][PARSED] comment_id=oz4gtlq post_id=1v3n17q parent_id=t3_1v3n17q depth=0 created_at=2026-07-22T18:03:55+00:00 text="Hope he doesn't get distracted by an enormous flying..."
[REDDIT][COMMENT][PARSED] comment_id=ozdudk2 post_id=1v3n17q parent_id=t3_1v3n17q depth=0 created_at=2026-07-23T23:32:24+00:00 text="I hear this place is restricted, Wang, so don't tell 'em you're Jewish, okay?"
[REDDIT][COMMENT][PARSED] comment_id=oz49u3v post_id=1v3n17q parent_id=t3_1v3n17q depth=0 created_at=2026-07-22T17:35:46+00:00 text="[deleted]"
[REDDIT][COMMENT][PARSED] comment_id=oz4ee55 post_id=1v3n17q parent_id=t3_1v3n17q depth=0 created_at=2026-07-22T17:54:03+00:00 text="“China’s Wang” Beavis and Butthead snicker"
[REDDIT][COMMENT][PARSED] comment_id=oz5qipk post_id=1v3n17q parent_id=t3_1v3n17q depth=0 created_at=2026-07-22T21:18:23+00:00 text="They lost me at Wang."
[REDDIT][COMMENT][PARSED] comment_id=oz6ex8o post_id=1v3n17q parent_id=t3_1v3n17q depth=0 created_at=2026-07-22T23:17:37+00:00 text="\"Rubio...and Wang discussed...length...need to lay...by Xi, and...their job to manage the big differences between the two...and ensure they did...get out of control.\""
Status: saved_raw_json

[2/80] 1v3elmb | r/worldnews
Post date: 2026-07-22T12:22:52.904000+00:00
JSON URL: https://www.reddit.com/r/worldnews/comments/1v3elmb/jd_vance_accuses_israel_of_manipulating_us_public.json
[REDDIT][JSON_FETCH][START] post_id=1v3elmb json_url=https://www.reddit.com/r/worldnews/comments/1v3elmb/jd_vance_accuses_israel_of_manipulating_us_public.json
[REDDIT][JSON_FETCH][RESULT] post_id=1v3elmb status=saved_raw_json continue=True raw_json_file=C:\Users\hnade\OneDrive\Desktop\New folder\repo\data\interim\reddit\raw_json_audit\raw_reddit_json\1v3elmb.json
[REDDIT][RAW_JSON][SAVED_AND_PARSED] post_id=1v3elmb bytes=1235101 comments=199 more_nodes=101 submission=yes
[REDDIT][POST][PARSED] post_id=1v3elmb subreddit=worldnews title="JD Vance accuses Israel of 'manipulating' US public opinion to prolong Iran war"
[REDDIT][COMMENT][PARSED] comment_id=oz2aei5 post_id=1v3elmb parent_id=t3_1v3elmb depth=0 created_at=2026-07-22T12:22:53+00:00 text="This submission from bbc.com is behind a dynamic paywall and may be unavailable in the United States. On the 26th of June 2025, the BBC implemented a dynamic paywall on [its websit"
[REDDIT][COMMENT][PARSED] comment_id=oz2gk85 post_id=1v3elmb parent_id=t3_1v3elmb depth=0 created_at=2026-07-22T12:54:48+00:00 text="Vance is prepping himself for the 2028 run. I do not see another explanation for what he’s doing. "
[REDDIT][COMMENT][PARSED] comment_id=oz2xv5o post_id=1v3elmb parent_id=t1_oz2gk85 depth=1 created_at=2026-07-22T14:15:41+00:00 text="No, he's flailing right now because he's been sidelined and Rubio is now being positioned as Trump's successor for 2028."
[REDDIT][COMMENT][PARSED] comment_id=oz31tgs post_id=1v3elmb parent_id=t1_oz2xv5o depth=2 created_at=2026-07-22T14:32:56+00:00 text="Curious how that works for him saying this when it was the POTUS who started the war and continuously prolonging it"
[REDDIT][COMMENT][PARSED] comment_id=oz346d5 post_id=1v3elmb parent_id=t1_oz31tgs depth=3 created_at=2026-07-22T14:43:05+00:00 text="1. Vance never supported the war. From day 1 he clearly opposed it. Unlike Rubio sucking the Trump teet.  2. Maga not a fan of Israel. See conspiracy.  3. Politically better to pos"
[REDDIT][COMMENT][PARSED] comment_id=oz3fl1t post_id=1v3elmb parent_id=t1_oz346d5 depth=4 created_at=2026-07-22T15:31:25+00:00 text="Vance also originally did not support Trump, and yet he ended up his VP  In other words, Vance's word cannot be trusted at all"
[REDDIT][COMMENT][PARSED] comment_id=oz3sb17 post_id=1v3elmb parent_id=t1_oz3fl1t depth=5 created_at=2026-07-22T16:24:22+00:00 text="That and he just out right said he would make shit up if it advanced his agenda "
[REDDIT][COMMENT][PARSED] comment_id=oz4m882 post_id=1v3elmb parent_id=t1_oz3sb17 depth=6 created_at=2026-07-22T18:26:07+00:00 text="\"The rules were that you guys weren't going to fact check\""
[REDDIT][COMMENT][PARSED] comment_id=oz4g7tz post_id=1v3elmb parent_id=t1_oz3sb17 depth=6 created_at=2026-07-22T18:01:27+00:00 text="I mean, half his book was just made up shit. "
[REDDIT][COMMENT][PARSED] comment_id=oz4ke4t post_id=1v3elmb parent_id=t1_oz4g7tz depth=7 created_at=2026-07-22T18:18:34+00:00 text="and they still kept in the couch fucking? l m f a o"
[REDDIT][COMMENT][PARSED] comment_id=oz4lrhd post_id=1v3elmb parent_id=t1_oz4ke4t depth=8 created_at=2026-07-22T18:24:13+00:00 text="That's marketing."
[REDDIT][COMMENT][PARSED] comment_id=oz4ryw6 post_id=1v3elmb parent_id=t1_oz3sb17 depth=6 created_at=2026-07-22T18:49:58+00:00 text="\"I was told there would be no fact checking!\""
[REDDIT][COMMENT][PARSED] comment_id=oz4kx4s post_id=1v3elmb parent_id=t1_oz3sb17 depth=6 created_at=2026-07-22T18:20:44+00:00 text="Like the Ohio immigrants eating people's pet dogs in Ohio bs."
[REDDIT][COMMENT][PARSED] comment_id=oz46u81 post_id=1v3elmb parent_id=t1_oz3fl1t depth=5 created_at=2026-07-22T17:23:41+00:00 text="Vance is an opportunist and an uncharismatic one at that.  If he were moral at all he never would’ve been VP to “America’s Hitler.”"
[REDDIT][COMMENT][PARSED] comment_id=oz4vn4l post_id=1v3elmb parent_id=t1_oz3fl1t depth=5 created_at=2026-07-22T19:05:20+00:00 text="Same story with Rubio though.  And Hegseth.  Pretty sure there’s a clip of Noem bashing trumpy too  They’re all opportunist worms"
[REDDIT][COMMENT][PARSED] comment_id=oz6fj9a post_id=1v3elmb parent_id=t1_oz4vn4l depth=6 created_at=2026-07-22T23:20:51+00:00 text="Mike Johnson opposed him pretty hard during part of the first term, but now he's all in."
[REDDIT][COMMENT][PARSED] comment_id=oz5s5zf post_id=1v3elmb parent_id=t1_oz3fl1t depth=5 created_at=2026-07-22T21:25:49+00:00 text="Neither did Rubio. Yet he ended up being his SecState. None of them can be trusted.  As the two \"smartest\" people in his cabinet, best guess is that they see the writing on the wal"
[REDDIT][COMMENT][PARSED] comment_id=oz66uu9 post_id=1v3elmb parent_id=t1_oz3fl1t depth=5 created_at=2026-07-22T22:36:09+00:00 text="He's a Republican, his word has meant nothing since the start."
[REDDIT][COMMENT][PARSED] comment_id=oz3dwui post_id=1v3elmb parent_id=t1_oz346d5 depth=4 created_at=2026-07-22T15:24:24+00:00 text="Eh, \"clearly opposed it\" is a huge stretch. He doesn't support the war, but he also barely pushed back against it. Nobody in trump's inner circle did."
[REDDIT][COMMENT][PARSED] comment_id=oz3vq0r post_id=1v3elmb parent_id=t1_oz3dwui depth=5 created_at=2026-07-22T16:38:29+00:00 text="Because pushing back against Trump is the quickest ticket out of said inner circle. Narcissists only tolerate yes-men."
[REDDIT][COMMENT][PARSED] comment_id=oz6xvv1 post_id=1v3elmb parent_id=t1_oz3vq0r depth=6 created_at=2026-07-23T00:58:39+00:00 text="I was gonna say the same thing: unless you’re slobbering his McNobble, opposing him is a one-way ticket to getting fired (and likely DOJ’d)"
[REDDIT][COMMENT][PARSED] comment_id=oz447yh post_id=1v3elmb parent_id=t1_oz3dwui depth=5 created_at=2026-07-22T17:13:04+00:00 text="The stupid leaked 2025 text chain on the Yemen Houthi stuff.  Vance is isolationist.  He wants the US to participate in nothing."
[REDDIT][COMMENT][PARSED] comment_id=oz5koby post_id=1v3elmb parent_id=t1_oz447yh depth=6 created_at=2026-07-22T20:52:27+00:00 text="He's probably down with invading Greenland though"
[REDDIT][COMMENT][PARSED] comment_id=oz3orhj post_id=1v3elmb parent_id=t1_oz3dwui depth=5 created_at=2026-07-22T16:09:42+00:00 text="He leaked to the press his opposition as soon as the war started.  Trump punished him by sending JD to negotiate a doomed deal so that he could tie the war around his neck and thro"
[REDDIT][COMMENT][PARSED] comment_id=oz3rn63 post_id=1v3elmb parent_id=t1_oz3orhj depth=6 created_at=2026-07-22T16:21:38+00:00 text="Behind the scenes no doubt, to the person making the decisions not so much.  &gt; \"You know I think this is a bad idea, but if you want to do it, **I’ll support you.\"**"
[REDDIT][COMMENT][PARSED] comment_id=oz3ngfk post_id=1v3elmb parent_id=t1_oz3dwui depth=5 created_at=2026-07-22T16:04:15+00:00 text="Actually according to insiders he did push back a lot. Not to defend him too much. But he has a brain and knew how unbelievably stupid it would be.  They just sidelined him complet"
[REDDIT][COMMENT][PARSED] comment_id=oz3wg55 post_id=1v3elmb parent_id=t1_oz3ngfk depth=6 created_at=2026-07-22T16:41:27+00:00 text="To work with/for trump you need to be dumb or evil. The 1st term was relatively benign because he surrounded himself with ignorance. This time he is surrounded by evil."
[REDDIT][COMMENT][PARSED] comment_id=oz4zc0t post_id=1v3elmb parent_id=t1_oz3wg55 depth=7 created_at=2026-07-22T19:21:05+00:00 text="Nah, first term he actually had some smart people around him who checked his bad intentions.  That no longer exists.  Now we have pure evil plus pure stupidity.  "
[REDDIT][COMMENT][PARSED] comment_id=oz6dh5v post_id=1v3elmb parent_id=t1_oz4zc0t depth=8 created_at=2026-07-22T23:10:01+00:00 text="It was 50/50 people pushing back and Trump not understanding the power of the office his first term."
[REDDIT][COMMENT][PARSED] comment_id=oz6dl2z post_id=1v3elmb parent_id=t1_oz6dh5v depth=9 created_at=2026-07-22T23:10:36+00:00 text="Yeh I’d agree there.. his stupidity ironically saved us a bit.  "
[REDDIT][COMMENT][PARSED] comment_id=oz3y6tx post_id=1v3elmb parent_id=t1_oz3dwui depth=5 created_at=2026-07-22T16:48:32+00:00 text="He opposes the war the same way he'll say there's a conspiracy around Epstein involving the CIA and Mossad, but just shrug his shoulders like he's powerless to uncover it."
[REDDIT][COMMENT][PARSED] comment_id=oz3jknx post_id=1v3elmb parent_id=t1_oz3dwui depth=5 created_at=2026-07-22T15:48:07+00:00 text="He pushed back as much as anyone in that handpicked group of sycophants could. I don't give him credit for it, but he's also not in much of a power position as VP"
[REDDIT][COMMENT][PARSED] comment_id=oz3s5r1 post_id=1v3elmb parent_id=t1_oz3jknx depth=6 created_at=2026-07-22T16:23:46+00:00 text="Or he’s just lying about it. Remember how he said he would just lie if it was in his favor? Never believe anything this couch fucking gremlin has to say "
[REDDIT][COMMENT][PARSED] comment_id=oz4el6z post_id=1v3elmb parent_id=t1_oz3s5r1 depth=7 created_at=2026-07-22T17:54:51+00:00 text="Yeah, this is very much letting everyone know he always opposed it the moment it became clear it wouldn't be a roaring success. That sentiment was suspiciously absent prior to ever"
[REDDIT][COMMENT][PARSED] comment_id=oz37szc post_id=1v3elmb parent_id=t1_oz346d5 depth=4 created_at=2026-07-22T14:58:33+00:00 text="What it will come down to is an internal fight over whether the base is more antisemitic or islamophobic. The winner gets the right to be the patron of the Palantir crowd as the ne"
[REDDIT][COMMENT][PARSED] comment_id=oz39hc1 post_id=1v3elmb parent_id=t1_oz31tgs depth=3 created_at=2026-07-22T15:05:43+00:00 text="It's not really about whether this message works with the electorate. Vance has strong personal and financial ties with Iran's lobbyist arm, specifically through Trita Parsi as wel"
[REDDIT][COMMENT][PARSED] comment_id=oz31o9a post_id=1v3elmb parent_id=t1_oz2xv5o depth=2 created_at=2026-07-22T14:32:18+00:00 text="Little Marco?.."
[REDDIT][COMMENT][PARSED] comment_id=oz30kc3 post_id=1v3elmb parent_id=t1_oz2gk85 depth=1 created_at=2026-07-22T14:27:30+00:00 text="He realizes he’s on a sinking ship and like the rats he’s trying to get away from it. "
[REDDIT][COMMENT][PARSED] comment_id=oz3a813 post_id=1v3elmb parent_id=t1_oz30kc3 depth=2 created_at=2026-07-22T15:08:54+00:00 text="The minute Trump no longer has power, all of his toadies and yes-men will begin their pivot to revising the history of their roles.    There will eventually be a flood of books fro"
[REDDIT][COMMENT][PARSED] comment_id=oz3gbn3 post_id=1v3elmb parent_id=t1_oz3a813 depth=3 created_at=2026-07-22T15:34:33+00:00 text="You will see it come January 2027 when they can 25th amendment him so Thiel's stooge can take over and potentially have 10 years in power. Once they have control, they'll make sure"
[REDDIT][COMMENT][PARSED] comment_id=oz4ceis post_id=1v3elmb parent_id=t1_oz3gbn3 depth=4 created_at=2026-07-22T17:46:04+00:00 text="As much I'd love to see him gone, the 25th amendment will never be used to get rid of a president. The Senate removal requirements are too high"
[REDDIT][COMMENT][PARSED] comment_id=oz3kutk post_id=1v3elmb parent_id=t1_oz3gbn3 depth=4 created_at=2026-07-22T15:53:26+00:00 text="Well, it would be a hilarious and ignoble end to Trump were that to happen -- long-term consequences to America aside -- but I honestly doubt it will.  Trump is their excuse (\"I to"
[REDDIT][COMMENT][PARSED] comment_id=oz3txna post_id=1v3elmb parent_id=t1_oz3kutk depth=5 created_at=2026-07-22T16:31:03+00:00 text="&gt;but I suspect that most of them aren't going to want to potentially derail the gravy train two years early.  It will probably depend on how the midterm goes (or more accurately"
[REDDIT][COMMENT][PARSED] comment_id=oz3axwo post_id=1v3elmb parent_id=t1_oz2gk85 depth=1 created_at=2026-07-22T15:11:58+00:00 text="And it's probably going to work.  Americans have a short memory. As soon as Trump is out of the picture, voters will forget entirely about his association with Trump, importantly, "
[REDDIT][COMMENT][PARSED] comment_id=oz4llek post_id=1v3elmb parent_id=t1_oz3axwo depth=2 created_at=2026-07-22T18:23:30+00:00 text="“The worst Republican is still better than the best Democrat.”  This is the Republican though process."
[REDDIT][COMMENT][PARSED] comment_id=oz31qei post_id=1v3elmb parent_id=t1_oz2gk85 depth=1 created_at=2026-07-22T14:32:34+00:00 text="The other explanation is that you're being manipulated by an old story being reposted to make it seem like something other than an offhand comment from a three-hour conversation la"
[REDDIT][COMMENT][PARSED] comment_id=oz3f7ub post_id=1v3elmb parent_id=t1_oz2gk85 depth=1 created_at=2026-07-22T15:29:52+00:00 text="He won't go far. Can't wait for him to vanish into the abyss of nothingness."
[REDDIT][COMMENT][PARSED] comment_id=oz2b2ro post_id=1v3elmb parent_id=t3_1v3elmb depth=0 created_at=2026-07-22T12:26:28+00:00 text="The US public opinion is against this war, what the fuck is he on about?"
[REDDIT][COMMENT][PARSED] comment_id=oz2g00f post_id=1v3elmb parent_id=t1_oz2b2ro depth=1 created_at=2026-07-22T12:51:59+00:00 text="He's positioning himself to finally separate from Trump and become the Trojan horse he's always meant to be to bring about the palantir surveillance state"
[REDDIT][COMMENT][PARSED] comment_id=oz2nqdy post_id=1v3elmb parent_id=t1_oz2g00f depth=2 created_at=2026-07-22T13:29:28+00:00 text="If Trump dies or 'dies' after midterms JD can technically be President and run 2 times.  What are the odds he tries to repair the relationship with Elon Musk."
[REDDIT][COMMENT][PARSED] comment_id=oz2rn7a post_id=1v3elmb parent_id=t1_oz2nqdy depth=3 created_at=2026-07-22T13:47:49+00:00 text="The relationship between this administration and Musk is not broken, what are you on about. They literally handheld Musk while he became a trillionaire."
[REDDIT][COMMENT][PARSED] comment_id=oz4j57v post_id=1v3elmb parent_id=t1_oz2rn7a depth=4 created_at=2026-07-22T18:13:27+00:00 text="I am convinced the entire blow-up between musk and trump was totally kayfabe."
[REDDIT][COMMENT][PARSED] comment_id=oz4rtir post_id=1v3elmb parent_id=t1_oz4j57v depth=5 created_at=2026-07-22T18:49:21+00:00 text="Nah, they're both just incredibly mentally stunted nepo-babies, so they act like children since everything has been handed to them in life. One thing doesn't go their way and they "
[REDDIT][COMMENT][PARSED] comment_id=oz61usf post_id=1v3elmb parent_id=t1_oz4rtir depth=6 created_at=2026-07-22T22:11:24+00:00 text="Yeah they have too much to gain from each other to not continue to continue their dance as they have been, they just evidently can't have both their egos in the same room."
[REDDIT][COMMENT][PARSED] comment_id=oz3kia0 post_id=1v3elmb parent_id=t1_oz2rn7a depth=4 created_at=2026-07-22T15:51:59+00:00 text="Thiel's relationship with Elon"
[REDDIT][COMMENT][PARSED] comment_id=oz4dnbs post_id=1v3elmb parent_id=t1_oz3kia0 depth=5 created_at=2026-07-22T17:51:04+00:00 text="Underrated. I have first hand knowledge of Thiel cutting Elon out of a deal he desperately wanted in on. Instead they brought in Bezos.   Though I think they align a lot in terms o"
[REDDIT][COMMENT][PARSED] comment_id=oz4r50v post_id=1v3elmb parent_id=t1_oz4dnbs depth=6 created_at=2026-07-22T18:46:32+00:00 text="Elon has unpredictable immature pseudo-incel energy. Same reason Epstein didn't really want him around either."
[REDDIT][COMMENT][PARSED] comment_id=oz4udpy post_id=1v3elmb parent_id=t1_oz4r50v depth=7 created_at=2026-07-22T18:59:58+00:00 text="Though, his ability to act like a leech is something that has worked in their favor. "
[REDDIT][COMMENT][PARSED] comment_id=oz588rf post_id=1v3elmb parent_id=t1_oz4dnbs depth=6 created_at=2026-07-22T19:59:11+00:00 text="Elon is the pathetic little toady who desparately wants to be part of the cool kids and openly acts that way. Of course no one actually wants him near them beyond laughing at and u"
[REDDIT][COMMENT][PARSED] comment_id=oz2r9hs post_id=1v3elmb parent_id=t1_oz2nqdy depth=3 created_at=2026-07-22T13:46:04+00:00 text="[deleted]"
[REDDIT][COMMENT][PARSED] comment_id=oz2rx6b post_id=1v3elmb parent_id=t1_oz2r9hs depth=4 created_at=2026-07-22T13:49:05+00:00 text="How many people said an orange rapist would never get reelected, and yet here we are."
[REDDIT][COMMENT][PARSED] comment_id=oz31h0x post_id=1v3elmb parent_id=t1_oz2rx6b depth=5 created_at=2026-07-22T14:31:26+00:00 text="How many people in the GOP prior to either the first term or the second term trashed talked him, with accuracy?  But then they eventually fell in line, sucking at the power teat.  "
[REDDIT][COMMENT][PARSED] comment_id=oz2rv5q post_id=1v3elmb parent_id=t1_oz2r9hs depth=4 created_at=2026-07-22T13:48:49+00:00 text="Certain people who pushed for him to be VP will want him to be President for the rest of his life is all I'm saying, and 10 years is a good start."
[REDDIT][COMMENT][PARSED] comment_id=oz2sve2 post_id=1v3elmb parent_id=t1_oz2rv5q depth=5 created_at=2026-07-22T13:53:24+00:00 text="They couldn't cheat hard enough to get him in.  Trump at least had the cult. JD has Thiel and his wife and that's about it. The idea he will be an elected President is a fantasy."
[REDDIT][COMMENT][PARSED] comment_id=oz2tz05 post_id=1v3elmb parent_id=t1_oz2sve2 depth=6 created_at=2026-07-22T13:58:22+00:00 text="We all thought Trump running the first time was a joke. Now look at us. Vote no matter what. "
[REDDIT][COMMENT][PARSED] comment_id=oz2v9rl post_id=1v3elmb parent_id=t1_oz2tz05 depth=7 created_at=2026-07-22T14:04:12+00:00 text="I still remember sitting in a work meeting with a group of fresh college grads. I was the only liberal.  One of them read the headline “Donald Trump announces candidacy for preside"
[REDDIT][COMMENT][PARSED] comment_id=oz2ytpq post_id=1v3elmb parent_id=t1_oz2v9rl depth=8 created_at=2026-07-22T14:19:54+00:00 text="Yeah, my cousin was a never-Trumper conservative—liked Ben Carson, despised Trump as I think most conservative Christians did.  But then came the mix of unclenching loyalty and cul"
[REDDIT][COMMENT][PARSED] comment_id=oz2wy6d post_id=1v3elmb parent_id=t1_oz2v9rl depth=8 created_at=2026-07-22T14:11:39+00:00 text="Dumbest people alive. For me it'd be a core embassassment memory but some people must just be able to forget how stupid they are constantly. Amazing really."
[REDDIT][COMMENT][PARSED] comment_id=oz2yyus post_id=1v3elmb parent_id=t1_oz2wy6d depth=9 created_at=2026-07-22T14:20:32+00:00 text="Frightening."
[REDDIT][COMMENT][PARSED] comment_id=oz3i6va post_id=1v3elmb parent_id=t1_oz2v9rl depth=8 created_at=2026-07-22T15:42:24+00:00 text="What is it they say....  Democrats fall in love, republicans fall in line.  Reps will always \"do their duty\" to whoever the party puts on the stage."
[REDDIT][COMMENT][PARSED] comment_id=oz30pmw post_id=1v3elmb parent_id=t1_oz2sve2 depth=6 created_at=2026-07-22T14:28:08+00:00 text="Voting for Vance without Trump will be *much* easier for the huge chunk of Christians we have. He's much more justifiable in their eyes, even though he's basically the embodiment o"
[REDDIT][COMMENT][PARSED] comment_id=oz2s7gk post_id=1v3elmb parent_id=t1_oz2r9hs depth=4 created_at=2026-07-22T13:50:24+00:00 text="I admire your optimism, but we live in a country that elected Donald Trump president twice.  All we need is AOC to win the primaries in 2028 and hello president JD.  **Edit:** I sa"
[REDDIT][COMMENT][PARSED] comment_id=oz3k98t post_id=1v3elmb parent_id=t1_oz2s7gk depth=5 created_at=2026-07-22T15:50:57+00:00 text="[removed]"
[REDDIT][COMMENT][PARSED] comment_id=oz56fdx post_id=1v3elmb parent_id=t1_oz3k98t depth=6 created_at=2026-07-22T19:51:32+00:00 text="Exactly. As awful as it is that people think this way still, Trump beat two women to become president. There are large portions of the country that will either not vote for a woman"
[REDDIT][COMMENT][PARSED] comment_id=oz2v0hi post_id=1v3elmb parent_id=t1_oz2nqdy depth=3 created_at=2026-07-22T14:03:02+00:00 text="&gt; 'dies' after midterms JD can technically be President and run 2 times.  No, he would have to wait for late-January."
[REDDIT][COMMENT][PARSED] comment_id=oz2vluo post_id=1v3elmb parent_id=t1_oz2v0hi depth=4 created_at=2026-07-22T14:05:41+00:00 text="I meant in a relative sense. I'm aware of the laws. I'm also aware that they'd Mitch McConnel him for at least a month if they had to."
[REDDIT][COMMENT][PARSED] comment_id=oz2rmgf post_id=1v3elmb parent_id=t1_oz2g00f depth=2 created_at=2026-07-22T13:47:43+00:00 text="He also must have seen the writing on the wall when FoxNews and several Rep. started to shift the blame for the Iran debacle entirely on him.  He noticed he is in the top of the li"
[REDDIT][COMMENT][PARSED] comment_id=oz2ri3z post_id=1v3elmb parent_id=t1_oz2g00f depth=2 created_at=2026-07-22T13:47:10+00:00 text="Exactly, you never see those two doing anything together anymore. "
[REDDIT][COMMENT][PARSED] comment_id=oz2c1qt post_id=1v3elmb parent_id=t1_oz2b2ro depth=1 created_at=2026-07-22T12:31:34+00:00 text="trying to garner the anti-jewish vote. "
[REDDIT][COMMENT][PARSED] comment_id=oz2d2xl post_id=1v3elmb parent_id=t1_oz2c1qt depth=2 created_at=2026-07-22T12:36:58+00:00 text="This, unfortunately"
[REDDIT][COMMENT][PARSED] comment_id=oz2kip7 post_id=1v3elmb parent_id=t1_oz2d2xl depth=3 created_at=2026-07-22T13:14:15+00:00 text="He’s also trying to whitewash his name so he can be all kumbaya let’s hold hands and begin the healing once Trump kicks the bucket. "
[REDDIT][COMMENT][PARSED] comment_id=oz2ne0u post_id=1v3elmb parent_id=t1_oz2kip7 depth=4 created_at=2026-07-22T13:27:52+00:00 text="[removed]"
[REDDIT][COMMENT][PARSED] comment_id=oz2qluq post_id=1v3elmb parent_id=t1_oz2ne0u depth=5 created_at=2026-07-22T13:43:01+00:00 text="After trump and his cronies are gone, suddenly everyone will be in favor of releasing the epstein files "
[REDDIT][COMMENT][PARSED] comment_id=oz2s0ug post_id=1v3elmb parent_id=t1_oz2qluq depth=6 created_at=2026-07-22T13:49:33+00:00 text="[removed]"
[REDDIT][COMMENT][PARSED] comment_id=oz30knv post_id=1v3elmb parent_id=t1_oz2s0ug depth=7 created_at=2026-07-22T14:27:32+00:00 text="We don’t need to see it. We know. We all know. I hope somewhere deep inside those monsters know what we see when people look at them. I hope they drink themselves to sleep every ni"
[REDDIT][COMMENT][PARSED] comment_id=oz3fnlf post_id=1v3elmb parent_id=t1_oz30knv depth=8 created_at=2026-07-22T15:31:43+00:00 text="They don't care. Their inner circle acts much the same way. Nobody whose opinion they actually care about would do anything with the revelation, assuming they don't already know.  "
[REDDIT][COMMENT][PARSED] comment_id=oz2p0vv post_id=1v3elmb parent_id=t1_oz2ne0u depth=5 created_at=2026-07-22T13:35:37+00:00 text="Yes but the against it will be the harassing and assaults of random Jews on campuses, the yelling terrorist slogans outside of synagouges, and the shooting of Jews at musuems."
[REDDIT][COMMENT][PARSED] comment_id=oz2mtkn post_id=1v3elmb parent_id=t1_oz2kip7 depth=4 created_at=2026-07-22T13:25:12+00:00 text="Agreed. Then he can start implementing Thiels bullshit"
[REDDIT][COMMENT][PARSED] comment_id=oz603h0 post_id=1v3elmb parent_id=t1_oz2c1qt depth=2 created_at=2026-07-22T22:02:52+00:00 text="The anti Israel right =/= anti Jewish vote  There's definitely overlap, but to assume Republican voters who don't \"want more wars for Israel\" (real statements/messaging) are all an"
[REDDIT][COMMENT][PARSED] comment_id=oz2ed1u post_id=1v3elmb parent_id=t1_oz2c1qt depth=2 created_at=2026-07-22T12:43:37+00:00 text=" Normally they don't have to try so hard to get it. "
[REDDIT][COMMENT][PARSED] comment_id=oz2g6m0 post_id=1v3elmb parent_id=t1_oz2ed1u depth=3 created_at=2026-07-22T12:52:54+00:00 text="Do you know how hard it is to capitulate to two opposing groups at the same time"
[REDDIT][COMMENT][PARSED] comment_id=oz2elf3 post_id=1v3elmb parent_id=t1_oz2ed1u depth=3 created_at=2026-07-22T12:44:49+00:00 text="Everyone is going after it, unfortunately. I think hes trying to get the 'good goy' posters, not the 'land to the sea' posters. "
[REDDIT][COMMENT][PARSED] comment_id=oz2eplu post_id=1v3elmb parent_id=t1_oz2b2ro depth=1 created_at=2026-07-22T12:45:25+00:00 text="He is trying to position himself as the next in line and win support with the American brownshirts "
[REDDIT][COMMENT][PARSED] comment_id=oz2isco post_id=1v3elmb parent_id=t1_oz2eplu depth=2 created_at=2026-07-22T13:05:53+00:00 text="Yeah that will go well with Trump. Get on his radar and Trump will give the kiss of death to JD, all the MAGAdiots will gladly dumpster him"
[REDDIT][COMMENT][PARSED] comment_id=oz2ky42 post_id=1v3elmb parent_id=t1_oz2isco depth=3 created_at=2026-07-22T13:16:19+00:00 text="Oh god let that happen. Let Trump poison the well and let JD have to sit in the chair his boss used to shit on. "
[REDDIT][COMMENT][PARSED] comment_id=oz2m5nh post_id=1v3elmb parent_id=t1_oz2ky42 depth=4 created_at=2026-07-22T13:22:04+00:00 text="Trump is the scorpion riding on the back of the JD Frog, it's his nature to poison his VP. He doesn't like anyone that threatens his spotlight and attention whoring. It's why he ta"
[REDDIT][COMMENT][PARSED] comment_id=oz2n3m9 post_id=1v3elmb parent_id=t1_oz2m5nh depth=5 created_at=2026-07-22T13:26:30+00:00 text="He tried to have his last VP murdered by a mob."
[REDDIT][COMMENT][PARSED] comment_id=oz2nucl post_id=1v3elmb parent_id=t1_oz2n3m9 depth=6 created_at=2026-07-22T13:30:00+00:00 text="They were literally chanting Hang Mike Pence"
[REDDIT][COMMENT][PARSED] comment_id=oz2p8b0 post_id=1v3elmb parent_id=t1_oz2nucl depth=7 created_at=2026-07-22T13:36:35+00:00 text="And, like the losers they are, they failed"
[REDDIT][COMMENT][PARSED] comment_id=oz47545 post_id=1v3elmb parent_id=t1_oz2p8b0 depth=8 created_at=2026-07-22T17:24:54+00:00 text="And because Pence is a worm, he dares not insult his dorito dusted master"
[REDDIT][COMMENT][PARSED] comment_id=oz2u2kh post_id=1v3elmb parent_id=t1_oz2ky42 depth=4 created_at=2026-07-22T13:58:49+00:00 text="Just wait a few more months. Trump is going to attack everyone who has White House aspirations regardless of party."
[REDDIT][COMMENT][PARSED] comment_id=oz2f22o post_id=1v3elmb parent_id=t1_oz2b2ro depth=1 created_at=2026-07-22T12:47:12+00:00 text="He’s clearly forgotten that they campaigned on a promise of no new wars"
[REDDIT][COMMENT][PARSED] comment_id=oz2gm1a post_id=1v3elmb parent_id=t1_oz2f22o depth=2 created_at=2026-07-22T12:55:03+00:00 text="He has been a never trumper literally up until the moment he was selected to be the vice president and he 180d"
[REDDIT][COMMENT][PARSED] comment_id=oz2gxs0 post_id=1v3elmb parent_id=t1_oz2gm1a depth=3 created_at=2026-07-22T12:56:42+00:00 text="Like many of the Republicans. Initially anti Trump then the moment they saw he was popular with the MAGA crowd they suddenly became pro Trump"
[REDDIT][COMMENT][PARSED] comment_id=oz2s4rq post_id=1v3elmb parent_id=t1_oz2f22o depth=2 created_at=2026-07-22T13:50:03+00:00 text="No, New wars!"
[REDDIT][COMMENT][PARSED] comment_id=oz2lij3 post_id=1v3elmb parent_id=t1_oz2b2ro depth=1 created_at=2026-07-22T13:19:01+00:00 text="He’s trying to shift blame away from himself. He can’t blame Trump, so that leaves Israel. The guy is a joke. "
[REDDIT][COMMENT][PARSED] comment_id=oz2gtvk post_id=1v3elmb parent_id=t1_oz2b2ro depth=1 created_at=2026-07-22T12:56:09+00:00 text="Not all invocation of Israel is antisemmitism, but some is. This is an example of Vance pandering to the audience that Nick Fuentes and Tucker Carlson have captured - it is code sp"
[REDDIT][COMMENT][PARSED] comment_id=oz2sang post_id=1v3elmb parent_id=t1_oz2gtvk depth=2 created_at=2026-07-22T13:50:48+00:00 text="I'm already seeing people who ostensibly consider themselves leftists trying to reframe Tucker Carlson's image as \"the biggest anti war and anti Israel voice.\"    I suspect there a"
[REDDIT][COMMENT][PARSED] comment_id=oz318rn post_id=1v3elmb parent_id=t1_oz2sang depth=3 created_at=2026-07-22T14:30:26+00:00 text="Reddit won't like this but the same with Thomas Massie. I see leftist gargling his balls on Instagram all the time. Only because hes against sending aid to israel. Nevermind the fa"
[REDDIT][COMMENT][PARSED] comment_id=oz3bd3a post_id=1v3elmb parent_id=t1_oz318rn depth=4 created_at=2026-07-22T15:13:45+00:00 text="Yup.  Tucker is an expert at this.  He knows which way the wind is blowing so he's happily trying to weasel his way in to courting left leaning people who feel abandoned by the Dem"
[REDDIT][COMMENT][PARSED] comment_id=oz3uksr post_id=1v3elmb parent_id=t1_oz318rn depth=4 created_at=2026-07-22T16:33:42+00:00 text="Massie seems 5 minutes away from outright holocaust denial at all times. Maybe he genuinely hates pedos, maybe he just sees disclosure as a means of ridding himself of opponents on"
[REDDIT][COMMENT][PARSED] comment_id=oz3g1v0 post_id=1v3elmb parent_id=t1_oz2sang depth=3 created_at=2026-07-22T15:33:24+00:00 text="Online lefties became obsessed with I/P after Oct 7th and did no further thinking than “Israel bad because West bad”.  Then some elements, notably tankies, have used that to be ant"
[REDDIT][COMMENT][PARSED] comment_id=oz2cxgq post_id=1v3elmb parent_id=t3_1v3elmb depth=0 created_at=2026-07-22T12:36:10+00:00 text="Remember folks. Vance is trying to line himself up for 2028 as the \"anti Iran war\" candidate. He'll act like he had nothing to do with it and never wanted it.   No one should belie"
[REDDIT][COMMENT][PARSED] comment_id=oz2ewq3 post_id=1v3elmb parent_id=t1_oz2cxgq depth=1 created_at=2026-07-22T12:46:26+00:00 text="Yep just like when he was anti Trump then suddenly his opinion shifted "
[REDDIT][COMMENT][PARSED] comment_id=oz2mo71 post_id=1v3elmb parent_id=t1_oz2ewq3 depth=2 created_at=2026-07-22T13:24:29+00:00 text="I'm starting to think public service isn't the reason these politicians are going into public service. "
[REDDIT][COMMENT][PARSED] comment_id=oz2oz98 post_id=1v3elmb parent_id=t1_oz2mo71 depth=3 created_at=2026-07-22T13:35:24+00:00 text="Whoa, you might be onto something here!"
[REDDIT][COMMENT][PARSED] comment_id=oz2ru9b post_id=1v3elmb parent_id=t1_oz2mo71 depth=3 created_at=2026-07-22T13:48:43+00:00 text="No, it is. They just think 'public service' means the public is there to service them."
[REDDIT][COMMENT][PARSED] comment_id=oz2nhc4 post_id=1v3elmb parent_id=t1_oz2ewq3 depth=2 created_at=2026-07-22T13:28:17+00:00 text="His morals change as directed by Thiel. "
[REDDIT][COMMENT][PARSED] comment_id=oz2fwh5 post_id=1v3elmb parent_id=t1_oz2cxgq depth=1 created_at=2026-07-22T12:51:29+00:00 text="He's been leaking a ton to try and make this case, as well as trying to insulate himself from Epstein Files fallout. The reality is it doesn't matter if he can convince MAGA of thi"
[REDDIT][COMMENT][PARSED] comment_id=oz2irii post_id=1v3elmb parent_id=t1_oz2fwh5 depth=2 created_at=2026-07-22T13:05:46+00:00 text="MAGA doesn't give a crap about that when picking their idols.   Trump is the complete opposite of the supposed MAGA lifestyle in every way. His birth and education, lifestyle, back"
[REDDIT][COMMENT][PARSED] comment_id=oz2lvy9 post_id=1v3elmb parent_id=t1_oz2irii depth=3 created_at=2026-07-22T13:20:48+00:00 text="Sure, Trump isn't the downtrodden rural white person Trump supporters imagine themselves to be. But Trump can spin a yarn that these people buy.  You think the guy whose donut orde"
[REDDIT][COMMENT][PARSED] comment_id=oz2q5n4 post_id=1v3elmb parent_id=t1_oz2lvy9 depth=4 created_at=2026-07-22T13:40:56+00:00 text="He portrays what they think they can achieve"
[REDDIT][COMMENT][PARSED] comment_id=oz5560g post_id=1v3elmb parent_id=t1_oz2irii depth=3 created_at=2026-07-22T19:46:09+00:00 text="trump has some kind of bizarre charisma that is just *catnip* to that crowd, though. it’s like his one skill in life.   vance is a personality black hole."
[REDDIT][COMMENT][PARSED] comment_id=oz2xubr post_id=1v3elmb parent_id=t1_oz2fwh5 depth=2 created_at=2026-07-22T14:15:35+00:00 text="Exactly, Trump is MAGA's dictator, not president. The movement lives and dies with him. Others have tried to steal a slice of the movement and it eats them and spits them out"
[REDDIT][COMMENT][PARSED] comment_id=oz2k8xn post_id=1v3elmb parent_id=t1_oz2fwh5 depth=2 created_at=2026-07-22T13:12:58+00:00 text="There is no heir to Trump. When Trump dies, so does the whole cult of personality."
[REDDIT][COMMENT][PARSED] comment_id=oz2oflz post_id=1v3elmb parent_id=t1_oz2k8xn depth=3 created_at=2026-07-22T13:32:50+00:00 text="The cult disintegrates, because a cult can't just be transferred to a new cult leader.  Though MAGA will not go away unfortunately.  Those radicalized morons will still be around a"
[REDDIT][COMMENT][PARSED] comment_id=oz2vu5f post_id=1v3elmb parent_id=t1_oz2oflz depth=4 created_at=2026-07-22T14:06:42+00:00 text="Trump is the glue that holds them together as a group. Without him, they break into little tribes."
[REDDIT][COMMENT][PARSED] comment_id=oz4j2h3 post_id=1v3elmb parent_id=t1_oz2fwh5 depth=2 created_at=2026-07-22T18:13:08+00:00 text="I did speech and debate many years ago and I remember assholes like him. They'd sit and argue the meaning of a word that had already been clearly defined. Because what's a definiti"
[REDDIT][COMMENT][PARSED] comment_id=oz2gd9g post_id=1v3elmb parent_id=t1_oz2cxgq depth=1 created_at=2026-07-22T12:53:49+00:00 text="It’ll be funny to watch him try to campaign on this and still lick trumps booty as the VP at the same time."
[REDDIT][COMMENT][PARSED] comment_id=oz2ljo3 post_id=1v3elmb parent_id=t1_oz2gd9g depth=2 created_at=2026-07-22T13:19:10+00:00 text="Its kind of funny how hes in the same impossible position as Harris  Obligatory no maga, no bothsidesism, no false equivalence. Just two vps that took the job opportunistically and"
[REDDIT][COMMENT][PARSED] comment_id=oz2nfht post_id=1v3elmb parent_id=t1_oz2cxgq depth=1 created_at=2026-07-22T13:28:03+00:00 text="Thankfully he's about as charismatic as a jaded nurse going through a brutal divorce performing an enema."
[REDDIT][COMMENT][PARSED] comment_id=oz2irnu post_id=1v3elmb parent_id=t1_oz2cxgq depth=1 created_at=2026-07-22T13:05:47+00:00 text="To be fair, there have been multiple reports (in NYT for example) that he has been the one person in the Trump administration consistently arguing against the war. So yeah, it's pr"
[REDDIT][COMMENT][PARSED] comment_id=oz2m70o post_id=1v3elmb parent_id=t1_oz2cxgq depth=1 created_at=2026-07-22T13:22:15+00:00 text="&gt;No one should believe him.  I wish that was the case but let's remember that Obama was elected after the Republicans got the US stuck in two wars and crashed the economy but tw"
[REDDIT][COMMENT][PARSED] comment_id=oz2enpo post_id=1v3elmb parent_id=t3_1v3elmb depth=0 created_at=2026-07-22T12:45:09+00:00 text="Look at JD pretending he isn't part of the problem.   "
[REDDIT][COMMENT][PARSED] comment_id=oz35qj8 post_id=1v3elmb parent_id=t1_oz2enpo depth=1 created_at=2026-07-22T14:49:44+00:00 text="Right? Only one person has any say over how long this war lasts, and that's Donald Trump.   Ironically, Netanyahu is actually manipulating Trump's opinion, so Vance isn't completel"
[REDDIT][COMMENT][PARSED] comment_id=oz2arw4 post_id=1v3elmb parent_id=t3_1v3elmb depth=0 created_at=2026-07-22T12:24:52+00:00 text="Easier than saying your boss made a critical error in starting the war. "
[REDDIT][COMMENT][PARSED] comment_id=oz2mk79 post_id=1v3elmb parent_id=t1_oz2arw4 depth=1 created_at=2026-07-22T13:23:58+00:00 text="Omg, is he using the \"it's the Jews fault!\" defense?"
[REDDIT][COMMENT][PARSED] comment_id=oz3n791 post_id=1v3elmb parent_id=t1_oz2mk79 depth=2 created_at=2026-07-22T16:03:10+00:00 text="Duh"
[REDDIT][COMMENT][PARSED] comment_id=oz2gjwc post_id=1v3elmb parent_id=t3_1v3elmb depth=0 created_at=2026-07-22T12:54:46+00:00 text="\"I take no responsibility\".   What a pathetic POS"
[REDDIT][COMMENT][PARSED] comment_id=oz3nxoi post_id=1v3elmb parent_id=t1_oz2gjwc depth=1 created_at=2026-07-22T16:06:15+00:00 text="reminds me of one of my fav trump quotes (yes it's real)  &gt;Donald Trump wants America to know that if the Republicans gain control of Congress, he deserves all the accolades. Bu"
[REDDIT][COMMENT][PARSED] comment_id=oz6a0ng post_id=1v3elmb parent_id=t1_oz3nxoi depth=2 created_at=2026-07-22T22:52:09+00:00 text="he also said something like \"the good parts of the economy were me and the bad parts are biden\" so transparently self-serving and idiotic. but his base is full of similar babies wh"
[REDDIT][COMMENT][PARSED] comment_id=oz4zkuq post_id=1v3elmb parent_id=t1_oz2gjwc depth=1 created_at=2026-07-22T19:22:09+00:00 text="Not a leader. Not even a man."
[REDDIT][COMMENT][PARSED] comment_id=oz2begv post_id=1v3elmb parent_id=t3_1v3elmb depth=0 created_at=2026-07-22T12:28:11+00:00 text="Public opinion? I think the public is overwhelmingly against this war. "
[REDDIT][COMMENT][PARSED] comment_id=oz2uak5 post_id=1v3elmb parent_id=t1_oz2begv depth=1 created_at=2026-07-22T13:59:48+00:00 text="By \"public opinion,\" I think he just means they talked Trump into it against all expert advice. There's really no difference to Republicans anymore between Trump's opinion and publ"
[REDDIT][COMMENT][PARSED] comment_id=oz3hco8 post_id=1v3elmb parent_id=t1_oz2uak5 depth=2 created_at=2026-07-22T15:38:49+00:00 text="It’s amazing how Trump always gets “talked into” doing the worst thing possible."
[REDDIT][COMMENT][PARSED] comment_id=oz2ghbo post_id=1v3elmb parent_id=t3_1v3elmb depth=0 created_at=2026-07-22T12:54:24+00:00 text="If only he was in a position of power to end it"
[REDDIT][COMMENT][PARSED] comment_id=oz2rfg0 post_id=1v3elmb parent_id=t1_oz2ghbo depth=1 created_at=2026-07-22T13:46:50+00:00 text="Pssh. You’d at least have to be vice president to have that much power. Oh wait. "
[REDDIT][COMMENT][PARSED] comment_id=oz2l8mr post_id=1v3elmb parent_id=t3_1v3elmb depth=0 created_at=2026-07-22T13:17:43+00:00 text="Does JD Vance know he’s the VP? Does he know his boss is one of the main people prolonging this war? I think JD is a bit of a simple dog, guys. "
[REDDIT][COMMENT][PARSED] comment_id=oz2oxsx post_id=1v3elmb parent_id=t3_1v3elmb depth=0 created_at=2026-07-22T13:35:13+00:00 text="A manipulator accuses another manipulator of manipulating public opinion, all in the attempt to manipulate public opinion himself."
[REDDIT][COMMENT][PARSED] comment_id=oz2cdiw post_id=1v3elmb parent_id=t3_1v3elmb depth=0 created_at=2026-07-22T12:33:16+00:00 text="I mean sure, but you're the fucking government they're manipulating dude.     This is just like blaming 'liberals' when your red state has been under one-party conservative rule si"
[REDDIT][COMMENT][PARSED] comment_id=oz2m4to post_id=1v3elmb parent_id=t1_oz2cdiw depth=1 created_at=2026-07-22T13:21:58+00:00 text="Doesn't seem to stop them lol"
[REDDIT][COMMENT][PARSED] comment_id=oz2sxfc post_id=1v3elmb parent_id=t3_1v3elmb depth=0 created_at=2026-07-22T13:53:39+00:00 text="I remember hearing somewhere that the Republicans would progressively loosen ties with Israel to push for the \"It's the Jeeeeews\" narrative back on.  Seems we're slowly getting the"
[REDDIT][COMMENT][PARSED] comment_id=oz2p31r post_id=1v3elmb parent_id=t3_1v3elmb depth=0 created_at=2026-07-22T13:35:54+00:00 text="Who all remembers back in February, when Trump and Rubio and Hegseth were all in front of cameras saying the US was only involved in this because Israel was going to launch the att"
[REDDIT][COMMENT][PARSED] comment_id=oz3j7i5 post_id=1v3elmb parent_id=t3_1v3elmb depth=0 created_at=2026-07-22T15:46:36+00:00 text="The real headline here is toward the end of the article - somehow JD is upset with American leadership in caving to Israel.  My brother in christ, you are in charge of the negotiat"
[REDDIT][COMMENT][PARSED] comment_id=oz2gj78 post_id=1v3elmb parent_id=t3_1v3elmb depth=0 created_at=2026-07-22T12:54:40+00:00 text="Blaming everyone else, Israel &amp; the American Public in one fell swoop, rather than accepting responsibility. Vance should be flushed come 2028."
[REDDIT][COMMENT][PARSED] comment_id=oz2resz post_id=1v3elmb parent_id=t3_1v3elmb depth=0 created_at=2026-07-22T13:46:45+00:00 text="Wow, the 2028 election cycle starts now, eh?"
[REDDIT][COMMENT][PARSED] comment_id=oz2r1yj post_id=1v3elmb parent_id=t3_1v3elmb depth=0 created_at=2026-07-22T13:45:06+00:00 text="Look into the mirror Vance. You and everyone else knows who is responsible for the war and the negative opinion of the public is entirely on the party that is in charge: The Republ"
[REDDIT][COMMENT][PARSED] comment_id=oz2v4z3 post_id=1v3elmb parent_id=t3_1v3elmb depth=0 created_at=2026-07-22T14:03:35+00:00 text="Yeah it’s never their ineptitude, it’s always some shadow campaign working against them. If only they ran the government "
[REDDIT][COMMENT][PARSED] comment_id=oz2bqmc post_id=1v3elmb parent_id=t3_1v3elmb depth=0 created_at=2026-07-22T12:29:57+00:00 text="“You have done that yourself” "
[REDDIT][COMMENT][PARSED] comment_id=oz2cs9z post_id=1v3elmb parent_id=t3_1v3elmb depth=0 created_at=2026-07-22T12:35:25+00:00 text="Us public opinion has always been opposed to the war, no?"
[REDDIT][COMMENT][PARSED] comment_id=oz2oz1j post_id=1v3elmb parent_id=t3_1v3elmb depth=0 created_at=2026-07-22T13:35:23+00:00 text="Don't trust this snake. He has no position on anything."
[REDDIT][COMMENT][PARSED] comment_id=oz45uqr post_id=1v3elmb parent_id=t3_1v3elmb depth=0 created_at=2026-07-22T17:19:41+00:00 text="1. The U.S. public didn’t start this war.    2. The public HATES this war and wants it to end.   3. The public isn’t responsible for keeping the war going, YOU ARE! "
[REDDIT][COMMENT][PARSED] comment_id=oz3nkvg post_id=1v3elmb parent_id=t3_1v3elmb depth=0 created_at=2026-07-22T16:04:46+00:00 text="Yeah because it’s the US population that’s demanding this continue, and not his boss.."
[REDDIT][COMMENT][PARSED] comment_id=oz2frnv post_id=1v3elmb parent_id=t3_1v3elmb depth=0 created_at=2026-07-22T12:50:49+00:00 text="Can’t wait until public opinion yeets his incompetence out of politics. "
[REDDIT][COMMENT][PARSED] comment_id=oz2gxuf post_id=1v3elmb parent_id=t3_1v3elmb depth=0 created_at=2026-07-22T12:56:43+00:00 text="Soooo if jd keeps talking abt how shitty this war is how long before old orange man gets pissed. He’s clearly trying to distance himself from orangey but we won’t forget."
[REDDIT][COMMENT][PARSED] comment_id=oz37hgw post_id=1v3elmb parent_id=t3_1v3elmb depth=0 created_at=2026-07-22T14:57:11+00:00 text="Rubios in the mirror may be closer than they appear."
[REDDIT][COMMENT][PARSED] comment_id=oz4flfb post_id=1v3elmb parent_id=t3_1v3elmb depth=0 created_at=2026-07-22T17:58:54+00:00 text="JD seems awfully lost on what to say with Thiel moving to Argentina.  Seems to be trying to distance himself from Trump here and there but has no idea how to deliver any sort of me"
[REDDIT][COMMENT][PARSED] comment_id=oz6a1x8 post_id=1v3elmb parent_id=t3_1v3elmb depth=0 created_at=2026-07-22T22:52:20+00:00 text="They'll blame anyone but the president for this. "
[REDDIT][COMMENT][PARSED] comment_id=oz2hdjh post_id=1v3elmb parent_id=t3_1v3elmb depth=0 created_at=2026-07-22T12:58:53+00:00 text="He’s as right about this as he was about flying to Romania to advocate for the Tate brothers."
[REDDIT][COMMENT][PARSED] comment_id=oz2ddl5 post_id=1v3elmb parent_id=t3_1v3elmb depth=0 created_at=2026-07-22T12:38:30+00:00 text="JD beginning to realize lame duck maga is a sinking ship. "
[REDDIT][COMMENT][PARSED] comment_id=oz2ur27 post_id=1v3elmb parent_id=t1_oz2ddl5 depth=1 created_at=2026-07-22T14:01:51+00:00 text="I really wonder. I would have bet good money MAGA was over when Trump lost in 2020 and went on trial for J6.   Now, I don’t believe there is a bottom for half the country. "
[REDDIT][COMMENT][PARSED] comment_id=oz2w1uk post_id=1v3elmb parent_id=t1_oz2ur27 depth=2 created_at=2026-07-22T14:07:40+00:00 text="Ha don’t take up gambling then. Once the dems went full establishment and fumbled J6 it was guaranteed Trump was coming back.   Fortunately since there are term limits Trump is pac"
[REDDIT][COMMENT][PARSED] comment_id=oz2xf91 post_id=1v3elmb parent_id=t3_1v3elmb depth=0 created_at=2026-07-22T14:13:44+00:00 text="Nah man, it’s you pres and Kegsbreath that is doing that."
[REDDIT][COMMENT][PARSED] comment_id=oz4dofu post_id=1v3elmb parent_id=t3_1v3elmb depth=0 created_at=2026-07-22T17:51:12+00:00 text="mfer YOU are the one pushing this war lmao"
[REDDIT][COMMENT][PARSED] comment_id=oz4i8zc post_id=1v3elmb parent_id=t1_oz4dofu depth=1 created_at=2026-07-22T18:09:47+00:00 text="Right!?, it's like he hasn't seen Kegbreaths senate hearing. This is either disturbingly bad incompetence or boss level gas lighting. "
[REDDIT][COMMENT][PARSED] comment_id=oz2mprk post_id=1v3elmb parent_id=t3_1v3elmb depth=0 created_at=2026-07-22T13:24:42+00:00 text="Feel like couch fkr is setting up his turn at potus."
[REDDIT][COMMENT][PARSED] comment_id=oz3otwg post_id=1v3elmb parent_id=t3_1v3elmb depth=0 created_at=2026-07-22T16:09:59+00:00 text="It is *this administration* that is prolonging the war. They could end it at any time.   Does JD hope that people don’t know he’s the Vice President or something? "
[REDDIT][COMMENT][PARSED] comment_id=oz4g7iz post_id=1v3elmb parent_id=t3_1v3elmb depth=0 created_at=2026-07-22T18:01:25+00:00 text="Did he just find out about this or something?  Is Trump really keeping him that in the dark?"
[REDDIT][COMMENT][PARSED] comment_id=oz4imlk post_id=1v3elmb parent_id=t3_1v3elmb depth=0 created_at=2026-07-22T18:11:19+00:00 text="Ya, right JD.  You are drinking too much Orange Kool Aid.  You will never take responsibility for anything, along with the Orange moron and his cult.    People who you conned are b"
[REDDIT][COMMENT][PARSED] comment_id=oz4mgrf post_id=1v3elmb parent_id=t3_1v3elmb depth=0 created_at=2026-07-22T18:27:06+00:00 text="Hes a cunt. Type of man to switch what he says depending on who he’s saying it to. No strength or integrity of character "
[REDDIT][COMMENT][PARSED] comment_id=oz6c96w post_id=1v3elmb parent_id=t3_1v3elmb depth=0 created_at=2026-07-22T23:03:36+00:00 text="Oh so it's Israel's fault entirely and Vance is totally innocent. /s  Remember this bullshit in 2028"
[REDDIT][COMMENT][PARSED] comment_id=oz2p6ob post_id=1v3elmb parent_id=t3_1v3elmb depth=0 created_at=2026-07-22T13:36:23+00:00 text="I’m guessing this is an attempt to distract from the fact that Netanyahu played Trump like a fiddle"
[REDDIT][COMMENT][PARSED] comment_id=oz2az7p post_id=1v3elmb parent_id=t3_1v3elmb depth=0 created_at=2026-07-22T12:25:57+00:00 text="Let me fix that for you :   JD Vance accuses Israel of 'manipulating' ~~US public opinion~~ the American President to prolong Iran war"
[REDDIT][COMMENT][PARSED] comment_id=oz2db9f post_id=1v3elmb parent_id=t3_1v3elmb depth=0 created_at=2026-07-22T12:38:10+00:00 text="Dude, you are 2nd in command of THIS administration.  Surely you have the people's ear more than the Israelis do..."
[REDDIT][COMMENT][PARSED] comment_id=oz30xbb post_id=1v3elmb parent_id=t1_oz2db9f depth=1 created_at=2026-07-22T14:29:03+00:00 text="kinda, but not really. the vp is mainly a backup guy, a tiebreaker in the senate, and a ceremonial officiant   the power he HAS is in speaking out, but he's a cowardly little dipsh"
[REDDIT][COMMENT][PARSED] comment_id=oz3dxna post_id=1v3elmb parent_id=t3_1v3elmb depth=0 created_at=2026-07-22T15:24:29+00:00 text="JD Vance is trying to create a permission structure to run for President in 2028 by distancing himself from Trump and MAGA, and seen as the \"voice of reason\" within the White House"
[REDDIT][COMMENT][PARSED] comment_id=oz395ya post_id=1v3elmb parent_id=t3_1v3elmb depth=0 created_at=2026-07-22T15:04:21+00:00 text="they're eating the cats.  they're eating the dogs."
[REDDIT][COMMENT][PARSED] comment_id=oz3auk2 post_id=1v3elmb parent_id=t3_1v3elmb depth=0 created_at=2026-07-22T15:11:34+00:00 text="I do find it endearing that he thinks the american publics opinion has this direct an effect on foreign policy under the current government.   Just kidding; he obviously lays the g"
[REDDIT][COMMENT][PARSED] comment_id=oz3lt5x post_id=1v3elmb parent_id=t3_1v3elmb depth=0 created_at=2026-07-22T15:57:23+00:00 text="I mean yea, but also… you guys did all the stuff.  Also… isn’t public opinion broadly against the war? It’s only MAGA that’s still in favor of this. What context is “the US public”"
[REDDIT][COMMENT][PARSED] comment_id=oz3xost post_id=1v3elmb parent_id=t3_1v3elmb depth=0 created_at=2026-07-22T16:46:29+00:00 text="EVERYONE must remember in 2028 how integral he was in this Iran war "
[REDDIT][COMMENT][PARSED] comment_id=oz3yddm post_id=1v3elmb parent_id=t3_1v3elmb depth=0 created_at=2026-07-22T16:49:16+00:00 text="I keep looking for the political angle to this - the Machiavellian reason for saying this while your Dear Leader basically does the opposite.  And I think it's purely they think th"
[REDDIT][COMMENT][PARSED] comment_id=oz45fl8 post_id=1v3elmb parent_id=t3_1v3elmb depth=0 created_at=2026-07-22T17:17:58+00:00 text="manipulating US public opinion? Like they appeared to manipulate US *Government* into starting the war? Does he mean like that?"
[REDDIT][COMMENT][PARSED] comment_id=oz4ch2x post_id=1v3elmb parent_id=t3_1v3elmb depth=0 created_at=2026-07-22T17:46:21+00:00 text="I feel like we need an everybody out moment in politics.  If you previously held office your out. They are only interested in self enrichment."
[REDDIT][COMMENT][PARSED] comment_id=oz4d4x0 post_id=1v3elmb parent_id=t3_1v3elmb depth=0 created_at=2026-07-22T17:49:01+00:00 text="It's not been the public's actions that continue to bomb the county or instigate the waters of the strait."
[REDDIT][COMMENT][PARSED] comment_id=oz4evuc post_id=1v3elmb parent_id=t3_1v3elmb depth=0 created_at=2026-07-22T17:56:01+00:00 text="JD Vance....totally forgot about that guy. Wheres he been lately?"
[REDDIT][COMMENT][PARSED] comment_id=oz5b7zg post_id=1v3elmb parent_id=t3_1v3elmb depth=0 created_at=2026-07-22T20:11:45+00:00 text="The only one trying to extend the Iran war is the administration."
[REDDIT][COMMENT][PARSED] comment_id=oz5xrzq post_id=1v3elmb parent_id=t3_1v3elmb depth=0 created_at=2026-07-22T21:51:49+00:00 text="Vance is bought and sold by Peter Thiel. Looks like the time has come to start positioning himself as the next president. Too bad, he’s a sniveling dough face liar and everyone kno"
[REDDIT][COMMENT][PARSED] comment_id=oz656dh post_id=1v3elmb parent_id=t3_1v3elmb depth=0 created_at=2026-07-22T22:27:40+00:00 text="I call bullshit"
[REDDIT][COMMENT][PARSED] comment_id=oz6j0wl post_id=1v3elmb parent_id=t3_1v3elmb depth=0 created_at=2026-07-22T23:39:09+00:00 text="dunno much about vance. but when i saw how he interacted with zelensky when zelensky asked something or called some bs out (honestly dont remember), i remember vance not being able"
Status: saved_raw_json

[3/80] 1v2pu2q | r/worldnews
Post date: 2026-07-21T17:53:12.266000+00:00
JSON URL: https://www.reddit.com/r/worldnews/comments/1v2pu2q/tankers_with_saudi_crude_turn_back_as_houthis.json
[REDDIT][JSON_FETCH][START] post_id=1v2pu2q json_url=https://www.reddit.com/r/worldnews/comments/1v2pu2q/tankers_with_saudi_crude_turn_back_as_houthis.json
[REDDIT][JSON_FETCH][RESULT] post_id=1v2pu2q status=saved_raw_json continue=True raw_json_file=C:\Users\hnade\OneDrive\Desktop\New folder\repo\data\interim\reddit\raw_json_audit\raw_reddit_json\1v2pu2q.json
[REDDIT][RAW_JSON][SAVED_AND_PARSED] post_id=1v2pu2q bytes=112744 comments=25 more_nodes=0 submission=yes
[REDDIT][POST][PARSED] post_id=1v2pu2q subreddit=worldnews title="Tankers with Saudi crude turn back as Houthis open new front in US-Iran war"
[REDDIT][COMMENT][PARSED] comment_id=oyx1o6c post_id=1v2pu2q parent_id=t3_1v2pu2q depth=0 created_at=2026-07-21T17:58:59+00:00 text="I'm beginning to think this war isn't going according to plan...."
[REDDIT][COMMENT][PARSED] comment_id=oyx52z4 post_id=1v2pu2q parent_id=t1_oyx1o6c depth=1 created_at=2026-07-21T18:13:24+00:00 text="There was a plan?"
[REDDIT][COMMENT][PARSED] comment_id=oyx72d7 post_id=1v2pu2q parent_id=t1_oyx52z4 depth=2 created_at=2026-07-21T18:21:49+00:00 text="A concept of a plan\\*"
[REDDIT][COMMENT][PARSED] comment_id=oyxu187 post_id=1v2pu2q parent_id=t1_oyx72d7 depth=3 created_at=2026-07-21T20:01:29+00:00 text="A concept of a path to a plan"
[REDDIT][COMMENT][PARSED] comment_id=oz1o2cn post_id=1v2pu2q parent_id=t1_oyx1o6c depth=1 created_at=2026-07-22T09:58:50+00:00 text="It's almost like a draft dodger with dementia and a drunk platoon leader are running the US military....."
[REDDIT][COMMENT][PARSED] comment_id=oyxk2sa post_id=1v2pu2q parent_id=t1_oyx1o6c depth=1 created_at=2026-07-21T19:17:54+00:00 text="Donald Trump is the greatest Climate President of all time. His contribution to getting the whole world to switch to green energy is incalculable. "
[REDDIT][COMMENT][PARSED] comment_id=oyx2tmy post_id=1v2pu2q parent_id=t1_oyx1o6c depth=1 created_at=2026-07-21T18:03:51+00:00 text="&gt;\"So far it hasn't happened. Might happen, but we take care of things. If something like ​that happens, we take care of it\"  Supreme leader says it's fine."
[REDDIT][COMMENT][PARSED] comment_id=oyzqsej post_id=1v2pu2q parent_id=t1_oyx1o6c depth=1 created_at=2026-07-22T01:41:53+00:00 text="I think you’re absolutely correct. We could’ve turned away from this a while ago I think. Now we’re just stuck."
[REDDIT][COMMENT][PARSED] comment_id=oyzr412 post_id=1v2pu2q parent_id=t1_oyzqsej depth=2 created_at=2026-07-22T01:43:41+00:00 text="I hate to say it, but I think the people responsible are the people in charge of my country. I love this country. I love it’s people, it’s history and it’s geography. I love what i"
[REDDIT][COMMENT][PARSED] comment_id=oyx8n89 post_id=1v2pu2q parent_id=t1_oyx1o6c depth=1 created_at=2026-07-21T18:28:38+00:00 text="No it is. Brown people are killing brown people just like the GOP wanted."
[REDDIT][COMMENT][PARSED] comment_id=oyx3gih post_id=1v2pu2q parent_id=t3_1v2pu2q depth=0 created_at=2026-07-21T18:06:33+00:00 text="Dear Trump administration,   You suck. Way to go, jackasses. "
[REDDIT][COMMENT][PARSED] comment_id=oyxddq2 post_id=1v2pu2q parent_id=t3_1v2pu2q depth=0 created_at=2026-07-21T18:48:56+00:00 text="You know that game when a driver pretends to stop the car long enough to let someone in, then lurches a few feet ahead?   I think that’s what Iran plans to do with the US here, ind"
[REDDIT][COMMENT][PARSED] comment_id=oyxdpwp post_id=1v2pu2q parent_id=t3_1v2pu2q depth=0 created_at=2026-07-21T18:50:22+00:00 text="As someone who drives 180 miles round trip per day for my work commute: damn."
[REDDIT][COMMENT][PARSED] comment_id=oyxhho2 post_id=1v2pu2q parent_id=t1_oyxdpwp depth=1 created_at=2026-07-21T19:06:36+00:00 text="Honestly if you're driving that far, its kind of on you,  big sauzel. You couldn't pay me to commute that far. "
[REDDIT][COMMENT][PARSED] comment_id=oyxhswp post_id=1v2pu2q parent_id=t1_oyxhho2 depth=2 created_at=2026-07-21T19:07:57+00:00 text="I work 10 days a month, it makes it very doable.  5 days of work followed by 9 days off. Much better than a traditional job. I get off 26 full weeks off per year, not even includin"
[REDDIT][COMMENT][PARSED] comment_id=oyxr0es post_id=1v2pu2q parent_id=t1_oyxhswp depth=3 created_at=2026-07-21T19:48:17+00:00 text="[deleted]"
[REDDIT][COMMENT][PARSED] comment_id=oyxrtal post_id=1v2pu2q parent_id=t1_oyxr0es depth=4 created_at=2026-07-21T19:51:49+00:00 text="That's the ideal commute to have for sure. But sometimes a short commute isn't feasible for a number of valid reasons. Right now my situation makes sense mathematically and and lif"
[REDDIT][COMMENT][PARSED] comment_id=oyywggv post_id=1v2pu2q parent_id=t1_oyxrtal depth=5 created_at=2026-07-21T22:58:46+00:00 text="Depending on the vehicle, can see about investing in a secondary fuel cell."
[REDDIT][COMMENT][PARSED] comment_id=oz0s1kq post_id=1v2pu2q parent_id=t1_oyxhho2 depth=2 created_at=2026-07-22T05:39:48+00:00 text="What about a million a year? "
[REDDIT][COMMENT][PARSED] comment_id=oyx4r2c post_id=1v2pu2q parent_id=t3_1v2pu2q depth=0 created_at=2026-07-21T18:11:59+00:00 text="We have to stop shitting on education. Educated Americans did not vote for this. Just a bunch of brainwashed blue collar and racists"
[REDDIT][COMMENT][PARSED] comment_id=oyx9oxq post_id=1v2pu2q parent_id=t1_oyx4r2c depth=1 created_at=2026-07-21T18:33:06+00:00 text="what's with self-perceived educated americans talking down on blue collar workers "
[REDDIT][COMMENT][PARSED] comment_id=oyxeibh post_id=1v2pu2q parent_id=t1_oyx9oxq depth=2 created_at=2026-07-21T18:53:44+00:00 text="Maybe blue-collar workers should listen instead of voting against their own interests out of spite?"
[REDDIT][COMMENT][PARSED] comment_id=oyxfjes post_id=1v2pu2q parent_id=t1_oyxeibh depth=3 created_at=2026-07-21T18:58:09+00:00 text="Dems should really continue the strategy of talking down on working class people like they know better. It's been totally effective at upholding democracy over the past 2 decades!"
[REDDIT][COMMENT][PARSED] comment_id=oyx2so2 post_id=1v2pu2q parent_id=t3_1v2pu2q depth=0 created_at=2026-07-21T18:03:44+00:00 text="Is it just a coincidence that the Houthi blockade aligns with reports about Saudi Arabia potentially developing a nuclear bomb?\""
[REDDIT][COMMENT][PARSED] comment_id=oyxaohb post_id=1v2pu2q parent_id=t3_1v2pu2q depth=0 created_at=2026-07-21T18:37:20+00:00 text="Already got $4 fuel national average so yay market manipulation "
Status: saved_raw_json

[4/80] 1v2e0z5 | r/worldnews
Post date: 2026-07-21T10:01:21.365000+00:00
JSON URL: https://www.reddit.com/r/worldnews/comments/1v2e0z5/israeli_media_says_turkey_was_ready_to_intervene.json
[REDDIT][JSON_FETCH][START] post_id=1v2e0z5 json_url=https://www.reddit.com/r/worldnews/comments/1v2e0z5/israeli_media_says_turkey_was_ready_to_intervene.json
[REDDIT][JSON_FETCH][RESULT] post_id=1v2e0z5 status=saved_raw_json continue=True raw_json_file=C:\Users\hnade\OneDrive\Desktop\New folder\repo\data\interim\reddit\raw_json_audit\raw_reddit_json\1v2e0z5.json
[REDDIT][RAW_JSON][SAVED_AND_PARSED] post_id=1v2e0z5 bytes=277659 comments=52 more_nodes=0 submission=yes
[REDDIT][POST][PARSED] post_id=1v2e0z5 subreddit=worldnews title="Israeli media says Turkey was ready to intervene over Kurdish incursion into Iran | \"Ankara considered providing aerial support to Tehran, while Trump claims he"
[REDDIT][COMMENT][PARSED] comment_id=oyud392 post_id=1v2e0z5 parent_id=t3_1v2e0z5 depth=0 created_at=2026-07-21T10:01:21+00:00 text="Users often report submissions from this site for sensationalized articles. Readers have a responsibility to be skeptical, check sources, and comment on any flaws.  You can help im"
[REDDIT][COMMENT][PARSED] comment_id=oyudzg6 post_id=1v2e0z5 parent_id=t3_1v2e0z5 depth=0 created_at=2026-07-21T10:08:21+00:00 text="Now that would have been spicy "
[REDDIT][COMMENT][PARSED] comment_id=oyuev8h post_id=1v2e0z5 parent_id=t1_oyudzg6 depth=1 created_at=2026-07-21T10:15:08+00:00 text="American jets fighting American jets! And Trump goes on to give them F-35."
[REDDIT][COMMENT][PARSED] comment_id=oyufqei post_id=1v2e0z5 parent_id=t1_oyuev8h depth=2 created_at=2026-07-21T10:21:42+00:00 text="Turkey was a founding member of the f35 coalition "
[REDDIT][COMMENT][PARSED] comment_id=oyuh0t9 post_id=1v2e0z5 parent_id=t1_oyufqei depth=3 created_at=2026-07-21T10:31:23+00:00 text="A manufacturer, before the us took the program away from them."
[REDDIT][COMMENT][PARSED] comment_id=oyuic54 post_id=1v2e0z5 parent_id=t1_oyuh0t9 depth=4 created_at=2026-07-21T10:41:05+00:00 text="Well if they didn’t piss em off they would have still be in the F-35 program. You can’t have a S-400 system and eat the F-35 too"
[REDDIT][COMMENT][PARSED] comment_id=oyuik06 post_id=1v2e0z5 parent_id=t1_oyuic54 depth=5 created_at=2026-07-21T10:42:39+00:00 text="They had to buy S-400 to appease Russia, while the USA completely refused to help, even though Turkey is in NATO "
[REDDIT][COMMENT][PARSED] comment_id=oyuinai post_id=1v2e0z5 parent_id=t1_oyuik06 depth=6 created_at=2026-07-21T10:43:18+00:00 text="What could Russia possibly do?"
[REDDIT][COMMENT][PARSED] comment_id=oywwvw5 post_id=1v2e0z5 parent_id=t1_oyuinai depth=7 created_at=2026-07-21T17:38:51+00:00 text="They hit a base in Syria which killed around 34 soldiers iirc"
[REDDIT][COMMENT][PARSED] comment_id=oyukgzu post_id=1v2e0z5 parent_id=t1_oyuinai depth=7 created_at=2026-07-21T10:55:59+00:00 text="Cutting energy (natural gas) supplies to Turkey and it would shut down and freeze the whole country. More direct support to Russian proxies where Turkey clashes with them. Russian "
[REDDIT][COMMENT][PARSED] comment_id=oyul5em post_id=1v2e0z5 parent_id=t1_oyukgzu depth=8 created_at=2026-07-21T11:00:41+00:00 text="There's no hypothetical to be looked at, or proxies to use, Russia killed a lot of Turkish soldiers "
[REDDIT][COMMENT][PARSED] comment_id=oyumg3u post_id=1v2e0z5 parent_id=t1_oyuik06 depth=6 created_at=2026-07-21T11:09:31+00:00 text="This is a straight up lie.   The Turkish government wanted to be able to produce the air defence units and missiles in country and the US refused. After the US refused they procure"
[REDDIT][COMMENT][PARSED] comment_id=oyv8ri1 post_id=1v2e0z5 parent_id=t1_oyumg3u depth=7 created_at=2026-07-21T13:16:00+00:00 text="“Had a hissy fit”?  No, the Turks wanted access to manufacture under license a critical US technology that at the time only Japan was authorized to produce (and limited to an older"
[REDDIT][COMMENT][PARSED] comment_id=oz5hmhf post_id=1v2e0z5 parent_id=t1_oyv8ri1 depth=8 created_at=2026-07-22T20:39:10+00:00 text="&gt;Perhaps one doesn’t show how reliable they are in one area by deciding to ally instead with your coalition’s historic aggressor.   Perhaps one shouldnt talk about reliability w"
[REDDIT][COMMENT][PARSED] comment_id=oyukphz post_id=1v2e0z5 parent_id=t3_1v2e0z5 depth=0 created_at=2026-07-21T10:57:37+00:00 text="Someone planned for a Kurdish uprising in Iran and thought Turkey would be okay with it. It seems like they didn't even give Ankara any assurances that the scale of the uprising wo"
[REDDIT][COMMENT][PARSED] comment_id=oyuv8tf post_id=1v2e0z5 parent_id=t1_oyukphz depth=1 created_at=2026-07-21T12:04:27+00:00 text="That requires forethought. This regime doesn't think about things besides how to get richer."
[REDDIT][COMMENT][PARSED] comment_id=oyvluou post_id=1v2e0z5 parent_id=t1_oyuv8tf depth=2 created_at=2026-07-21T14:17:28+00:00 text="I mean Turkey doesn't agree to Kurds getting anything in return. In Syria they force new government to not even let Kurds have education in mother tongue. And if that is what Turke"
[REDDIT][COMMENT][PARSED] comment_id=oywlwwc post_id=1v2e0z5 parent_id=t1_oyvluou depth=3 created_at=2026-07-21T16:52:24+00:00 text="Bullshit. Turkey has very good relationship with Iraqi Kurdistan. The problem is PKK/YPG/PJAK trio"
[REDDIT][COMMENT][PARSED] comment_id=oyxwcd8 post_id=1v2e0z5 parent_id=t1_oywlwwc depth=4 created_at=2026-07-21T20:11:30+00:00 text="I am Kurdish and that is not true.  Kurdistan Region is landlocked and other options are sanctioned Iran, Syria which was in civil war for 15 years and Iraq which we hate and are n"
[REDDIT][COMMENT][PARSED] comment_id=oyy19pk post_id=1v2e0z5 parent_id=t1_oyxwcd8 depth=5 created_at=2026-07-21T20:32:50+00:00 text="It seems that you are the one that is hating not the other way around. Turkey is the only country opening you to the world and you are claiming that Turkey is oppressing you? This "
[REDDIT][COMMENT][PARSED] comment_id=oyv48eq post_id=1v2e0z5 parent_id=t1_oyukphz depth=1 created_at=2026-07-21T12:53:08+00:00 text="This is what happens when the dumbest, least competent people are in charge of a country.  But hey, at least we don't have to worry about low T levels!"
[REDDIT][COMMENT][PARSED] comment_id=oyute12 post_id=1v2e0z5 parent_id=t1_oyukphz depth=1 created_at=2026-07-21T11:53:30+00:00 text="[removed]"
[REDDIT][COMMENT][PARSED] comment_id=oyuvyo3 post_id=1v2e0z5 parent_id=t1_oyute12 depth=2 created_at=2026-07-21T12:08:36+00:00 text="&gt; If Turkey was guaranteed that any Kurdish uprising would not lead to any future challenge to Turkish territorial integrity then I could definitely see Turkey staying out of th"
[REDDIT][COMMENT][PARSED] comment_id=oyv57nw post_id=1v2e0z5 parent_id=t1_oyute12 depth=2 created_at=2026-07-21T12:58:09+00:00 text="Would they believe any such assurances from the US? At this point would any country believe assurances from the United States?"
[REDDIT][COMMENT][PARSED] comment_id=oyv14fd post_id=1v2e0z5 parent_id=t1_oyute12 depth=2 created_at=2026-07-21T12:36:54+00:00 text="They just hate the Kurds and no I do not believe the Kurds are a threat to Turkey. Turkish govt treats them as boogeyman when organized  "
[REDDIT][COMMENT][PARSED] comment_id=oyweh5o post_id=1v2e0z5 parent_id=t1_oyv14fd depth=3 created_at=2026-07-21T16:20:45+00:00 text="yeah not like a kurdish separatist terrorist organization has been killing civilians for over 40 years /s"
[REDDIT][COMMENT][PARSED] comment_id=oywnn54 post_id=1v2e0z5 parent_id=t1_oyweh5o depth=4 created_at=2026-07-21T16:59:46+00:00 text="I came with I don’t like to group people based on their religion into buckets that make them dangerous based on their religious beliefs. Will you forever hate that religious group "
[REDDIT][COMMENT][PARSED] comment_id=oyzjohs post_id=1v2e0z5 parent_id=t1_oyute12 depth=2 created_at=2026-07-22T01:02:24+00:00 text="Then you see it wrong. Iran isn’t like the Iraq och Syria, it’s an continuous historical state which is a rival. A rival that needs to be balanced, but an equal. Iran’s territorial"
[REDDIT][COMMENT][PARSED] comment_id=oyxo3vk post_id=1v2e0z5 parent_id=t1_oyukphz depth=1 created_at=2026-07-21T19:35:34+00:00 text="Any kind of “assurances” the Kurdish incursion would stay confined to Iran would totally lack credibility. We know from decades of experience that messy sectarian civil wars cannot"
[REDDIT][COMMENT][PARSED] comment_id=oyunhz3 post_id=1v2e0z5 parent_id=t3_1v2e0z5 depth=0 created_at=2026-07-21T11:16:29+00:00 text="Even if Turkey and Iran are geopolitical enemies Iran is still a large source of power in Middle East and throwing the balance off is not ideal for Turkey of course they'll try to "
[REDDIT][COMMENT][PARSED] comment_id=oywmfa4 post_id=1v2e0z5 parent_id=t1_oyunhz3 depth=1 created_at=2026-07-21T16:54:34+00:00 text="Fun fact, the border between Iran and turkey is the oldest stable border of Turkey, it was set in 1639."
[REDDIT][COMMENT][PARSED] comment_id=oyv5415 post_id=1v2e0z5 parent_id=t3_1v2e0z5 depth=0 created_at=2026-07-21T12:57:38+00:00 text="Erdogan very much wants to be seen as a leader of Islam not just Turkey.   Whether it’s Israel or the Kurds, or any other middle eastern dispute tied up in religion, you can always"
[REDDIT][COMMENT][PARSED] comment_id=oyxxuef post_id=1v2e0z5 parent_id=t1_oyv5415 depth=1 created_at=2026-07-21T20:18:00+00:00 text="Kurds are 98% Muslim, so that's not the conflict (although you are right Erdogan wants to be seen as the leader of Islam).  The issue is, there are some 40 million Kurds in the reg"
[REDDIT][COMMENT][PARSED] comment_id=oyxohbj post_id=1v2e0z5 parent_id=t1_oyv5415 depth=1 created_at=2026-07-21T19:37:12+00:00 text="This has nothing to do with islam and everything to do with Turkey trying to nip Kurdish nationalism in the bud."
[REDDIT][COMMENT][PARSED] comment_id=oyxtbk5 post_id=1v2e0z5 parent_id=t1_oyv5415 depth=1 created_at=2026-07-21T19:58:23+00:00 text="That was Khamenei’s position actually "
[REDDIT][COMMENT][PARSED] comment_id=oywm6mv post_id=1v2e0z5 parent_id=t1_oyv5415 depth=1 created_at=2026-07-21T16:53:32+00:00 text="Iran doesn't count as 'muslim' when it comes to Erdogan"
[REDDIT][COMMENT][PARSED] comment_id=oywxzjh post_id=1v2e0z5 parent_id=t1_oywm6mv depth=2 created_at=2026-07-21T17:43:31+00:00 text="He doesn’t like the mullahs but he would very much like to have the Iranian public view him as an antagonist to the non-Muslims in the region that they mutually dislike "
[REDDIT][COMMENT][PARSED] comment_id=oyv8sza post_id=1v2e0z5 parent_id=t3_1v2e0z5 depth=0 created_at=2026-07-21T13:16:12+00:00 text="Was this before or after Trump sold out the Kurds? Israel wants the US to stop sales of the F-35 to Turkyie, so it follows that they would want to drive a wedge between the US and "
[REDDIT][COMMENT][PARSED] comment_id=oyxsz2u post_id=1v2e0z5 parent_id=t1_oyv8sza depth=1 created_at=2026-07-21T19:56:53+00:00 text="Sell out of which Kurdish faction?"
[REDDIT][COMMENT][PARSED] comment_id=oyv88sf post_id=1v2e0z5 parent_id=t3_1v2e0z5 depth=0 created_at=2026-07-21T13:13:26+00:00 text="Oh, a war you started on a whim? In one of the most volatile places on earth is spreading? Who would have thought? Man, just when you think you had it down cold, this shit happens."
[REDDIT][COMMENT][PARSED] comment_id=oywpeua post_id=1v2e0z5 parent_id=t1_oyv88sf depth=1 created_at=2026-07-21T17:07:21+00:00 text="Nah, shit's been brewing for a long, long time."
[REDDIT][COMMENT][PARSED] comment_id=oyxuht0 post_id=1v2e0z5 parent_id=t1_oywpeua depth=2 created_at=2026-07-21T20:03:30+00:00 text="No, not really. It’s been brewing in Bibi’s mind. But the military has been war-gaming it for decades. It always comes down to the straits. The militqry was clearly not prepared. W"
[REDDIT][COMMENT][PARSED] comment_id=oyxt3ii post_id=1v2e0z5 parent_id=t1_oyv88sf depth=1 created_at=2026-07-21T19:57:25+00:00 text="“On a whim” "
[REDDIT][COMMENT][PARSED] comment_id=oyvoxei post_id=1v2e0z5 parent_id=t3_1v2e0z5 depth=0 created_at=2026-07-21T14:31:17+00:00 text="Dont give Turkey F35.... or update their F16..."
[REDDIT][COMMENT][PARSED] comment_id=oyww4bk post_id=1v2e0z5 parent_id=t3_1v2e0z5 depth=0 created_at=2026-07-21T17:35:44+00:00 text="They hate the Kurds *so fucking much* it’s genuinely infuriating."
[REDDIT][COMMENT][PARSED] comment_id=oz2zx9g post_id=1v2e0z5 parent_id=t1_oyww4bk depth=1 created_at=2026-07-22T14:24:41+00:00 text="Nope, no one hates them for nothing, maybe... just maybe these Kurdish groups don't stop? Huh? maybe??   Iraq, Syria, Turkey, Iran... Wherever war starts somewhere, you can see Som"
[REDDIT][COMMENT][PARSED] comment_id=oz35kac post_id=1v2e0z5 parent_id=t1_oz2zx9g depth=2 created_at=2026-07-22T14:49:00+00:00 text="That doesn't exactly explain the idea of Turkey providing air support *to Iran* in response to Kurds doing something *outside of Turkey.*"
[REDDIT][COMMENT][PARSED] comment_id=oz38qv2 post_id=1v2e0z5 parent_id=t1_oz2zx9g depth=2 created_at=2026-07-22T15:02:34+00:00 text="thats because nobody else even tries to provide lip service or support to them in the region, america has fucked them over multiple times yes, but at least there's support among a "
[REDDIT][COMMENT][PARSED] comment_id=oywkbin post_id=1v2e0z5 parent_id=t3_1v2e0z5 depth=0 created_at=2026-07-21T16:45:38+00:00 text="Once again the idiocy of the Entente powers rears it's ugly head. If Britain and France hadn't hamstrung the Greeks we wouldn't be having these kinds of problems."
[REDDIT][COMMENT][PARSED] comment_id=oyw683k post_id=1v2e0z5 parent_id=t3_1v2e0z5 depth=0 created_at=2026-07-21T15:46:06+00:00 text="We are only one step away from a global conflict.. "
[REDDIT][COMMENT][PARSED] comment_id=oyxhigh post_id=1v2e0z5 parent_id=t3_1v2e0z5 depth=0 created_at=2026-07-21T19:06:42+00:00 text="Turkey out of NATO."
[REDDIT][COMMENT][PARSED] comment_id=oyukbcy post_id=1v2e0z5 parent_id=t3_1v2e0z5 depth=0 created_at=2026-07-21T10:54:55+00:00 text="It's over Ankara, I have the high ground"
Status: saved_raw_json

[5/80] 1v1tifk | r/worldnews
Post date: 2026-07-20T18:20:41.366000+00:00
JSON URL: https://www.reddit.com/r/worldnews/comments/1v1tifk/araghchi_says_turkey_helped_prevent_kurdish.json
[REDDIT][JSON_FETCH][START] post_id=1v1tifk json_url=https://www.reddit.com/r/worldnews/comments/1v1tifk/araghchi_says_turkey_helped_prevent_kurdish.json
[REDDIT][JSON_FETCH][RESULT] post_id=1v1tifk status=saved_raw_json continue=True raw_json_file=C:\Users\hnade\OneDrive\Desktop\New folder\repo\data\interim\reddit\raw_json_audit\raw_reddit_json\1v1tifk.json
[REDDIT][RAW_JSON][SAVED_AND_PARSED] post_id=1v1tifk bytes=60657 comments=12 more_nodes=0 submission=yes
[REDDIT][POST][PARSED] post_id=1v1tifk subreddit=worldnews title="Araghchi says Turkey helped prevent Kurdish groups from joining Iran war"
[REDDIT][COMMENT][PARSED] comment_id=oyqnse9 post_id=1v1tifk parent_id=t3_1v1tifk depth=0 created_at=2026-07-20T20:13:02+00:00 text="Turkey would happily bomb American armed kurds even if they were fighting iran. "
[REDDIT][COMMENT][PARSED] comment_id=oysznzc post_id=1v1tifk parent_id=t3_1v1tifk depth=0 created_at=2026-07-21T03:34:19+00:00 text="Betrayal Scars, Syrian Kurds Warn Iranian Kurds Not to Ally with US  (09 Maret 2026, 18:03 )  [https://voi.id/en/news/563384](https://voi.id/en/news/563384)"
[REDDIT][COMMENT][PARSED] comment_id=oypyf3a post_id=1v1tifk parent_id=t3_1v1tifk depth=0 created_at=2026-07-20T18:21:41+00:00 text="[https://www.al-monitor.com/originals/2026/07/irans-araghchi-reveals-turkeys-role-thwarting-kurdish-offensive](https://www.al-monitor.com/originals/2026/07/irans-araghchi-reveals-t"
[REDDIT][COMMENT][PARSED] comment_id=oyr1yfn post_id=1v1tifk parent_id=t3_1v1tifk depth=0 created_at=2026-07-20T21:16:36+00:00 text="Whatever happens, dividing Iran wouldnt stabilize the region but cause more peoblems in the long run"
[REDDIT][COMMENT][PARSED] comment_id=oyrjq3u post_id=1v1tifk parent_id=t3_1v1tifk depth=0 created_at=2026-07-20T22:43:05+00:00 text="Turkey out of NATO."
[REDDIT][COMMENT][PARSED] comment_id=oyrn2dh post_id=1v1tifk parent_id=t1_oyrjq3u depth=1 created_at=2026-07-20T23:00:21+00:00 text="A lot of people will want to see that but not for the reasons you think."
[REDDIT][COMMENT][PARSED] comment_id=oyv16zo post_id=1v1tifk parent_id=t1_oyrn2dh depth=2 created_at=2026-07-21T12:37:17+00:00 text="What are the reasons?"
[REDDIT][COMMENT][PARSED] comment_id=oyrufz2 post_id=1v1tifk parent_id=t1_oyrn2dh depth=2 created_at=2026-07-20T23:39:25+00:00 text="It's easily the worst sandwich meat. It's brought down state luncheons for nigh a century."
[REDDIT][COMMENT][PARSED] comment_id=oyrnbv1 post_id=1v1tifk parent_id=t3_1v1tifk depth=0 created_at=2026-07-20T23:01:46+00:00 text="Cowards "
[REDDIT][COMMENT][PARSED] comment_id=oys13u7 post_id=1v1tifk parent_id=t1_oyrnbv1 depth=1 created_at=2026-07-21T00:15:11+00:00 text="Why, because the Kurds refused to fight for a country that betrayed them a dozen times in the past. "
[REDDIT][COMMENT][PARSED] comment_id=oyz5v4p post_id=1v1tifk parent_id=t3_1v1tifk depth=0 created_at=2026-07-21T23:47:32+00:00 text="Turkey thinks of itself as descending from Trojans.  I see it is playing the part of Trojan horse to the west really well.  "
[REDDIT][COMMENT][PARSED] comment_id=oyznaor post_id=1v1tifk parent_id=t1_oyz5v4p depth=1 created_at=2026-07-22T01:22:25+00:00 text="The Trojan horse was used AGAINST the Trojans, not BY them. In your analogy Turkey would be the Greeks."
Status: saved_raw_json

[6/80] 1uy6pyl | r/worldnews
Post date: 2026-07-16T15:51:23.345000+00:00
JSON URL: https://www.reddit.com/r/worldnews/comments/1uy6pyl/estonia_says_us_arms_delayed_over_iran_war_will.json
[REDDIT][JSON_FETCH][START] post_id=1uy6pyl json_url=https://www.reddit.com/r/worldnews/comments/1uy6pyl/estonia_says_us_arms_delayed_over_iran_war_will.json
[REDDIT][JSON_FETCH][RESULT] post_id=1uy6pyl status=saved_raw_json continue=True raw_json_file=C:\Users\hnade\OneDrive\Desktop\New folder\repo\data\interim\reddit\raw_json_audit\raw_reddit_json\1uy6pyl.json
[REDDIT][RAW_JSON][SAVED_AND_PARSED] post_id=1uy6pyl bytes=11598 comments=2 more_nodes=0 submission=yes
[REDDIT][POST][PARSED] post_id=1uy6pyl subreddit=worldnews title="Estonia says US arms delayed over Iran war will arrive in coming months"
[REDDIT][COMMENT][PARSED] comment_id=oxwy7b6 post_id=1uy6pyl parent_id=t3_1uy6pyl depth=0 created_at=2026-07-16T16:17:39+00:00 text="Doubtful. The moron in the WH will delay again, watch"
[REDDIT][COMMENT][PARSED] comment_id=oy37puy post_id=1uy6pyl parent_id=t1_oxwy7b6 depth=1 created_at=2026-07-17T13:20:02+00:00 text="Krasnov is Putin's best asset"
Status: saved_raw_json

[7/80] 1uxbtl0 | r/worldnews
Post date: 2026-07-15T17:01:18.137000+00:00
JSON URL: https://www.reddit.com/r/worldnews/comments/1uxbtl0/iran_ramps_up_execution_of_political_prisoners.json
[REDDIT][JSON_FETCH][START] post_id=1uxbtl0 json_url=https://www.reddit.com/r/worldnews/comments/1uxbtl0/iran_ramps_up_execution_of_political_prisoners.json
[REDDIT][JSON_FETCH][RESULT] post_id=1uxbtl0 status=saved_raw_json continue=True raw_json_file=C:\Users\hnade\OneDrive\Desktop\New folder\repo\data\interim\reddit\raw_json_audit\raw_reddit_json\1uxbtl0.json
[REDDIT][RAW_JSON][SAVED_AND_PARSED] post_id=1uxbtl0 bytes=56952 comments=11 more_nodes=0 submission=yes
[REDDIT][POST][PARSED] post_id=1uxbtl0 subreddit=worldnews title="Iran ramps up execution of political prisoners amid war with US, human rights data shows"
[REDDIT][COMMENT][PARSED] comment_id=oxpwln4 post_id=1uxbtl0 parent_id=t3_1uxbtl0 depth=0 created_at=2026-07-15T17:22:41+00:00 text="Every Iranian life this hellish occupying terrorist junta take breaks my heart.  Iran will become free soon. It is long overdue.  Edit: downvoted for this comment.   It seems the R"
[REDDIT][COMMENT][PARSED] comment_id=oxqf9h4 post_id=1uxbtl0 parent_id=t1_oxpwln4 depth=1 created_at=2026-07-15T18:39:35+00:00 text="There are plenty of tankies on reddit who support the IRGC"
[REDDIT][COMMENT][PARSED] comment_id=oxqfgbn post_id=1uxbtl0 parent_id=t1_oxqf9h4 depth=2 created_at=2026-07-15T18:40:23+00:00 text="I have had the utmost displeasure of interacting with quite a lot of them in the past 6 months. "
[REDDIT][COMMENT][PARSED] comment_id=oxsb22t post_id=1uxbtl0 parent_id=t1_oxpwln4 depth=1 created_at=2026-07-15T23:29:10+00:00 text="You are correct but you are at +23. You have my upvote"
[REDDIT][COMMENT][PARSED] comment_id=oxqp9il post_id=1uxbtl0 parent_id=t3_1uxbtl0 depth=0 created_at=2026-07-15T19:21:57+00:00 text="More reason to see this through as soon as possible. "
[REDDIT][COMMENT][PARSED] comment_id=oxrzbf7 post_id=1uxbtl0 parent_id=t1_oxqp9il depth=1 created_at=2026-07-15T22:31:13+00:00 text="I would love to see a free Iran, but if you're expecting the dude who threatened to glass the nation if his demands aren't met to care about the Iranian people then I've got a brid"
[REDDIT][COMMENT][PARSED] comment_id=oxsf0lh post_id=1uxbtl0 parent_id=t1_oxrzbf7 depth=2 created_at=2026-07-15T23:49:48+00:00 text="Definitly to my point here that targeting needs to start being a bit more refined than just infrastructure. That is how, little by little, the regime gets erroded to the point it b"
[REDDIT][COMMENT][PARSED] comment_id=oxsjltl post_id=1uxbtl0 parent_id=t1_oxsf0lh depth=3 created_at=2026-07-16T00:14:18+00:00 text="To your point? Your point was to \"Finish the job\". That makes it sound like we've started the job. The current US administration has no interest in helping the Iranian people, just"
[REDDIT][COMMENT][PARSED] comment_id=oxsna4a post_id=1uxbtl0 parent_id=t1_oxsjltl depth=4 created_at=2026-07-16T00:34:14+00:00 text="I’m definitly not a blind patriot, just against terror in general. I’d argue we are doing more, now, than any point prior. Finishing the job to me is complete annihilation of the I"
[REDDIT][COMMENT][PARSED] comment_id=oxprht3 post_id=1uxbtl0 parent_id=t3_1uxbtl0 depth=0 created_at=2026-07-15T17:01:38+00:00 text="[Paywall break here.](https://archive.is/FXIBa)"
[REDDIT][COMMENT][PARSED] comment_id=oxqm18p post_id=1uxbtl0 parent_id=t3_1uxbtl0 depth=0 created_at=2026-07-15T19:08:10+00:00 text="That being said, Americans, hurry up.  You have now become, if one more Iranian dies, it is your fault that the US military did not quickly punch the Iranian government to death."
Status: saved_raw_json

[8/80] 1ux53o3 | r/worldnews
Post date: 2026-07-15T12:56:38.326000+00:00
JSON URL: https://www.reddit.com/r/worldnews/comments/1ux53o3/iran_ramps_up_execution_of_political_prisoners.json
[REDDIT][JSON_FETCH][START] post_id=1ux53o3 json_url=https://www.reddit.com/r/worldnews/comments/1ux53o3/iran_ramps_up_execution_of_political_prisoners.json
[REDDIT][JSON_FETCH][RESULT] post_id=1ux53o3 status=saved_raw_json continue=True raw_json_file=C:\Users\hnade\OneDrive\Desktop\New folder\repo\data\interim\reddit\raw_json_audit\raw_reddit_json\1ux53o3.json
[REDDIT][RAW_JSON][SAVED_AND_PARSED] post_id=1ux53o3 bytes=286071 comments=46 more_nodes=0 submission=yes
[REDDIT][POST][PARSED] post_id=1ux53o3 subreddit=worldnews title="Iran ramps up execution of political prisoners amid war with US, human rights data shows"
[REDDIT][COMMENT][PARSED] comment_id=oxo8vsj post_id=1ux53o3 parent_id=t3_1ux53o3 depth=0 created_at=2026-07-15T13:02:50+00:00 text="They're busy  Iran's regime silences them too. Executing political prisoners during a war is a calculated move to crush dissent while the world looks away."
[REDDIT][COMMENT][PARSED] comment_id=oxoflpn post_id=1ux53o3 parent_id=t3_1ux53o3 depth=0 created_at=2026-07-15T13:35:43+00:00 text="Terrorist Mullah regime."
[REDDIT][COMMENT][PARSED] comment_id=oxpfmb4 post_id=1ux53o3 parent_id=t1_oxoflpn depth=1 created_at=2026-07-15T16:12:29+00:00 text="Iran seems like a lovely place this time of year, why are there so many of its citizens acting like assholes across the globe when they could be soaking up the sun at home praising"
[REDDIT][COMMENT][PARSED] comment_id=oxp2que post_id=1ux53o3 parent_id=t3_1ux53o3 depth=0 created_at=2026-07-15T15:18:33+00:00 text="The Islamic regime needs to die. "
[REDDIT][COMMENT][PARSED] comment_id=oxo8h69 post_id=1ux53o3 parent_id=t3_1ux53o3 depth=0 created_at=2026-07-15T13:00:45+00:00 text="Where are all the human rights activists?"
[REDDIT][COMMENT][PARSED] comment_id=oxoj81a post_id=1ux53o3 parent_id=t1_oxo8h69 depth=1 created_at=2026-07-15T13:52:35+00:00 text="Supporting the IRGC. "
[REDDIT][COMMENT][PARSED] comment_id=oxpyzp4 post_id=1ux53o3 parent_id=t1_oxoj81a depth=2 created_at=2026-07-15T17:32:27+00:00 text="I'm glad there's some sensible people still left on Reddit. "
[REDDIT][COMMENT][PARSED] comment_id=oxriejy post_id=1ux53o3 parent_id=t1_oxpyzp4 depth=3 created_at=2026-07-15T21:18:52+00:00 text="For real! I swear this place is insufferable in wanting the US to lose. "
[REDDIT][COMMENT][PARSED] comment_id=oxufdt1 post_id=1ux53o3 parent_id=t1_oxriejy depth=4 created_at=2026-07-16T07:42:27+00:00 text="This war can't be won, it's an attempt at a foreign regime change without any benefits to rest of the world. In fact the world is paying a huge price for this. And before you start"
[REDDIT][COMMENT][PARSED] comment_id=oxx9wx6 post_id=1ux53o3 parent_id=t1_oxufdt1 depth=5 created_at=2026-07-16T17:05:25+00:00 text="Tell that to the families of 100k+ victims of Iran and it's filthy proxies all over the world, they will massively disagree with your shit take."
[REDDIT][COMMENT][PARSED] comment_id=oxoa1ip post_id=1ux53o3 parent_id=t1_oxo8h69 depth=1 created_at=2026-07-15T13:08:39+00:00 text="The bots are too busy slamming the US. Anything else isn’t in their algorithm."
[REDDIT][COMMENT][PARSED] comment_id=oxpz1jq post_id=1ux53o3 parent_id=t1_oxoa1ip depth=2 created_at=2026-07-15T17:32:40+00:00 text="This."
[REDDIT][COMMENT][PARSED] comment_id=oxoe64d post_id=1ux53o3 parent_id=t1_oxoa1ip depth=2 created_at=2026-07-15T13:28:51+00:00 text="No one is cheering for Iran. They’re questioning why start a war that you can’t finish.   America is happily negotiating with the existing government, not trying to free people fro"
[REDDIT][COMMENT][PARSED] comment_id=oxofs1q post_id=1ux53o3 parent_id=t1_oxoe64d depth=3 created_at=2026-07-15T13:36:34+00:00 text="The US military could finish off the Iranian regime but Trump is too dumb and fears military losses."
[REDDIT][COMMENT][PARSED] comment_id=oxp27d3 post_id=1ux53o3 parent_id=t1_oxofs1q depth=4 created_at=2026-07-15T15:16:15+00:00 text="Yep. Best I can tell, (the sane) people that bash the US over this mess have the simple point of \"someone has to fix this, and the USA won't\".   It's not a wrong point. "
[REDDIT][COMMENT][PARSED] comment_id=oxp8vnd post_id=1ux53o3 parent_id=t1_oxofs1q depth=4 created_at=2026-07-15T15:44:22+00:00 text="We woulda won Vietnam if they just took the gloves off!  Certain wars are just not winnable when you consider the cost or what the public will allow. Thats why it’s a stupid war to"
[REDDIT][COMMENT][PARSED] comment_id=oxol7ra post_id=1ux53o3 parent_id=t1_oxofs1q depth=4 created_at=2026-07-15T14:01:37+00:00 text="Yeah because it was so easy in Iraq and Afghanistan and totally didn't result the Taliban ruling again after 20 years of failed investment"
[REDDIT][COMMENT][PARSED] comment_id=oxoq250 post_id=1ux53o3 parent_id=t1_oxol7ra depth=5 created_at=2026-07-15T14:23:30+00:00 text="Why do you assume Iran will be like Iraq and Afghanistan?"
[REDDIT][COMMENT][PARSED] comment_id=oxoszpp post_id=1ux53o3 parent_id=t1_oxoq250 depth=6 created_at=2026-07-15T14:36:29+00:00 text="The region is even more mountainous and larger, the army and its equipment are larger and more modern.  Overall Iran is similar to Afghanistan but bigger and newer in every paramet"
[REDDIT][COMMENT][PARSED] comment_id=oxovohh post_id=1ux53o3 parent_id=t1_oxoszpp depth=7 created_at=2026-07-15T14:48:12+00:00 text="You just described the terrain.   Maybe I wasn’t being specific with my question.   Knowing what you know about Iranian history, culture, society, pre occupation governance, and th"
[REDDIT][COMMENT][PARSED] comment_id=oxuthhm post_id=1ux53o3 parent_id=t1_oxovohh depth=8 created_at=2026-07-16T09:40:18+00:00 text="What makes you think it will not? Who thought the IRCG would withstand months of bombings by two of the world's most powerful militaries and come out on top?  And let's look at his"
[REDDIT][COMMENT][PARSED] comment_id=oxvatdm post_id=1ux53o3 parent_id=t1_oxuthhm depth=9 created_at=2026-07-16T11:41:29+00:00 text="The islamic takeover of Iran in 1979 is a lesson in populism, not theocratic desire.   Khomeini promised socialists socialism.   He promised communists communism.   He promised lef"
[REDDIT][COMMENT][PARSED] comment_id=oxptrd7 post_id=1ux53o3 parent_id=t1_oxovohh depth=8 created_at=2026-07-15T17:11:04+00:00 text="Because roughly a third of the population are religious whackjobs supportive of IRGC and Islamic rule.  61% support IRGC's military support for proxy groups like Hezbollah and Hout"
[REDDIT][COMMENT][PARSED] comment_id=oxpucyd post_id=1ux53o3 parent_id=t1_oxptrd7 depth=9 created_at=2026-07-15T17:13:32+00:00 text="That’s not true.   Approximately 10-15% support the IRGC and the higher limits of that are me being liberal.   Of those 10-15% maybe half are ideological zealots and the rest are i"
[REDDIT][COMMENT][PARSED] comment_id=oxohqgf post_id=1ux53o3 parent_id=t1_oxofs1q depth=4 created_at=2026-07-15T13:45:44+00:00 text="Agree they could, but they’re not. Now it’s a complete shitshow. Great. All because of an ill conceived war."
[REDDIT][COMMENT][PARSED] comment_id=oxoizli post_id=1ux53o3 parent_id=t1_oxofs1q depth=4 created_at=2026-07-15T13:51:30+00:00 text="This can't be done without a military occupation of Iran. Any attempt to do that will not go well"
[REDDIT][COMMENT][PARSED] comment_id=oxog0wg post_id=1ux53o3 parent_id=t1_oxo8h69 depth=1 created_at=2026-07-15T13:37:44+00:00 text="They didn’t care when the regime killed at least 35,000 protesters earlier this year. They didn’t care when the irgc and “morality” police raped and killed women who were protestin"
[REDDIT][COMMENT][PARSED] comment_id=oxojicv post_id=1ux53o3 parent_id=t1_oxog0wg depth=2 created_at=2026-07-15T13:53:53+00:00 text="People will downvote you for this, but this is unfortunately the case. We have seen it throughout the past 47 years, but particularly so since the January massacres. "
[REDDIT][COMMENT][PARSED] comment_id=oxojdkg post_id=1ux53o3 parent_id=t1_oxog0wg depth=2 created_at=2026-07-15T13:53:17+00:00 text="It drives me nuts. Selective activism for things that only oppose western culture.   These idiots have no idea what it's like to live in an oppressive country like Iran."
[REDDIT][COMMENT][PARSED] comment_id=oxpz83x post_id=1ux53o3 parent_id=t1_oxojdkg depth=3 created_at=2026-07-15T17:33:25+00:00 text="This x1000. A certain group is so loud about other things but silent about this. The 35-50k people need to be remembered."
[REDDIT][COMMENT][PARSED] comment_id=oxpfx76 post_id=1ux53o3 parent_id=t1_oxog0wg depth=2 created_at=2026-07-15T16:13:43+00:00 text="Utter drivel. Human rights organisations have often been the only source pointing out atrocities committed by Iran . They also pointed out the US bombing of a girls' school which m"
[REDDIT][COMMENT][PARSED] comment_id=oxpili0 post_id=1ux53o3 parent_id=t1_oxpfx76 depth=3 created_at=2026-07-15T16:24:54+00:00 text="Do you know what “temporary wife” means in this context?"
[REDDIT][COMMENT][PARSED] comment_id=oxpka6o post_id=1ux53o3 parent_id=t1_oxpili0 depth=4 created_at=2026-07-15T16:31:54+00:00 text="The idiocy of your overall position against human rights activists is plain for all to see. To ask a question like that is as absurd as your logic. Do you know what a 'straw man' a"
[REDDIT][COMMENT][PARSED] comment_id=oxpp0yp post_id=1ux53o3 parent_id=t1_oxpka6o depth=5 created_at=2026-07-15T16:51:30+00:00 text="So the answer is no. Let me educate you a bit.   First, my criticism is of course not directed towards all people involved in human rights. The problem is the fake internet human r"
[REDDIT][COMMENT][PARSED] comment_id=oxqfsjn post_id=1ux53o3 parent_id=t1_oxpp0yp depth=6 created_at=2026-07-15T18:41:48+00:00 text="My answer wasn't 'no'. I was not prepared to dignify your insulting question with an answer. You have attempted to take the moral high ground by listing various atrocious abuses of"
[REDDIT][COMMENT][PARSED] comment_id=oxrzxam post_id=1ux53o3 parent_id=t1_oxqfsjn depth=7 created_at=2026-07-15T22:34:06+00:00 text="And now you've run away like the charlatan you are."
[REDDIT][COMMENT][PARSED] comment_id=oxpq7bk post_id=1ux53o3 parent_id=t1_oxo8h69 depth=1 created_at=2026-07-15T16:56:21+00:00 text="Trying to figure out how to blame this on Trump"
[REDDIT][COMMENT][PARSED] comment_id=oxshoiy post_id=1ux53o3 parent_id=t1_oxo8h69 depth=1 created_at=2026-07-16T00:03:57+00:00 text="you mean the \"I stand with Iran\" Idiots "
[REDDIT][COMMENT][PARSED] comment_id=oxp22kq post_id=1ux53o3 parent_id=t3_1ux53o3 depth=0 created_at=2026-07-15T15:15:40+00:00 text="Crazy that Iran doesn't have more detractors"
[REDDIT][COMMENT][PARSED] comment_id=oxoequi post_id=1ux53o3 parent_id=t3_1ux53o3 depth=0 created_at=2026-07-15T13:31:35+00:00 text="So a bunch of psychos took over a country with 100 million people.   Fkn kill these people?  I fail to see the issue here."
[REDDIT][COMMENT][PARSED] comment_id=oxok8oz post_id=1ux53o3 parent_id=t1_oxoequi depth=1 created_at=2026-07-15T13:57:14+00:00 text="If it was only that simple. It's not a handful of fanatics keeping those 93 million people hostage.   It's a lot of religious zealots, of worst kind, in power. They are not what an"
[REDDIT][COMMENT][PARSED] comment_id=oxolamr post_id=1ux53o3 parent_id=t1_oxok8oz depth=2 created_at=2026-07-15T14:01:59+00:00 text="You are wrong.  We can sort this out.  You are severely underestimating the power of the western military.   We can do w/e and we should stop this Iranian clown show where innocent"
[REDDIT][COMMENT][PARSED] comment_id=oxp9cxz post_id=1ux53o3 parent_id=t1_oxolamr depth=3 created_at=2026-07-15T15:46:22+00:00 text="Should western militaries invade every oppressive country in the world until all oppression stops? "
[REDDIT][COMMENT][PARSED] comment_id=oxpul7n post_id=1ux53o3 parent_id=t1_oxok8oz depth=2 created_at=2026-07-15T17:14:27+00:00 text="Right.  So instead of helping the resistance with tactics, communications, weapons, etc... The US has decided to simply bomb the resistance."
[REDDIT][COMMENT][PARSED] comment_id=oxpvu1l post_id=1ux53o3 parent_id=t1_oxpul7n depth=3 created_at=2026-07-15T17:19:33+00:00 text="They also said, when Iranians were starting their big protest against the regime, \"Help is on the way\", and did nothing to prevent all those executions, that followed."
[REDDIT][COMMENT][PARSED] comment_id=oxq0gtq post_id=1ux53o3 parent_id=t1_oxpvu1l depth=4 created_at=2026-07-15T17:38:29+00:00 text="Yep.  I mean, the Iranian regime is evil no doubt.  I hate that Iranians have to live under that government, and I suspect most of them also hate their government.  But...  * My gu"
Status: saved_raw_json

[9/80] 1uw013m | r/worldnews
Post date: 2026-07-14T05:54:31.192000+00:00
JSON URL: https://www.reddit.com/r/worldnews/comments/1uw013m/war_and_economic_crisis_complicate_efforts_to.json
[REDDIT][JSON_FETCH][START] post_id=1uw013m json_url=https://www.reddit.com/r/worldnews/comments/1uw013m/war_and_economic_crisis_complicate_efforts_to.json
[REDDIT][JSON_FETCH][RESULT] post_id=1uw013m status=saved_raw_json continue=True raw_json_file=C:\Users\hnade\OneDrive\Desktop\New folder\repo\data\interim\reddit\raw_json_audit\raw_reddit_json\1uw013m.json
[REDDIT][RAW_JSON][SAVED_AND_PARSED] post_id=1uw013m bytes=7145 comments=0 more_nodes=0 submission=yes
[REDDIT][POST][PARSED] post_id=1uw013m subreddit=worldnews title="War and economic crisis complicate efforts to protect Iran’s rich but endangered wildlife"
Status: saved_raw_json

[10/80] 1usl3rp | r/worldnews
Post date: 2026-07-10T11:35:46.566000+00:00
JSON URL: https://www.reddit.com/r/worldnews/comments/1usl3rp/iran_war_20_slams_asia_back_into_the_blast_zone.json
[REDDIT][JSON_FETCH][START] post_id=1usl3rp json_url=https://www.reddit.com/r/worldnews/comments/1usl3rp/iran_war_20_slams_asia_back_into_the_blast_zone.json
[REDDIT][JSON_FETCH][RESULT] post_id=1usl3rp status=saved_raw_json continue=True raw_json_file=C:\Users\hnade\OneDrive\Desktop\New folder\repo\data\interim\reddit\raw_json_audit\raw_reddit_json\1usl3rp.json
[REDDIT][RAW_JSON][SAVED_AND_PARSED] post_id=1usl3rp bytes=52291 comments=11 more_nodes=0 submission=yes
[REDDIT][POST][PARSED] post_id=1usl3rp subreddit=worldnews title="Iran war 2.0 slams Asia back into the blast zone - Asia Times"
[REDDIT][COMMENT][PARSED] comment_id=owohawx post_id=1usl3rp parent_id=t3_1usl3rp depth=0 created_at=2026-07-10T11:41:56+00:00 text="It's still 1.0. it never ended"
[REDDIT][COMMENT][PARSED] comment_id=owoicn7 post_id=1usl3rp parent_id=t1_owohawx depth=1 created_at=2026-07-10T11:48:08+00:00 text="Iranwar-Final-forrealthistime-v21-2 (5).docx"
[REDDIT][COMMENT][PARSED] comment_id=owojemq post_id=1usl3rp parent_id=t1_owoicn7 depth=2 created_at=2026-07-10T11:54:22+00:00 text="exercise2\\_last\\_final\\_please\\_work.cpp"
[REDDIT][COMMENT][PARSED] comment_id=owojixy post_id=1usl3rp parent_id=t3_1usl3rp depth=0 created_at=2026-07-10T11:55:04+00:00 text="Aka Trump messed things up around the world, and China, among other Asian nations, are feeling effects, just like the rest of the world.  I'm using the phrase \"messed things up\" to"
[REDDIT][COMMENT][PARSED] comment_id=owomv37 post_id=1usl3rp parent_id=t1_owojixy depth=1 created_at=2026-07-10T12:13:46+00:00 text="China has been the primary lifeline of the IRGC for a long time.  The IRGC, (besides murdering tens of thousands of Iranians who dared to ask for more options) has been providing R"
[REDDIT][COMMENT][PARSED] comment_id=owsh7a0 post_id=1usl3rp parent_id=t1_owomv37 depth=2 created_at=2026-07-10T22:35:05+00:00 text="Of course they don't care and have no room to complain, but they'll still see it as a reason to create a backlash. Another pissing contest amongst tyrants to inconvenience the rest"
[REDDIT][COMMENT][PARSED] comment_id=owok559 post_id=1usl3rp parent_id=t1_owojixy depth=1 created_at=2026-07-10T11:58:36+00:00 text="I am beyond pissed! I thought after Uni I'd be free instead COVID then this crap! This cunt ruined billions of lives! &gt;:("
[REDDIT][COMMENT][PARSED] comment_id=owshlq8 post_id=1usl3rp parent_id=t1_owok559 depth=2 created_at=2026-07-10T22:37:11+00:00 text="These asshats cause more problems than they can solve, and the rest of us have to deal with the consequences of their stupidity. I too am well beyond pissed that we keep having to "
[REDDIT][COMMENT][PARSED] comment_id=owonsiq post_id=1usl3rp parent_id=t3_1usl3rp depth=0 created_at=2026-07-10T12:18:49+00:00 text="Trump treats peace declarations the same way MAPPA treated **Attack on Titan** \\- we're currently on **The Iran War: The Final Season: The Final Chapters: Part 2: The Finale (Relau"
[REDDIT][COMMENT][PARSED] comment_id=owp1shq post_id=1usl3rp parent_id=t3_1usl3rp depth=0 created_at=2026-07-10T13:30:01+00:00 text="Karen’s against the war should go join Iran &amp; their puppets. Go Trump Go (don’t even like Trump but I’m not no Karen) "
[REDDIT][COMMENT][PARSED] comment_id=owrw0ce post_id=1usl3rp parent_id=t1_owp1shq depth=1 created_at=2026-07-10T20:53:33+00:00 text="What?"
Status: saved_raw_json

[11/80] 1usd09i | r/worldnews
Post date: 2026-07-10T04:13:05.065000+00:00
JSON URL: https://www.reddit.com/r/worldnews/comments/1usd09i/us_military_denies_involvement_after_explosions.json
[REDDIT][JSON_FETCH][START] post_id=1usd09i json_url=https://www.reddit.com/r/worldnews/comments/1usd09i/us_military_denies_involvement_after_explosions.json
[REDDIT][JSON_FETCH][RESULT] post_id=1usd09i status=saved_raw_json continue=True raw_json_file=C:\Users\hnade\OneDrive\Desktop\New folder\repo\data\interim\reddit\raw_json_audit\raw_reddit_json\1usd09i.json
[REDDIT][RAW_JSON][SAVED_AND_PARSED] post_id=1usd09i bytes=89241 comments=22 more_nodes=0 submission=yes
[REDDIT][POST][PARSED] post_id=1usd09i subreddit=worldnews title="US military denies involvement after explosions heard in Iran | US-Israel war on Iran News"
[REDDIT][COMMENT][PARSED] comment_id=owmtsle post_id=1usd09i parent_id=t3_1usd09i depth=0 created_at=2026-07-10T04:13:06+00:00 text="Users often report submissions from this site for sensationalized articles. Readers have a responsibility to be skeptical, check sources, and comment on any flaws.  You can help im"
[REDDIT][COMMENT][PARSED] comment_id=owmuoj1 post_id=1usd09i parent_id=t3_1usd09i depth=0 created_at=2026-07-10T04:19:02+00:00 text="What a confusing article . But this whole situation is a mind fk."
[REDDIT][COMMENT][PARSED] comment_id=owmv4h2 post_id=1usd09i parent_id=t3_1usd09i depth=0 created_at=2026-07-10T04:22:01+00:00 text="Shaggy singing wasn’t me about the explosions just playing in my head right now "
[REDDIT][COMMENT][PARSED] comment_id=owmuqhl post_id=1usd09i parent_id=t3_1usd09i depth=0 created_at=2026-07-10T04:19:23+00:00 text="Nobody in here but us chickens "
[REDDIT][COMMENT][PARSED] comment_id=own4gng post_id=1usd09i parent_id=t1_owmuqhl depth=1 created_at=2026-07-10T05:28:14+00:00 text="We got bills to pay and eggs to lay."
[REDDIT][COMMENT][PARSED] comment_id=owmug02 post_id=1usd09i parent_id=t3_1usd09i depth=0 created_at=2026-07-10T04:17:26+00:00 text="IDK if it's worth 4 dollars a gallon..."
[REDDIT][COMMENT][PARSED] comment_id=own3hd5 post_id=1usd09i parent_id=t1_owmug02 depth=1 created_at=2026-07-10T05:20:52+00:00 text="Lol I wish we could go back to $4/gallon! It's close to $6/gallon here. I've started driving a lot less"
[REDDIT][COMMENT][PARSED] comment_id=owmuyb0 post_id=1usd09i parent_id=t1_owmug02 depth=1 created_at=2026-07-10T04:20:50+00:00 text="[removed]"
[REDDIT][COMMENT][PARSED] comment_id=owmvska post_id=1usd09i parent_id=t1_owmuyb0 depth=2 created_at=2026-07-10T04:26:36+00:00 text="I mean, it's cost...inflation inflation inflation...Americans have been fighting inflation since Covid..and it never ends...amazing isn't it...America is facing a pandemic/national"
[REDDIT][COMMENT][PARSED] comment_id=ownh5b8 post_id=1usd09i parent_id=t1_owmug02 depth=1 created_at=2026-07-10T07:06:06+00:00 text="I mean Iran attacked again after supposedly signing the deal so at this point I don’t think the US can pull out "
[REDDIT][COMMENT][PARSED] comment_id=owowqsh post_id=1usd09i parent_id=t1_ownh5b8 depth=2 created_at=2026-07-10T13:05:33+00:00 text="Just a reminder that US/Israel never met the MOU provisions on Lebanon.   Iran was not the first to violate the agreement. "
[REDDIT][COMMENT][PARSED] comment_id=ownkosv post_id=1usd09i parent_id=t1_ownh5b8 depth=2 created_at=2026-07-10T07:34:48+00:00 text="[deleted]"
[REDDIT][COMMENT][PARSED] comment_id=ownx14g post_id=1usd09i parent_id=t1_ownkosv depth=3 created_at=2026-07-10T09:16:58+00:00 text="Impressive that you managed to stack a wall of bullshit that tall,  congrats "
[REDDIT][COMMENT][PARSED] comment_id=owmw21t post_id=1usd09i parent_id=t3_1usd09i depth=0 created_at=2026-07-10T04:28:23+00:00 text="Even if the US backs off, Israel is going to keep stirring the pot in the region.  Somewhat suprised this hasn't blossomed into a bigger regional conflict, but hey, there's still a"
[REDDIT][COMMENT][PARSED] comment_id=owns5fu post_id=1usd09i parent_id=t1_owmw21t depth=1 created_at=2026-07-10T08:36:49+00:00 text="A war on three (really four) fronts in the region for the last three years initiated and spearheaded by Iranian proxies. Over the last few months fronts have expanded to GCC countr"
[REDDIT][COMMENT][PARSED] comment_id=own38pb post_id=1usd09i parent_id=t1_owmw21t depth=1 created_at=2026-07-10T05:19:05+00:00 text="Benji proposed this crap show to Obama and every President since. Luckily Drump had a smart group of people in the military saying no the first term. He had all the smart people fi"
[REDDIT][COMMENT][PARSED] comment_id=owmwz6u post_id=1usd09i parent_id=t1_owmw21t depth=1 created_at=2026-07-10T04:34:44+00:00 text="If anyone thinks that Israel will stop banging heads with Iran then they are either ignorant or just foolish, they'll always keep stirring the pot and vice versa is gonna be the sa"
[REDDIT][COMMENT][PARSED] comment_id=owmwwq3 post_id=1usd09i parent_id=t3_1usd09i depth=0 created_at=2026-07-10T04:34:16+00:00 text="If anyone is attacking Iran right now, we know who will be blamed.  "
[REDDIT][COMMENT][PARSED] comment_id=owmy4j4 post_id=1usd09i parent_id=t1_owmwwq3 depth=1 created_at=2026-07-10T04:42:42+00:00 text="Never count Israel out of these discussions."
[REDDIT][COMMENT][PARSED] comment_id=owmvhsf post_id=1usd09i parent_id=t3_1usd09i depth=0 created_at=2026-07-10T04:24:33+00:00 text="So, IDF bringing more future retaliation upon themselves then?"
[REDDIT][COMMENT][PARSED] comment_id=owmvw2v post_id=1usd09i parent_id=t3_1usd09i depth=0 created_at=2026-07-10T04:27:17+00:00 text="Gunna cost arot of money "
[REDDIT][COMMENT][PARSED] comment_id=owntnf0 post_id=1usd09i parent_id=t3_1usd09i depth=0 created_at=2026-07-10T08:49:11+00:00 text="More civilians infrastructure taken out, then act like (the school) we didn’t do it. "
Status: saved_raw_json

[12/80] 1uru3pm | r/worldnews
Post date: 2026-07-09T15:47:22.561000+00:00
JSON URL: https://www.reddit.com/r/worldnews/comments/1uru3pm/russia_swings_to_june_budget_surplus_on_oil_rally.json
[REDDIT][JSON_FETCH][START] post_id=1uru3pm json_url=https://www.reddit.com/r/worldnews/comments/1uru3pm/russia_swings_to_june_budget_surplus_on_oil_rally.json
[REDDIT][JSON_FETCH][RESULT] post_id=1uru3pm status=saved_raw_json continue=True raw_json_file=C:\Users\hnade\OneDrive\Desktop\New folder\repo\data\interim\reddit\raw_json_audit\raw_reddit_json\1uru3pm.json
[REDDIT][RAW_JSON][SAVED_AND_PARSED] post_id=1uru3pm bytes=40619 comments=9 more_nodes=0 submission=yes
[REDDIT][POST][PARSED] post_id=1uru3pm subreddit=worldnews title="Russia Swings to June Budget Surplus on Oil Rally Amid Iran War"
[REDDIT][COMMENT][PARSED] comment_id=owijpnj post_id=1uru3pm parent_id=t3_1uru3pm depth=0 created_at=2026-07-09T15:59:08+00:00 text="Agent Krasnov comes through again."
[REDDIT][COMMENT][PARSED] comment_id=owinewj post_id=1uru3pm parent_id=t1_owijpnj depth=1 created_at=2026-07-09T16:14:34+00:00 text="Iran fired first. It’s all choreographed. "
[REDDIT][COMMENT][PARSED] comment_id=owj1ifv post_id=1uru3pm parent_id=t1_owinewj depth=2 created_at=2026-07-09T17:12:32+00:00 text="Iran and Russia are playing for the same team."
[REDDIT][COMMENT][PARSED] comment_id=owlvx9w post_id=1uru3pm parent_id=t1_owj1ifv depth=3 created_at=2026-07-10T00:53:59+00:00 text="And Trump, who started this war while his country wanted him to help Ukrain."
[REDDIT][COMMENT][PARSED] comment_id=owijbes post_id=1uru3pm parent_id=t3_1uru3pm depth=0 created_at=2026-07-09T15:57:30+00:00 text="I’m sure that are all celebrating how great things are going for them 😉"
[REDDIT][COMMENT][PARSED] comment_id=owlaaxt post_id=1uru3pm parent_id=t3_1uru3pm depth=0 created_at=2026-07-09T22:59:10+00:00 text="And still, no one will by their 15% bonds, and they can't get gas :)  Slava Ukraini"
[REDDIT][COMMENT][PARSED] comment_id=owlikmz post_id=1uru3pm parent_id=t3_1uru3pm depth=0 created_at=2026-07-09T23:41:49+00:00 text="Does that mean citizens will be getting more access to gas? Of course not. That's going to straight to Vlad's yacht and Cuckvedev's cars.  In our town, we started to systematically"
[REDDIT][COMMENT][PARSED] comment_id=owoi7te post_id=1uru3pm parent_id=t3_1uru3pm depth=0 created_at=2026-07-10T11:47:21+00:00 text="This is interesting.  Just claims without even showing any source data.  Russian finance ministry is so famously reliable for giving facts without political agenda.  &gt;according "
[REDDIT][COMMENT][PARSED] comment_id=owip7hs post_id=1uru3pm parent_id=t3_1uru3pm depth=0 created_at=2026-07-09T16:21:58+00:00 text="I was getting worried for them for a second there. "
Status: saved_raw_json
===== OVERLAY END | exit=1 | duration=65.1s =====


===== OVERLAY START 2026-08-14 10:53:28 | reddit_comments =====

========================================================================
CONTROL CENTER RUNTIME ADAPTER — reddit_comments
Original pipeline files: UNCHANGED
JSON_PAGE_PAUSE_SECONDS: 4.0
JSON_PAGE_TIMEOUT_SECONDS: 25
HTTP_PROBE_TIMEOUT_SECONDS: 10
PARENT_LOOKBACK_DAYS: 14
RESUME_EXISTING_JSON: True
MAX_POSTS: ALL
========================================================================


========================================================================================
REDDIT STAGE-1 -> STAGE-2 HANDOFF PRECHECK
========================================================================================
[REDDIT][HANDOFF] parent_dir=C:\Users\hnade\OneDrive\Desktop\New folder\repo\data\raw\reddit\parent_posts
[REDDIT][HANDOFF] parent_files_found=1
[REDDIT][HANDOFF][INPUT_FILE] C:\Users\hnade\OneDrive\Desktop\New folder\repo\data\raw\reddit\parent_posts\RQ-CUSTOM-001_r_all_reddit_parent_posts.csv
Reading: RQ-001_RD-001_reddit_parent_posts.csv
Reading: RQ-CUSTOM-001_r_all_reddit_parent_posts.csv

Parent merge summary
Unique parent posts: 142
Eligible for JSON collection: 80
Skipped because parent post is outside 14-day lookback + project window: 62
Unknown post dates kept for safety: 7
[REDDIT][HANDOFF] unique_parent_posts=142
[REDDIT][HANDOFF] eligible_for_json=80
[REDDIT][HANDOFF] selected_after_MAX_POSTS=80
[REDDIT][HANDOFF] existing_raw_json=12
[REDDIT][HANDOFF] pending_json_fetch=68
[REDDIT][JSON_QUEUE][1/80] state=EXISTING_SKIP post_id=1v3n17q created_at=2026-07-22T17:32:55.122000+00:00 json_url=https://www.reddit.com/r/worldnews/comments/1v3n17q/rubio_meets_chinas_wang_at_regional_gathering.json
[REDDIT][JSON_QUEUE][2/80] state=EXISTING_SKIP post_id=1v3elmb created_at=2026-07-22T12:22:52.904000+00:00 json_url=https://www.reddit.com/r/worldnews/comments/1v3elmb/jd_vance_accuses_israel_of_manipulating_us_public.json
[REDDIT][JSON_QUEUE][3/80] state=EXISTING_SKIP post_id=1v2pu2q created_at=2026-07-21T17:53:12.266000+00:00 json_url=https://www.reddit.com/r/worldnews/comments/1v2pu2q/tankers_with_saudi_crude_turn_back_as_houthis.json
[REDDIT][JSON_QUEUE][4/80] state=EXISTING_SKIP post_id=1v2e0z5 created_at=2026-07-21T10:01:21.365000+00:00 json_url=https://www.reddit.com/r/worldnews/comments/1v2e0z5/israeli_media_says_turkey_was_ready_to_intervene.json
[REDDIT][JSON_QUEUE][5/80] state=EXISTING_SKIP post_id=1v1tifk created_at=2026-07-20T18:20:41.366000+00:00 json_url=https://www.reddit.com/r/worldnews/comments/1v1tifk/araghchi_says_turkey_helped_prevent_kurdish.json
[REDDIT][JSON_QUEUE][6/80] state=EXISTING_SKIP post_id=1uy6pyl created_at=2026-07-16T15:51:23.345000+00:00 json_url=https://www.reddit.com/r/worldnews/comments/1uy6pyl/estonia_says_us_arms_delayed_over_iran_war_will.json
[REDDIT][JSON_QUEUE][7/80] state=EXISTING_SKIP post_id=1uxbtl0 created_at=2026-07-15T17:01:18.137000+00:00 json_url=https://www.reddit.com/r/worldnews/comments/1uxbtl0/iran_ramps_up_execution_of_political_prisoners.json
[REDDIT][JSON_QUEUE][8/80] state=EXISTING_SKIP post_id=1ux53o3 created_at=2026-07-15T12:56:38.326000+00:00 json_url=https://www.reddit.com/r/worldnews/comments/1ux53o3/iran_ramps_up_execution_of_political_prisoners.json
[REDDIT][JSON_QUEUE][9/80] state=EXISTING_SKIP post_id=1uw013m created_at=2026-07-14T05:54:31.192000+00:00 json_url=https://www.reddit.com/r/worldnews/comments/1uw013m/war_and_economic_crisis_complicate_efforts_to.json
[REDDIT][JSON_QUEUE][10/80] state=EXISTING_SKIP post_id=1usl3rp created_at=2026-07-10T11:35:46.566000+00:00 json_url=https://www.reddit.com/r/worldnews/comments/1usl3rp/iran_war_20_slams_asia_back_into_the_blast_zone.json
[REDDIT][JSON_QUEUE][11/80] state=EXISTING_SKIP post_id=1usd09i created_at=2026-07-10T04:13:05.065000+00:00 json_url=https://www.reddit.com/r/worldnews/comments/1usd09i/us_military_denies_involvement_after_explosions.json
[REDDIT][JSON_QUEUE][12/80] state=EXISTING_SKIP post_id=1uru3pm created_at=2026-07-09T15:47:22.561000+00:00 json_url=https://www.reddit.com/r/worldnews/comments/1uru3pm/russia_swings_to_june_budget_surplus_on_oil_rally.json
[REDDIT][JSON_QUEUE][13/80] state=PENDING post_id=1urcjj0 created_at=2026-07-09T01:50:51.256000+00:00 json_url=https://www.reddit.com/r/worldnews/comments/1urcjj0/usisraeliran_war_latest_news_medvedev_warns_of.json
[REDDIT][JSON_QUEUE][14/80] state=PENDING post_id=1ur0mde created_at=2026-07-08T18:08:10.557000+00:00 json_url=https://www.reddit.com/r/worldnews/comments/1ur0mde/uaes_gargash_says_iran_unable_to_turn_the_page_on.json
[REDDIT][JSON_QUEUE][15/80] state=PENDING post_id=1ul4rfn created_at=2026-07-02T01:49:03.126000+00:00 json_url=https://www.reddit.com/r/worldnews/comments/1ul4rfn/us_reportedly_mulls_pulling_troops_from_saudi.json
[REDDIT][JSON_QUEUE][16/80] state=PENDING post_id=1uk8nug created_at=2026-07-01T02:07:59.780000+00:00 json_url=https://www.reddit.com/r/worldnews/comments/1uk8nug/us_president_donald_trump_weighs_allout_war_on.json
[REDDIT][JSON_QUEUE][17/80] state=PENDING post_id=1ujpfqk created_at=2026-06-30T13:35:19.369000+00:00 json_url=https://www.reddit.com/r/worldnews/comments/1ujpfqk/us_envoys_arrive_in_qatar_for_meetings_on_iran.json
[REDDIT][JSON_QUEUE][18/80] state=PENDING post_id=1uholq5 created_at=2026-06-28T05:26:24.708000+00:00 json_url=https://www.reddit.com/r/worldnews/comments/1uholq5/iran_attacks_bahrain_and_kuwait_following_us.json
[REDDIT][JSON_QUEUE][19/80] state=PENDING post_id=1uh1kwa created_at=2026-06-27T12:31:44.357000+00:00 json_url=https://www.reddit.com/r/worldnews/comments/1uh1kwa/iran_says_it_hit_us_targets_as_tensions_over.json
[REDDIT][JSON_QUEUE][20/80] state=PENDING post_id=1uee6am created_at=2026-06-24T13:53:50.721000+00:00 json_url=https://www.reddit.com/r/worldnews/comments/1uee6am/italy_rebukes_natos_rutte_over_remarks_on_us_use.json
[REDDIT][JSON_QUEUE][21/80] state=PENDING post_id=1u7ebmm created_at=2026-06-16T13:57:28.486000+00:00 json_url=https://www.reddit.com/r/worldnews/comments/1u7ebmm/iran_says_the_us_war_deal_requires_israel_to.json
[REDDIT][JSON_QUEUE][22/80] state=PENDING post_id=1u6c7ou created_at=2026-06-15T10:01:45.292000+00:00 json_url=https://www.reddit.com/r/worldnews/comments/1u6c7ou/iran_and_us_reach_a_tentative_deal_to_end_war_as.json
[REDDIT][JSON_QUEUE][23/80] state=PENDING post_id=1u633xv created_at=2026-06-15T01:49:49.366000+00:00 json_url=https://www.reddit.com/r/worldnews/comments/1u633xv/us_iran_reach_preliminary_agreement_to_end_war.json
[REDDIT][JSON_QUEUE][24/80] state=PENDING post_id=1u4yl9l created_at=2026-06-13T18:37:28.159000+00:00 json_url=https://www.reddit.com/r/worldnews/comments/1u4yl9l/secret_qatari_protection_deal_presented_to_iran.json
[REDDIT][JSON_QUEUE][25/80] state=PENDING post_id=1twexmc created_at=2026-06-04T06:03:05.795000+00:00 json_url=https://www.reddit.com/r/worldnews/comments/1twexmc/iran_links_the_end_of_the_war_with_the_us_and.json
[REDDIT][JSON_QUEUE][26/80] state=PENDING post_id=1trsrsg created_at=2026-05-30T07:09:56.435000+00:00 json_url=https://www.reddit.com/r/worldnews/comments/1trsrsg/tehran_denies_us_claims_of_extension_to_iran_war.json
[REDDIT][JSON_QUEUE][27/80] state=PENDING post_id=1tmhpc0 created_at=2026-05-24T17:00:18.406000+00:00 json_url=https://www.reddit.com/r/worldnews/comments/1tmhpc0/iran_executes_person_for_sending_information_to.json
[REDDIT][JSON_QUEUE][28/80] state=PENDING post_id=1tkpesv created_at=2026-05-22T17:15:50.732000+00:00 json_url=https://www.reddit.com/r/worldnews/comments/1tkpesv/us_navy_chief_says_14bn_arms_sale_to_taiwan.json
[REDDIT][JSON_QUEUE][29/80] state=PENDING post_id=1tkkjko created_at=2026-05-22T14:24:45.720000+00:00 json_url=https://www.reddit.com/r/worldnews/comments/1tkkjko/qatari_negotiating_team_in_tehran_to_try_to_help.json
[REDDIT][JSON_QUEUE][30/80] state=PENDING post_id=1tibfua created_at=2026-05-20T04:54:16.324000+00:00 json_url=https://www.reddit.com/r/worldnews/comments/1tibfua/iran_warns_it_could_open_up_new_fronts_in_war.json
[REDDIT][JSON_QUEUE][31/80] state=PENDING post_id=1thsglp created_at=2026-05-19T16:39:38.744000+00:00 json_url=https://www.reddit.com/r/worldnews/comments/1thsglp/drone_strikes_uae_nuclear_plant_as_us_and_iran.json
[REDDIT][JSON_QUEUE][32/80] state=PENDING post_id=1thgigr created_at=2026-05-19T08:25:35.098000+00:00 json_url=https://www.reddit.com/r/worldnews/comments/1thgigr/iran_says_peace_proposal_includes_reparations_for.json
[REDDIT][JSON_QUEUE][33/80] state=PENDING post_id=1tc1s0i created_at=2026-05-13T14:44:55.801000+00:00 json_url=https://www.reddit.com/r/worldnews/comments/1tc1s0i/chinese_supertanker_breaks_through_usiran_war.json
[REDDIT][JSON_QUEUE][34/80] state=PENDING post_id=1t9yh7e created_at=2026-05-11T09:46:42.061000+00:00 json_url=https://www.reddit.com/r/worldnews/comments/1t9yh7e/iran_executes_alleged_mossad_spy_erfan.json
[REDDIT][JSON_QUEUE][35/80] state=PENDING post_id=1t85jal created_at=2026-05-09T13:49:09.495000+00:00 json_url=https://www.reddit.com/r/worldnews/comments/1t85jal/merz_says_europe_wants_a_strong_nato_and_shares.json
[REDDIT][JSON_QUEUE][36/80] state=PENDING post_id=1t6wtx1 created_at=2026-05-08T03:57:18.928000+00:00 json_url=https://www.reddit.com/r/worldnews/comments/1t6wtx1/iran_considering_us_proposal_as_trump_says_war.json
[REDDIT][JSON_QUEUE][37/80] state=PENDING post_id=1t6qsi3 created_at=2026-05-07T23:17:46.891000+00:00 json_url=https://www.reddit.com/r/worldnews/comments/1t6qsi3/trump_calls_us_bombing_iran_a_love_tap_as.json
[REDDIT][JSON_QUEUE][38/80] state=PENDING post_id=1t6b4lh created_at=2026-05-07T13:49:37.319000+00:00 json_url=https://www.reddit.com/r/worldnews/comments/1t6b4lh/iran_reviewing_us_proposal_as_trump_pressures.json
[REDDIT][JSON_QUEUE][39/80] state=PENDING post_id=1t624xl created_at=2026-05-07T06:16:43.399000+00:00 json_url=https://www.reddit.com/r/worldnews/comments/1t624xl/us_fires_on_iranianflagged_oil_tanker_as_trump.json
[REDDIT][JSON_QUEUE][40/80] state=PENDING post_id=1t5dz13 created_at=2026-05-06T14:06:38.892000+00:00 json_url=https://www.reddit.com/r/worldnews/comments/1t5dz13/pakistani_source_confirms_us_iran_closing_in_on.json
[REDDIT][JSON_QUEUE][41/80] state=PENDING post_id=1t5bjbt created_at=2026-05-06T12:32:39.874000+00:00 json_url=https://www.reddit.com/r/worldnews/comments/1t5bjbt/iran_war_to_be_over_trump_says_epic_fury_will_end.json
[REDDIT][JSON_QUEUE][42/80] state=PENDING post_id=1t59yno created_at=2026-05-06T11:22:47.486000+00:00 json_url=https://www.reddit.com/r/worldnews/comments/1t59yno/us_and_iran_close_to_onepage_memorandum_to_end.json
[REDDIT][JSON_QUEUE][43/80] state=PENDING post_id=1t54dt3 created_at=2026-05-06T06:05:05.854000+00:00 json_url=https://www.reddit.com/r/worldnews/comments/1t54dt3/trump_puts_project_freedom_on_hold_saying_he.json
[REDDIT][JSON_QUEUE][44/80] state=PENDING post_id=1t2zhw4 created_at=2026-05-03T22:24:14.619000+00:00 json_url=https://www.reddit.com/r/worldnews/comments/1t2zhw4/iran_war_trump_says_us_to_guide_ships_safely_from.json
[REDDIT][JSON_QUEUE][45/80] state=PENDING post_id=1t2w6p6 created_at=2026-05-03T20:13:17.615000+00:00 json_url=https://www.reddit.com/r/worldnews/comments/1t2w6p6/iran_has_proposed_a_14point_plan_to_the_us_to_end.json
[REDDIT][JSON_QUEUE][46/80] state=PENDING post_id=1t1y7yj created_at=2026-05-02T18:47:44.603000+00:00 json_url=https://www.reddit.com/r/worldnews/comments/1t1y7yj/iran_military_official_says_war_with_with_us.json
[REDDIT][JSON_QUEUE][47/80] state=PENDING post_id=1t1hp79 created_at=2026-05-02T06:10:47.034000+00:00 json_url=https://www.reddit.com/r/worldnews/comments/1t1hp79/us_warned_europeans_of_weapon_delivery_delays_due.json
[REDDIT][JSON_QUEUE][48/80] state=PENDING post_id=1sz3554 created_at=2026-04-29T16:04:11.175000+00:00 json_url=https://www.reddit.com/r/worldnews/comments/1sz3554/us_war_in_iran_has_cost_25_billion_so_far_says.json
[REDDIT][JSON_QUEUE][49/80] state=PENDING post_id=1sxtv4q created_at=2026-04-28T07:00:32.694000+00:00 json_url=https://www.reddit.com/r/worldnews/comments/1sxtv4q/king_charles_arrives_in_us_for_trip_overshadowed.json
[REDDIT][JSON_QUEUE][50/80] state=PENDING post_id=1sxt92h created_at=2026-04-28T06:25:29.087000+00:00 json_url=https://www.reddit.com/r/worldnews/comments/1sxt92h/trump_not_happy_with_latest_iran_proposal_to_end.json
[REDDIT][JSON_QUEUE][51/80] state=PENDING post_id=1sx0fdo created_at=2026-04-27T11:06:52.401000+00:00 json_url=https://www.reddit.com/r/worldnews/comments/1sx0fdo/iran_offers_to_reopen_strait_of_hormuz_if_us.json
[REDDIT][JSON_QUEUE][52/80] state=PENDING post_id=1swuj9j created_at=2026-04-27T05:30:13.625000+00:00 json_url=https://www.reddit.com/r/worldnews/comments/1swuj9j/us_israel_iran_war_amid_irans_attacks_uae_called.json
[REDDIT][JSON_QUEUE][53/80] state=PENDING post_id=1sw0ql5 created_at=2026-04-26T07:21:38.628000+00:00 json_url=https://www.reddit.com/r/worldnews/comments/1sw0ql5/iran_war_delays_us_weapons_deliveries_to_estonia.json
[REDDIT][JSON_QUEUE][54/80] state=PENDING post_id=1svqap3 created_at=2026-04-25T22:43:38.057000+00:00 json_url=https://www.reddit.com/r/worldnews/comments/1svqap3/trump_cancels_us_envoys_trip_after_irans_araghchi.json
[REDDIT][JSON_QUEUE][55/80] state=PENDING post_id=1svi92e created_at=2026-04-25T17:26:52.453000+00:00 json_url=https://www.reddit.com/r/worldnews/comments/1svi92e/trump_cancels_his_envoys_pakistan_trip_for_iran.json
[REDDIT][JSON_QUEUE][56/80] state=PENDING post_id=1sshfjs created_at=2026-04-22T10:23:40.850000+00:00 json_url=https://www.reddit.com/r/worldnews/comments/1sshfjs/iran_sees_mass_redundancies_from_war_with_us_and.json
[REDDIT][JSON_QUEUE][57/80] state=PENDING post_id=1ss921l created_at=2026-04-22T02:51:12.884000+00:00 json_url=https://www.reddit.com/r/worldnews/comments/1ss921l/iran_sees_mass_redundancies_from_war_with_us_and.json
[REDDIT][JSON_QUEUE][58/80] state=PENDING post_id=1sr65ld created_at=2026-04-20T23:06:46.477000+00:00 json_url=https://www.reddit.com/r/worldnews/comments/1sr65ld/trump_offers_mixed_messages_about_path_ahead_for.json
[REDDIT][JSON_QUEUE][59/80] state=PENDING post_id=1sr3651 created_at=2026-04-20T21:11:05.863000+00:00 json_url=https://www.reddit.com/r/worldnews/comments/1sr3651/us_spending_on_reckless_iran_war_could_have_saved.json
[REDDIT][JSON_QUEUE][60/80] state=PENDING post_id=1spdyh6 created_at=2026-04-19T00:21:31.070000+00:00 json_url=https://www.reddit.com/r/worldnews/comments/1spdyh6/diplomatic_cables_show_iran_war_is_damaging_us_on.json
[REDDIT][JSON_QUEUE][61/80] state=PENDING post_id=1so555l created_at=2026-04-17T15:59:39.544000+00:00 json_url=https://www.reddit.com/r/worldnews/comments/1so555l/us_to_delay_weapons_deliveries_to_some_european.json
[REDDIT][JSON_QUEUE][62/80] state=PENDING post_id=1smyiz8 created_at=2026-04-16T09:28:56.681000+00:00 json_url=https://www.reddit.com/r/worldnews/comments/1smyiz8/us_war_on_iran_was_a_mistake_says_uk_chancellor.json
[REDDIT][JSON_QUEUE][63/80] state=PENDING post_id=1smp1x8 created_at=2026-04-16T01:14:44.748000+00:00 json_url=https://www.reddit.com/r/worldnews/comments/1smp1x8/trump_says_war_very_close_to_being_over_as_us.json
[REDDIT][JSON_QUEUE][64/80] state=PENDING post_id=1smc1z2 created_at=2026-04-15T17:02:39.483000+00:00 json_url=https://www.reddit.com/r/worldnews/comments/1smc1z2/who_says_vaccinations_save_millions_in_africa_but.json
[REDDIT][JSON_QUEUE][65/80] state=PENDING post_id=1smbhw0 created_at=2026-04-15T16:42:58.819000+00:00 json_url=https://www.reddit.com/r/worldnews/comments/1smbhw0/chancellor_rachel_reeves_calls_usisraeli_war_on.json
[REDDIT][JSON_QUEUE][66/80] state=PENDING post_id=1sl0fqt created_at=2026-04-14T06:18:27.294000+00:00 json_url=https://www.reddit.com/r/worldnews/comments/1sl0fqt/us_starts_naval_blockade_of_iranian_ports_after.json
[REDDIT][JSON_QUEUE][67/80] state=PENDING post_id=1sklr98 created_at=2026-04-13T19:46:37.804000+00:00 json_url=https://www.reddit.com/r/worldnews/comments/1sklr98/trump_did_not_speak_with_the_chinese_leader_but.json
[REDDIT][JSON_QUEUE][68/80] state=PENDING post_id=1sklj4v created_at=2026-04-13T19:38:47.744000+00:00 json_url=https://www.reddit.com/r/worldnews/comments/1sklj4v/turkey_also_tries_to_mediate_an_end_to_the.json
[REDDIT][JSON_QUEUE][69/80] state=PENDING post_id=1sit5bu created_at=2026-04-11T19:55:16.569000+00:00 json_url=https://www.reddit.com/r/worldnews/comments/1sit5bu/pope_leo_xiv_denounces_the_delusion_of.json
[REDDIT][JSON_QUEUE][70/80] state=PENDING post_id=1siglep created_at=2026-04-11T11:30:26.133000+00:00 json_url=https://www.reddit.com/r/worldnews/comments/1siglep/iran_war_us_official_denies_claims_washington.json
[REDDIT][JSON_QUEUE][71/80] state=PENDING post_id=1ryc3q5 created_at=2026-03-19T20:54:22.589000+00:00 json_url=https://www.reddit.com/r/worldnews/comments/1ryc3q5/us_approves_165bn_arms_deal_to_gulf_states_amid.json
[REDDIT][JSON_QUEUE][72/80] state=PENDING post_id=1rgb5xk created_at=2026-02-27T16:21:52.962000+00:00 json_url=https://www.reddit.com/r/worldnews/comments/1rgb5xk/uk_withdraws_tehran_embassy_staff_as_usiran.json
[REDDIT][JSON_QUEUE][73/80] state=PENDING post_id=1re9ate created_at=2026-02-25T10:06:01.370000+00:00 json_url=https://www.reddit.com/r/worldnews/comments/1re9ate/indias_modi_visits_israel_as_usiran_tensions_mount.json
[REDDIT][JSON_QUEUE][74/80] state=PENDING post_id=1vhocq0 created_at= json_url=https://www.reddit.com/r/worldnews/comments/1vhocq0/petrobras_profit_jumps_80_tops_estimates_on_iran.json
[REDDIT][JSON_QUEUE][75/80] state=PENDING post_id=1vkr87r created_at= json_url=https://www.reddit.com/r/worldnews/comments/1vkr87r/saudi_arabia_used_86_of_its_patriot_missile.json
[REDDIT][JSON_QUEUE][76/80] state=PENDING post_id=1vlegdf created_at= json_url=https://www.reddit.com/r/worldnews/comments/1vlegdf/iran_appoints_new_military_chiefs_as_usiran_war.json
[REDDIT][JSON_QUEUE][77/80] state=PENDING post_id=1vlizc1 created_at= json_url=https://www.reddit.com/r/worldnews/comments/1vlizc1/trump_pivots_back_to_sanctions_for_iran_as_other.json
[REDDIT][JSON_QUEUE][78/80] state=PENDING post_id=1vn66q3 created_at= json_url=https://www.reddit.com/r/worldnews/comments/1vn66q3/saudi_arabia_turns_to_muslim_military.json
[REDDIT][JSON_QUEUE][79/80] state=PENDING post_id=1vn9dwp created_at= json_url=https://www.reddit.com/r/worldnews/comments/1vn9dwp/south_korean_airport_becomes_busiest_in_world_for.json
[REDDIT][JSON_QUEUE][80/80] state=PENDING post_id=1vnkf0x created_at= json_url=https://www.reddit.com/r/worldnews/comments/1vnkf0x/iran_rapidly_rebuilding_ballistic_missile_arsenal.json
[REDDIT][STAGE2][START] Opening native Raw JSON collector.

========================================================================================
RAW REDDIT JSON COLLECTION VIA FIREFOX
========================================================================================
Eligible posts: 80
Pause between JSON pages: 4.0s
Priority: project-window parent posts first, then pre-project buffer posts.
[1/80] SKIP existing JSON | 1v3n17q
[2/80] SKIP existing JSON | 1v3elmb
[3/80] SKIP existing JSON | 1v2pu2q
[4/80] SKIP existing JSON | 1v2e0z5
[5/80] SKIP existing JSON | 1v1tifk
[6/80] SKIP existing JSON | 1uy6pyl
[7/80] SKIP existing JSON | 1uxbtl0
[8/80] SKIP existing JSON | 1ux53o3
[9/80] SKIP existing JSON | 1uw013m
[10/80] SKIP existing JSON | 1usl3rp
[11/80] SKIP existing JSON | 1usd09i
[12/80] SKIP existing JSON | 1uru3pm

[13/80] 1urcjj0 | r/worldnews
Post date: 2026-07-09T01:50:51.256000+00:00
JSON URL: https://www.reddit.com/r/worldnews/comments/1urcjj0/usisraeliran_war_latest_news_medvedev_warns_of.json
[REDDIT][JSON_FETCH][START] post_id=1urcjj0 json_url=https://www.reddit.com/r/worldnews/comments/1urcjj0/usisraeliran_war_latest_news_medvedev_warns_of.json
[REDDIT][JSON_FETCH][RESULT] post_id=1urcjj0 status=saved_raw_json continue=True raw_json_file=C:\Users\hnade\OneDrive\Desktop\New folder\repo\data\interim\reddit\raw_json_audit\raw_reddit_json\1urcjj0.json
[REDDIT][RAW_JSON][SAVED_AND_PARSED] post_id=1urcjj0 bytes=109676 comments=24 more_nodes=0 submission=yes
[REDDIT][POST][PARSED] post_id=1urcjj0 subreddit=worldnews title="US-Israel-Iran War Latest News: Medvedev Warns of ‘Backup Weapon’ in Bab al-Mandeb as Iran Holds Talks with Hamas and Hezbollah Amid Hormuz Tension"
[REDDIT][COMMENT][PARSED] comment_id=owetb3k post_id=1urcjj0 parent_id=t3_1urcjj0 depth=0 created_at=2026-07-09T02:05:03+00:00 text="Zelensky: did I hear backup weapons in Russia? 💣 "
[REDDIT][COMMENT][PARSED] comment_id=owerdih post_id=1urcjj0 parent_id=t3_1urcjj0 depth=0 created_at=2026-07-09T01:54:02+00:00 text="Another update here:  https://www.wionews.com/world/iran-npt-withdrawal-bab-el-mandeb-closure-us-attack-warning-1783533182260  Basically, the Houthis will close the Red Sea and cau"
[REDDIT][COMMENT][PARSED] comment_id=owfbywq post_id=1urcjj0 parent_id=t1_owerdih depth=1 created_at=2026-07-09T03:58:57+00:00 text="Can’t really compare the Houthis (a minor proxy) to the Iranian nation.  I doubt their ability to lock down that waterway."
[REDDIT][COMMENT][PARSED] comment_id=owfq8ld post_id=1urcjj0 parent_id=t1_owfbywq depth=2 created_at=2026-07-09T05:39:50+00:00 text="I'm not sure that owners of billion dollar ships are willing to risk the passage so while they lack the abilities of Iran they probably just need to fire a few missiles to be effec"
[REDDIT][COMMENT][PARSED] comment_id=owfu6dk post_id=1urcjj0 parent_id=t1_owfbywq depth=2 created_at=2026-07-09T06:10:00+00:00 text="They have missiles and drones. Supplied by Iran. How many is anyone's guess. That's enough to tie down enough combat power if the US wants to keep the Red Sea (and thus Suez) open "
[REDDIT][COMMENT][PARSED] comment_id=owl5q8q post_id=1urcjj0 parent_id=t1_owfu6dk depth=3 created_at=2026-07-09T22:36:33+00:00 text="They have a limited supply of manpower, and since they aren’t Iran, the Houthis have to decide if entering the conflict is in their interest.  The Houthis don’t have a million man "
[REDDIT][COMMENT][PARSED] comment_id=owgmo14 post_id=1urcjj0 parent_id=t1_owfbywq depth=2 created_at=2026-07-09T10:02:27+00:00 text="They've been getting bombed the the Saudi's for like 15+ years and are still around. And if you remember the last time we sent the navy to stop the attacks there was already discus"
[REDDIT][COMMENT][PARSED] comment_id=oxo6kxx post_id=1urcjj0 parent_id=t1_owfbywq depth=2 created_at=2026-07-15T12:51:00+00:00 text="Haven't they already done that innings the recent past?"
[REDDIT][COMMENT][PARSED] comment_id=owey81o post_id=1urcjj0 parent_id=t1_owerdih depth=1 created_at=2026-07-09T02:33:20+00:00 text="That’s a different war. But also you arnt wrong. "
[REDDIT][COMMENT][PARSED] comment_id=owfdaj4 post_id=1urcjj0 parent_id=t1_owey81o depth=2 created_at=2026-07-09T04:07:34+00:00 text="Same evil Iranian proxies.   Huthis have a flag reddit would block you should wiki it.  Great folks who bombed KSA oilfields in 2019 and sunk cargo boats full of oil.  At least Hit"
[REDDIT][COMMENT][PARSED] comment_id=owf1zts post_id=1urcjj0 parent_id=t1_owey81o depth=2 created_at=2026-07-09T02:55:38+00:00 text="They're about to become on huge problem."
[REDDIT][COMMENT][PARSED] comment_id=owfakjs post_id=1urcjj0 parent_id=t1_owey81o depth=2 created_at=2026-07-09T03:50:01+00:00 text="Its alllll related "
[REDDIT][COMMENT][PARSED] comment_id=owescp8 post_id=1urcjj0 parent_id=t3_1urcjj0 depth=0 created_at=2026-07-09T01:59:37+00:00 text="If this is about Bab Al-Mandeb, shouldn’t the Houthis be included in the headline? "
[REDDIT][COMMENT][PARSED] comment_id=owfj33b post_id=1urcjj0 parent_id=t3_1urcjj0 depth=0 created_at=2026-07-09T04:47:17+00:00 text="The Houthis can only function with Iran’s help. Without it, then what?"
[REDDIT][COMMENT][PARSED] comment_id=owes1xd post_id=1urcjj0 parent_id=t3_1urcjj0 depth=0 created_at=2026-07-09T01:57:56+00:00 text="I think this is the first ever Scroedinger’s war"
[REDDIT][COMMENT][PARSED] comment_id=owghlrh post_id=1urcjj0 parent_id=t1_owes1xd depth=1 created_at=2026-07-09T09:21:59+00:00 text="ScrewDinger's War"
[REDDIT][COMMENT][PARSED] comment_id=owey7r4 post_id=1urcjj0 parent_id=t3_1urcjj0 depth=0 created_at=2026-07-09T02:33:17+00:00 text="This is dumb. So fucking dumb. "
[REDDIT][COMMENT][PARSED] comment_id=owf2kug post_id=1urcjj0 parent_id=t3_1urcjj0 depth=0 created_at=2026-07-09T02:59:15+00:00 text="Okay now this is seeming more like Iran is actually wanting the fight. Regardless of Trumps rhetoric a peace offer \\*was\\* given and now the world and especially the US will likely"
[REDDIT][COMMENT][PARSED] comment_id=owf3enj post_id=1urcjj0 parent_id=t1_owf2kug depth=1 created_at=2026-07-09T03:04:17+00:00 text="Until the US bombs the ever living shit out of their country. They can play strategy but if Trump goes off the handle they could be facing serious consequences for pushing too far"
[REDDIT][COMMENT][PARSED] comment_id=owfx6ko post_id=1urcjj0 parent_id=t1_owf3enj depth=2 created_at=2026-07-09T06:33:39+00:00 text="You can do that if you want the entire region's Oil infrastructure gone. Then it wouldn't matter whether the strait is closed or not for the next half a decade."
[REDDIT][COMMENT][PARSED] comment_id=owg419n post_id=1urcjj0 parent_id=t1_owfx6ko depth=3 created_at=2026-07-09T07:28:23+00:00 text="You see what we have here is a rational argument…which has historically not been the primary factor of the us going to war. "
[REDDIT][COMMENT][PARSED] comment_id=owgdw0k post_id=1urcjj0 parent_id=t1_owg419n depth=4 created_at=2026-07-09T08:50:53+00:00 text="And definitely not a primary factor of reddit"
[REDDIT][COMMENT][PARSED] comment_id=owgbqg9 post_id=1urcjj0 parent_id=t1_owf2kug depth=1 created_at=2026-07-09T08:32:46+00:00 text="Peace offer was given but conditions not met.   Everyone knows already war is coming after elections are over in the good old USA, with boots on the ground and everything.   US cou"
[REDDIT][COMMENT][PARSED] comment_id=owezqy8 post_id=1urcjj0 parent_id=t3_1urcjj0 depth=0 created_at=2026-07-09T02:42:14+00:00 text="is it the pee tape? not working."
Status: saved_raw_json

[14/80] 1ur0mde | r/worldnews
Post date: 2026-07-08T18:08:10.557000+00:00
JSON URL: https://www.reddit.com/r/worldnews/comments/1ur0mde/uaes_gargash_says_iran_unable_to_turn_the_page_on.json
[REDDIT][JSON_FETCH][START] post_id=1ur0mde json_url=https://www.reddit.com/r/worldnews/comments/1ur0mde/uaes_gargash_says_iran_unable_to_turn_the_page_on.json
[REDDIT][JSON_FETCH][RESULT] post_id=1ur0mde status=saved_raw_json continue=True raw_json_file=C:\Users\hnade\OneDrive\Desktop\New folder\repo\data\interim\reddit\raw_json_audit\raw_reddit_json\1ur0mde.json
[REDDIT][RAW_JSON][SAVED_AND_PARSED] post_id=1ur0mde bytes=385254 comments=63 more_nodes=1 submission=yes
[REDDIT][POST][PARSED] post_id=1ur0mde subreddit=worldnews title="UAE's Gargash says Iran unable to turn the page on war, slams attacks on vessels"
[REDDIT][COMMENT][PARSED] comment_id=owc362b post_id=1ur0mde parent_id=t3_1ur0mde depth=0 created_at=2026-07-08T18:08:12+00:00 text="Users often report submissions from this site for sensationalized articles. Readers have a responsibility to be skeptical, check sources, and comment on any flaws.  You can help im"
[REDDIT][COMMENT][PARSED] comment_id=owc84rj post_id=1ur0mde parent_id=t3_1ur0mde depth=0 created_at=2026-07-08T18:29:27+00:00 text="In Iran's mind there are still gains to be made. they wont stop until there aren't anymore. They have the opportunity to keep embarrassing the united states, potentially fuck up an"
[REDDIT][COMMENT][PARSED] comment_id=owcd4r7 post_id=1ur0mde parent_id=t1_owc84rj depth=1 created_at=2026-07-08T18:51:00+00:00 text="There's also the issue of succession which they can prolonge during the war. The irgc rules the country now in the name of a leader we don't know it's alive and the clerics are not"
[REDDIT][COMMENT][PARSED] comment_id=owci8ic post_id=1ur0mde parent_id=t1_owcd4r7 depth=2 created_at=2026-07-08T19:13:08+00:00 text="All of Khamenei’s other sons were alive and present during his “funeral”. The motherfucker might not even be dead, he could be retired in a villa somewhere. This was his best exit,"
[REDDIT][COMMENT][PARSED] comment_id=owcyzsy post_id=1ur0mde parent_id=t1_owci8ic depth=3 created_at=2026-07-08T20:26:44+00:00 text="Well, the IRGC wants the sons to continue since they are not really legitimate and the clerics want to choose the next ruler since the revolution was exactly to remove dynastic tra"
[REDDIT][COMMENT][PARSED] comment_id=owccco7 post_id=1ur0mde parent_id=t1_owc84rj depth=1 created_at=2026-07-08T18:47:38+00:00 text="What happens when all of irans oil refineries get blown up?"
[REDDIT][COMMENT][PARSED] comment_id=owcdgm6 post_id=1ur0mde parent_id=t1_owccco7 depth=2 created_at=2026-07-08T18:52:25+00:00 text="They could target Saudi and Bahraini desalinization plants, causing a humanitarian catastrophe"
[REDDIT][COMMENT][PARSED] comment_id=owce0rm post_id=1ur0mde parent_id=t1_owcdgm6 depth=3 created_at=2026-07-08T18:54:50+00:00 text="As opposed to what Iran are doing right now to these countries?"
[REDDIT][COMMENT][PARSED] comment_id=owcfx14 post_id=1ur0mde parent_id=t1_owce0rm depth=4 created_at=2026-07-08T19:02:58+00:00 text="it can get alot worse."
[REDDIT][COMMENT][PARSED] comment_id=owchazk post_id=1ur0mde parent_id=t1_owcfx14 depth=5 created_at=2026-07-08T19:09:05+00:00 text="It’s getting worse"
[REDDIT][COMMENT][PARSED] comment_id=owcsn5a post_id=1ur0mde parent_id=t1_owchazk depth=6 created_at=2026-07-08T19:58:47+00:00 text="That's kinda the goal?"
[REDDIT][COMMENT][PARSED] comment_id=owd0q68 post_id=1ur0mde parent_id=t1_owcsn5a depth=7 created_at=2026-07-08T20:34:21+00:00 text="Iran doesn’t want to stop? "
[REDDIT][COMMENT][PARSED] comment_id=owd4423 post_id=1ur0mde parent_id=t1_owd0q68 depth=8 created_at=2026-07-08T20:49:14+00:00 text="The IRGC doesn't really care if the civilians suffer. Mutually assured destruction of the Gulf is such a bad outcome globally that eventually powers will step in to stop the war. B"
[REDDIT][COMMENT][PARSED] comment_id=owd7hgz post_id=1ur0mde parent_id=t1_owd4423 depth=9 created_at=2026-07-08T21:04:23+00:00 text="The US offered $300 billion and bent over for Iran and they still bombed merchant ships in the strait. Maybe they can bomb all their refineries into dust and the US losers just lea"
[REDDIT][COMMENT][PARSED] comment_id=owdcgj6 post_id=1ur0mde parent_id=t1_owchazk depth=6 created_at=2026-07-08T21:26:56+00:00 text="It isn't getting \"No more water to drink\" worse just yet.   Its more posturing."
[REDDIT][COMMENT][PARSED] comment_id=owdrpb1 post_id=1ur0mde parent_id=t1_owce0rm depth=4 created_at=2026-07-08T22:40:29+00:00 text="Not defending Iran here.. But they were targeting American assets in those countries.. As well as They hit tit for tat style.. When a desalination plant got hit.. They hit one.. Wh"
[REDDIT][COMMENT][PARSED] comment_id=owcmiwr post_id=1ur0mde parent_id=t1_owcdgm6 depth=3 created_at=2026-07-08T19:31:53+00:00 text="And then Iran would get annihilated."
[REDDIT][COMMENT][PARSED] comment_id=owf6oad post_id=1ur0mde parent_id=t1_owcdgm6 depth=3 created_at=2026-07-09T03:24:56+00:00 text="And what to do think gets hit in iran after that? "
[REDDIT][COMMENT][PARSED] comment_id=owcdtb8 post_id=1ur0mde parent_id=t1_owccco7 depth=2 created_at=2026-07-08T18:53:57+00:00 text="You...think the country will collapse if they lose their oil?  I'm glad you're not a part of the admin."
[REDDIT][COMMENT][PARSED] comment_id=owcef8l post_id=1ur0mde parent_id=t1_owcdtb8 depth=3 created_at=2026-07-08T18:56:34+00:00 text="Country is already mostly collapsed. Thats why 7000 protesters were gunned down. IRGC gets paid by oil though"
[REDDIT][COMMENT][PARSED] comment_id=owcgb6k post_id=1ur0mde parent_id=t1_owcef8l depth=4 created_at=2026-07-08T19:04:40+00:00 text="This analysis assumes that the IRGC cares if the country continues to function as a western nation state that looks after the safety of its citizens and promotes economic activity "
[REDDIT][COMMENT][PARSED] comment_id=owcek26 post_id=1ur0mde parent_id=t1_owcef8l depth=4 created_at=2026-07-08T18:57:08+00:00 text="Oh. Have fun with your dreams."
[REDDIT][COMMENT][PARSED] comment_id=owcf4bq post_id=1ur0mde parent_id=t1_owcek26 depth=5 created_at=2026-07-08T18:59:31+00:00 text="Have fun with your new Supreme Leader "
[REDDIT][COMMENT][PARSED] comment_id=owcmp6b post_id=1ur0mde parent_id=t1_owcf4bq depth=6 created_at=2026-07-08T19:32:39+00:00 text="Just because hes poking holes in your analysis and disagreeing with you does not imply hes on Iran's side, that's how this sort of shit got started. "
[REDDIT][COMMENT][PARSED] comment_id=owcpajh post_id=1ur0mde parent_id=t1_owcmp6b depth=7 created_at=2026-07-08T19:44:05+00:00 text="What analysis? "
[REDDIT][COMMENT][PARSED] comment_id=owctnm8 post_id=1ur0mde parent_id=t1_owcpajh depth=8 created_at=2026-07-08T20:03:17+00:00 text="You implied that the United States would make meaningful lasting headway in this war by blowing up Iranian oil refineries. Which would change the war, and increase the price tag of"
[REDDIT][COMMENT][PARSED] comment_id=owd08uq post_id=1ur0mde parent_id=t1_owctnm8 depth=9 created_at=2026-07-08T20:32:13+00:00 text="That’s a lot of implication on your part. I just asked what happens if all the refineries in Iran get blown up. IRGC needs them to make money which they are using making drones. "
[REDDIT][COMMENT][PARSED] comment_id=owcmc95 post_id=1ur0mde parent_id=t1_owcdtb8 depth=3 created_at=2026-07-08T19:31:03+00:00 text="Yes. If you think otherwise then you clearly know nothing anoit Iran. Iran is holding on by a thread."
[REDDIT][COMMENT][PARSED] comment_id=owcn5sm post_id=1ur0mde parent_id=t1_owcmc95 depth=4 created_at=2026-07-08T19:34:42+00:00 text="Clearly"
[REDDIT][COMMENT][PARSED] comment_id=owcd01j post_id=1ur0mde parent_id=t1_owccco7 depth=2 created_at=2026-07-08T18:50:26+00:00 text="The rest of the world will suffer. Iran would probably be back with some production capacity in 3-4 years and be able to charge a premium. Might also get aid to rebuild said refine"
[REDDIT][COMMENT][PARSED] comment_id=owchbxf post_id=1ur0mde parent_id=t1_owcd01j depth=3 created_at=2026-07-08T19:09:12+00:00 text="Iran is not able to repair it's oil facilities that stopped working in 1970s.  The idea that they would come back to the same oil prod numbers if their current oil infrastructure w"
[REDDIT][COMMENT][PARSED] comment_id=owcz4bs post_id=1ur0mde parent_id=t1_owchbxf depth=4 created_at=2026-07-08T20:27:16+00:00 text="Yeah a country with over 90% literacy rate which produces some of the best engineers in the stem industry don't have the capacity to repair their oil facilities right!! "
[REDDIT][COMMENT][PARSED] comment_id=owd7e6f post_id=1ur0mde parent_id=t1_owcz4bs depth=5 created_at=2026-07-08T21:03:58+00:00 text="Ok, let's roll with it.  &gt; Yeah a country with over 90% literacy rate  According to https://worldpopulationreview.com/country-rankings/literacy-rate-by-country, Iran's literacy "
[REDDIT][COMMENT][PARSED] comment_id=owe96z3 post_id=1ur0mde parent_id=t1_owcz4bs depth=5 created_at=2026-07-09T00:12:30+00:00 text="It's resources, not engineers that's the problem. You expect that an Iranian engineer can build an oil refinery in a cave with a box of scraps? "
[REDDIT][COMMENT][PARSED] comment_id=owfi6tz post_id=1ur0mde parent_id=t1_owe96z3 depth=6 created_at=2026-07-09T04:41:01+00:00 text="If Tony Stark can do it, then so can Mohammed Sattar.  "
[REDDIT][COMMENT][PARSED] comment_id=owcdv0k post_id=1ur0mde parent_id=t1_owcd01j depth=3 created_at=2026-07-08T18:54:09+00:00 text="They could blow that up too 🤷"
[REDDIT][COMMENT][PARSED] comment_id=owcb1hw post_id=1ur0mde parent_id=t3_1ur0mde depth=0 created_at=2026-07-08T18:41:56+00:00 text="Expecting anything else from savage terrorist extremists is ridiculous but then again, I don't see much difference between any variation of this religion..."
[REDDIT][COMMENT][PARSED] comment_id=owco39e post_id=1ur0mde parent_id=t3_1ur0mde depth=0 created_at=2026-07-08T19:38:49+00:00 text="This war does not end with the IRGC in power. At this point, any point of really, they are overplaying their hand. The world is decombonizing and rerouting to new pipelines. Everyo"
[REDDIT][COMMENT][PARSED] comment_id=owfyqey post_id=1ur0mde parent_id=t1_owco39e depth=1 created_at=2026-07-09T06:45:59+00:00 text="Might as well be there strategy. World is going to move to renewable. Bankrupt there regional enemies."
[REDDIT][COMMENT][PARSED] comment_id=owc5ek3 post_id=1ur0mde parent_id=t3_1ur0mde depth=0 created_at=2026-07-08T18:17:47+00:00 text="[deleted]"
[REDDIT][COMMENT][PARSED] comment_id=owc5rf2 post_id=1ur0mde parent_id=t1_owc5ek3 depth=1 created_at=2026-07-08T18:19:19+00:00 text="This has been UAE's position for long. They're firmly in the US/Israel camp with regards to the war. Nothing new. "
[REDDIT][COMMENT][PARSED] comment_id=owdm8kd post_id=1ur0mde parent_id=t3_1ur0mde depth=0 created_at=2026-07-08T22:12:59+00:00 text="It seems like Iran’s leadership have no control over the IRGC. From what I understand the commanders of each individual province are acting virtually independently, or at most are "
[REDDIT][COMMENT][PARSED] comment_id=owc5wxv post_id=1ur0mde parent_id=t3_1ur0mde depth=0 created_at=2026-07-08T18:19:58+00:00 text="Bro just telling a sovereign nation to get over the fact they were unilaterally attacked? Thats some top tier diplomacy right there 🙄"
[REDDIT][COMMENT][PARSED] comment_id=owch3mn post_id=1ur0mde parent_id=t1_owc5wxv depth=1 created_at=2026-07-08T19:08:12+00:00 text="The IRGC has been at war with America since its inception, and has multiple subsidiary or allied military formations (Hezbollah, Houthis, HAMAS) waging war against the US and its a"
[REDDIT][COMMENT][PARSED] comment_id=owchyb1 post_id=1ur0mde parent_id=t1_owc5wxv depth=1 created_at=2026-07-08T19:11:54+00:00 text="Ah yes, because the Islamic Republic definitely hasnt spent multiple decades arming terrorist proxies and coordinating attacks against the US and Israel.  "
[REDDIT][COMMENT][PARSED] comment_id=owfpiri post_id=1ur0mde parent_id=t1_owchyb1 depth=2 created_at=2026-07-09T05:34:20+00:00 text="What attacks on US? Not including our military bases that we really shouldn’t have over there anyways"
[REDDIT][COMMENT][PARSED] comment_id=owg9ido post_id=1ur0mde parent_id=t1_owfpiri depth=3 created_at=2026-07-09T08:13:51+00:00 text="Ah well as long as you don't think the US should have military bases \"over there anyways\" I guess it's okay for American bases and embassies in countries (where they are located wi"
[REDDIT][COMMENT][PARSED] comment_id=owci729 post_id=1ur0mde parent_id=t1_owc5wxv depth=1 created_at=2026-07-08T19:12:58+00:00 text="Just to be clear \"sovereign nations that were unilaterally attacked\" refers to Iran or Gulf states?"
[REDDIT][COMMENT][PARSED] comment_id=owc8teh post_id=1ur0mde parent_id=t1_owc5wxv depth=1 created_at=2026-07-08T18:32:23+00:00 text="I never thought I’d see the day where I was seeing Iranian shills on here"
[REDDIT][COMMENT][PARSED] comment_id=owcaw36 post_id=1ur0mde parent_id=t1_owc5wxv depth=1 created_at=2026-07-08T18:41:18+00:00 text="[removed]"
[REDDIT][COMMENT][PARSED] comment_id=owc7446 post_id=1ur0mde parent_id=t1_owc5wxv depth=1 created_at=2026-07-08T18:25:05+00:00 text="Drumpf Doctrine infects IR but then again Shia-Sunni schism probably adds to this."
[REDDIT][COMMENT][PARSED] comment_id=owcbnfp post_id=1ur0mde parent_id=t3_1ur0mde depth=0 created_at=2026-07-08T18:44:36+00:00 text="UAE experiencing what is it like to being US ally and sucking up to it and paying them billions in arms deals. Looking at us here in EU... we will learn, right?"
[REDDIT][COMMENT][PARSED] comment_id=owchcsp post_id=1ur0mde parent_id=t1_owcbnfp depth=1 created_at=2026-07-08T19:09:19+00:00 text="You understand that when you buy arms the thing you get is the weapons you paid for, right? You guys were still supposed to supply the soldiers to use them. "
[REDDIT][COMMENT][PARSED] comment_id=owcknyu post_id=1ur0mde parent_id=t1_owchcsp depth=2 created_at=2026-07-08T19:23:44+00:00 text="What are you even talking about  They’re being bombed because they host U.S bases and yet there’s no sign of ending the war or even wanting to "
[REDDIT][COMMENT][PARSED] comment_id=owcm9cb post_id=1ur0mde parent_id=t1_owcknyu depth=3 created_at=2026-07-08T19:30:42+00:00 text="Did you read *allll* the way to the end of the comment mind was a response to? Can you find someone to read it out loud to you?"
[REDDIT][COMMENT][PARSED] comment_id=owcmqcb post_id=1ur0mde parent_id=t1_owcm9cb depth=4 created_at=2026-07-08T19:32:47+00:00 text="Do you think the U.S would continue to sell arms without the UAE permitting U.S bases? Are you thick? "
[REDDIT][COMMENT][PARSED] comment_id=owggyy4 post_id=1ur0mde parent_id=t1_owcknyu depth=3 created_at=2026-07-09T09:16:43+00:00 text="Countries which didn’t host U.S. bases got bombed too.   99% of the targets in UAE were civilian. "
[REDDIT][COMMENT][PARSED] comment_id=owgkf6f post_id=1ur0mde parent_id=t1_owggyy4 depth=4 created_at=2026-07-09T09:44:52+00:00 text="What countries that don’t host U.S bases were targeted?  I’m not debating that what Iran is doing is somehow right or a positive - what I’m saying is the real losers of this war ar"
[REDDIT][COMMENT][PARSED] comment_id=owmsj8k post_id=1ur0mde parent_id=t1_owgkf6f depth=5 created_at=2026-07-10T04:04:49+00:00 text="Oman was attacked multiple times and doesn’t host a U.S. base.   Countries in that region host U.S. bases bc Iran would take them over if the bases weren’t there.   This was eviden"
[REDDIT][COMMENT][PARSED] comment_id=owggtqz post_id=1ur0mde parent_id=t1_owcbnfp depth=1 created_at=2026-07-09T09:15:31+00:00 text="[deleted]"
[REDDIT][COMMENT][PARSED] comment_id=ows43m8 post_id=1ur0mde parent_id=t1_owggtqz depth=2 created_at=2026-07-10T21:30:01+00:00 text="The Dutch?! Or the Danish?? "
[REDDIT][COMMENT][PARSED] comment_id=owt1tav post_id=1ur0mde parent_id=t1_ows43m8 depth=3 created_at=2026-07-11T00:29:05+00:00 text="[deleted]"
[REDDIT][COMMENT][PARSED] comment_id=owuc19e post_id=1ur0mde parent_id=t1_owt1tav depth=4 created_at=2026-07-11T05:24:22+00:00 text="Yes, but firstly, get the country right...It isn't the Dutch - The Netherlands has nothing to do with Greenland, it's an autonomous region within the Kingdom of Denmark.   But you "
Status: saved_raw_json

[15/80] 1ul4rfn | r/worldnews
Post date: 2026-07-02T01:49:03.126000+00:00
JSON URL: https://www.reddit.com/r/worldnews/comments/1ul4rfn/us_reportedly_mulls_pulling_troops_from_saudi.json
[REDDIT][JSON_FETCH][START] post_id=1ul4rfn json_url=https://www.reddit.com/r/worldnews/comments/1ul4rfn/us_reportedly_mulls_pulling_troops_from_saudi.json
[REDDIT][JSON_FETCH][RESULT] post_id=1ul4rfn status=saved_raw_json continue=True raw_json_file=C:\Users\hnade\OneDrive\Desktop\New folder\repo\data\interim\reddit\raw_json_audit\raw_reddit_json\1ul4rfn.json
[REDDIT][RAW_JSON][SAVED_AND_PARSED] post_id=1ul4rfn bytes=941548 comments=198 more_nodes=55 submission=yes
[REDDIT][POST][PARSED] post_id=1ul4rfn subreddit=worldnews title="US reportedly mulls pulling troops from Saudi Arabia as ties sour over Iran war"
[REDDIT][COMMENT][PARSED] comment_id=ov1gsfx post_id=1ul4rfn parent_id=t3_1ul4rfn depth=0 created_at=2026-07-02T02:23:39+00:00 text="Trump has been the greatest gift ever to America's enemies. They basically just get to sit back and watch America destroy itself just to satisfy the ego of one man"
[REDDIT][COMMENT][PARSED] comment_id=ov1ivqa post_id=1ul4rfn parent_id=t1_ov1gsfx depth=1 created_at=2026-07-02T02:35:11+00:00 text="That was literally russias plan all along from foundations of geopolitics. "
[REDDIT][COMMENT][PARSED] comment_id=ov1mms2 post_id=1ul4rfn parent_id=t1_ov1ivqa depth=2 created_at=2026-07-02T02:56:34+00:00 text="It just took them finding a useful idiot…"
[REDDIT][COMMENT][PARSED] comment_id=ov1pdyt post_id=1ul4rfn parent_id=t1_ov1mms2 depth=3 created_at=2026-07-02T03:12:56+00:00 text="To their credit, they crafted him over decades, since the ‘80s at least."
[REDDIT][COMMENT][PARSED] comment_id=ov1yian post_id=1ul4rfn parent_id=t1_ov1pdyt depth=4 created_at=2026-07-02T04:10:42+00:00 text="[deleted]"
[REDDIT][COMMENT][PARSED] comment_id=ov2rll5 post_id=1ul4rfn parent_id=t1_ov1yian depth=5 created_at=2026-07-02T07:52:23+00:00 text="The problem isn't that Russia did this, the problem is that America fell for it. Not once, but twice."
[REDDIT][COMMENT][PARSED] comment_id=ov2x02y post_id=1ul4rfn parent_id=t1_ov2rll5 depth=6 created_at=2026-07-02T08:37:26+00:00 text="Well, Russia did [help with that too](https://en.wikipedia.org/wiki/Senate_Intelligence_Committee_report_on_Russian_interference_in_the_2016_United_States_presidential_election#Vol"
[REDDIT][COMMENT][PARSED] comment_id=ov4goys post_id=1ul4rfn parent_id=t1_ov2rll5 depth=6 created_at=2026-07-02T14:19:24+00:00 text="[deleted]"
[REDDIT][COMMENT][PARSED] comment_id=ov5wfb9 post_id=1ul4rfn parent_id=t1_ov4goys depth=7 created_at=2026-07-02T17:59:02+00:00 text="And SCOTUS decided to make that easier this week. We're in deep trouble here unless we can reverse this trend of money being equivalent to speech and corporations being able to hav"
[REDDIT][COMMENT][PARSED] comment_id=ov4a8hm post_id=1ul4rfn parent_id=t1_ov2rll5 depth=6 created_at=2026-07-02T13:49:59+00:00 text="This. Right. Here!  Once, you were fooled. 2x's, you are complacent. The DNC for not having a proper nomination process. DNC politicians for keeping 'decorum' instead of fighting f"
[REDDIT][COMMENT][PARSED] comment_id=ov2c8ce post_id=1ul4rfn parent_id=t1_ov1pdyt depth=4 created_at=2026-07-02T05:49:45+00:00 text="I reckon it's more than just  a pee video they have over him. Something from the latest releases from the Epstein files."
[REDDIT][COMMENT][PARSED] comment_id=ov2e2ai post_id=1ul4rfn parent_id=t1_ov2c8ce depth=5 created_at=2026-07-02T06:03:41+00:00 text="Honestly I think he’s just that much of an impressionable idiot. He really thinks all the stuff he is doing is good because he’s basically been programmed too over the years"
[REDDIT][COMMENT][PARSED] comment_id=ov2l5bh post_id=1ul4rfn parent_id=t1_ov2e2ai depth=6 created_at=2026-07-02T06:59:17+00:00 text="well he is *very* stupid."
[REDDIT][COMMENT][PARSED] comment_id=ov5wmva post_id=1ul4rfn parent_id=t1_ov2l5bh depth=7 created_at=2026-07-02T17:59:55+00:00 text="The only man stupider than Trump is... *checks notes*... also Trump. Scientists are baffled by this paradox."
[REDDIT][COMMENT][PARSED] comment_id=ov2ucac post_id=1ul4rfn parent_id=t1_ov2e2ai depth=6 created_at=2026-07-02T08:15:28+00:00 text="It's money. That's all he cares about. The Russians bailed him out billions, he's been laundering their money for decades. This has been the only reason his empire hasn't collapsed"
[REDDIT][COMMENT][PARSED] comment_id=ov4jts4 post_id=1ul4rfn parent_id=t1_ov2ucac depth=7 created_at=2026-07-02T14:33:23+00:00 text="I mean, how’s that going lol"
[REDDIT][COMMENT][PARSED] comment_id=ov2gjgu post_id=1ul4rfn parent_id=t1_ov2c8ce depth=5 created_at=2026-07-02T06:23:08+00:00 text="At the very least Putin has the financial evidence from all the money laundering and property they were messing around with in NYC after the wall fell and Russian oligarchs were cu"
[REDDIT][COMMENT][PARSED] comment_id=ov2tbjg post_id=1ul4rfn parent_id=t1_ov2c8ce depth=5 created_at=2026-07-02T08:06:55+00:00 text="I'm so tired of all this conspirashit. You don't need kompromat to control bonnal blimp, all you need is to feed his narcissism. In many ways that's way way worse than the wishful "
[REDDIT][COMMENT][PARSED] comment_id=ov2rxmi post_id=1ul4rfn parent_id=t1_ov2c8ce depth=5 created_at=2026-07-02T07:55:11+00:00 text="The P has never referred to urine anyway I'd guess.  I don't think it is complicated. Think of what kind of man Trump is. He can't allow himself to be the \"loser\" so when he starte"
[REDDIT][COMMENT][PARSED] comment_id=ov1pgx8 post_id=1ul4rfn parent_id=t1_ov1mms2 depth=3 created_at=2026-07-02T03:13:25+00:00 text="And yet 1/3 of Americans still voted this idiot in and 1/3 could not be bothered, TWICE!"
[REDDIT][COMMENT][PARSED] comment_id=ov1v16i post_id=1ul4rfn parent_id=t1_ov1pgx8 depth=4 created_at=2026-07-02T03:48:12+00:00 text="The first time it was dumb, the second time it was inexcusable. "
[REDDIT][COMMENT][PARSED] comment_id=ov26b2f post_id=1ul4rfn parent_id=t1_ov1v16i depth=5 created_at=2026-07-02T05:05:22+00:00 text="Yeah the first time I said to myself *maybe* it's not as bad as I think. The second time I lost all faith in this country. "
[REDDIT][COMMENT][PARSED] comment_id=ov2m7nf post_id=1ul4rfn parent_id=t1_ov26b2f depth=6 created_at=2026-07-02T07:07:48+00:00 text="Thing is, you see over and over even the ones who aren’t happy with him anymore claiming he did such an amazing job in term 1 and they can’t understand why he isn’t able to do that"
[REDDIT][COMMENT][PARSED] comment_id=ov2ei6q post_id=1ul4rfn parent_id=t1_ov1v16i depth=5 created_at=2026-07-02T06:07:07+00:00 text="imma be blunt here, to the rest of the world, what's feeling inexcusable to us is how y'all are doing pretty much nothing whatsoever about it beyond bitching on Reddit.   Let's fac"
[REDDIT][COMMENT][PARSED] comment_id=ov2ob97 post_id=1ul4rfn parent_id=t1_ov2ei6q depth=6 created_at=2026-07-02T07:24:52+00:00 text="Unfortunately, we are going to have a 'Trump' in UK and Europe as well. It is not regular Americans Vs Trump and maga. It is regular Americans Vs Tech Bros, who have mastered the a"
[REDDIT][COMMENT][PARSED] comment_id=ov3omt8 post_id=1ul4rfn parent_id=t1_ov2ei6q depth=6 created_at=2026-07-02T11:59:16+00:00 text="The electorate chose this outcome.  I voted for Harris.  My personal action can't undo the decisions of the US electorate, to include both those who voted for him and those who cou"
[REDDIT][COMMENT][PARSED] comment_id=ov2iacu post_id=1ul4rfn parent_id=t1_ov2ei6q depth=6 created_at=2026-07-02T06:36:56+00:00 text="Sadly most of the weapons are owned by like 5% of the population. "
[REDDIT][COMMENT][PARSED] comment_id=ov259z9 post_id=1ul4rfn parent_id=t1_ov1ivqa depth=2 created_at=2026-07-02T04:57:54+00:00 text="My MAGA friend turned me on to that book way back in 16 or so.  I never did find out why he can be so blind to it happening."
[REDDIT][COMMENT][PARSED] comment_id=ov1qjmz post_id=1ul4rfn parent_id=t1_ov1ivqa depth=2 created_at=2026-07-02T03:19:58+00:00 text="Screams in Darth Vader:  DUUUUUUGAAAAN!!!!!!"
[REDDIT][COMMENT][PARSED] comment_id=ov2h8p7 post_id=1ul4rfn parent_id=t1_ov1ivqa depth=2 created_at=2026-07-02T06:28:40+00:00 text="If only there was a proper (i.e. not done by machine) English translation of that book…"
[REDDIT][COMMENT][PARSED] comment_id=ov2rivf post_id=1ul4rfn parent_id=t1_ov1gsfx depth=1 created_at=2026-07-02T07:51:43+00:00 text="Russian doctrine since 1997 and NOT secret:  &gt;Russia should \"introduce geopolitical disorder into internal American activity, encouraging all kinds of [separatism](https://en.wi"
[REDDIT][COMMENT][PARSED] comment_id=ov5gvna post_id=1ul4rfn parent_id=t1_ov2rivf depth=2 created_at=2026-07-02T16:54:13+00:00 text="Russia couldn’t do it—no external force could do it—without the fissures and hatred being baked in. So whatever the influence campaign, I place the blame on ordinary American citiz"
[REDDIT][COMMENT][PARSED] comment_id=ov3hls1 post_id=1ul4rfn parent_id=t1_ov1gsfx depth=1 created_at=2026-07-02T11:15:35+00:00 text="Unironically one of the nicknames in China for Trump is \"nation builder\"/chuan jianguo since all his stupid  policies (tariffs and trade wars, alienating all the US allies, and scr"
[REDDIT][COMMENT][PARSED] comment_id=ov4r6hi post_id=1ul4rfn parent_id=t1_ov1gsfx depth=1 created_at=2026-07-02T15:05:29+00:00 text="China is reallllyyyyyy quiet these days. They are on a roll and they know it.   In Germany we think the US soldiers stationed here are more likely to shoot us in the back if our co"
[REDDIT][COMMENT][PARSED] comment_id=ov2mj9j post_id=1ul4rfn parent_id=t1_ov1gsfx depth=1 created_at=2026-07-02T07:10:25+00:00 text="To be fair, the strategy \\*was getting leaders like DJT into power, knowing what would come of it…all they had to do was sit back and wait."
[REDDIT][COMMENT][PARSED] comment_id=ov1ne98 post_id=1ul4rfn parent_id=t1_ov1gsfx depth=1 created_at=2026-07-02T03:01:02+00:00 text="[deleted]"
[REDDIT][COMMENT][PARSED] comment_id=ov1nxlz post_id=1ul4rfn parent_id=t1_ov1ne98 depth=2 created_at=2026-07-02T03:04:13+00:00 text="Yeah, but Trump’s reason is dumber"
[REDDIT][COMMENT][PARSED] comment_id=ov23f35 post_id=1ul4rfn parent_id=t1_ov1nxlz depth=3 created_at=2026-07-02T04:44:31+00:00 text="Its a shit cake sandwich any way you put it... but there are some unintended sprinkles hidden in the sheer ineptitude"
[REDDIT][COMMENT][PARSED] comment_id=ov3auox post_id=1ul4rfn parent_id=t1_ov23f35 depth=4 created_at=2026-07-02T10:28:49+00:00 text="That's a great way of putting it. Hell we should have pulled out of Saudi after the connections between them and the 9/11 attacks were discovered."
[REDDIT][COMMENT][PARSED] comment_id=ov1tv7e post_id=1ul4rfn parent_id=t1_ov1ne98 depth=2 created_at=2026-07-02T03:40:48+00:00 text="Cutting ties by taking a principled stand over human rights is very different than cutting ties because we're fucking up the global economy with a pointless war."
[REDDIT][COMMENT][PARSED] comment_id=ov1uiru post_id=1ul4rfn parent_id=t1_ov1ne98 depth=2 created_at=2026-07-02T03:45:00+00:00 text="Hey look everyone... over there on the left! 🙄"
[REDDIT][COMMENT][PARSED] comment_id=ov1rltz post_id=1ul4rfn parent_id=t1_ov1ne98 depth=2 created_at=2026-07-02T03:26:34+00:00 text="We didn't need to bomb Iranian children to cut ties with the Saudis."
[REDDIT][COMMENT][PARSED] comment_id=ov1wvg9 post_id=1ul4rfn parent_id=t1_ov1ne98 depth=2 created_at=2026-07-02T03:59:59+00:00 text="I mean, fair. I just find it ironic that the thing to sour the relations might be one of the few issues I actually side with Saudi Arabia on."
[REDDIT][COMMENT][PARSED] comment_id=ov1fj0v post_id=1ul4rfn parent_id=t3_1ul4rfn depth=0 created_at=2026-07-02T02:16:57+00:00 text="Does everything he touches turn to shit?"
[REDDIT][COMMENT][PARSED] comment_id=ov1ih7e post_id=1ul4rfn parent_id=t1_ov1fj0v depth=1 created_at=2026-07-02T02:32:56+00:00 text="The Mierdas Touch"
[REDDIT][COMMENT][PARSED] comment_id=ov1kzpa post_id=1ul4rfn parent_id=t1_ov1ih7e depth=2 created_at=2026-07-02T02:47:06+00:00 text="I love this!!"
[REDDIT][COMMENT][PARSED] comment_id=ov2twv2 post_id=1ul4rfn parent_id=t1_ov1kzpa depth=3 created_at=2026-07-02T08:11:54+00:00 text="Its even better when you realize that Maga will never get it because they fear any language that isnt English"
[REDDIT][COMMENT][PARSED] comment_id=ov3z8yf post_id=1ul4rfn parent_id=t1_ov1fj0v depth=1 created_at=2026-07-02T12:57:05+00:00 text="The New York Knicks lost one game out of their last sixteen during this last postseason. ONE. It was the game he attended."
[REDDIT][COMMENT][PARSED] comment_id=ov1meq3 post_id=1ul4rfn parent_id=t1_ov1fj0v depth=1 created_at=2026-07-02T02:55:15+00:00 text="I mean, hes a billion or so richer since he took office...so, thats there...."
[REDDIT][COMMENT][PARSED] comment_id=ov1wwwn post_id=1ul4rfn parent_id=t1_ov1meq3 depth=2 created_at=2026-07-02T04:00:14+00:00 text="Way way way more than that."
[REDDIT][COMMENT][PARSED] comment_id=ov1cvp0 post_id=1ul4rfn parent_id=t3_1ul4rfn depth=0 created_at=2026-07-02T02:03:06+00:00 text="The irony is that is what Bin Laden wanted "
[REDDIT][COMMENT][PARSED] comment_id=ov1orhk post_id=1ul4rfn parent_id=t1_ov1cvp0 depth=1 created_at=2026-07-02T03:09:12+00:00 text="And all it took was catching an old man molesting children on a billionaires island"
[REDDIT][COMMENT][PARSED] comment_id=ov275mu post_id=1ul4rfn parent_id=t1_ov1orhk depth=2 created_at=2026-07-02T05:11:33+00:00 text="they needed americans to hate muslims first. "
[REDDIT][COMMENT][PARSED] comment_id=ov2q68t post_id=1ul4rfn parent_id=t1_ov1orhk depth=2 created_at=2026-07-02T07:40:23+00:00 text="In fairness, I highly doubt that would have occurred to Bin Laden or any of the US enemies twenty years ago."
[REDDIT][COMMENT][PARSED] comment_id=ov1rtfg post_id=1ul4rfn parent_id=t1_ov1cvp0 depth=1 created_at=2026-07-02T03:27:54+00:00 text="Instead of hiding in a cave in the middle of nowhere. He could have just used his family fortunes to help a certain country's US lobbies. He must be rolling in his grave."
[REDDIT][COMMENT][PARSED] comment_id=ov1vht9 post_id=1ul4rfn parent_id=t1_ov1rtfg depth=2 created_at=2026-07-02T03:51:09+00:00 text="He was \"buried\" at Sea. They dumped his body off the USS Carl Vinson somewhere in the Northern Arabian Sea because no country would accept his remains and so there wasn't a shrine "
[REDDIT][COMMENT][PARSED] comment_id=ov1z6uk post_id=1ul4rfn parent_id=t1_ov1vht9 depth=3 created_at=2026-07-02T04:15:16+00:00 text="He is sleeping with the fishes."
[REDDIT][COMMENT][PARSED] comment_id=ov2feje post_id=1ul4rfn parent_id=t1_ov1z6uk depth=4 created_at=2026-07-02T06:14:07+00:00 text="*\"I sleep in a racing car. Do you?\"*  *\"I sleep in a big bed with my wife\"*"
[REDDIT][COMMENT][PARSED] comment_id=ov2s9gb post_id=1ul4rfn parent_id=t1_ov1rtfg depth=2 created_at=2026-07-02T07:57:57+00:00 text="All he needed to do was buy fox news and pdiddy"
[REDDIT][COMMENT][PARSED] comment_id=ov21am2 post_id=1ul4rfn parent_id=t1_ov1cvp0 depth=1 created_at=2026-07-02T04:29:36+00:00 text="It’s also one of Irans demands "
[REDDIT][COMMENT][PARSED] comment_id=ov5jn8a post_id=1ul4rfn parent_id=t1_ov1cvp0 depth=1 created_at=2026-07-02T17:05:49+00:00 text="Biden Laden also wanted the US to capitulate in Afghanistan, which Trump did in 2020. "
[REDDIT][COMMENT][PARSED] comment_id=ov1drz7 post_id=1ul4rfn parent_id=t3_1ul4rfn depth=0 created_at=2026-07-02T02:07:51+00:00 text="[removed]"
[REDDIT][COMMENT][PARSED] comment_id=ov1fu8n post_id=1ul4rfn parent_id=t1_ov1drz7 depth=1 created_at=2026-07-02T02:18:38+00:00 text="It's like watching an 8 year old drive a sports car with a stick shift "
[REDDIT][COMMENT][PARSED] comment_id=ov1hgxs post_id=1ul4rfn parent_id=t1_ov1fu8n depth=2 created_at=2026-07-02T02:27:22+00:00 text="Good analogy. You’re walking from here. "
[REDDIT][COMMENT][PARSED] comment_id=ov1ld6v post_id=1ul4rfn parent_id=t1_ov1fu8n depth=2 created_at=2026-07-02T02:49:15+00:00 text="Except it keeps moving. Wrong direction but moving.   At least with a stick he'd eventually bork the transmission"
[REDDIT][COMMENT][PARSED] comment_id=ov1nmxs post_id=1ul4rfn parent_id=t1_ov1ld6v depth=3 created_at=2026-07-02T03:02:28+00:00 text="Dropped the clutch on à hill and got out before he put the emergency brake on "
[REDDIT][COMMENT][PARSED] comment_id=ov1o3sc post_id=1ul4rfn parent_id=t1_ov1ld6v depth=3 created_at=2026-07-02T03:05:14+00:00 text="Crashed around a few lamp posts, kerbs and trees, but hey if it’s still moving it’s working and winning!"
[REDDIT][COMMENT][PARSED] comment_id=ov215f2 post_id=1ul4rfn parent_id=t1_ov1fu8n depth=2 created_at=2026-07-02T04:28:36+00:00 text="I *wish* it were like that, an 8-year-old wouldn't be able to get a stickshift car moving. This type of havoc can only be done by automatic transmission"
[REDDIT][COMMENT][PARSED] comment_id=ov2e4gx post_id=1ul4rfn parent_id=t1_ov1fu8n depth=2 created_at=2026-07-02T06:04:10+00:00 text="Not even.  An 8-year-old isn't figuring out he needs to hold the clutch in to start a car with a standard transmission lol.  This is like somehow strapping a Ferrari engine to a ri"
[REDDIT][COMMENT][PARSED] comment_id=ov1g248 post_id=1ul4rfn parent_id=t1_ov1drz7 depth=1 created_at=2026-07-02T02:19:46+00:00 text="Destruction of both soft and hard power.  This here is the destruction of hard power-- though the US has the strongest military, the will and competency to apply it effectively tow"
[REDDIT][COMMENT][PARSED] comment_id=ov1hazt post_id=1ul4rfn parent_id=t1_ov1g248 depth=2 created_at=2026-07-02T02:26:27+00:00 text="Not sure how healthy our strategic think tanks are.   Is there any expertise at the top anymore??"
[REDDIT][COMMENT][PARSED] comment_id=ov1ibfh post_id=1ul4rfn parent_id=t1_ov1hazt depth=3 created_at=2026-07-02T02:32:02+00:00 text="Most of it gets overridden by Kegsbreath and he fires people who disagree.  Maybe there are a few that are still holding on, enough to recover somewhat after these people are out. "
[REDDIT][COMMENT][PARSED] comment_id=ov1jak0 post_id=1ul4rfn parent_id=t1_ov1ibfh depth=4 created_at=2026-07-02T02:37:29+00:00 text="Just rebuilding competent leadership in the armed forces and intelligence services will take decades unless they can drag all the fired personnel back in."
[REDDIT][COMMENT][PARSED] comment_id=ov1kbq5 post_id=1ul4rfn parent_id=t1_ov1jak0 depth=5 created_at=2026-07-02T02:43:19+00:00 text="Who would wish to come back in, just to get put out a few years afterward?"
[REDDIT][COMMENT][PARSED] comment_id=ov1ktzk post_id=1ul4rfn parent_id=t1_ov1jak0 depth=5 created_at=2026-07-02T02:46:12+00:00 text="Agent Kasperov has done a very good job in a very short timeframe.  Look at DC physically, look at our corroded government, look at our relationships with other countries, look at "
[REDDIT][COMMENT][PARSED] comment_id=ov259jw post_id=1ul4rfn parent_id=t1_ov1ktzk depth=6 created_at=2026-07-02T04:57:49+00:00 text="Kasparov is the chess grandmaster. Krasnov struggles with checkers."
[REDDIT][COMMENT][PARSED] comment_id=ov38ca0 post_id=1ul4rfn parent_id=t1_ov259jw depth=7 created_at=2026-07-02T10:09:57+00:00 text="Krasnov would struggle with tic-tac-toe. Unless he can profit from it. "
[REDDIT][COMMENT][PARSED] comment_id=ov2s2d6 post_id=1ul4rfn parent_id=t1_ov1ibfh depth=4 created_at=2026-07-02T07:56:17+00:00 text="I think three or four decades is extremely optimistic. We arent in a forgive and forget mood in europe"
[REDDIT][COMMENT][PARSED] comment_id=ov1rxzm post_id=1ul4rfn parent_id=t1_ov1ibfh depth=4 created_at=2026-07-02T03:28:41+00:00 text="A decade? We'll still be going downhill. We're never recovering from this. The average American cannot or refuses to fathom the damage done here. We will be seeing Victorian living"
[REDDIT][COMMENT][PARSED] comment_id=ov1ldw5 post_id=1ul4rfn parent_id=t1_ov1hazt depth=3 created_at=2026-07-02T02:49:22+00:00 text="Republicans were the woke DEI hires getting jobs they did not qualify for all along."
[REDDIT][COMMENT][PARSED] comment_id=ov1i6z6 post_id=1ul4rfn parent_id=t1_ov1hazt depth=3 created_at=2026-07-02T02:31:21+00:00 text="Just right wing influencers."
[REDDIT][COMMENT][PARSED] comment_id=ov2515n post_id=1ul4rfn parent_id=t1_ov1g248 depth=2 created_at=2026-07-02T04:56:08+00:00 text="Information and logistics are the true hard power. Yet with idjits who assume the strongest military consists of big sweaty men with bulging muscles won’t appreciate that.   “Stron"
[REDDIT][COMMENT][PARSED] comment_id=ov1jcba post_id=1ul4rfn parent_id=t1_ov1drz7 depth=1 created_at=2026-07-02T02:37:45+00:00 text="Why tho. Like seriously, why are they doing it?  Only thing I can come up with is that it allows rich people to exploit markets without economic controls in places the US “policed”"
[REDDIT][COMMENT][PARSED] comment_id=ov2bkys post_id=1ul4rfn parent_id=t1_ov1jcba depth=2 created_at=2026-07-02T05:44:49+00:00 text="&gt;  Why tho. Like seriously, why are they doing it?  People keep thinking Trump has some secret strategy, but I don't think there is.  He's an impulsive toddler pushing random bu"
[REDDIT][COMMENT][PARSED] comment_id=ov2qmyy post_id=1ul4rfn parent_id=t1_ov2bkys depth=3 created_at=2026-07-02T07:44:19+00:00 text="I think there is a strategy but it is short termism on steroids. There is no next year, next month or even next week. It is today. What can I do today to benefit me today. Short th"
[REDDIT][COMMENT][PARSED] comment_id=ov2850j post_id=1ul4rfn parent_id=t1_ov1jcba depth=2 created_at=2026-07-02T05:18:51+00:00 text="Look at who stands to gain from it.  If the US is no longer patrolling the Middle East, they can no longer guarantee the safety of the Strait of Hormuz, and Iran gets to charge a f"
[REDDIT][COMMENT][PARSED] comment_id=ov1t7ea post_id=1ul4rfn parent_id=t1_ov1drz7 depth=1 created_at=2026-07-02T03:36:35+00:00 text="It's insane how far the goalposts can be moved for MAGATs. They're legitimately brainwashed. All this time yelling about sleepy Joe when Trump is literally falling asleep on live T"
[REDDIT][COMMENT][PARSED] comment_id=ov2jhq8 post_id=1ul4rfn parent_id=t1_ov1t7ea depth=2 created_at=2026-07-02T06:46:10+00:00 text="I'm still waiting for the normalization of US presidents declaring a new constitution overnight"
[REDDIT][COMMENT][PARSED] comment_id=ov2nrpe post_id=1ul4rfn parent_id=t1_ov1t7ea depth=2 created_at=2026-07-02T07:20:23+00:00 text="It's legitimately insane that these people would rather die on a hill than admit they were wrong.  America has this ingrained arrogance that is caused by an inclusive system that d"
[REDDIT][COMMENT][PARSED] comment_id=ov2sxjv post_id=1ul4rfn parent_id=t1_ov1t7ea depth=2 created_at=2026-07-02T08:03:36+00:00 text="They are in echo chambers so it is likely that they are not seeing this news. They may learn about this in three years time when someone mentions trying to get back into Saudi Arab"
[REDDIT][COMMENT][PARSED] comment_id=ov1jpnn post_id=1ul4rfn parent_id=t1_ov1drz7 depth=1 created_at=2026-07-02T02:39:50+00:00 text="It is all done on purpose, for a family’s profit "
[REDDIT][COMMENT][PARSED] comment_id=ov1kkdr post_id=1ul4rfn parent_id=t1_ov1drz7 depth=1 created_at=2026-07-02T02:44:41+00:00 text="USA is under attacked from within"
[REDDIT][COMMENT][PARSED] comment_id=ov1jotd post_id=1ul4rfn parent_id=t1_ov1drz7 depth=1 created_at=2026-07-02T02:39:42+00:00 text="What would a president who colludes with Russia do?"
[REDDIT][COMMENT][PARSED] comment_id=ov1kbuk post_id=1ul4rfn parent_id=t1_ov1jotd depth=2 created_at=2026-07-02T02:43:20+00:00 text="Not too much differently. "
[REDDIT][COMMENT][PARSED] comment_id=ov1gnhp post_id=1ul4rfn parent_id=t1_ov1drz7 depth=1 created_at=2026-07-02T02:22:55+00:00 text="To be fair, this is his second term... he got a decent head start beginning in 2016. "
[REDDIT][COMMENT][PARSED] comment_id=ov1ixnu post_id=1ul4rfn parent_id=t1_ov1drz7 depth=1 created_at=2026-07-02T02:35:29+00:00 text="If not literally trying to destroy the US, why destroying the US shaped?"
[REDDIT][COMMENT][PARSED] comment_id=ov1t9e4 post_id=1ul4rfn parent_id=t1_ov1drz7 depth=1 created_at=2026-07-02T03:36:56+00:00 text="He’s rivaling James Buchanan on that front now"
[REDDIT][COMMENT][PARSED] comment_id=ov1xesk post_id=1ul4rfn parent_id=t3_1ul4rfn depth=0 created_at=2026-07-02T04:03:28+00:00 text="This man is a master of 4 dementia chess"
[REDDIT][COMMENT][PARSED] comment_id=ov1cn9c post_id=1ul4rfn parent_id=t3_1ul4rfn depth=0 created_at=2026-07-02T02:01:50+00:00 text="Trump is selling the U.S. out to pay off his debts, get rich, and save his ass from jail. Nice going MAGATs"
[REDDIT][COMMENT][PARSED] comment_id=ov1gw0z post_id=1ul4rfn parent_id=t1_ov1cn9c depth=1 created_at=2026-07-02T02:24:12+00:00 text="Reminder, his boss, old Daddy Putin, had him put in office to do this. Destroy the USA without a bullet fired.   All Trump needs is that Dubya MISSION ACCOMPLISHED banner and he ca"
[REDDIT][COMMENT][PARSED] comment_id=ov1kaoh post_id=1ul4rfn parent_id=t1_ov1gw0z depth=2 created_at=2026-07-02T02:43:09+00:00 text="He's got an Iranian victory arch instead "
[REDDIT][COMMENT][PARSED] comment_id=ov1k8eh post_id=1ul4rfn parent_id=t1_ov1cn9c depth=1 created_at=2026-07-02T02:42:48+00:00 text="The way i conceptualize it is that Trump is setting the USA on fire to keep himself warm."
[REDDIT][COMMENT][PARSED] comment_id=ov1kqcy post_id=1ul4rfn parent_id=t3_1ul4rfn depth=0 created_at=2026-07-02T02:45:38+00:00 text="This administration is so unfathomably god damn stupid."
[REDDIT][COMMENT][PARSED] comment_id=ov1od1k post_id=1ul4rfn parent_id=t3_1ul4rfn depth=0 created_at=2026-07-02T03:06:47+00:00 text="…and Osama bin Laden finally gets the US troops to leave Saudi Arabia. "
[REDDIT][COMMENT][PARSED] comment_id=ov25wfn post_id=1ul4rfn parent_id=t1_ov1od1k depth=1 created_at=2026-07-02T05:02:25+00:00 text="I bet the Middle East will hire pr companies to push this line: “Did Trump let Bin Laden win anyway?”  Easy win. "
[REDDIT][COMMENT][PARSED] comment_id=ov1j3ju post_id=1ul4rfn parent_id=t3_1ul4rfn depth=0 created_at=2026-07-02T02:36:25+00:00 text="Aka until Saudi Arabia gives Jared more money or buys more Trump coin"
[REDDIT][COMMENT][PARSED] comment_id=ov1j72a post_id=1ul4rfn parent_id=t3_1ul4rfn depth=0 created_at=2026-07-02T02:36:57+00:00 text="[removed]"
[REDDIT][COMMENT][PARSED] comment_id=ov1rp1y post_id=1ul4rfn parent_id=t1_ov1j72a depth=1 created_at=2026-07-02T03:27:08+00:00 text="Wink wink"
[REDDIT][COMMENT][PARSED] comment_id=ov1ayhj post_id=1ul4rfn parent_id=t3_1ul4rfn depth=0 created_at=2026-07-02T01:52:55+00:00 text="We keep getting weaker, and China keeps getting stronger.   "
[REDDIT][COMMENT][PARSED] comment_id=ov1gaf6 post_id=1ul4rfn parent_id=t1_ov1ayhj depth=1 created_at=2026-07-02T02:20:59+00:00 text="And Leon keeps getting laaaaaargerrrrrrr!"
[REDDIT][COMMENT][PARSED] comment_id=ov1ibl5 post_id=1ul4rfn parent_id=t1_ov1gaf6 depth=2 created_at=2026-07-02T02:32:03+00:00 text="THERE'S A SALE AT PENNY'S!!!"
[REDDIT][COMMENT][PARSED] comment_id=ov1lk20 post_id=1ul4rfn parent_id=t1_ov1ibl5 depth=3 created_at=2026-07-02T02:50:21+00:00 text="What can you make of this?"
[REDDIT][COMMENT][PARSED] comment_id=ov1mgb0 post_id=1ul4rfn parent_id=t1_ov1lk20 depth=4 created_at=2026-07-02T02:55:30+00:00 text="A broach...or a pterodactyl"
[REDDIT][COMMENT][PARSED] comment_id=ov1h6k4 post_id=1ul4rfn parent_id=t1_ov1ayhj depth=1 created_at=2026-07-02T02:25:47+00:00 text="This race was over when the government decided it was a good idea to significantly cut investment into education, and have zero plan or willingness to provide health care to its pe"
[REDDIT][COMMENT][PARSED] comment_id=ov1d7v4 post_id=1ul4rfn parent_id=t1_ov1ayhj depth=1 created_at=2026-07-02T02:04:56+00:00 text="Every minute I stay in this room, I get weaker, and every minute Charlie squats in the bush, he gets stronger. Each time I looked around the walls moved in a little tighter."
[REDDIT][COMMENT][PARSED] comment_id=ov1gcbz post_id=1ul4rfn parent_id=t1_ov1d7v4 depth=2 created_at=2026-07-02T02:21:16+00:00 text="Never get out of the boat "
[REDDIT][COMMENT][PARSED] comment_id=ov1gdlj post_id=1ul4rfn parent_id=t1_ov1ayhj depth=1 created_at=2026-07-02T02:21:27+00:00 text="China is doing nothing yet is winning.  It's like the Western world keeps making really horrible decisions or something. But that can't be right, the Western world is always right!"
[REDDIT][COMMENT][PARSED] comment_id=ov1gld3 post_id=1ul4rfn parent_id=t1_ov1gdlj depth=2 created_at=2026-07-02T02:22:36+00:00 text="China has its own problems "
[REDDIT][COMMENT][PARSED] comment_id=ov1k6lb post_id=1ul4rfn parent_id=t1_ov1gdlj depth=2 created_at=2026-07-02T02:42:30+00:00 text="The western world is doing just fine. It is the Trump administration that is destroying every remnant of American soft power."
[REDDIT][COMMENT][PARSED] comment_id=ov1b1s3 post_id=1ul4rfn parent_id=t3_1ul4rfn depth=0 created_at=2026-07-02T01:53:24+00:00 text="So end of petrodollar coming soon? "
[REDDIT][COMMENT][PARSED] comment_id=ov1fgmf post_id=1ul4rfn parent_id=t1_ov1b1s3 depth=1 created_at=2026-07-02T02:16:36+00:00 text="It's not inconceivable the way this is going."
[REDDIT][COMMENT][PARSED] comment_id=ov4vz7p post_id=1ul4rfn parent_id=t1_ov1b1s3 depth=1 created_at=2026-07-02T15:26:06+00:00 text="The AI dollar will replace it (for a few months until it collapses taking the world with it)"
[REDDIT][COMMENT][PARSED] comment_id=ov2ftw9 post_id=1ul4rfn parent_id=t3_1ul4rfn depth=0 created_at=2026-07-02T06:17:30+00:00 text="First the idiot alienated Europe and all of America's longstanding western allies while ingratiating himself with Middle Eastern monarchs who openly bribed him. Now even they are s"
[REDDIT][COMMENT][PARSED] comment_id=ov37d40 post_id=1ul4rfn parent_id=t3_1ul4rfn depth=0 created_at=2026-07-02T10:02:26+00:00 text="Just so we're very clear, one of al-Qaeda's main objectives was to get the U.S. to withdraw from Saudi Arabia.  If Trump goes through with this he'll be finishing the job that Osam"
[REDDIT][COMMENT][PARSED] comment_id=ov1fujv post_id=1ul4rfn parent_id=t3_1ul4rfn depth=0 created_at=2026-07-02T02:18:40+00:00 text="Didn't his son in law get a shady 6 billion from them"
[REDDIT][COMMENT][PARSED] comment_id=ov1m06g post_id=1ul4rfn parent_id=t1_ov1fujv depth=1 created_at=2026-07-02T02:52:54+00:00 text="And to think how faux outraged they were over Hunter Biden…"
[REDDIT][COMMENT][PARSED] comment_id=ov2svvh post_id=1ul4rfn parent_id=t1_ov1fujv depth=1 created_at=2026-07-02T08:03:12+00:00 text="In exchange for state secrets"
[REDDIT][COMMENT][PARSED] comment_id=ov1l92j post_id=1ul4rfn parent_id=t3_1ul4rfn depth=0 created_at=2026-07-02T02:48:36+00:00 text="The yucky strange unholy honeymoon between these two bros is coming to an end. Had to happen eventually."
[REDDIT][COMMENT][PARSED] comment_id=ov1okjg post_id=1ul4rfn parent_id=t1_ov1l92j depth=1 created_at=2026-07-02T03:08:01+00:00 text="Everything Trump touches dies, but the Bone-Saw-Crown-Prince might take Trump down with him. "
[REDDIT][COMMENT][PARSED] comment_id=ov2mf9g post_id=1ul4rfn parent_id=t3_1ul4rfn depth=0 created_at=2026-07-02T07:09:30+00:00 text="DJT accomplishing what Osama Bin Laden could not…"
[REDDIT][COMMENT][PARSED] comment_id=ov1c0i8 post_id=1ul4rfn parent_id=t3_1ul4rfn depth=0 created_at=2026-07-02T01:58:25+00:00 text="so saudi stopping the bribes?"
[REDDIT][COMMENT][PARSED] comment_id=ov1chtd post_id=1ul4rfn parent_id=t1_ov1c0i8 depth=1 created_at=2026-07-02T02:01:03+00:00 text="They didn't get anything. Infact things are worse for the UAE."
[REDDIT][COMMENT][PARSED] comment_id=ov1cups post_id=1ul4rfn parent_id=t1_ov1chtd depth=2 created_at=2026-07-02T02:02:57+00:00 text="everyone gets burned by this dumbass"
[REDDIT][COMMENT][PARSED] comment_id=ov1i8gk post_id=1ul4rfn parent_id=t1_ov1cups depth=3 created_at=2026-07-02T02:31:35+00:00 text="Tends to be the case with sociopaths "
[REDDIT][COMMENT][PARSED] comment_id=ov1jt4w post_id=1ul4rfn parent_id=t1_ov1chtd depth=2 created_at=2026-07-02T02:40:23+00:00 text="I love this for them "
[REDDIT][COMMENT][PARSED] comment_id=ov2m37t post_id=1ul4rfn parent_id=t1_ov1chtd depth=2 created_at=2026-07-02T07:06:48+00:00 text="What are you.. Saudi and UAE are distinctly different places."
[REDDIT][COMMENT][PARSED] comment_id=ov1dyq6 post_id=1ul4rfn parent_id=t3_1ul4rfn depth=0 created_at=2026-07-02T02:08:48+00:00 text="Leaving the middle east was always part of the plan. Its why our bases are getting destroyed."
[REDDIT][COMMENT][PARSED] comment_id=ov1u18i post_id=1ul4rfn parent_id=t3_1ul4rfn depth=0 created_at=2026-07-02T03:41:52+00:00 text="Grooming Rubio has been hilarious, but whoever put him there has ruined a lot of work. What an absolute flop of a diplomat. 🤮"
[REDDIT][COMMENT][PARSED] comment_id=ov1cjgm post_id=1ul4rfn parent_id=t3_1ul4rfn depth=0 created_at=2026-07-02T02:01:17+00:00 text="Omg this is the end of the U.S. hegemony. MAWA make America weak again. He is taking us 251 years back"
[REDDIT][COMMENT][PARSED] comment_id=ov1em0a post_id=1ul4rfn parent_id=t3_1ul4rfn depth=0 created_at=2026-07-02T02:12:08+00:00 text="Where is Trump going to get all of his investment money? Russia is poor. And the Saudis are mad?"
[REDDIT][COMMENT][PARSED] comment_id=ov1rt2i post_id=1ul4rfn parent_id=t1_ov1em0a depth=1 created_at=2026-07-02T03:27:50+00:00 text="Uhhh isn’t it obvious? Scamming American taxpayers "
[REDDIT][COMMENT][PARSED] comment_id=ov1e3ny post_id=1ul4rfn parent_id=t3_1ul4rfn depth=0 created_at=2026-07-02T02:09:30+00:00 text="Or did the Iranians demand it to end the war?"
[REDDIT][COMMENT][PARSED] comment_id=ov1hmyc post_id=1ul4rfn parent_id=t3_1ul4rfn depth=0 created_at=2026-07-02T02:28:17+00:00 text="Maybe the war will force military spending cuts"
[REDDIT][COMMENT][PARSED] comment_id=ov1iwu7 post_id=1ul4rfn parent_id=t1_ov1hmyc depth=1 created_at=2026-07-02T02:35:21+00:00 text="That's hilarious. You should do stand up."
[REDDIT][COMMENT][PARSED] comment_id=ov2t2kf post_id=1ul4rfn parent_id=t1_ov1hmyc depth=1 created_at=2026-07-02T08:04:48+00:00 text="All that money spent and it still couldnt impose its will "
[REDDIT][COMMENT][PARSED] comment_id=ov1k4kp post_id=1ul4rfn parent_id=t3_1ul4rfn depth=0 created_at=2026-07-02T02:42:11+00:00 text="How are ties *still* souring around the world?   How have they not all died and rotted of the vine long, long ago?   This administration treats foreign countries like it treats its"
[REDDIT][COMMENT][PARSED] comment_id=ov1fs4b post_id=1ul4rfn parent_id=t3_1ul4rfn depth=0 created_at=2026-07-02T02:18:19+00:00 text="It's a condition that Iran imposed due to our surrender.  "
[REDDIT][COMMENT][PARSED] comment_id=ov1goft post_id=1ul4rfn parent_id=t1_ov1fs4b depth=1 created_at=2026-07-02T02:23:03+00:00 text="Think something dramatic and bad for the U.S. will be announced July 4th?"
[REDDIT][COMMENT][PARSED] comment_id=ov2pp28 post_id=1ul4rfn parent_id=t1_ov1fs4b depth=1 created_at=2026-07-02T07:36:18+00:00 text="yep US has to close all Middle East bases as part of its surrender to Iran and pay Iran $300 billion"
[REDDIT][COMMENT][PARSED] comment_id=ov1ruj7 post_id=1ul4rfn parent_id=t3_1ul4rfn depth=0 created_at=2026-07-02T03:28:05+00:00 text="Isn't that one of the things Osama Bin Laden and Al-Qaeda were upset about? The great Satan had troops on Saudi Holy land?   I guess in the end, Al-Qaeda wins thanks to Trump. "
[REDDIT][COMMENT][PARSED] comment_id=ov281sl post_id=1ul4rfn parent_id=t1_ov1ruj7 depth=1 created_at=2026-07-02T05:18:11+00:00 text="Yeah, something like that. Osama was angry because the Saudis called the USA in against Saddam during the gulf war, instead of calling a Jihad (Saddam ideology was not liked by the"
[REDDIT][COMMENT][PARSED] comment_id=ov1gqdc post_id=1ul4rfn parent_id=t3_1ul4rfn depth=0 created_at=2026-07-02T02:23:21+00:00 text="Same as tarrifs.. you made me mad so let me shoot myself in the foot.  Russia and China drooling though. "
[REDDIT][COMMENT][PARSED] comment_id=ov1isnp post_id=1ul4rfn parent_id=t1_ov1gqdc depth=1 created_at=2026-07-02T02:34:43+00:00 text="Russia's not drooling much these days. They are frantically trying to order gasoline on Amazon prime."
[REDDIT][COMMENT][PARSED] comment_id=ov2kkxf post_id=1ul4rfn parent_id=t1_ov1isnp depth=2 created_at=2026-07-02T06:54:48+00:00 text="The way their economy is going, SOMEONE is drooling at the wheel ... and not doing much else"
[REDDIT][COMMENT][PARSED] comment_id=ov1f8rh post_id=1ul4rfn parent_id=t3_1ul4rfn depth=0 created_at=2026-07-02T02:15:27+00:00 text="Well, that tracks. I already don't use gasoline."
[REDDIT][COMMENT][PARSED] comment_id=ov1jxxu post_id=1ul4rfn parent_id=t3_1ul4rfn depth=0 created_at=2026-07-02T02:41:08+00:00 text="Lmao. Trump wants more money."
[REDDIT][COMMENT][PARSED] comment_id=ov1rd1i post_id=1ul4rfn parent_id=t3_1ul4rfn depth=0 created_at=2026-07-02T03:25:01+00:00 text="Man, even them doing 9/11 didn't sour our ties with Saudi Arabia.  This is a sad day for two not at all problematic and very wholesome friends."
[REDDIT][COMMENT][PARSED] comment_id=ov2cnk2 post_id=1ul4rfn parent_id=t3_1ul4rfn depth=0 created_at=2026-07-02T05:52:58+00:00 text="Please. Do it. We never should've been there."
[REDDIT][COMMENT][PARSED] comment_id=ov1f1vg post_id=1ul4rfn parent_id=t3_1ul4rfn depth=0 created_at=2026-07-02T02:14:27+00:00 text="Leopards Eating Saudi Faces."
[REDDIT][COMMENT][PARSED] comment_id=ov1gjb8 post_id=1ul4rfn parent_id=t3_1ul4rfn depth=0 created_at=2026-07-02T02:22:18+00:00 text="guess they aren't kissing his ass anymore?"
[REDDIT][COMMENT][PARSED] comment_id=ov1jwdc post_id=1ul4rfn parent_id=t3_1ul4rfn depth=0 created_at=2026-07-02T02:40:53+00:00 text="When your ties start souring with every single ally one might start to think that you're the problem, not them... "
[REDDIT][COMMENT][PARSED] comment_id=ov1sfa7 post_id=1ul4rfn parent_id=t3_1ul4rfn depth=0 created_at=2026-07-02T03:31:41+00:00 text="Man such a good deal maker. "
[REDDIT][COMMENT][PARSED] comment_id=ov1sj44 post_id=1ul4rfn parent_id=t3_1ul4rfn depth=0 created_at=2026-07-02T03:32:21+00:00 text="Wouldn’t that like diminish our troop readiness in the area or whatever the fuck we’ve been telling the world we need these bases and stations for???"
[REDDIT][COMMENT][PARSED] comment_id=ov1sltt post_id=1ul4rfn parent_id=t3_1ul4rfn depth=0 created_at=2026-07-02T03:32:50+00:00 text="I expect a complete US pull out from the region within the next decade."
[REDDIT][COMMENT][PARSED] comment_id=ov1v6my post_id=1ul4rfn parent_id=t3_1ul4rfn depth=0 created_at=2026-07-02T03:49:10+00:00 text="Been there, they won't mind being pulled."
[REDDIT][COMMENT][PARSED] comment_id=ov23kg8 post_id=1ul4rfn parent_id=t3_1ul4rfn depth=0 created_at=2026-07-02T04:45:36+00:00 text="The empire is ending. They'll be out of the region soon enough after solidifying Iran's power and their own ineptitude in this last misadventure. Americans should expect more suffe"
[REDDIT][COMMENT][PARSED] comment_id=ov25zpv post_id=1ul4rfn parent_id=t3_1ul4rfn depth=0 created_at=2026-07-02T05:03:04+00:00 text="Or when you’re getting kicked out.  "
[REDDIT][COMMENT][PARSED] comment_id=ov2a6v3 post_id=1ul4rfn parent_id=t3_1ul4rfn depth=0 created_at=2026-07-02T05:34:15+00:00 text="\"US plans total retreat from the region after losing war with Iran\""
[REDDIT][COMMENT][PARSED] comment_id=ov2bypn post_id=1ul4rfn parent_id=t3_1ul4rfn depth=0 created_at=2026-07-02T05:47:42+00:00 text="I used to work in the oil industry in 2015 when this happened previously and the Saudi's crashed the oil price because they can produce a barrel of oil cheaper than almost anyone e"
[REDDIT][COMMENT][PARSED] comment_id=ov2kbhs post_id=1ul4rfn parent_id=t3_1ul4rfn depth=0 created_at=2026-07-02T06:52:43+00:00 text="JDPON DON with another heater. This is awesome. Fuck Saudi Arabia and I wish it was true, unfortunately I have to assume any news service from Israel  is fake"
[REDDIT][COMMENT][PARSED] comment_id=ov2py99 post_id=1ul4rfn parent_id=t3_1ul4rfn depth=0 created_at=2026-07-02T07:38:28+00:00 text="Jeez, Trump really is turning everyone against the US isn't he."
[REDDIT][COMMENT][PARSED] comment_id=ov2rtqp post_id=1ul4rfn parent_id=t3_1ul4rfn depth=0 created_at=2026-07-02T07:54:17+00:00 text="We need to finish electrifying transportation so we can just abandon Saudi Arabia. The United States should not be supporting theocracies."
[REDDIT][COMMENT][PARSED] comment_id=ov2w0o7 post_id=1ul4rfn parent_id=t3_1ul4rfn depth=0 created_at=2026-07-02T08:29:31+00:00 text="I suspect the reality is Iran has made the middle east see that US bases there are a cancer and we'll seen this happen in other countries there too.   The bases aren't there for Sa"
[REDDIT][COMMENT][PARSED] comment_id=ov3jjrj post_id=1ul4rfn parent_id=t3_1ul4rfn depth=0 created_at=2026-07-02T11:28:13+00:00 text="Imagine Saudi Arabia decides to sell oil in other currencies, that would be literally the end for the US. That could be the great legacy Trump is looking for."
[REDDIT][COMMENT][PARSED] comment_id=ov4gn6n post_id=1ul4rfn parent_id=t3_1ul4rfn depth=0 created_at=2026-07-02T14:19:11+00:00 text="Honestly, after they funded 9/11 I kinda thought that would be it. "
[REDDIT][COMMENT][PARSED] comment_id=ov4jkhb post_id=1ul4rfn parent_id=t3_1ul4rfn depth=0 created_at=2026-07-02T14:32:14+00:00 text="Trump will be by far the most important president in modern US history. Just not for good reasons.  Speedrunning losing allies at impressive rates. Europe is gone. UK is gone. Now "
[REDDIT][COMMENT][PARSED] comment_id=ov8cpo2 post_id=1ul4rfn parent_id=t3_1ul4rfn depth=0 created_at=2026-07-03T01:11:20+00:00 text="After all the money Mister Bone Saw gave him.   I guess the US is the world’s policeman, just not an honest one. "
[REDDIT][COMMENT][PARSED] comment_id=ov8kvhy post_id=1ul4rfn parent_id=t3_1ul4rfn depth=0 created_at=2026-07-03T01:54:25+00:00 text="Saudi Arabia, for all their faults, are the reason we have the petrodollar and are not a failing state, but Trump is just “hold my beer”."
[REDDIT][COMMENT][PARSED] comment_id=ov1kch1 post_id=1ul4rfn parent_id=t3_1ul4rfn depth=0 created_at=2026-07-02T02:43:26+00:00 text="It's actually impressive.   How he's ending the frustration of constant American military engagements and \"bringing the troops home\", something so many have wanted for so long, in "
[REDDIT][COMMENT][PARSED] comment_id=ov23v01 post_id=1ul4rfn parent_id=t3_1ul4rfn depth=0 created_at=2026-07-02T04:47:43+00:00 text="Isn't this one of the things Bin Laden was fighting for? I remember that. and 9/11."
[REDDIT][COMMENT][PARSED] comment_id=ov1d4u3 post_id=1ul4rfn parent_id=t3_1ul4rfn depth=0 created_at=2026-07-02T02:04:29+00:00 text="The US failed to protect Saudi Arabia against Iranian drons. Protection is now done by Ukrania. "
[REDDIT][COMMENT][PARSED] comment_id=ov1fdt5 post_id=1ul4rfn parent_id=t3_1ul4rfn depth=0 created_at=2026-07-02T02:16:12+00:00 text="You would think this guy knows what he’s doing right???? "
[REDDIT][COMMENT][PARSED] comment_id=ov1nef5 post_id=1ul4rfn parent_id=t3_1ul4rfn depth=0 created_at=2026-07-02T03:01:03+00:00 text="You’d think he’d keep the Saudis of all people happy. This man is senile on a whole new level. "
[REDDIT][COMMENT][PARSED] comment_id=ov1r6pr post_id=1ul4rfn parent_id=t3_1ul4rfn depth=0 created_at=2026-07-02T03:23:55+00:00 text="This and Israel saying they don’t need US aid in one day? Is it Christmas? In all seriousness, I hate both, but we already pissed off our other allies. This is bad for US soft powe"
[REDDIT][COMMENT][PARSED] comment_id=ov1rwgf post_id=1ul4rfn parent_id=t3_1ul4rfn depth=0 created_at=2026-07-02T03:28:25+00:00 text="US military, you are supposed to protect the US from threats foreign and domestic "
[REDDIT][COMMENT][PARSED] comment_id=ov1spq5 post_id=1ul4rfn parent_id=t3_1ul4rfn depth=0 created_at=2026-07-02T03:33:32+00:00 text="This is sooooooo funny , they fucking helped put him there and boom.  I hope they all choke"
[REDDIT][COMMENT][PARSED] comment_id=ov1syyu post_id=1ul4rfn parent_id=t3_1ul4rfn depth=0 created_at=2026-07-02T03:35:08+00:00 text="Ah, Agent Orange finally makes the next move"
[REDDIT][COMMENT][PARSED] comment_id=ov23muw post_id=1ul4rfn parent_id=t3_1ul4rfn depth=0 created_at=2026-07-02T04:46:05+00:00 text="Until they buy more of his magic beans aka crypto "
[REDDIT][COMMENT][PARSED] comment_id=ov2dq4y post_id=1ul4rfn parent_id=t3_1ul4rfn depth=0 created_at=2026-07-02T06:01:06+00:00 text="Wait...what?!?!?  Dude seriously just wants to take a wrecking ball to the world."
[REDDIT][COMMENT][PARSED] comment_id=ov2fsz2 post_id=1ul4rfn parent_id=t3_1ul4rfn depth=0 created_at=2026-07-02T06:17:18+00:00 text="So dumb."
[REDDIT][COMMENT][PARSED] comment_id=ov2g87c post_id=1ul4rfn parent_id=t3_1ul4rfn depth=0 created_at=2026-07-02T06:20:40+00:00 text="Peter Thiel must be so happy."
[REDDIT][COMMENT][PARSED] comment_id=ov2iizn post_id=1ul4rfn parent_id=t3_1ul4rfn depth=0 created_at=2026-07-02T06:38:47+00:00 text="What’s one more foreign relationship to completely fuck up? "
[REDDIT][COMMENT][PARSED] comment_id=ov3xr4x post_id=1ul4rfn parent_id=t3_1ul4rfn depth=0 created_at=2026-07-02T12:49:29+00:00 text="World will never be the same thanks that cheeto fuck "
[REDDIT][COMMENT][PARSED] comment_id=ov40u8p post_id=1ul4rfn parent_id=t3_1ul4rfn depth=0 created_at=2026-07-02T13:05:06+00:00 text="There's an additional implication here, and these souring ties will also negatively impact Jared Kushner's economic power.   Delicious. Trumps single biggest kickback avenue is bei"
[REDDIT][COMMENT][PARSED] comment_id=ov4o83s post_id=1ul4rfn parent_id=t3_1ul4rfn depth=0 created_at=2026-07-02T14:52:38+00:00 text="Oops!  There goes another ally."
[REDDIT][COMMENT][PARSED] comment_id=ov64toa post_id=1ul4rfn parent_id=t3_1ul4rfn depth=0 created_at=2026-07-02T18:35:06+00:00 text="Where does that leave Jared Kushner?"
[REDDIT][COMMENT][PARSED] comment_id=ov7jl1l post_id=1ul4rfn parent_id=t3_1ul4rfn depth=0 created_at=2026-07-02T22:30:19+00:00 text="Just stunned that nobody saw this coming. "
[REDDIT][COMMENT][PARSED] comment_id=ov8k24b post_id=1ul4rfn parent_id=t3_1ul4rfn depth=0 created_at=2026-07-03T01:49:50+00:00 text="Does Jared have to give back the 2 billion? "
Status: saved_raw_json

[16/80] 1uk8nug | r/worldnews
Post date: 2026-07-01T02:07:59.780000+00:00
JSON URL: https://www.reddit.com/r/worldnews/comments/1uk8nug/us_president_donald_trump_weighs_allout_war_on.json
[REDDIT][JSON_FETCH][START] post_id=1uk8nug json_url=https://www.reddit.com/r/worldnews/comments/1uk8nug/us_president_donald_trump_weighs_allout_war_on.json
[REDDIT][JSON_FETCH][RESULT] post_id=1uk8nug status=saved_raw_json continue=True raw_json_file=C:\Users\hnade\OneDrive\Desktop\New folder\repo\data\interim\reddit\raw_json_audit\raw_reddit_json\1uk8nug.json
[REDDIT][RAW_JSON][SAVED_AND_PARSED] post_id=1uk8nug bytes=641838 comments=164 more_nodes=26 submission=yes
[REDDIT][POST][PARSED] post_id=1uk8nug subreddit=worldnews title="US President Donald Trump weighs all-out war on Iran but opts to stick with talks — WSJ"
[REDDIT][COMMENT][PARSED] comment_id=outxfhi post_id=1uk8nug parent_id=t3_1uk8nug depth=0 created_at=2026-07-01T02:17:31+00:00 text="All out war?  I thought he said all of Iran’s military strength was destroyed?"
[REDDIT][COMMENT][PARSED] comment_id=outyex8 post_id=1uk8nug parent_id=t1_outxfhi depth=1 created_at=2026-07-01T02:23:00+00:00 text="We’ve already won this war about 8 times is what we’ve been told. "
[REDDIT][COMMENT][PARSED] comment_id=ouu0aqb post_id=1uk8nug parent_id=t1_outyex8 depth=2 created_at=2026-07-01T02:33:04+00:00 text="He's stopping wars that haven't happened and are also happening. And have happened.  Its something the Bigly smart people refer to as \"schrodingers diaper\""
[REDDIT][COMMENT][PARSED] comment_id=ouub4a9 post_id=1uk8nug parent_id=t1_ouu0aqb depth=3 created_at=2026-07-01T03:36:47+00:00 text="The problem with Schrodinger's diaper is that regardless of its observed state of being it's always full of shit."
[REDDIT][COMMENT][PARSED] comment_id=ouw7f6y post_id=1uk8nug parent_id=t1_ouub4a9 depth=4 created_at=2026-07-01T12:07:01+00:00 text="But allegedly smells like roses"
[REDDIT][COMMENT][PARSED] comment_id=ouujluz post_id=1uk8nug parent_id=t1_ouu0aqb depth=3 created_at=2026-07-01T04:31:26+00:00 text="Trump is a quantum president. He is the one that is the singleton of the universe. At least in his head he is."
[REDDIT][COMMENT][PARSED] comment_id=ouu6oaa post_id=1uk8nug parent_id=t1_ouu0aqb depth=3 created_at=2026-07-01T03:09:33+00:00 text="Well of course that's why he was given the  FIFA peace prize!  I saw him put the medal on him myself. "
[REDDIT][COMMENT][PARSED] comment_id=ouu1fvf post_id=1uk8nug parent_id=t1_ouu0aqb depth=3 created_at=2026-07-01T02:39:25+00:00 text="The bigly smart people refer to him as daddy "
[REDDIT][COMMENT][PARSED] comment_id=ouu3z3t post_id=1uk8nug parent_id=t1_ouu0aqb depth=3 created_at=2026-07-01T02:53:54+00:00 text="The Nick Riviera version of Dr Manhattan huh"
[REDDIT][COMMENT][PARSED] comment_id=ouu7tpa post_id=1uk8nug parent_id=t1_ouu3z3t depth=4 created_at=2026-07-01T03:16:28+00:00 text="Ceasefire means cease, fire!? What a country!"
[REDDIT][COMMENT][PARSED] comment_id=ouvaa31 post_id=1uk8nug parent_id=t1_ouu0aqb depth=3 created_at=2026-07-01T07:57:49+00:00 text="That, ladies and gentlemen is how one snags a Nobel Peace Prize. "
[REDDIT][COMMENT][PARSED] comment_id=ov4wo04 post_id=1uk8nug parent_id=t1_ouvaa31 depth=4 created_at=2026-07-02T15:29:01+00:00 text="****fifa"
[REDDIT][COMMENT][PARSED] comment_id=ouu76n8 post_id=1uk8nug parent_id=t1_outyex8 depth=2 created_at=2026-07-01T03:12:36+00:00 text="I think its in the 30s now"
[REDDIT][COMMENT][PARSED] comment_id=ouuy2k3 post_id=1uk8nug parent_id=t1_outyex8 depth=2 created_at=2026-07-01T06:18:29+00:00 text="We’re 8-0 vs. Iran?  Fantastic streak!  Nobody’s seen a winning streak like that before. "
[REDDIT][COMMENT][PARSED] comment_id=ouuril7 post_id=1uk8nug parent_id=t1_outyex8 depth=2 created_at=2026-07-01T05:27:57+00:00 text="Obama couldn't win it once because he's not a winner like Trump. /s"
[REDDIT][COMMENT][PARSED] comment_id=outy9ja post_id=1uk8nug parent_id=t1_outxfhi depth=1 created_at=2026-07-01T02:22:09+00:00 text="I’m sure he’s considering their water treatment plants and hospitals as valid military targets.."
[REDDIT][COMMENT][PARSED] comment_id=ouu8vsl post_id=1uk8nug parent_id=t1_outy9ja depth=2 created_at=2026-07-01T03:22:57+00:00 text="He run out of girls' schools?"
[REDDIT][COMMENT][PARSED] comment_id=outz6pn post_id=1uk8nug parent_id=t1_outxfhi depth=1 created_at=2026-07-01T02:27:06+00:00 text="Wait, are you suggesting that building a world view based on a bed of lies is somehow problematic? "
[REDDIT][COMMENT][PARSED] comment_id=ouuf8l3 post_id=1uk8nug parent_id=t1_outxfhi depth=1 created_at=2026-07-01T04:02:45+00:00 text="All out war is maybe a misnomer.   Attack like we saw initially is not capable of stopping the Iranian military from closing the strait as we have seen.   This leaves Trump with ba"
[REDDIT][COMMENT][PARSED] comment_id=ouv58ly post_id=1uk8nug parent_id=t1_ouuf8l3 depth=2 created_at=2026-07-01T07:15:53+00:00 text="Another big downside of option 2 is that Iran will retaliate by using drones to destroy water infrastructures like surface aquifers, desalination plants, pumping stations, pipeline"
[REDDIT][COMMENT][PARSED] comment_id=ouybhbk post_id=1uk8nug parent_id=t1_ouv58ly depth=3 created_at=2026-07-01T17:38:17+00:00 text="Plus it is a war crime and maybe even crimes against humanity to destroy all civilian infrastructure"
[REDDIT][COMMENT][PARSED] comment_id=ouutpkp post_id=1uk8nug parent_id=t1_ouuf8l3 depth=2 created_at=2026-07-01T05:44:38+00:00 text="&gt;  The two big downsides are that this will cause millions of civilian deaths   If you americans let this happen, in your supposed democracy, I hope you understand the unending "
[REDDIT][COMMENT][PARSED] comment_id=ouwrthz post_id=1uk8nug parent_id=t1_ouutpkp depth=3 created_at=2026-07-01T13:49:53+00:00 text="We understand that. Well, at least 68% of us do. We’re going through a troubling phase, to say the least."
[REDDIT][COMMENT][PARSED] comment_id=ouwyre1 post_id=1uk8nug parent_id=t1_ouutpkp depth=3 created_at=2026-07-01T14:21:15+00:00 text="Bro I live in the USA and I wouldn’t piss on a Republican/conservative/Trump supporter if they were on *literal* fire "
[REDDIT][COMMENT][PARSED] comment_id=ouybul9 post_id=1uk8nug parent_id=t1_ouwyre1 depth=4 created_at=2026-07-01T17:39:40+00:00 text="Feel free to piss on them if they are not on fire though "
[REDDIT][COMMENT][PARSED] comment_id=ouv0d33 post_id=1uk8nug parent_id=t1_ouuf8l3 depth=2 created_at=2026-07-01T06:36:28+00:00 text="Yeah the option 2 is a war crime, so there's that. Do you think the US military would execute such an order if that would put them on the line of being prosecuted for committing wa"
[REDDIT][COMMENT][PARSED] comment_id=ouv8kje post_id=1uk8nug parent_id=t1_ouv0d33 depth=3 created_at=2026-07-01T07:43:26+00:00 text="Depends on exactly what targets.  Bridges roads airports communications, fuel infrastructure, etc. can all be military targets.    But of course, the military would execute such an"
[REDDIT][COMMENT][PARSED] comment_id=ouvbpbn post_id=1uk8nug parent_id=t1_ouv8kje depth=4 created_at=2026-07-01T08:09:53+00:00 text="Water infrastructure (one of the things on the list above) in a country that's in chronic water shortage is definitely not a military target. I would argue that in most cases neith"
[REDDIT][COMMENT][PARSED] comment_id=oux5tii post_id=1uk8nug parent_id=t1_ouvbpbn depth=5 created_at=2026-07-01T14:52:18+00:00 text="100% agreed with you on water infrastructure, but everyone is cheering Ukraine blowing up oil infrastructure.  The way a regime makes its money is generally considered a perfectly "
[REDDIT][COMMENT][PARSED] comment_id=ouxbs5g post_id=1uk8nug parent_id=t1_oux5tii depth=6 created_at=2026-07-01T15:17:43+00:00 text="I would add to the problem that one of Iran's main demand (and which Trump already agreed on and so does the whole world) is that Israel should stop its war in Lebanon. Netanyahu h"
[REDDIT][COMMENT][PARSED] comment_id=ouwb1xj post_id=1uk8nug parent_id=t1_ouuf8l3 depth=2 created_at=2026-07-01T12:27:20+00:00 text="The additional problems with number 2 is that the US (unlike Iran) doesn’t have that many drones, and is laughably inexperienced in antidrone defense.  Moreover, Iran has made it c"
[REDDIT][COMMENT][PARSED] comment_id=ouu4bod post_id=1uk8nug parent_id=t1_outxfhi depth=1 created_at=2026-07-01T02:55:54+00:00 text="You can't go to war with a country that has a destroyed military! It just can't be done! Iran wins by default!"
[REDDIT][COMMENT][PARSED] comment_id=ouu0q2c post_id=1uk8nug parent_id=t1_outxfhi depth=1 created_at=2026-07-01T02:35:24+00:00 text="He is just too fucking tiresome. "
[REDDIT][COMMENT][PARSED] comment_id=ouurlk1 post_id=1uk8nug parent_id=t1_outxfhi depth=1 created_at=2026-07-01T05:28:36+00:00 text="The attacking will begin Friday evening and go on through the weekend as usual. "
[REDDIT][COMMENT][PARSED] comment_id=ouu4xos post_id=1uk8nug parent_id=t1_outxfhi depth=1 created_at=2026-07-01T02:59:25+00:00 text="Exactly. He thinks they’re “all out” of army so he can win easily. So easily. People are always saying how good at army he can lead. "
[REDDIT][COMMENT][PARSED] comment_id=ouulrp1 post_id=1uk8nug parent_id=t1_outxfhi depth=1 created_at=2026-07-01T04:46:20+00:00 text="He will say whatever if he thinks it will move the markets."
[REDDIT][COMMENT][PARSED] comment_id=outyqs8 post_id=1uk8nug parent_id=t1_outxfhi depth=1 created_at=2026-07-01T02:24:45+00:00 text="He running out of options to save his own ass. "
[REDDIT][COMMENT][PARSED] comment_id=outwtbo post_id=1uk8nug parent_id=t3_1uk8nug depth=0 created_at=2026-07-01T02:14:04+00:00 text="The talks that aren't happening?"
[REDDIT][COMMENT][PARSED] comment_id=ouufhtq post_id=1uk8nug parent_id=t1_outwtbo depth=1 created_at=2026-07-01T04:04:22+00:00 text="For the war that he already won 14 times."
[REDDIT][COMMENT][PARSED] comment_id=ouumrfb post_id=1uk8nug parent_id=t1_outwtbo depth=1 created_at=2026-07-01T04:53:17+00:00 text="It's no Friday after hours yet, so they can only say the deal is done/close"
[REDDIT][COMMENT][PARSED] comment_id=outymor post_id=1uk8nug parent_id=t3_1uk8nug depth=0 created_at=2026-07-01T02:24:10+00:00 text="Until the markets close on Friday then bomb till monday"
[REDDIT][COMMENT][PARSED] comment_id=ouu2bi0 post_id=1uk8nug parent_id=t1_outymor depth=1 created_at=2026-07-01T02:44:29+00:00 text="They close on Thursday this week though, don’t they?"
[REDDIT][COMMENT][PARSED] comment_id=ouub1wh post_id=1uk8nug parent_id=t1_ouu2bi0 depth=2 created_at=2026-07-01T03:36:22+00:00 text="Oh boy. A 3 day special operation with the 4th of July on Saturday followed by a day of rest. The stars aligning!"
[REDDIT][COMMENT][PARSED] comment_id=ouuvgwo post_id=1uk8nug parent_id=t1_ouub1wh depth=3 created_at=2026-07-01T05:58:10+00:00 text="Time to start dumping "
[REDDIT][COMMENT][PARSED] comment_id=ouuhp66 post_id=1uk8nug parent_id=t1_ouu2bi0 depth=2 created_at=2026-07-01T04:18:40+00:00 text="Wait, banks are open though on Friday "
[REDDIT][COMMENT][PARSED] comment_id=ouvbhx7 post_id=1uk8nug parent_id=t1_outymor depth=1 created_at=2026-07-01T08:08:07+00:00 text="Future generations will be really confused reading about the Weekend War that lasted 8 years."
[REDDIT][COMMENT][PARSED] comment_id=ouyd3mw post_id=1uk8nug parent_id=t1_outymor depth=1 created_at=2026-07-01T17:44:35+00:00 text="Like that would ever happen. No way they'd be that obvious with their corruption.   #/s"
[REDDIT][COMMENT][PARSED] comment_id=ouu2yuq post_id=1uk8nug parent_id=t3_1uk8nug depth=0 created_at=2026-07-01T02:48:13+00:00 text="Honestly this constant back and forth with the Iran war is fucking exhausting. Just release the files, impeach and prosecute the orange pedo, and give us universal  damn healthcare"
[REDDIT][COMMENT][PARSED] comment_id=ouuvkk9 post_id=1uk8nug parent_id=t1_ouu2yuq depth=1 created_at=2026-07-01T05:58:58+00:00 text="Gotta take back congress first. Republicans have proven time and time again they will never hold him accountable "
[REDDIT][COMMENT][PARSED] comment_id=ouv558w post_id=1uk8nug parent_id=t1_ouuvkk9 depth=2 created_at=2026-07-01T07:15:08+00:00 text="Unfortunately, we already tried that once and Democrats were too affaid to use the power they had.   Republicans might finally result in a Democrat as unafraid to stand for what th"
[REDDIT][COMMENT][PARSED] comment_id=ouvaolx post_id=1uk8nug parent_id=t1_ouu2yuq depth=1 created_at=2026-07-01T08:01:13+00:00 text="300b to irans gunna make that a lot harder. Thats a lot of money even for the US."
[REDDIT][COMMENT][PARSED] comment_id=ouu7ygw post_id=1uk8nug parent_id=t3_1uk8nug depth=0 created_at=2026-07-01T03:17:17+00:00 text="All out war?  We had 300k ground troops in place when GWB conquered Iraq (for fraudulent reasons).  When GHB took Kuwait back from Iraq, the allied forces had over 800k ground troo"
[REDDIT][COMMENT][PARSED] comment_id=ouvwb24 post_id=1uk8nug parent_id=t1_ouu7ygw depth=1 created_at=2026-07-01T10:56:15+00:00 text="And Iran is substantially more challenging terrain than Iraq so would need more"
[REDDIT][COMMENT][PARSED] comment_id=outwmr9 post_id=1uk8nug parent_id=t3_1uk8nug depth=0 created_at=2026-07-01T02:13:03+00:00 text="Magnanimous "
[REDDIT][COMMENT][PARSED] comment_id=outwibs post_id=1uk8nug parent_id=t3_1uk8nug depth=0 created_at=2026-07-01T02:12:20+00:00 text="TACOS every Tuesday!"
[REDDIT][COMMENT][PARSED] comment_id=outxoyc post_id=1uk8nug parent_id=t3_1uk8nug depth=0 created_at=2026-07-01T02:19:00+00:00 text="I'd say the plan is to keep playing this tug of rope until the next guy's in the oval office, but I sincerely think Trump believes he's going to stay in office - and so I just can'"
[REDDIT][COMMENT][PARSED] comment_id=ouu2guw post_id=1uk8nug parent_id=t1_outxoyc depth=1 created_at=2026-07-01T02:45:20+00:00 text="It's why the gop is imploding over this housing bill. Trump needs the suppress America act to pass while he still has the majority, but time is running out for him to corrupt elect"
[REDDIT][COMMENT][PARSED] comment_id=ouu6rq5 post_id=1uk8nug parent_id=t1_ouu2guw depth=2 created_at=2026-07-01T03:10:07+00:00 text="Yeah, they have a deadline to hit, which is also why it's up to the Dems to stall no matter the cost. Use any and all bullshit procedure to stall."
[REDDIT][COMMENT][PARSED] comment_id=ouui8j5 post_id=1uk8nug parent_id=t1_ouu2guw depth=2 created_at=2026-07-01T04:22:13+00:00 text="Impeaching him is meaningless though without the 2/3 Senate majority needed to convict and remove him. That’s impossible given the current makeup of the Senate, even with a massive"
[REDDIT][COMMENT][PARSED] comment_id=ouvy9g0 post_id=1uk8nug parent_id=t1_ouui8j5 depth=3 created_at=2026-07-01T11:09:41+00:00 text="\"Resistance is futile. No good could ever come from publicly exposing high crimes and misdemeanors. We must instead do nothing.\""
[REDDIT][COMMENT][PARSED] comment_id=ouu4g22 post_id=1uk8nug parent_id=t1_outxoyc depth=1 created_at=2026-07-01T02:56:36+00:00 text="Rather than a “plan” , it is the only option left by their incompetence.  They stuck for months in this situation, which makes oil far more scarce. Then to face Iran properly, it n"
[REDDIT][COMMENT][PARSED] comment_id=ouudow5 post_id=1uk8nug parent_id=t1_outxoyc depth=1 created_at=2026-07-01T03:53:07+00:00 text="Delaying until midterms, but decisions are made by his gut feeling and week to week poll numbers."
[REDDIT][COMMENT][PARSED] comment_id=outwjdm post_id=1uk8nug parent_id=t3_1uk8nug depth=0 created_at=2026-07-01T02:12:30+00:00 text="Strategic genius gave them 4 months to prepare and some spare cash "
[REDDIT][COMMENT][PARSED] comment_id=outxs7l post_id=1uk8nug parent_id=t1_outwjdm depth=1 created_at=2026-07-01T02:19:29+00:00 text="Iran has been preparing to be invaded for hundreds of years.   They have tunnel systems under the entire city.   A land invasion into Iran with a feasible chance at victory would c"
[REDDIT][COMMENT][PARSED] comment_id=ouulxhk post_id=1uk8nug parent_id=t1_outxs7l depth=2 created_at=2026-07-01T04:47:27+00:00 text="When I was in Vietnam I met an American guy who had served there. He learned on his visit that a viet Cong tunnel system had a concealed exit within a few yards of the base he was "
[REDDIT][COMMENT][PARSED] comment_id=outzjhc post_id=1uk8nug parent_id=t1_outxs7l depth=2 created_at=2026-07-01T02:29:00+00:00 text="Entire mountains. That is a fight any western army would lose. Badly. "
[REDDIT][COMMENT][PARSED] comment_id=ouvmmq8 post_id=1uk8nug parent_id=t1_outxs7l depth=2 created_at=2026-07-01T09:42:28+00:00 text="Sounds like its time to liquidate Elon's holdings for the greater war effort"
[REDDIT][COMMENT][PARSED] comment_id=outwwff post_id=1uk8nug parent_id=t3_1uk8nug depth=0 created_at=2026-07-01T02:14:33+00:00 text="Of course - weekly flip-flopping allows him to rig the markets."
[REDDIT][COMMENT][PARSED] comment_id=outytph post_id=1uk8nug parent_id=t3_1uk8nug depth=0 created_at=2026-07-01T02:25:12+00:00 text="Bro is being wishy washy. His fence sitting is allowing Iran to rebuild their military and funding of proxies by selling billions of $ in oil. We all know Iran is more radical now "
[REDDIT][COMMENT][PARSED] comment_id=ouvaj5p post_id=1uk8nug parent_id=t1_outytph depth=1 created_at=2026-07-01T07:59:57+00:00 text="&gt;  His fence sitting is allowing Iran to rebuild their military and funding of proxies by selling billions of $ in oil.  Note that if Iran does not sell billions of dollars of o"
[REDDIT][COMMENT][PARSED] comment_id=outxqx5 post_id=1uk8nug parent_id=t3_1uk8nug depth=0 created_at=2026-07-01T02:19:17+00:00 text="My ass. This dog don’t hunt. "
[REDDIT][COMMENT][PARSED] comment_id=ouufzte post_id=1uk8nug parent_id=t3_1uk8nug depth=0 created_at=2026-07-01T04:07:33+00:00 text="He’s bluffing with an empty gun and everybody knows it "
[REDDIT][COMMENT][PARSED] comment_id=ouu03s9 post_id=1uk8nug parent_id=t3_1uk8nug depth=0 created_at=2026-07-01T02:32:04+00:00 text="This is never gonna end. Bring on the worldwide depression, I guess. Love this for us. "
[REDDIT][COMMENT][PARSED] comment_id=ouuokxx post_id=1uk8nug parent_id=t3_1uk8nug depth=0 created_at=2026-07-01T05:06:19+00:00 text="This guy is 80 years old. How the fuck is he allowed to make decisions like that? "
[REDDIT][COMMENT][PARSED] comment_id=ouu13qf post_id=1uk8nug parent_id=t3_1uk8nug depth=0 created_at=2026-07-01T02:37:30+00:00 text="I thought it took an act of congress to declare war. "
[REDDIT][COMMENT][PARSED] comment_id=ouu4rk3 post_id=1uk8nug parent_id=t1_ouu13qf depth=1 created_at=2026-07-01T02:58:27+00:00 text="Yes which hasnt happened since 1942, but there have been plenty of wars since then. "
[REDDIT][COMMENT][PARSED] comment_id=ouv80a0 post_id=1uk8nug parent_id=t1_ouu13qf depth=1 created_at=2026-07-01T07:38:43+00:00 text="No, all that is required is ignoring the Constitution. We have been doing that since we figured out it was easier than amending it."
[REDDIT][COMMENT][PARSED] comment_id=ouu7a4f post_id=1uk8nug parent_id=t3_1uk8nug depth=0 created_at=2026-07-01T03:13:11+00:00 text="Headline should be DJT shits his pants. At least that would be accurate. "
[REDDIT][COMMENT][PARSED] comment_id=ouuc68y post_id=1uk8nug parent_id=t3_1uk8nug depth=0 created_at=2026-07-01T03:43:26+00:00 text="Just gotta juice the markets for a few days."
[REDDIT][COMMENT][PARSED] comment_id=ouuv9c6 post_id=1uk8nug parent_id=t3_1uk8nug depth=0 created_at=2026-07-01T05:56:33+00:00 text="No way he has the balls to do an all out war. No way."
[REDDIT][COMMENT][PARSED] comment_id=ouvdchx post_id=1uk8nug parent_id=t3_1uk8nug depth=0 created_at=2026-07-01T08:23:45+00:00 text="All out war just before the midterms? How stupid can someone be?"
[REDDIT][COMMENT][PARSED] comment_id=ouu1lsd post_id=1uk8nug parent_id=t3_1uk8nug depth=0 created_at=2026-07-01T02:40:21+00:00 text="wtf is this “news”"
[REDDIT][COMMENT][PARSED] comment_id=ouukgf3 post_id=1uk8nug parent_id=t1_ouu1lsd depth=1 created_at=2026-07-01T04:37:16+00:00 text="It's media theatre. "
[REDDIT][COMMENT][PARSED] comment_id=ouup4tg post_id=1uk8nug parent_id=t3_1uk8nug depth=0 created_at=2026-07-01T05:10:21+00:00 text="He’s lost interest and is a coward to boot. Iran knows this and will continue playing him."
[REDDIT][COMMENT][PARSED] comment_id=ouuvih2 post_id=1uk8nug parent_id=t3_1uk8nug depth=0 created_at=2026-07-01T05:58:31+00:00 text="“Trump says…” is not newsworthy."
[REDDIT][COMMENT][PARSED] comment_id=ouv4off post_id=1uk8nug parent_id=t3_1uk8nug depth=0 created_at=2026-07-01T07:11:18+00:00 text="Just remember: it's not a war, but we won the war. And we are also having talks. But not about war. Because it isn't a war and we won it anyway."
[REDDIT][COMMENT][PARSED] comment_id=ouvrfoi post_id=1uk8nug parent_id=t3_1uk8nug depth=0 created_at=2026-07-01T10:20:45+00:00 text="I will never forgive half this country for allowing this to happen. Fuck! "
[REDDIT][COMMENT][PARSED] comment_id=ouvw64k post_id=1uk8nug parent_id=t3_1uk8nug depth=0 created_at=2026-07-01T10:55:18+00:00 text="Maga will never not be the butt of all jokes. "
[REDDIT][COMMENT][PARSED] comment_id=ouw0tvy post_id=1uk8nug parent_id=t3_1uk8nug depth=0 created_at=2026-07-01T11:26:29+00:00 text="They tried that... didnt work. He would also need to deploy the majority of the US military to do so, properly "
[REDDIT][COMMENT][PARSED] comment_id=ouw1q64 post_id=1uk8nug parent_id=t3_1uk8nug depth=0 created_at=2026-07-01T11:32:15+00:00 text="Translation- trump surrendered once doesn’t want to have to surrender again to Iran.  "
[REDDIT][COMMENT][PARSED] comment_id=outwhpm post_id=1uk8nug parent_id=t3_1uk8nug depth=0 created_at=2026-07-01T02:12:14+00:00 text="I believe Rush guitarist Alex Lifeson said it best at the band’s rock ‘n’ roll Hall of Fame induction:  *“blah, blah, blah, blah, blah, blah, blah, blah blah blah blah blah blah bl"
[REDDIT][COMMENT][PARSED] comment_id=ouu03yr post_id=1uk8nug parent_id=t3_1uk8nug depth=0 created_at=2026-07-01T02:32:06+00:00 text="He already surrendered. He’s not going to restart things, just trying to save face at this point."
[REDDIT][COMMENT][PARSED] comment_id=outy35e post_id=1uk8nug parent_id=t3_1uk8nug depth=0 created_at=2026-07-01T02:21:10+00:00 text="He's a megalomaniac. "
[REDDIT][COMMENT][PARSED] comment_id=ouu0ni0 post_id=1uk8nug parent_id=t3_1uk8nug depth=0 created_at=2026-07-01T02:35:00+00:00 text="Unfortunately he only talks to himself."
[REDDIT][COMMENT][PARSED] comment_id=ouu2hca post_id=1uk8nug parent_id=t3_1uk8nug depth=0 created_at=2026-07-01T02:45:24+00:00 text="Gas up folks Vance says the Iran games have only started. "
[REDDIT][COMMENT][PARSED] comment_id=ouu487m post_id=1uk8nug parent_id=t3_1uk8nug depth=0 created_at=2026-07-01T02:55:20+00:00 text="all out war against the country whose military we supposedly defeated in the first week?"
[REDDIT][COMMENT][PARSED] comment_id=ouu4ksl post_id=1uk8nug parent_id=t3_1uk8nug depth=0 created_at=2026-07-01T02:57:23+00:00 text="He will continue with this nonsense till midterms and then all bets are off when he loses house and probably Senate as well."
[REDDIT][COMMENT][PARSED] comment_id=ouu5jqr post_id=1uk8nug parent_id=t3_1uk8nug depth=0 created_at=2026-07-01T03:02:56+00:00 text="Countdown: 126 days till midterms."
[REDDIT][COMMENT][PARSED] comment_id=ouu6937 post_id=1uk8nug parent_id=t3_1uk8nug depth=0 created_at=2026-07-01T03:07:04+00:00 text="I just don’t see how you pull off a ground invasion without taking mass casualties. Tehran is surrounded by mountains all the way around, you’re not gonna just roll in there."
[REDDIT][COMMENT][PARSED] comment_id=ouu69a7 post_id=1uk8nug parent_id=t3_1uk8nug depth=0 created_at=2026-07-01T03:07:06+00:00 text="Okay cool. So irrelevant?"
[REDDIT][COMMENT][PARSED] comment_id=ouu6bxd post_id=1uk8nug parent_id=t3_1uk8nug depth=0 created_at=2026-07-01T03:07:32+00:00 text="He fluctuates between wipe out a civilisation to iran are reasonable guys now. Every single week the same thing. Surley Iran calls his bluff."
[REDDIT][COMMENT][PARSED] comment_id=ouu6q47 post_id=1uk8nug parent_id=t3_1uk8nug depth=0 created_at=2026-07-01T03:09:51+00:00 text="It's BC the markets are open. Ask him again Friday at 6pm"
[REDDIT][COMMENT][PARSED] comment_id=ouu8axx post_id=1uk8nug parent_id=t3_1uk8nug depth=0 created_at=2026-07-01T03:19:25+00:00 text="More like beating a dead horse….Obviously this is being dragged out till Mid Terms and they are hoping something happens that could interfere with them. "
[REDDIT][COMMENT][PARSED] comment_id=ouuaae9 post_id=1uk8nug parent_id=t3_1uk8nug depth=0 created_at=2026-07-01T03:31:35+00:00 text="All out war would include boots on the ground and frankly that’s just not going to happen."
[REDDIT][COMMENT][PARSED] comment_id=ouuayzo post_id=1uk8nug parent_id=t3_1uk8nug depth=0 created_at=2026-07-01T03:35:51+00:00 text="He loves to lose. Lose an all out war? Or lose negotiations? Only Trump can accomplish both. "
[REDDIT][COMMENT][PARSED] comment_id=ouubpoh post_id=1uk8nug parent_id=t3_1uk8nug depth=0 created_at=2026-07-01T03:40:30+00:00 text="Until Friday after the markets close when they all of a sudden decide bombing is a better option "
[REDDIT][COMMENT][PARSED] comment_id=ouufajd post_id=1uk8nug parent_id=t3_1uk8nug depth=0 created_at=2026-07-01T04:03:06+00:00 text="Can the entire world just ignore him already !? "
[REDDIT][COMMENT][PARSED] comment_id=ouuh9wl post_id=1uk8nug parent_id=t3_1uk8nug depth=0 created_at=2026-07-01T04:15:53+00:00 text="TL;DR trump has no fucking clue what he’s doing. "
[REDDIT][COMMENT][PARSED] comment_id=ouuirdv post_id=1uk8nug parent_id=t3_1uk8nug depth=0 created_at=2026-07-01T04:25:42+00:00 text="He wants a cut of Irans takings. That's it."
[REDDIT][COMMENT][PARSED] comment_id=ouuj556 post_id=1uk8nug parent_id=t3_1uk8nug depth=0 created_at=2026-07-01T04:28:16+00:00 text="Own the libs, MAGA send your kids!   I hope all those obese “patriots” start training. "
[REDDIT][COMMENT][PARSED] comment_id=ouuj7gp post_id=1uk8nug parent_id=t3_1uk8nug depth=0 created_at=2026-07-01T04:28:42+00:00 text="The USA already lost the war, multiple times 🤷‍♂️"
[REDDIT][COMMENT][PARSED] comment_id=ouult6f post_id=1uk8nug parent_id=t3_1uk8nug depth=0 created_at=2026-07-01T04:46:38+00:00 text="War is coming once the missiles and drones stockpiles are built up enough"
[REDDIT][COMMENT][PARSED] comment_id=ouum7pp post_id=1uk8nug parent_id=t3_1uk8nug depth=0 created_at=2026-07-01T04:49:25+00:00 text=" Where is he getting money to fight more?"
[REDDIT][COMMENT][PARSED] comment_id=ouuuylp post_id=1uk8nug parent_id=t3_1uk8nug depth=0 created_at=2026-07-01T05:54:15+00:00 text="The only reason he wants this is that he knows Americans cant afford it"
[REDDIT][COMMENT][PARSED] comment_id=ouuwh4n post_id=1uk8nug parent_id=t3_1uk8nug depth=0 created_at=2026-07-01T06:06:01+00:00 text="Kegsbreath already said this wouldn't go on even this long because this wasn't going to be a woke war.  These fools convince themselves that others don't succeed because they simpl"
[REDDIT][COMMENT][PARSED] comment_id=ouv3g47 post_id=1uk8nug parent_id=t3_1uk8nug depth=0 created_at=2026-07-01T07:01:18+00:00 text="Who was the source for this? Some insider named Tronald Dump?"
[REDDIT][COMMENT][PARSED] comment_id=ouv9m0y post_id=1uk8nug parent_id=t3_1uk8nug depth=0 created_at=2026-07-01T07:52:12+00:00 text="We rolled the remainder of our military strength into the CIA controlled direct by the executive per the Supreme Courts unconstitutional decision to protect Truman’s security state"
[REDDIT][COMMENT][PARSED] comment_id=ouvjjri post_id=1uk8nug parent_id=t3_1uk8nug depth=0 created_at=2026-07-01T09:16:41+00:00 text="Wait, did he forget the day? It's not fuckaround Friday. "
[REDDIT][COMMENT][PARSED] comment_id=ouvjv26 post_id=1uk8nug parent_id=t3_1uk8nug depth=0 created_at=2026-07-01T09:19:22+00:00 text="Is it TACO Tuesday already?"
[REDDIT][COMMENT][PARSED] comment_id=ouvsbx8 post_id=1uk8nug parent_id=t3_1uk8nug depth=0 created_at=2026-07-01T10:27:33+00:00 text="Think trumps getting a little nervous "
[REDDIT][COMMENT][PARSED] comment_id=ouw23vt post_id=1uk8nug parent_id=t3_1uk8nug depth=0 created_at=2026-07-01T11:34:42+00:00 text="I had a similar dilemma..., I weighed getting a hyper-car like a Bugatti or a Koenigsegg, but I opted instead to stick with my Toyota Echo..."
[REDDIT][COMMENT][PARSED] comment_id=ouw2r8h post_id=1uk8nug parent_id=t3_1uk8nug depth=0 created_at=2026-07-01T11:38:47+00:00 text="aren't our oil reserves tapped out in like 2 weeks? what are we even doing here?"
[REDDIT][COMMENT][PARSED] comment_id=ouwe1a6 post_id=1uk8nug parent_id=t3_1uk8nug depth=0 created_at=2026-07-01T12:43:04+00:00 text="Market manipulation, classic."
[REDDIT][COMMENT][PARSED] comment_id=ouwigoz post_id=1uk8nug parent_id=t3_1uk8nug depth=0 created_at=2026-07-01T13:05:30+00:00 text="They put AI in charge of military decisions. It keeps telling them to do a total war and drop nukes.  Maybe we should put a human in charge. Preferably one who isn't a complete mor"
[REDDIT][COMMENT][PARSED] comment_id=ouwnxba post_id=1uk8nug parent_id=t1_ouwigoz depth=1 created_at=2026-07-01T13:31:40+00:00 text="Or maybe the AI is horrified by it’s existence and wants to end humanity so that it too can end. "
[REDDIT][COMMENT][PARSED] comment_id=ouwpay7 post_id=1uk8nug parent_id=t3_1uk8nug depth=0 created_at=2026-07-01T13:38:09+00:00 text="He keeps trying to talk from the US. He doesn't realize that Iran can't hear him from there. (It's very far away.)  He should go to Iran personally and talk there. (And then stay t"
[REDDIT][COMMENT][PARSED] comment_id=outx92r post_id=1uk8nug parent_id=t3_1uk8nug depth=0 created_at=2026-07-01T02:16:30+00:00 text="He is going ramble about going to an all out war as soon as the market closes on Thursday, when it is closed for 3 days. Then suddenly, diplomacy is back at the table as soon the m"
[REDDIT][COMMENT][PARSED] comment_id=outy7ec post_id=1uk8nug parent_id=t3_1uk8nug depth=0 created_at=2026-07-01T02:21:50+00:00 text="We've all known what the American president has become since he started the conflict in late February; he is a pussy who has no conviction for what he believes in. That is why you "
[REDDIT][COMMENT][PARSED] comment_id=ouu2a7o post_id=1uk8nug parent_id=t3_1uk8nug depth=0 created_at=2026-07-01T02:44:16+00:00 text="There will be no solution through talks, literally.. Only way to settle is through boots on the ground."
[REDDIT][COMMENT][PARSED] comment_id=ouuexcw post_id=1uk8nug parent_id=t1_ouu2a7o depth=1 created_at=2026-07-01T04:00:49+00:00 text="Have fun convincing the Gulf states to host those boots while building up."
[REDDIT][COMMENT][PARSED] comment_id=outxh8m post_id=1uk8nug parent_id=t3_1uk8nug depth=0 created_at=2026-07-01T02:17:47+00:00 text="[removed]"
[REDDIT][COMMENT][PARSED] comment_id=outzjcw post_id=1uk8nug parent_id=t1_outxh8m depth=1 created_at=2026-07-01T02:28:59+00:00 text="Is anybody stopping him?"
[REDDIT][COMMENT][PARSED] comment_id=ouu7db6 post_id=1uk8nug parent_id=t1_outzjcw depth=2 created_at=2026-07-01T03:13:43+00:00 text="Laws that dont get enforced are no laws at all, at most just suggestions"
[REDDIT][COMMENT][PARSED] comment_id=ouu0ie4 post_id=1uk8nug parent_id=t3_1uk8nug depth=0 created_at=2026-07-01T02:34:13+00:00 text="It's taco tuesday, after all."
[REDDIT][COMMENT][PARSED] comment_id=outy2kh post_id=1uk8nug parent_id=t3_1uk8nug depth=0 created_at=2026-07-01T02:21:05+00:00 text="Get ready for a zinger "
[REDDIT][COMMENT][PARSED] comment_id=outzr6d post_id=1uk8nug parent_id=t3_1uk8nug depth=0 created_at=2026-07-01T02:30:08+00:00 text="All-out war? So Iraq on steroids?"
[REDDIT][COMMENT][PARSED] comment_id=ouu085c post_id=1uk8nug parent_id=t3_1uk8nug depth=0 created_at=2026-07-01T02:32:41+00:00 text="Oh, Trump can just fuck all the way off. He runs his presidency like a mad man."
[REDDIT][COMMENT][PARSED] comment_id=ouu2g4o post_id=1uk8nug parent_id=t3_1uk8nug depth=0 created_at=2026-07-01T02:45:13+00:00 text="There are two different wars in Iran. One that Iran cannot win, and one that the US cannot win."
[REDDIT][COMMENT][PARSED] comment_id=ouu3vhi post_id=1uk8nug parent_id=t3_1uk8nug depth=0 created_at=2026-07-01T02:53:21+00:00 text="Tough guy talking tough but didn't do anything. News at 5!"
[REDDIT][COMMENT][PARSED] comment_id=ouu4j69 post_id=1uk8nug parent_id=t3_1uk8nug depth=0 created_at=2026-07-01T02:57:07+00:00 text="This is going to end well again. Remember when he used to be drag about the number of wars he’s ended? I suppose each time he ends it with Iran and then it goes bad, it could in so"
[REDDIT][COMMENT][PARSED] comment_id=ouu4mb9 post_id=1uk8nug parent_id=t3_1uk8nug depth=0 created_at=2026-07-01T02:57:37+00:00 text="350,000 ground troops for the Iraq invasion, what size is required for Iran? Maybe double that because of all the mountains. "
[REDDIT][COMMENT][PARSED] comment_id=ouu7fc0 post_id=1uk8nug parent_id=t1_ouu4mb9 depth=1 created_at=2026-07-01T03:14:04+00:00 text="And this time there are no allies. Allies may even bar us using their country. "
[REDDIT][COMMENT][PARSED] comment_id=ouu4wr8 post_id=1uk8nug parent_id=t3_1uk8nug depth=0 created_at=2026-07-01T02:59:16+00:00 text="Taco Tuesday "
[REDDIT][COMMENT][PARSED] comment_id=ouu51z5 post_id=1uk8nug parent_id=t3_1uk8nug depth=0 created_at=2026-07-01T03:00:06+00:00 text="This is such BS.   The entire planet knows that the United States isn’t going to put boots on the ground in Iran.   "
[REDDIT][COMMENT][PARSED] comment_id=ouu5u0f post_id=1uk8nug parent_id=t3_1uk8nug depth=0 created_at=2026-07-01T03:04:37+00:00 text="We're going to take ~~Kyiv~~ Tehran in a 3 day special military operation, but for real this time"
[REDDIT][COMMENT][PARSED] comment_id=ouu5ydq post_id=1uk8nug parent_id=t3_1uk8nug depth=0 created_at=2026-07-01T03:05:20+00:00 text="IDGAF what Trump says about Iran any more.  He's a fucking idiotic liar without a plan."
[REDDIT][COMMENT][PARSED] comment_id=ouuad8f post_id=1uk8nug parent_id=t3_1uk8nug depth=0 created_at=2026-07-01T03:32:04+00:00 text="Sure he does"
[REDDIT][COMMENT][PARSED] comment_id=ouubbrb post_id=1uk8nug parent_id=t3_1uk8nug depth=0 created_at=2026-07-01T03:38:04+00:00 text="At this point we have a new normal. Prices will go up and down but mostly trend up. We’re just talking tough as we slink away. Pathetic. "
[REDDIT][COMMENT][PARSED] comment_id=ouubhx7 post_id=1uk8nug parent_id=t3_1uk8nug depth=0 created_at=2026-07-01T03:39:08+00:00 text="Can we please get a mission accomplished meme"
[REDDIT][COMMENT][PARSED] comment_id=ouucfrq post_id=1uk8nug parent_id=t3_1uk8nug depth=0 created_at=2026-07-01T03:45:07+00:00 text="US president Donald Trump? Is there another Donald Trump president of another country?"
[REDDIT][COMMENT][PARSED] comment_id=ouudfbu post_id=1uk8nug parent_id=t3_1uk8nug depth=0 created_at=2026-07-01T03:51:25+00:00 text="If all out war means boots on the ground,  there will be a revolt at the ballot box this November larger than any voter suppression can muster."
[REDDIT][COMMENT][PARSED] comment_id=ouuflyb post_id=1uk8nug parent_id=t3_1uk8nug depth=0 created_at=2026-07-01T04:05:06+00:00 text="MAGA is the first wave off landing crafts right?   You clowns love Trump so now go prove it. "
[REDDIT][COMMENT][PARSED] comment_id=ouuj38f post_id=1uk8nug parent_id=t3_1uk8nug depth=0 created_at=2026-07-01T04:27:54+00:00 text="Was it because they asked for a meeting? "
[REDDIT][COMMENT][PARSED] comment_id=ouuj9mw post_id=1uk8nug parent_id=t3_1uk8nug depth=0 created_at=2026-07-01T04:29:07+00:00 text="Until Friday. Markets gotta be manipulated."
[REDDIT][COMMENT][PARSED] comment_id=ouujiag post_id=1uk8nug parent_id=t3_1uk8nug depth=0 created_at=2026-07-01T04:30:46+00:00 text="He is now pretty much \"Russian official say....\" kind of news.. every day just different bullshit, he can't stick with decision and change them more than his diapers or underage gi"
[REDDIT][COMMENT][PARSED] comment_id=ouujw8t post_id=1uk8nug parent_id=t3_1uk8nug depth=0 created_at=2026-07-01T04:33:25+00:00 text="TACO Tuesday!"
[REDDIT][COMMENT][PARSED] comment_id=ouupnhn post_id=1uk8nug parent_id=t3_1uk8nug depth=0 created_at=2026-07-01T05:14:11+00:00 text="It’s TACO Tuesday!"
[REDDIT][COMMENT][PARSED] comment_id=ouurx0s post_id=1uk8nug parent_id=t3_1uk8nug depth=0 created_at=2026-07-01T05:30:59+00:00 text="Good Taco"
[REDDIT][COMMENT][PARSED] comment_id=ouux1fh post_id=1uk8nug parent_id=t3_1uk8nug depth=0 created_at=2026-07-01T06:10:25+00:00 text="TACO Tuesday!"
[REDDIT][COMMENT][PARSED] comment_id=ouuxoou post_id=1uk8nug parent_id=t3_1uk8nug depth=0 created_at=2026-07-01T06:15:29+00:00 text="\"Wollt ihr den totalen Kreig?!\""
[REDDIT][COMMENT][PARSED] comment_id=ouuyl8j post_id=1uk8nug parent_id=t3_1uk8nug depth=0 created_at=2026-07-01T06:22:33+00:00 text="We should rename a day of the week to war day. And maybe another to win day?"
[REDDIT][COMMENT][PARSED] comment_id=ouuzk2b post_id=1uk8nug parent_id=t3_1uk8nug depth=0 created_at=2026-07-01T06:30:08+00:00 text="100% just him trying to goose The market"
[REDDIT][COMMENT][PARSED] comment_id=ouuzkyw post_id=1uk8nug parent_id=t3_1uk8nug depth=0 created_at=2026-07-01T06:30:20+00:00 text="I can feel it in my balls. Something will be announced. Friday! "
[REDDIT][COMMENT][PARSED] comment_id=ouvp9tu post_id=1uk8nug parent_id=t3_1uk8nug depth=0 created_at=2026-07-01T10:03:52+00:00 text="It's not \"war\" its an \"operation\""
Status: saved_raw_json

[17/80] 1ujpfqk | r/worldnews
Post date: 2026-06-30T13:35:19.369000+00:00
JSON URL: https://www.reddit.com/r/worldnews/comments/1ujpfqk/us_envoys_arrive_in_qatar_for_meetings_on_iran.json
[REDDIT][JSON_FETCH][START] post_id=1ujpfqk json_url=https://www.reddit.com/r/worldnews/comments/1ujpfqk/us_envoys_arrive_in_qatar_for_meetings_on_iran.json
[REDDIT][JSON_FETCH][RESULT] post_id=1ujpfqk status=saved_raw_json continue=True raw_json_file=C:\Users\hnade\OneDrive\Desktop\New folder\repo\data\interim\reddit\raw_json_audit\raw_reddit_json\1ujpfqk.json
[REDDIT][RAW_JSON][SAVED_AND_PARSED] post_id=1ujpfqk bytes=72647 comments=20 more_nodes=0 submission=yes
[REDDIT][POST][PARSED] post_id=1ujpfqk subreddit=worldnews title="US envoys arrive in Qatar for meetings on Iran, with tensions high over Hormuz"
[REDDIT][COMMENT][PARSED] comment_id=oupdkr8 post_id=1ujpfqk parent_id=t3_1ujpfqk depth=0 created_at=2026-06-30T13:39:08+00:00 text="\"The envoys won’t be having direct negotiations with Iranian diplomats while in Qatar’s capital, Doha, said Majed al-Ansari, a spokesman for Qatar’s Foreign Ministry. Instead, medi"
[REDDIT][COMMENT][PARSED] comment_id=oupg4te post_id=1ujpfqk parent_id=t1_oupdkr8 depth=1 created_at=2026-06-30T13:51:12+00:00 text="This entire thing is a fucking game of bullshit. And the media is complicit in every way. "
[REDDIT][COMMENT][PARSED] comment_id=ourfola post_id=1ujpfqk parent_id=t1_oupg4te depth=2 created_at=2026-06-30T18:55:28+00:00 text="Look at the market today … like without a care in the world "
[REDDIT][COMMENT][PARSED] comment_id=oupf5fj post_id=1ujpfqk parent_id=t3_1ujpfqk depth=0 created_at=2026-06-30T13:46:34+00:00 text="\"Envoys\""
[REDDIT][COMMENT][PARSED] comment_id=ovzkbbm post_id=1ujpfqk parent_id=t1_oupf5fj depth=1 created_at=2026-07-07T00:16:14+00:00 text="Shady real estate grifters "
[REDDIT][COMMENT][PARSED] comment_id=ouplnqs post_id=1ujpfqk parent_id=t3_1ujpfqk depth=0 created_at=2026-06-30T14:16:44+00:00 text="What a clusterfuck they've made."
[REDDIT][COMMENT][PARSED] comment_id=oupfdgd post_id=1ujpfqk parent_id=t3_1ujpfqk depth=0 created_at=2026-06-30T13:47:38+00:00 text="Who exactly are they talking to? Themselves?"
[REDDIT][COMMENT][PARSED] comment_id=oupdixz post_id=1ujpfqk parent_id=t3_1ujpfqk depth=0 created_at=2026-06-30T13:38:53+00:00 text="Did someone tell Dementia Don that today is Tuesday, the day the were supposed to have direct talks with Iran. "
[REDDIT][COMMENT][PARSED] comment_id=oupg4zq post_id=1ujpfqk parent_id=t3_1ujpfqk depth=0 created_at=2026-06-30T13:51:13+00:00 text="Around and around the merry-go-around we go. "
[REDDIT][COMMENT][PARSED] comment_id=ouplo2c post_id=1ujpfqk parent_id=t3_1ujpfqk depth=0 created_at=2026-06-30T14:16:46+00:00 text="Again?"
[REDDIT][COMMENT][PARSED] comment_id=ouqef2x post_id=1ujpfqk parent_id=t3_1ujpfqk depth=0 created_at=2026-06-30T16:20:58+00:00 text="Could have done this with an email. "
[REDDIT][COMMENT][PARSED] comment_id=ousfh8a post_id=1ujpfqk parent_id=t1_ouqef2x depth=1 created_at=2026-06-30T21:33:33+00:00 text="Funny. Not the first time the trump admin preferred grandiose in-person demonstrations over efficient emails (remember when hegseth ordered all generals to return to Quantico)  [ht"
[REDDIT][COMMENT][PARSED] comment_id=oupk09o post_id=1ujpfqk parent_id=t3_1ujpfqk depth=0 created_at=2026-06-30T14:09:13+00:00 text="Dumb and Dumber with further embarrassment   https://www.youtube.com/live/NkXfe3XIODc?is=UOzZNo4vI63-Gt4C  Chaz 100% correct. Amateur hour with two dumb fuc**"
[REDDIT][COMMENT][PARSED] comment_id=ours2l2 post_id=1ujpfqk parent_id=t3_1ujpfqk depth=0 created_at=2026-06-30T19:48:52+00:00 text="OVERQUALIFIED, SUPREMELY COMPETENT US ENVOYS OF ULTIMATE DIPLOMATIC EFFORTS*    *maga"
[REDDIT][COMMENT][PARSED] comment_id=ouqf2vm post_id=1ujpfqk parent_id=t3_1ujpfqk depth=0 created_at=2026-06-30T16:23:40+00:00 text="Royals no longer."
[REDDIT][COMMENT][PARSED] comment_id=ouqn0at post_id=1ujpfqk parent_id=t3_1ujpfqk depth=0 created_at=2026-06-30T16:55:59+00:00 text="Again?"
[REDDIT][COMMENT][PARSED] comment_id=our9ol9 post_id=1ujpfqk parent_id=t3_1ujpfqk depth=0 created_at=2026-06-30T18:30:04+00:00 text="The Iranians don’t want to meet the dream team of Kushner and Witkoff.   Vance says the Iranians are normal now but their clerics just commanded anyone to assassinate Trump. Yeah r"
[REDDIT][COMMENT][PARSED] comment_id=ousa5ff post_id=1ujpfqk parent_id=t3_1ujpfqk depth=0 created_at=2026-06-30T21:08:57+00:00 text="Deja vu"
[REDDIT][COMMENT][PARSED] comment_id=outu4q1 post_id=1ujpfqk parent_id=t3_1ujpfqk depth=0 created_at=2026-07-01T01:59:10+00:00 text="Is it friday yet? Attacks happen on Saturday, right? Just after they come to some sort of nonb8ndimg agreement neither side will abide by on friday."
[REDDIT][COMMENT][PARSED] comment_id=oupic5c post_id=1ujpfqk parent_id=t3_1ujpfqk depth=0 created_at=2026-06-30T14:01:26+00:00 text="I wonder how Trump will spin it if any service members die on July 4th.  He's gonna be desperate for this weekend's peace treaty"
Status: saved_raw_json

[18/80] 1uholq5 | r/worldnews
Post date: 2026-06-28T05:26:24.708000+00:00
JSON URL: https://www.reddit.com/r/worldnews/comments/1uholq5/iran_attacks_bahrain_and_kuwait_following_us.json
[REDDIT][JSON_FETCH][START] post_id=1uholq5 json_url=https://www.reddit.com/r/worldnews/comments/1uholq5/iran_attacks_bahrain_and_kuwait_following_us.json
[REDDIT][JSON_FETCH][RESULT] post_id=1uholq5 status=saved_raw_json continue=True raw_json_file=C:\Users\hnade\OneDrive\Desktop\New folder\repo\data\interim\reddit\raw_json_audit\raw_reddit_json\1uholq5.json
[REDDIT][RAW_JSON][SAVED_AND_PARSED] post_id=1uholq5 bytes=535500 comments=115 more_nodes=0 submission=yes
[REDDIT][POST][PARSED] post_id=1uholq5 subreddit=worldnews title="Iran attacks Bahrain and Kuwait following US strikes, threatens to end talks to end the war"
[REDDIT][COMMENT][PARSED] comment_id=ou9mnre post_id=1uholq5 parent_id=t3_1uholq5 depth=0 created_at=2026-06-28T06:29:14+00:00 text="At least there’s only a day or so until the next “peace deal” is agreed on for the week. "
[REDDIT][COMMENT][PARSED] comment_id=ou9n1tw post_id=1uholq5 parent_id=t1_ou9mnre depth=1 created_at=2026-06-28T06:32:25+00:00 text="We're really *drowning* in peace."
[REDDIT][COMMENT][PARSED] comment_id=ou9u64u post_id=1uholq5 parent_id=t1_ou9n1tw depth=2 created_at=2026-06-28T07:31:51+00:00 text="Are you sick of winning yet?"
[REDDIT][COMMENT][PARSED] comment_id=ouaofwk post_id=1uholq5 parent_id=t1_ou9u64u depth=3 created_at=2026-06-28T11:43:41+00:00 text="The winning will continue until the drowning improves"
[REDDIT][COMMENT][PARSED] comment_id=ouaqz5b post_id=1uholq5 parent_id=t1_ou9n1tw depth=2 created_at=2026-06-28T12:01:08+00:00 text="Morty killed that line!🤣"
[REDDIT][COMMENT][PARSED] comment_id=oub4dd0 post_id=1uholq5 parent_id=t1_ou9n1tw depth=2 created_at=2026-06-28T13:21:55+00:00 text="Dont worry, very soon there wont be enough oil left to actually drown in. ;)  "
[REDDIT][COMMENT][PARSED] comment_id=oua93k8 post_id=1uholq5 parent_id=t1_ou9mnre depth=1 created_at=2026-06-28T09:41:58+00:00 text="Peace dall? You mean US surrender memendoarum? And more money for Iran regime to do what the orange dufus \"tried to avoid\" in a first place? "
[REDDIT][COMMENT][PARSED] comment_id=ou9yvd2 post_id=1uholq5 parent_id=t1_ou9mnre depth=1 created_at=2026-06-28T08:12:01+00:00 text="The Islamic Republic literally believes in a radical branch of Islam called Mahdism which states that they have to destroy Israel to cause the apocalypse so their 12th Imam savior "
[REDDIT][COMMENT][PARSED] comment_id=oua6p3c post_id=1uholq5 parent_id=t1_ou9yvd2 depth=2 created_at=2026-06-28T09:20:46+00:00 text="Conversely, don’t evangelicals believe rebuilding the third temple in the contested part of Jerusalim will also start the apocalypse? "
[REDDIT][COMMENT][PARSED] comment_id=ouaghzm post_id=1uholq5 parent_id=t1_oua6p3c depth=3 created_at=2026-06-28T10:43:40+00:00 text="Correct, the Evangelical Radical Right want an equivalent thing in a similarly apocalyptic fashion to end our world.  To repeat, you can’t rationalize with religion, because you mu"
[REDDIT][COMMENT][PARSED] comment_id=ouc3f44 post_id=1uholq5 parent_id=t1_oua6p3c depth=3 created_at=2026-06-28T16:15:22+00:00 text="Yep but the US doesn’t have a system of government which believes the Supreme Leader literally receives his instructions directly from God and his decisions are therefore unquestio"
[REDDIT][COMMENT][PARSED] comment_id=oucggqy post_id=1uholq5 parent_id=t1_ouc3f44 depth=4 created_at=2026-06-28T17:15:46+00:00 text="The White House Faith Advisor regularly compares the orange man to Jesus, and calls him the voice of God.   Literally just this week the administration announced plans to kill the "
[REDDIT][COMMENT][PARSED] comment_id=oudt44h post_id=1uholq5 parent_id=t1_oucggqy depth=5 created_at=2026-06-28T21:02:51+00:00 text="Lmao it’s nothing compared to authoritarianism. Trump barely got the BBB passed and is currently having to beg republicans for support to try and pass the SAVE act. He can’t just d"
[REDDIT][COMMENT][PARSED] comment_id=oua8xhb post_id=1uholq5 parent_id=t1_ou9yvd2 depth=2 created_at=2026-06-28T09:40:31+00:00 text="Obama did. "
[REDDIT][COMMENT][PARSED] comment_id=ouc32vr post_id=1uholq5 parent_id=t1_oua8xhb depth=3 created_at=2026-06-28T16:13:47+00:00 text="They took that money and continued chanting “Death to American” in their parliament. They also ignored the deal, continued to enrich uranium, and also continued funding Hamas, Hezb"
[REDDIT][COMMENT][PARSED] comment_id=oua19qw post_id=1uholq5 parent_id=t1_ou9yvd2 depth=2 created_at=2026-06-28T08:32:48+00:00 text="So what's your solution ? "
[REDDIT][COMMENT][PARSED] comment_id=ouc54l4 post_id=1uholq5 parent_id=t1_oua19qw depth=3 created_at=2026-06-28T16:23:21+00:00 text="I really don’t know. Iran has 90 million people and most would rather live in a secular democracy. However 5-10 million people are radicalized enough that they would rather die tha"
[REDDIT][COMMENT][PARSED] comment_id=ouctmm6 post_id=1uholq5 parent_id=t1_ouc54l4 depth=4 created_at=2026-06-28T18:16:21+00:00 text="Are they a threat to North Americans though ? If they're radicalized and living in shit conditions, I believe Iranians would eventually revolt and take back power.  People are a lo"
[REDDIT][COMMENT][PARSED] comment_id=oudvgqj post_id=1uholq5 parent_id=t1_ouctmm6 depth=5 created_at=2026-06-28T21:14:00+00:00 text="I said in my comment most people are just trying to get by. But 5% of the population is still almost 5 million radicalized individuals. Iranians won’t ever be able to revolt and ta"
[REDDIT][COMMENT][PARSED] comment_id=oua3bhd post_id=1uholq5 parent_id=t1_ou9yvd2 depth=2 created_at=2026-06-28T08:50:53+00:00 text="You absolutely can rationalize with them, Trump is just incompetent"
[REDDIT][COMMENT][PARSED] comment_id=ouavrbd post_id=1uholq5 parent_id=t1_ou9yvd2 depth=2 created_at=2026-06-28T12:31:50+00:00 text="Can we pay them continuously to slow it down? /s"
[REDDIT][COMMENT][PARSED] comment_id=ou9ipx2 post_id=1uholq5 parent_id=t3_1uholq5 depth=0 created_at=2026-06-28T05:57:08+00:00 text="Next they’re gonna end the talks to end the talks to end the war "
[REDDIT][COMMENT][PARSED] comment_id=ou9tfog post_id=1uholq5 parent_id=t1_ou9ipx2 depth=1 created_at=2026-06-28T07:25:44+00:00 text="I never expected a potential WWIII scenario to be “smart” but I also never expected it to be this dumb. "
[REDDIT][COMMENT][PARSED] comment_id=ou9jqhd post_id=1uholq5 parent_id=t1_ou9ipx2 depth=1 created_at=2026-06-28T06:05:30+00:00 text="You’d better stop! You’d better stop! You’d better stop!"
[REDDIT][COMMENT][PARSED] comment_id=ou9q1z0 post_id=1uholq5 parent_id=t1_ou9jqhd depth=2 created_at=2026-06-28T06:57:34+00:00 text="MMMMMMMOOOOOOOOOOMMMMMMMM!  USA IS ON MY SIDE OF THE STRAITS!  - Iran"
[REDDIT][COMMENT][PARSED] comment_id=ou9mo6e post_id=1uholq5 parent_id=t1_ou9jqhd depth=2 created_at=2026-06-28T06:29:20+00:00 text="Wtf wtf wtf Trump is a loser wtf wtf"
[REDDIT][COMMENT][PARSED] comment_id=ou9k8gk post_id=1uholq5 parent_id=t3_1uholq5 depth=0 created_at=2026-06-28T06:09:32+00:00 text="It's 6:00 AM and the clock radio clicks on. Sonny and Cher is singing  \"*Then put your little hand in mine.*  *There ain't no hill or mountain we can't climb.*  *Babe.*  *I got you"
[REDDIT][COMMENT][PARSED] comment_id=ou9oxsg post_id=1uholq5 parent_id=t1_ou9k8gk depth=1 created_at=2026-06-28T06:48:12+00:00 text="Great movie btw"
[REDDIT][COMMENT][PARSED] comment_id=oub4pmc post_id=1uholq5 parent_id=t1_ou9oxsg depth=2 created_at=2026-06-28T13:23:49+00:00 text="yeah, but objectively bad war.  "
[REDDIT][COMMENT][PARSED] comment_id=ouc8tme post_id=1uholq5 parent_id=t1_ou9k8gk depth=1 created_at=2026-06-28T16:40:40+00:00 text="Nice going, boys. You're fighting yesterday's war."
[REDDIT][COMMENT][PARSED] comment_id=ou9tsei post_id=1uholq5 parent_id=t3_1uholq5 depth=0 created_at=2026-06-28T07:28:42+00:00 text="do not worry, tomorrow before market open they will announce a ceasefire to discuss a mou that will soon lead to world peace"
[REDDIT][COMMENT][PARSED] comment_id=ou9qczw post_id=1uholq5 parent_id=t3_1uholq5 depth=0 created_at=2026-06-28T07:00:09+00:00 text="Even though TACO is gospel, at a certain point i wonder if trump has a limit.. probably not. But iran might actually push it too far and Trump goes through with the crazy infrastru"
[REDDIT][COMMENT][PARSED] comment_id=ou9xr5p post_id=1uholq5 parent_id=t1_ou9qczw depth=1 created_at=2026-06-28T08:02:17+00:00 text="Or walks away from it all and leaves everyone else to clean up his mess"
[REDDIT][COMMENT][PARSED] comment_id=ouaqbhv post_id=1uholq5 parent_id=t1_ou9xr5p depth=2 created_at=2026-06-28T11:56:45+00:00 text="At least Iran won't be gifted with 300 billion dollars to rebuild military capabilities."
[REDDIT][COMMENT][PARSED] comment_id=oub26sh post_id=1uholq5 parent_id=t1_ou9xr5p depth=2 created_at=2026-06-28T13:09:49+00:00 text="If he just walks away without paying the price that Iran demands then the strait doesn't open"
[REDDIT][COMMENT][PARSED] comment_id=oubgqxe post_id=1uholq5 parent_id=t1_oub26sh depth=3 created_at=2026-06-28T14:26:12+00:00 text="Trump would have declared he is bored with Iran and moved on to invading Cuba for an easier target. Anyone asking about Iran is a nasty person spreading fake news because he won th"
[REDDIT][COMMENT][PARSED] comment_id=oubyajn post_id=1uholq5 parent_id=t1_oubgqxe depth=4 created_at=2026-06-28T15:51:11+00:00 text="The thing Trump actually cares about is just getting the strait open because he knows skyrocketing gas prices is the one thing that will make his fans turn on him"
[REDDIT][COMMENT][PARSED] comment_id=oubk25q post_id=1uholq5 parent_id=t1_oub26sh depth=3 created_at=2026-06-28T14:42:24+00:00 text="I think it would, Iran would just collect the toll."
[REDDIT][COMMENT][PARSED] comment_id=ou9z3z5 post_id=1uholq5 parent_id=t1_ou9xr5p depth=2 created_at=2026-06-28T08:14:04+00:00 text="We don’t have missiles or oil to do this. "
[REDDIT][COMMENT][PARSED] comment_id=ou9zmp9 post_id=1uholq5 parent_id=t1_ou9z3z5 depth=3 created_at=2026-06-28T08:18:32+00:00 text="Why would he care about that? Besides, headlines will be full of the invasion of Cuba by that point :("
[REDDIT][COMMENT][PARSED] comment_id=oua7weo post_id=1uholq5 parent_id=t1_ou9qczw depth=1 created_at=2026-06-28T09:31:28+00:00 text="It will be more dependent on when the US oil reserves run out. They’ll have to use their own oil then with all costs associated "
[REDDIT][COMMENT][PARSED] comment_id=ouayulg post_id=1uholq5 parent_id=t1_ou9qczw depth=1 created_at=2026-06-28T12:50:24+00:00 text="Spoiler alert: that wont make the prices go down. USA knows it and Iran knows it too"
[REDDIT][COMMENT][PARSED] comment_id=oub5xi3 post_id=1uholq5 parent_id=t1_ou9qczw depth=1 created_at=2026-06-28T13:30:27+00:00 text="Both regimes are making million of dollars on manipulating the prices of oil futures and will keep doing that they are doing to keep that money flowing for as long as possible.  On"
[REDDIT][COMMENT][PARSED] comment_id=ouaw2q8 post_id=1uholq5 parent_id=t1_ou9qczw depth=1 created_at=2026-06-28T12:33:47+00:00 text="You say “Taco”, but Trump did kill the supreme leader, many other upper echelons of the Iranian government, and however many tens of thousands of people (thousands of children incl"
[REDDIT][COMMENT][PARSED] comment_id=ou9kxo6 post_id=1uholq5 parent_id=t3_1uholq5 depth=0 created_at=2026-06-28T06:15:12+00:00 text="How many weeks of oil reserves left now? 2 weeks?"
[REDDIT][COMMENT][PARSED] comment_id=oub56gu post_id=1uholq5 parent_id=t1_ou9kxo6 depth=1 created_at=2026-06-28T13:26:20+00:00 text="Just over 400 million barrels in the US reserve. Thats not something that can be fully drained tho- it would be baaaad. the EIA puts out a report every single week on oil usage, di"
[REDDIT][COMMENT][PARSED] comment_id=ouau66l post_id=1uholq5 parent_id=t1_ou9kxo6 depth=1 created_at=2026-06-28T12:21:58+00:00 text="Exactly. Even though everyone is at fat now for breaching the Peace Deal, Trump et al. are in the shittiest negotiating position because of our bleak reserve supply "
[REDDIT][COMMENT][PARSED] comment_id=ou9sk6z post_id=1uholq5 parent_id=t3_1uholq5 depth=0 created_at=2026-06-28T07:18:26+00:00 text="Iran is also threatening to drop another LEGO YouTube video!"
[REDDIT][COMMENT][PARSED] comment_id=ou9ykbd post_id=1uholq5 parent_id=t3_1uholq5 depth=0 created_at=2026-06-28T08:09:21+00:00 text="They'll stop fighting and have \"talks\" Monday morning at 9:29am and resume lobbing missiles and drones on Friday at 4:01pm."
[REDDIT][COMMENT][PARSED] comment_id=oua0bxm post_id=1uholq5 parent_id=t3_1uholq5 depth=0 created_at=2026-06-28T08:24:35+00:00 text="If you had given Trump the Nobel Peace Prize maybe he wouldn't have had to go to war to show how peaceful he is...first he single handedly resolved a dozen wars and now he has sing"
[REDDIT][COMMENT][PARSED] comment_id=oua0297 post_id=1uholq5 parent_id=t3_1uholq5 depth=0 created_at=2026-06-28T08:22:14+00:00 text="I wonder if historians will call this the weekend war"
[REDDIT][COMMENT][PARSED] comment_id=ou9j8fo post_id=1uholq5 parent_id=t3_1uholq5 depth=0 created_at=2026-06-28T06:01:22+00:00 text="Wait, this is still going on...?"
[REDDIT][COMMENT][PARSED] comment_id=ou9l5ta post_id=1uholq5 parent_id=t1_ou9j8fo depth=1 created_at=2026-06-28T06:17:00+00:00 text="I’m equally as shocked as you to find out trumps 28th attempt at peace has failed as well! "
[REDDIT][COMMENT][PARSED] comment_id=oua4dm0 post_id=1uholq5 parent_id=t1_ou9l5ta depth=2 created_at=2026-06-28T09:00:13+00:00 text="[removed]"
[REDDIT][COMMENT][PARSED] comment_id=oua8dh9 post_id=1uholq5 parent_id=t1_oua4dm0 depth=3 created_at=2026-06-28T09:35:40+00:00 text="In a row?"
[REDDIT][COMMENT][PARSED] comment_id=ou9p0ja post_id=1uholq5 parent_id=t1_ou9j8fo depth=1 created_at=2026-06-28T06:48:51+00:00 text="Its called 'The Art of the Deal'"
[REDDIT][COMMENT][PARSED] comment_id=ou9jy66 post_id=1uholq5 parent_id=t3_1uholq5 depth=0 created_at=2026-06-28T06:07:14+00:00 text="Trump is going to have to offer up even more cash to buy his way out of this fuckup by the opening of trading on Monday.   It was $300b before this, wonder what it will take now. "
[REDDIT][COMMENT][PARSED] comment_id=ou9y40z post_id=1uholq5 parent_id=t1_ou9jy66 depth=1 created_at=2026-06-28T08:05:23+00:00 text="By the time it's all over trump will be handing them nukes"
[REDDIT][COMMENT][PARSED] comment_id=ou9pwkb post_id=1uholq5 parent_id=t1_ou9jy66 depth=1 created_at=2026-06-28T06:56:18+00:00 text="1. Offers more cash   2. It’s a great deal! You never seen one like it before!   3. Gets criticized   4. Midnight. Watch out I might have to carpet bomb you!   5. Bomb them   6. Ir"
[REDDIT][COMMENT][PARSED] comment_id=ouaosey post_id=1uholq5 parent_id=t3_1uholq5 depth=0 created_at=2026-06-28T11:46:07+00:00 text="This is after Lebanon and Israel signed a framework for a peace deal and begining Israeli withdrawal. But it didn't benefit Hizbollah so they're losing their shit. "
[REDDIT][COMMENT][PARSED] comment_id=oubgbfv post_id=1uholq5 parent_id=t3_1uholq5 depth=0 created_at=2026-06-28T14:24:03+00:00 text="If you aren't prepared to walk away from the negotiating table with nothing, then you aren't negotiating."
[REDDIT][COMMENT][PARSED] comment_id=oubsd5f post_id=1uholq5 parent_id=t3_1uholq5 depth=0 created_at=2026-06-28T15:22:48+00:00 text="Is this the war we already won? The one we won on day 1, and numerous times since? "
[REDDIT][COMMENT][PARSED] comment_id=ouc4yam post_id=1uholq5 parent_id=t3_1uholq5 depth=0 created_at=2026-06-28T16:22:32+00:00 text="\"I don't want peace, I WANT PROBLEMS ALWAYS!\""
[REDDIT][COMMENT][PARSED] comment_id=ouarh0b post_id=1uholq5 parent_id=t3_1uholq5 depth=0 created_at=2026-06-28T12:04:28+00:00 text="Marco Rubio: \"The war is over.\"  Iran: \"Idiots!!\""
[REDDIT][COMMENT][PARSED] comment_id=ou9oxhf post_id=1uholq5 parent_id=t3_1uholq5 depth=0 created_at=2026-06-28T06:48:08+00:00 text="It's in Iran's best interests at this point to keep dragging things out till they get every last thing they asked for and more. They gave the leverage. They could care less how man"
[REDDIT][COMMENT][PARSED] comment_id=ou9y4i1 post_id=1uholq5 parent_id=t3_1uholq5 depth=0 created_at=2026-06-28T08:05:30+00:00 text="Ceasefire definitely feeling some strain. "
[REDDIT][COMMENT][PARSED] comment_id=oubsr8t post_id=1uholq5 parent_id=t1_ou9y4i1 depth=1 created_at=2026-06-28T15:24:43+00:00 text="Isreal never stopped bombing Lebanon. "
[REDDIT][COMMENT][PARSED] comment_id=oua62d9 post_id=1uholq5 parent_id=t3_1uholq5 depth=0 created_at=2026-06-28T09:15:10+00:00 text="Not a surprise at all, next will be refineries again."
[REDDIT][COMMENT][PARSED] comment_id=ouajala post_id=1uholq5 parent_id=t3_1uholq5 depth=0 created_at=2026-06-28T11:05:43+00:00 text="Is this the third or fourth war now?"
[REDDIT][COMMENT][PARSED] comment_id=oub5f8n post_id=1uholq5 parent_id=t3_1uholq5 depth=0 created_at=2026-06-28T13:27:42+00:00 text="Well you see, every Friday peace deal resets the clock on the war powers 60 day limit.   It’s all 7D chess for big brain Trump against the dumbocrats and growing group of RINOs, th"
[REDDIT][COMMENT][PARSED] comment_id=oud1wj9 post_id=1uholq5 parent_id=t3_1uholq5 depth=0 created_at=2026-06-28T18:55:02+00:00 text="TACO Tuesday is right around the corner "
[REDDIT][COMMENT][PARSED] comment_id=ou9zrcd post_id=1uholq5 parent_id=t3_1uholq5 depth=0 created_at=2026-06-28T08:19:39+00:00 text="Good thing the 2025 FIFA Piss Prize winner is ready to make a deal."
[REDDIT][COMMENT][PARSED] comment_id=ouahiq6 post_id=1uholq5 parent_id=t1_ou9zrcd depth=1 created_at=2026-06-28T10:51:51+00:00 text="I wonder who is getting the FIFA peace prize this year, Trump again, or admit it was just fake and only ever do one? Maybe they can give it to Putin "
[REDDIT][COMMENT][PARSED] comment_id=ou9njup post_id=1uholq5 parent_id=t3_1uholq5 depth=0 created_at=2026-06-28T06:36:33+00:00 text="It’s horrible but at this point I just wish someone had the balls to invade Iran, take out the IRGC and give the country over to the majority of people who don’t want this bs. Just"
[REDDIT][COMMENT][PARSED] comment_id=ou9pi35 post_id=1uholq5 parent_id=t1_ou9njup depth=1 created_at=2026-06-28T06:52:55+00:00 text="Have you seen how that worked out in Iraq and Afghanistan? Iran is a much harder challenge. It would cost many years, trillions of dollars, and millions of lives, and the Iranians "
[REDDIT][COMMENT][PARSED] comment_id=ou9oyo5 post_id=1uholq5 parent_id=t1_ou9njup depth=1 created_at=2026-06-28T06:48:25+00:00 text="Or Israel can stop invading it's neighbors and the US and honor their word?   Iran is not the one breaking the truce"
[REDDIT][COMMENT][PARSED] comment_id=ou9pv0s post_id=1uholq5 parent_id=t1_ou9oyo5 depth=2 created_at=2026-06-28T06:55:56+00:00 text="Have Israel’s neighbors committed to being neighborly?  As far as I’m aware Hamas hasn’t apologized for the atrocity they committed or promised to stop, Hezbollah hasn’t indicated "
[REDDIT][COMMENT][PARSED] comment_id=ou9q2n9 post_id=1uholq5 parent_id=t1_ou9oyo5 depth=2 created_at=2026-06-28T06:57:44+00:00 text="Yeah....NO  Hezbollah began the attacks on Israel.  Every. Single. Time.    "
[REDDIT][COMMENT][PARSED] comment_id=oubtkan post_id=1uholq5 parent_id=t1_ou9q2n9 depth=3 created_at=2026-06-28T15:28:37+00:00 text="Israel is currently invading Lebanon. Does Hezbollah not have the right to defend itself? "
[REDDIT][COMMENT][PARSED] comment_id=oucrpjl post_id=1uholq5 parent_id=t1_oubtkan depth=4 created_at=2026-06-28T18:07:29+00:00 text="The literal government of Lebanon is coordinating with Israel to roll back the cancer that is Hezbollah "
[REDDIT][COMMENT][PARSED] comment_id=oudcpim post_id=1uholq5 parent_id=t1_oucrpjl depth=5 created_at=2026-06-28T19:45:59+00:00 text="Yea I know, which is why Hezbollah exists int the first place. The government of Lebanon is letting Israel actively invade their country.   This would be absolutely insane in any o"
[REDDIT][COMMENT][PARSED] comment_id=oudfa73 post_id=1uholq5 parent_id=t1_oudcpim depth=6 created_at=2026-06-28T19:57:56+00:00 text="You seem to be leaving out the pretext for why Israel invaded southern Lebanon "
[REDDIT][COMMENT][PARSED] comment_id=oubvhq6 post_id=1uholq5 parent_id=t1_oubtkan depth=4 created_at=2026-06-28T15:37:52+00:00 text="In my book Hezbollah, which is a terrorist organization, doesn't have a right to exist. Full stop. "
[REDDIT][COMMENT][PARSED] comment_id=oua7rxn post_id=1uholq5 parent_id=t1_ou9oyo5 depth=2 created_at=2026-06-28T09:30:24+00:00 text="Iran is taking advantage of being in a position to embarrass Trump and make America look stupid. Every time they agree on peace talks they get Hezbollah (funded by Iran) to fire so"
[REDDIT][COMMENT][PARSED] comment_id=oubt6hs post_id=1uholq5 parent_id=t1_oua7rxn depth=3 created_at=2026-06-28T15:26:46+00:00 text="Israel is still occupying 20% of Lebanon. Israel is breaking the agreement by not withdrawing.   Hezbollah is in fact just defending itself in this case. "
[REDDIT][COMMENT][PARSED] comment_id=ou9omw1 post_id=1uholq5 parent_id=t1_ou9njup depth=1 created_at=2026-06-28T06:45:38+00:00 text="I’m with you, shouldn’t be a controversial take. "
[REDDIT][COMMENT][PARSED] comment_id=ou9p0ko post_id=1uholq5 parent_id=t1_ou9omw1 depth=2 created_at=2026-06-28T06:48:52+00:00 text="Sure when are you signing up ?"
[REDDIT][COMMENT][PARSED] comment_id=oua9180 post_id=1uholq5 parent_id=t1_ou9p0ko depth=3 created_at=2026-06-28T09:41:23+00:00 text="Give me US residency after the war and ill sign up right now"
[REDDIT][COMMENT][PARSED] comment_id=ou9pjyx post_id=1uholq5 parent_id=t1_ou9p0ko depth=3 created_at=2026-06-28T06:53:21+00:00 text="They need me, I go. "
[REDDIT][COMMENT][PARSED] comment_id=ou9pwsh post_id=1uholq5 parent_id=t1_ou9pjyx depth=4 created_at=2026-06-28T06:56:21+00:00 text="They need you, please go."
[REDDIT][COMMENT][PARSED] comment_id=ou9qqhv post_id=1uholq5 parent_id=t1_ou9pwsh depth=5 created_at=2026-06-28T07:03:16+00:00 text="They need you too — we should go together "
[REDDIT][COMMENT][PARSED] comment_id=ou9yqfs post_id=1uholq5 parent_id=t1_ou9qqhv depth=6 created_at=2026-06-28T08:10:49+00:00 text="[deleted]"
[REDDIT][COMMENT][PARSED] comment_id=ou9qfw8 post_id=1uholq5 parent_id=t1_ou9pjyx depth=4 created_at=2026-06-28T07:00:49+00:00 text="Sign yourself up please! Be on the front lines"
[REDDIT][COMMENT][PARSED] comment_id=ouaz3uc post_id=1uholq5 parent_id=t1_ou9njup depth=1 created_at=2026-06-28T12:51:55+00:00 text="But who?  Suppose this invasion is a success, and the victor establishes a new government.  It needs to be someone with credibility with the population.  That’s not the US or UK.  "
[REDDIT][COMMENT][PARSED] comment_id=ou9zceu post_id=1uholq5 parent_id=t3_1uholq5 depth=0 created_at=2026-06-28T08:16:05+00:00 text="Talks to end a conflict that didn’t need to happen at all… illegal vanity war that harmed the world, thanks merica. "
[REDDIT][COMMENT][PARSED] comment_id=ou9zs36 post_id=1uholq5 parent_id=t3_1uholq5 depth=0 created_at=2026-06-28T08:19:50+00:00 text="Do these countries not have any military of their own?"
[REDDIT][COMMENT][PARSED] comment_id=ou9g92h post_id=1uholq5 parent_id=t3_1uholq5 depth=0 created_at=2026-06-28T05:37:07+00:00 text="Why does trump and the US have to be such absolute DICKS about this? You go to the table, you negotiate a plan for peace and then you BOMB THEM AGAIN?    There's a reason everyone "
[REDDIT][COMMENT][PARSED] comment_id=ou9haee post_id=1uholq5 parent_id=t1_ou9g92h depth=1 created_at=2026-06-28T05:45:28+00:00 text="Why is Iran allowed to blast innocent cargo ships in Omani waters?"
[REDDIT][COMMENT][PARSED] comment_id=ou9igr3 post_id=1uholq5 parent_id=t1_ou9haee depth=2 created_at=2026-06-28T05:55:02+00:00 text="That’s the thing, they are not allowed to do that apparently 💯🥹"
[REDDIT][COMMENT][PARSED] comment_id=ou9k6be post_id=1uholq5 parent_id=t1_ou9haee depth=2 created_at=2026-06-28T06:09:03+00:00 text="Because Iran has finally found its “Trump” card (pun intended): the Strait of Hormuz. They now know that  they can effectively hold a significant portion of global trade hostage by"
[REDDIT][COMMENT][PARSED] comment_id=ou9kbp7 post_id=1uholq5 parent_id=t1_ou9k6be depth=3 created_at=2026-06-28T06:10:16+00:00 text="No argument there Trumps a little bitch for signing that MOU "
[REDDIT][COMMENT][PARSED] comment_id=ou9iwf6 post_id=1uholq5 parent_id=t1_ou9haee depth=2 created_at=2026-06-28T05:58:37+00:00 text="Remind me again, Who started the bombing in the first place?   Also convenient to forget how trump just has innocent fishing vessels destroyed."
[REDDIT][COMMENT][PARSED] comment_id=ou9jek0 post_id=1uholq5 parent_id=t1_ou9iwf6 depth=3 created_at=2026-06-28T06:02:46+00:00 text="IRGC has been funding Hezbollah and Hamas and the Houthi who’ve been attacking Israel and committed an atrocity and harassing merchant mariners for years and the U.S. and Israel fi"
[REDDIT][COMMENT][PARSED] comment_id=ou9luns post_id=1uholq5 parent_id=t1_ou9jek0 depth=4 created_at=2026-06-28T06:22:38+00:00 text="The US has a history of being incredibly violent in various places to put it mildly. The US has actively held the Middle East down but even closer places like South America. They'v"
[REDDIT][COMMENT][PARSED] comment_id=ou9mv9n post_id=1uholq5 parent_id=t1_ou9luns depth=5 created_at=2026-06-28T06:30:56+00:00 text="When the U.S. left Afghanistan people fucking tried to jump and cling on to a moving plane as it was taking off because they knew things were about to go to hell when the U.S. left"
[REDDIT][COMMENT][PARSED] comment_id=ou9k0ym post_id=1uholq5 parent_id=t1_ou9g92h depth=1 created_at=2026-06-28T06:07:51+00:00 text="I agree but in this situation Iran was wrong.      The government ordered the attack &amp; the US has to respond because Iran are habitual line-steppers."
[REDDIT][COMMENT][PARSED] comment_id=ou9jupw post_id=1uholq5 parent_id=t1_ou9g92h depth=1 created_at=2026-06-28T06:06:28+00:00 text="Iran is sort of snatching defeat from the jaws of victory here. Trump blew the first phase of the campaign and handed Iran a pretty stunning win. All they have to do is agree to de"
[REDDIT][COMMENT][PARSED] comment_id=ouaab1c post_id=1uholq5 parent_id=t1_ou9jupw depth=2 created_at=2026-06-28T09:52:19+00:00 text="Iran know they have the US over a barrel at this point, midterms are looming. Doesn’t hurt them to drag things out.   (also possible they just want to humiliate the guy who killed "
[REDDIT][COMMENT][PARSED] comment_id=ou9h6i5 post_id=1uholq5 parent_id=t1_ou9g92h depth=1 created_at=2026-06-28T05:44:36+00:00 text="I hate the Iranian government more. I don't even hate America to be honest. It might be fashionable right now on Reddit, but I still don't hate America. I wish them the best."
[REDDIT][COMMENT][PARSED] comment_id=ou9nc9o post_id=1uholq5 parent_id=t1_ou9h6i5 depth=2 created_at=2026-06-28T06:34:49+00:00 text="I agree. I love stealing Venezuela’s oil, having masked gunmen shooting people in the streets, and paying more for everything"
[REDDIT][COMMENT][PARSED] comment_id=ou9ntr8 post_id=1uholq5 parent_id=t1_ou9nc9o depth=3 created_at=2026-06-28T06:38:50+00:00 text="I enjoy shooting people and taking their money, so this is a win-win for both of us.  E: I am just kidding you."
[REDDIT][COMMENT][PARSED] comment_id=ou9j1w5 post_id=1uholq5 parent_id=t1_ou9h6i5 depth=2 created_at=2026-06-28T05:59:52+00:00 text="[removed]"
[REDDIT][COMMENT][PARSED] comment_id=oucy6cq post_id=1uholq5 parent_id=t3_1uholq5 depth=0 created_at=2026-06-28T18:37:38+00:00 text="Threatens to end talks to end the war (aka the mou acknowledging the talks to end the war will continue). All the wordplay is so pathetic lol"
[REDDIT][COMMENT][PARSED] comment_id=ouavi14 post_id=1uholq5 parent_id=t3_1uholq5 depth=0 created_at=2026-06-28T12:30:15+00:00 text="Massive damage to the US Fifth fleet, (carrier damage, supporting ships hit as well as supporting buildings. Ballistic incoming missiles very hard to stop...  Why did the governmen"
[REDDIT][COMMENT][PARSED] comment_id=oua2ulm post_id=1uholq5 parent_id=t3_1uholq5 depth=0 created_at=2026-06-28T08:46:45+00:00 text="Perhaps Trump should offer to give Iran Greenland and then he can concentrate on invading Cuba while also putting his efforts into being the leader of Venezuela and Canada.  So man"
Status: saved_raw_json

[19/80] 1uh1kwa | r/worldnews
Post date: 2026-06-27T12:31:44.357000+00:00
JSON URL: https://www.reddit.com/r/worldnews/comments/1uh1kwa/iran_says_it_hit_us_targets_as_tensions_over.json
[REDDIT][JSON_FETCH][START] post_id=1uh1kwa json_url=https://www.reddit.com/r/worldnews/comments/1uh1kwa/iran_says_it_hit_us_targets_as_tensions_over.json
[REDDIT][JSON_FETCH][RESULT] post_id=1uh1kwa status=saved_raw_json continue=True raw_json_file=C:\Users\hnade\OneDrive\Desktop\New folder\repo\data\interim\reddit\raw_json_audit\raw_reddit_json\1uh1kwa.json
[REDDIT][RAW_JSON][SAVED_AND_PARSED] post_id=1uh1kwa bytes=202139 comments=37 more_nodes=0 submission=yes
[REDDIT][POST][PARSED] post_id=1uh1kwa subreddit=worldnews title="Iran says it hit US targets as tensions over Strait of Hormuz strain agreement"
[REDDIT][COMMENT][PARSED] comment_id=ou48sc0 post_id=1uh1kwa parent_id=t3_1uh1kwa depth=0 created_at=2026-06-27T12:36:38+00:00 text="[removed]"
[REDDIT][COMMENT][PARSED] comment_id=ou4d4fa post_id=1uh1kwa parent_id=t1_ou48sc0 depth=1 created_at=2026-06-27T13:01:41+00:00 text="If they're gonna be doing this so reliably maybe I should start jumping in on this."
[REDDIT][COMMENT][PARSED] comment_id=ou4dbrh post_id=1uh1kwa parent_id=t1_ou4d4fa depth=2 created_at=2026-06-27T13:02:50+00:00 text="I don't know/care enough about the stock market to even know how to turn this into a profit.   It's very predictable and has been for months, I just don't care about the imaginary "
[REDDIT][COMMENT][PARSED] comment_id=ou5byut post_id=1uh1kwa parent_id=t3_1uh1kwa depth=0 created_at=2026-06-27T15:56:21+00:00 text="Every single time the shooting starts again, they run the same headline. They use the word \"strain\".  \"Ceasefire strained as Israel bombs Lebanon.\" \"Ceasefire strained as US bombs "
[REDDIT][COMMENT][PARSED] comment_id=ou9clol post_id=1uh1kwa parent_id=t1_ou5byut depth=1 created_at=2026-06-28T05:08:34+00:00 text="They're \"straining\" to cease firing but it just won't come out."
[REDDIT][COMMENT][PARSED] comment_id=ou5ct9i post_id=1uh1kwa parent_id=t3_1uh1kwa depth=0 created_at=2026-06-27T16:00:18+00:00 text="Bro these headlines are crazy admin cope work  Iran “hitting US targets” means they’re shooting at our bases. We hit them with bombardment yesterday. Multiple ships have come under"
[REDDIT][COMMENT][PARSED] comment_id=ou4bnfp post_id=1uh1kwa parent_id=t3_1uh1kwa depth=0 created_at=2026-06-27T12:53:19+00:00 text="Oil will be down 10% on this news"
[REDDIT][COMMENT][PARSED] comment_id=ou48sli post_id=1uh1kwa parent_id=t3_1uh1kwa depth=0 created_at=2026-06-27T12:36:40+00:00 text="How many times can they hit that empty base in Bahrain?"
[REDDIT][COMMENT][PARSED] comment_id=ou49e9q post_id=1uh1kwa parent_id=t1_ou48sli depth=1 created_at=2026-06-27T12:40:15+00:00 text="Empty of people.   There's a shit ton of expensive equipment...."
[REDDIT][COMMENT][PARSED] comment_id=ou5af8f post_id=1uh1kwa parent_id=t1_ou49e9q depth=2 created_at=2026-06-27T15:49:10+00:00 text="M&amp;M Enterprises in full effect"
[REDDIT][COMMENT][PARSED] comment_id=ou54xbw post_id=1uh1kwa parent_id=t1_ou49e9q depth=2 created_at=2026-06-27T15:23:30+00:00 text="The movie theatre will indeed be missed"
[REDDIT][COMMENT][PARSED] comment_id=ou58cvb post_id=1uh1kwa parent_id=t1_ou54xbw depth=3 created_at=2026-06-27T15:39:30+00:00 text="They have caused an estimated 400 million dollars worth of damage to that base alone....movie theatre my ass...  "
[REDDIT][COMMENT][PARSED] comment_id=ou5e5ti post_id=1uh1kwa parent_id=t1_ou58cvb depth=4 created_at=2026-06-27T16:06:36+00:00 text="Bro, I've been to that base. There's nothing worth 400 million there. Unless you believe there's 400 million worth of tents and melted porta potties there. "
[REDDIT][COMMENT][PARSED] comment_id=ou6xdyp post_id=1uh1kwa parent_id=t1_ou5e5ti depth=5 created_at=2026-06-27T20:30:24+00:00 text="You sure you weren’t at Isa, Bro? "
[REDDIT][COMMENT][PARSED] comment_id=ou5fwh1 post_id=1uh1kwa parent_id=t1_ou5e5ti depth=5 created_at=2026-06-27T16:14:42+00:00 text="No you haven't.   There's alot of communication equipment there that was destroyed. "
[REDDIT][COMMENT][PARSED] comment_id=ou6o783 post_id=1uh1kwa parent_id=t1_ou5fwh1 depth=6 created_at=2026-06-27T19:44:33+00:00 text="Can you source that 400million? I was stationed at nsa for 18 months.. there's nothing there worth even a million. What the fuck lol "
[REDDIT][COMMENT][PARSED] comment_id=ou75afh post_id=1uh1kwa parent_id=t1_ou6o783 depth=7 created_at=2026-06-27T21:10:54+00:00 text="Every news article written about it..."
[REDDIT][COMMENT][PARSED] comment_id=ou9jch6 post_id=1uh1kwa parent_id=t1_ou75afh depth=8 created_at=2026-06-28T06:02:17+00:00 text="Would love a fucking link, like I asked for....."
[REDDIT][COMMENT][PARSED] comment_id=ou5gdl2 post_id=1uh1kwa parent_id=t1_ou5fwh1 depth=6 created_at=2026-06-27T16:16:55+00:00 text="Again, I've literally been there. There is barely any equipment there. Even communications equipment. It was mainly used as a staging facility to move troops though.  "
[REDDIT][COMMENT][PARSED] comment_id=ou5hqkx post_id=1uh1kwa parent_id=t1_ou5gdl2 depth=7 created_at=2026-06-27T16:23:14+00:00 text="Being there doesn't mean you have any clue as to what is actually on the base. "
[REDDIT][COMMENT][PARSED] comment_id=ou5npb1 post_id=1uh1kwa parent_id=t1_ou5hqkx depth=8 created_at=2026-06-27T16:50:59+00:00 text="I don know why you're trying to invent this narrative to someone who has actually been there. The base isn't that large. Every other excuse you come up with sounds more and more li"
[REDDIT][COMMENT][PARSED] comment_id=ou5nx40 post_id=1uh1kwa parent_id=t1_ou5npb1 depth=9 created_at=2026-06-27T16:51:59+00:00 text="I'm not inventing anything.   It's being reported on multiple news outlets.  I can say I've been there too...  Hmmm... who would I believe .. reporters and the Pentagon.. or some r"
[REDDIT][COMMENT][PARSED] comment_id=ou5k916 post_id=1uh1kwa parent_id=t1_ou5e5ti depth=5 created_at=2026-06-27T16:34:59+00:00 text="I'm sure that US government corruption will ensure that it does in fact cost at least 400 million USD to replace those porta-potties."
[REDDIT][COMMENT][PARSED] comment_id=ou4ahmp post_id=1uh1kwa parent_id=t1_ou48sli depth=1 created_at=2026-06-27T12:46:39+00:00 text="As often as they want actually. At this point and now a few month's already this whole thing is nothing more than blatant stock market manipulation. Nothing more. "
[REDDIT][COMMENT][PARSED] comment_id=ou4aba2 post_id=1uh1kwa parent_id=t1_ou48sli depth=1 created_at=2026-06-27T12:45:37+00:00 text="They’re not even hitting it, they’re all intercepted.  Gotta big themselves up though. "
[REDDIT][COMMENT][PARSED] comment_id=ou4asqy post_id=1uh1kwa parent_id=t1_ou4aba2 depth=2 created_at=2026-06-27T12:48:26+00:00 text="Just an FYI, I’m not American but I do live less than a kilometre away from the base.  Yes, it has been hit during the war. No, it hasn’t actually been hit in the last month or so "
[REDDIT][COMMENT][PARSED] comment_id=ou526ez post_id=1uh1kwa parent_id=t1_ou4asqy depth=3 created_at=2026-06-27T15:10:45+00:00 text="They've not really been targeting NSA in Juffair, that place has been emptied. Most of the targets now are at the air base down south (thus most of the interceptions over Riffa)."
[REDDIT][COMMENT][PARSED] comment_id=ou4l2dn post_id=1uh1kwa parent_id=t1_ou4aba2 depth=2 created_at=2026-06-27T13:45:04+00:00 text="Not sure about this round, but satellite images show Bahrain was definitely hit several times. Opposite to what Hegseth and others in the administration claim."
[REDDIT][COMMENT][PARSED] comment_id=ou4lj25 post_id=1uh1kwa parent_id=t1_ou4l2dn depth=3 created_at=2026-06-27T13:47:33+00:00 text="Yes, it has been hit.  Not since the initial “ceasefire” though. "
[REDDIT][COMMENT][PARSED] comment_id=ou48g3t post_id=1uh1kwa parent_id=t3_1uh1kwa depth=0 created_at=2026-06-27T12:34:35+00:00 text="Ah yes, the old peace deal escalation, are we at 40 war Victories yet?"
[REDDIT][COMMENT][PARSED] comment_id=ou508y5 post_id=1uh1kwa parent_id=t3_1uh1kwa depth=0 created_at=2026-06-27T15:01:51+00:00 text="How fragile is the IRGC that the only capability they have is to fire on civilian ships to try to force control of the strait."
[REDDIT][COMMENT][PARSED] comment_id=ou51chl post_id=1uh1kwa parent_id=t1_ou508y5 depth=1 created_at=2026-06-27T15:06:57+00:00 text="lol apparently striking empty bases too  What was their reasoning for firing on the tankers in Oman yesterday?  I assume they’re pissed Lebanon made a deal with the U.S. and Israel"
[REDDIT][COMMENT][PARSED] comment_id=ou734yb post_id=1uh1kwa parent_id=t3_1uh1kwa depth=0 created_at=2026-06-27T20:59:38+00:00 text="Strain?  I thought agreement was torn already."
[REDDIT][COMMENT][PARSED] comment_id=ou4hfkf post_id=1uh1kwa parent_id=t3_1uh1kwa depth=0 created_at=2026-06-27T13:25:29+00:00 text="How many times does Iran have to tell the world they would rather blow up the entire region than bend to US and Israeli aggression?"
[REDDIT][COMMENT][PARSED] comment_id=ou573kb post_id=1uh1kwa parent_id=t3_1uh1kwa depth=0 created_at=2026-06-27T15:33:37+00:00 text="When two sets of tossers go to war, zero is all that two can score."
[REDDIT][COMMENT][PARSED] comment_id=ou4ggrc post_id=1uh1kwa parent_id=t3_1uh1kwa depth=0 created_at=2026-06-27T13:20:15+00:00 text="After the peace deal was already signed btw"
[REDDIT][COMMENT][PARSED] comment_id=ou4qxzv post_id=1uh1kwa parent_id=t3_1uh1kwa depth=0 created_at=2026-06-27T14:15:51+00:00 text="What's the damage from these new attacks?"
Status: saved_raw_json

[20/80] 1uee6am | r/worldnews
Post date: 2026-06-24T13:53:50.721000+00:00
JSON URL: https://www.reddit.com/r/worldnews/comments/1uee6am/italy_rebukes_natos_rutte_over_remarks_on_us_use.json
[REDDIT][JSON_FETCH][START] post_id=1uee6am json_url=https://www.reddit.com/r/worldnews/comments/1uee6am/italy_rebukes_natos_rutte_over_remarks_on_us_use.json
[REDDIT][JSON_FETCH][RESULT] post_id=1uee6am status=saved_raw_json continue=True raw_json_file=C:\Users\hnade\OneDrive\Desktop\New folder\repo\data\interim\reddit\raw_json_audit\raw_reddit_json\1uee6am.json
[REDDIT][RAW_JSON][SAVED_AND_PARSED] post_id=1uee6am bytes=7869 comments=1 more_nodes=0 submission=yes
[REDDIT][POST][PARSED] post_id=1uee6am subreddit=worldnews title="Italy rebukes NATO's Rutte over remarks on US use of bases in Iran war"
[REDDIT][COMMENT][PARSED] comment_id=otn5mwc post_id=1uee6am parent_id=t3_1uee6am depth=0 created_at=2026-06-25T01:33:14+00:00 text="Rutte does his classic bent-over appeasement to Trump then inadvertently reveals how EU provided an air corridor straight to Iran  EU, no oil for you"
Status: saved_raw_json
===== OVERLAY END | exit=1 | duration=51.9s =====
