observation_date,observation_ts_utc,ts_is_exact,close_local,timezone,asset_id,asset_name,category,instrument_type,instrument_variant,price_type,market,role,tier,value,unit,currency,volume,transform,source,source_series_id,endpoint,raw_file,collector_version,retrieved_at_utc,http_status,observed_keys,notes
2026-03-02,,False,,,OIL_BRENT__FRED,Brent Europe FOB spot,verify,spot,spot_fob,close,global,verify,9,77.24,USD_per_barrel,USD,,log_return,fred,DCOILBRENTEU,api.stlouisfed.org/fred/series/observations,raw/fred_OIL_BRENT__FRED.csv,market-extract-4.2,2026-08-11T11:03:48+00:00,200,date|value|realtime_start|realtime_end," Spot series, not futures; the level is not directly comparable with BZ=F"
2026-03-03,,False,,,OIL_BRENT__FRED,Brent Europe FOB spot,verify,spot,spot_fob,close,global,verify,9,83.28,USD_per_barrel,USD,,log_return,fred,DCOILBRENTEU,api.stlouisfed.org/fred/series/observations,raw/fred_OIL_BRENT__FRED.csv,market-extract-4.2,2026-08-11T11:03:48+00:00,200,date|value|realtime_start|realtime_end," Spot series, not futures; the level is not directly comparable with BZ=F"
2026-03-04,,False,,,OIL_BRENT__FRED,Brent Europe FOB spot,verify,spot,spot_fob,close,global,verify,9,81.56,USD_per_barrel,USD,,log_return,fred,DCOILBRENTEU,api.stlouisfed.org/fred/series/observations,raw/fred_OIL_BRENT__FRED.csv,market-extract-4.2,2026-08-11T11:03:48+00:00,200,date|value|realtime_start|realtime_end," Spot series, not futures; the level is not directly comparable with BZ=F"
2026-03-05,,False,,,OIL_BRENT__FRED,Brent Europe FOB spot,verify,spot,spot_fob,close,global,verify,9,88.59,USD_per_barrel,USD,,log_return,fred,DCOILBRENTEU,api.stlouisfed.org/fred/series/observations,raw/fred_OIL_BRENT__FRED.csv,market-extract-4.2,2026-08-11T11:03:48+00:00,200,date|value|realtime_start|realtime_end," Spot series, not futures; the level is not directly comparable with BZ=F"
2026-03-06,,False,,,OIL_BRENT__FRED,Brent Europe FOB spot,verify,spot,spot_fob,close,global,verify,9,95.74,USD_per_barrel,USD,,log_return,fred,DCOILBRENTEU,api.stlouisfed.org/fred/series/observations,raw/fred_OIL_BRENT__FRED.csv,market-extract-4.2,2026-08-11T11:03:48+00:00,200,date|value|realtime_start|realtime_end," Spot series, not futures; the level is not directly comparable with BZ=F"
2026-03-09,,False,,,OIL_BRENT__FRED,Brent Europe FOB spot,verify,spot,spot_fob,close,global,verify,9,94.35,USD_per_barrel,USD,,log_return,fred,DCOILBRENTEU,api.stlouisfed.org/fred/series/observations,raw/fred_OIL_BRENT__FRED.csv,market-extract-4.2,2026-08-11T11:03:48+00:00,200,date|value|realtime_start|realtime_end," Spot series, not futures; the level is not directly comparable with BZ=F"
2026-03-10,,False,,,OIL_BRENT__FRED,Brent Europe FOB spot,verify,spot,spot_fob,close,global,verify,9,89.84,USD_per_barrel,USD,,log_return,fred,DCOILBRENTEU,api.stlouisfed.org/fred/series/observations,raw/fred_OIL_BRENT__FRED.csv,market-extract-4.2,2026-08-11T11:03:48+00:00,200,date|value|realtime_start|realtime_end," Spot series, not futures; the level is not directly comparable with BZ=F"
2026-03-11,,False,,,OIL_BRENT__FRED,Brent Europe FOB spot,verify,spot,spot_fob,close,global,verify,9,90.98,USD_per_barrel,USD,,log_return,fred,DCOILBRENTEU,api.stlouisfed.org/fred/series/observations,raw/fred_OIL_BRENT__FRED.csv,market-extract-4.2,2026-08-11T11:03:48+00:00,200,date|value|realtime_start|realtime_end," Spot series, not futures; the level is not directly comparable with BZ=F"
2026-03-12,,False,,,OIL_BRENT__FRED,Brent Europe FOB spot,verify,spot,spot_fob,close,global,verify,9,102.38,USD_per_barrel,USD,,log_return,fred,DCOILBRENTEU,api.stlouisfed.org/fred/series/observations,raw/fred_OIL_BRENT__FRED.csv,market-extract-4.2,2026-08-11T11:03:48+00:00,200,date|value|realtime_start|realtime_end," Spot series, not futures; the level is not directly comparable with BZ=F"
2026-03-13,,False,,,OIL_BRENT__FRED,Brent Europe FOB spot,verify,spot,spot_fob,close,global,verify,9,103.23,USD_per_barrel,USD,,log_return,fred,DCOILBRENTEU,api.stlouisfed.org/fred/series/observations,raw/fred_OIL_BRENT__FRED.csv,market-extract-4.2,2026-08-11T11:03:48+00:00,200,date|value|realtime_start|realtime_end," Spot series, not futures; the level is not directly comparable with BZ=F"
2026-03-16,,False,,,OIL_BRENT__FRED,Brent Europe FOB spot,verify,spot,spot_fob,close,global,verify,9,101.04,USD_per_barrel,USD,,log_return,fred,DCOILBRENTEU,api.stlouisfed.org/fred/series/observations,raw/fred_OIL_BRENT__FRED.csv,market-extract-4.2,2026-08-11T11:03:48+00:00,200,date|value|realtime_start|realtime_end," Spot series, not futures; the level is not directly comparable with BZ=F"
2026-03-17,,False,,,OIL_BRENT__FRED,Brent Europe FOB spot,verify,spot,spot_fob,close,global,verify,9,108.39,USD_per_barrel,USD,,log_return,fred,DCOILBRENTEU,api.stlouisfed.org/fred/series/observations,raw/fred_OIL_BRENT__FRED.csv,market-extract-4.2,2026-08-11T11:03:48+00:00,200,date|value|realtime_start|realtime_end," Spot series, not futures; the level is not directly comparable with BZ=F"
2026-03-18,,False,,,OIL_BRENT__FRED,Brent Europe FOB spot,verify,spot,spot_fob,close,global,verify,9,118.09,USD_per_barrel,USD,,log_return,fred,DCOILBRENTEU,api.stlouisfed.org/fred/series/observations,raw/fred_OIL_BRENT__FRED.csv,market-extract-4.2,2026-08-11T11:03:48+00:00,200,date|value|realtime_start|realtime_end," Spot series, not futures; the level is not directly comparable with BZ=F"
2026-03-19,,False,,,OIL_BRENT__FRED,Brent Europe FOB spot,verify,spot,spot_fob,close,global,verify,9,111.05,USD_per_barrel,USD,,log_return,fred,DCOILBRENTEU,api.stlouisfed.org/fred/series/observations,raw/fred_OIL_BRENT__FRED.csv,market-extract-4.2,2026-08-11T11:03:48+00:00,200,date|value|realtime_start|realtime_end," Spot series, not futures; the level is not directly comparable with BZ=F"
2026-03-20,,False,,,OIL_BRENT__FRED,Brent Europe FOB spot,verify,spot,spot_fob,close,global,verify,9,118.42,USD_per_barrel,USD,,log_return,fred,DCOILBRENTEU,api.stlouisfed.org/fred/series/observations,raw/fred_OIL_BRENT__FRED.csv,market-extract-4.2,2026-08-11T11:03:48+00:00,200,date|value|realtime_start|realtime_end," Spot series, not futures; the level is not directly comparable with BZ=F"
2026-03-23,,False,,,OIL_BRENT__FRED,Brent Europe FOB spot,verify,spot,spot_fob,close,global,verify,9,103.79,USD_per_barrel,USD,,log_return,fred,DCOILBRENTEU,api.stlouisfed.org/fred/series/observations,raw/fred_OIL_BRENT__FRED.csv,market-extract-4.2,2026-08-11T11:03:48+00:00,200,date|value|realtime_start|realtime_end," Spot series, not futures; the level is not directly comparable with BZ=F"
2026-03-24,,False,,,OIL_BRENT__FRED,Brent Europe FOB spot,verify,spot,spot_fob,close,global,verify,9,108.42,USD_per_barrel,USD,,log_return,fred,DCOILBRENTEU,api.stlouisfed.org/fred/series/observations,raw/fred_OIL_BRENT__FRED.csv,market-extract-4.2,2026-08-11T11:03:48+00:00,200,date|value|realtime_start|realtime_end," Spot series, not futures; the level is not directly comparable with BZ=F"
2026-03-25,,False,,,OIL_BRENT__FRED,Brent Europe FOB spot,verify,spot,spot_fob,close,global,verify,9,109.14,USD_per_barrel,USD,,log_return,fred,DCOILBRENTEU,api.stlouisfed.org/fred/series/observations,raw/fred_OIL_BRENT__FRED.csv,market-extract-4.2,2026-08-11T11:03:48+00:00,200,date|value|realtime_start|realtime_end," Spot series, not futures; the level is not directly comparable with BZ=F"
2026-03-26,,False,,,OIL_BRENT__FRED,Brent Europe FOB spot,verify,spot,spot_fob,close,global,verify,9,113.39,USD_per_barrel,USD,,log_return,fred,DCOILBRENTEU,api.stlouisfed.org/fred/series/observations,raw/fred_OIL_BRENT__FRED.csv,market-extract-4.2,2026-08-11T11:03:48+00:00,200,date|value|realtime_start|realtime_end," Spot series, not futures; the level is not directly comparable with BZ=F"
2026-03-27,,False,,,OIL_BRENT__FRED,Brent Europe FOB spot,verify,spot,spot_fob,close,global,verify,9,121.47,USD_per_barrel,USD,,log_return,fred,DCOILBRENTEU,api.stlouisfed.org/fred/series/observations,raw/fred_OIL_BRENT__FRED.csv,market-extract-4.2,2026-08-11T11:03:48+00:00,200,date|value|realtime_start|realtime_end," Spot series, not futures; the level is not directly comparable with BZ=F"
2026-03-30,,False,,,OIL_BRENT__FRED,Brent Europe FOB spot,verify,spot,spot_fob,close,global,verify,9,121.88,USD_per_barrel,USD,,log_return,fred,DCOILBRENTEU,api.stlouisfed.org/fred/series/observations,raw/fred_OIL_BRENT__FRED.csv,market-extract-4.2,2026-08-11T11:03:48+00:00,200,date|value|realtime_start|realtime_end," Spot series, not futures; the level is not directly comparable with BZ=F"
2026-03-31,,False,,,OIL_BRENT__FRED,Brent Europe FOB spot,verify,spot,spot_fob,close,global,verify,9,126.69,USD_per_barrel,USD,,log_return,fred,DCOILBRENTEU,api.stlouisfed.org/fred/series/observations,raw/fred_OIL_BRENT__FRED.csv,market-extract-4.2,2026-08-11T11:03:48+00:00,200,date|value|realtime_start|realtime_end," Spot series, not futures; the level is not directly comparable with BZ=F"
2026-04-01,,False,,,OIL_BRENT__FRED,Brent Europe FOB spot,verify,spot,spot_fob,close,global,verify,9,119.56,USD_per_barrel,USD,,log_return,fred,DCOILBRENTEU,api.stlouisfed.org/fred/series/observations,raw/fred_OIL_BRENT__FRED.csv,market-extract-4.2,2026-08-11T11:03:48+00:00,200,date|value|realtime_start|realtime_end," Spot series, not futures; the level is not directly comparable with BZ=F"
2026-04-02,,False,,,OIL_BRENT__FRED,Brent Europe FOB spot,verify,spot,spot_fob,close,global,verify,9,127.61,USD_per_barrel,USD,,log_return,fred,DCOILBRENTEU,api.stlouisfed.org/fred/series/observations,raw/fred_OIL_BRENT__FRED.csv,market-extract-4.2,2026-08-11T11:03:48+00:00,200,date|value|realtime_start|realtime_end," Spot series, not futures; the level is not directly comparable with BZ=F"
2026-04-07,,False,,,OIL_BRENT__FRED,Brent Europe FOB spot,verify,spot,spot_fob,close,global,verify,9,138.21,USD_per_barrel,USD,,log_return,fred,DCOILBRENTEU,api.stlouisfed.org/fred/series/observations,raw/fred_OIL_BRENT__FRED.csv,market-extract-4.2,2026-08-11T11:03:48+00:00,200,date|value|realtime_start|realtime_end," Spot series, not futures; the level is not directly comparable with BZ=F"
2026-04-08,,False,,,OIL_BRENT__FRED,Brent Europe FOB spot,verify,spot,spot_fob,close,global,verify,9,122.11,USD_per_barrel,USD,,log_return,fred,DCOILBRENTEU,api.stlouisfed.org/fred/series/observations,raw/fred_OIL_BRENT__FRED.csv,market-extract-4.2,2026-08-11T11:03:48+00:00,200,date|value|realtime_start|realtime_end," Spot series, not futures; the level is not directly comparable with BZ=F"
2026-04-09,,False,,,OIL_BRENT__FRED,Brent Europe FOB spot,verify,spot,spot_fob,close,global,verify,9,119.03,USD_per_barrel,USD,,log_return,fred,DCOILBRENTEU,api.stlouisfed.org/fred/series/observations,raw/fred_OIL_BRENT__FRED.csv,market-extract-4.2,2026-08-11T11:03:48+00:00,200,date|value|realtime_start|realtime_end," Spot series, not futures; the level is not directly comparable with BZ=F"
2026-04-10,,False,,,OIL_BRENT__FRED,Brent Europe FOB spot,verify,spot,spot_fob,close,global,verify,9,119.07,USD_per_barrel,USD,,log_return,fred,DCOILBRENTEU,api.stlouisfed.org/fred/series/observations,raw/fred_OIL_BRENT__FRED.csv,market-extract-4.2,2026-08-11T11:03:48+00:00,200,date|value|realtime_start|realtime_end," Spot series, not futures; the level is not directly comparable with BZ=F"
2026-04-13,,False,,,OIL_BRENT__FRED,Brent Europe FOB spot,verify,spot,spot_fob,close,global,verify,9,123.28,USD_per_barrel,USD,,log_return,fred,DCOILBRENTEU,api.stlouisfed.org/fred/series/observations,raw/fred_OIL_BRENT__FRED.csv,market-extract-4.2,2026-08-11T11:03:48+00:00,200,date|value|realtime_start|realtime_end," Spot series, not futures; the level is not directly comparable with BZ=F"
2026-04-14,,False,,,OIL_BRENT__FRED,Brent Europe FOB spot,verify,spot,spot_fob,close,global,verify,9,118.69,USD_per_barrel,USD,,log_return,fred,DCOILBRENTEU,api.stlouisfed.org/fred/series/observations,raw/fred_OIL_BRENT__FRED.csv,market-extract-4.2,2026-08-11T11:03:48+00:00,200,date|value|realtime_start|realtime_end," Spot series, not futures; the level is not directly comparable with BZ=F"
2026-04-15,,False,,,OIL_BRENT__FRED,Brent Europe FOB spot,verify,spot,spot_fob,close,global,verify,9,114.93,USD_per_barrel,USD,,log_return,fred,DCOILBRENTEU,api.stlouisfed.org/fred/series/observations,raw/fred_OIL_BRENT__FRED.csv,market-extract-4.2,2026-08-11T11:03:48+00:00,200,date|value|realtime_start|realtime_end," Spot series, not futures; the level is not directly comparable with BZ=F"
2026-04-16,,False,,,OIL_BRENT__FRED,Brent Europe FOB spot,verify,spot,spot_fob,close,global,verify,9,116.63,USD_per_barrel,USD,,log_return,fred,DCOILBRENTEU,api.stlouisfed.org/fred/series/observations,raw/fred_OIL_BRENT__FRED.csv,market-extract-4.2,2026-08-11T11:03:48+00:00,200,date|value|realtime_start|realtime_end," Spot series, not futures; the level is not directly comparable with BZ=F"
2026-04-17,,False,,,OIL_BRENT__FRED,Brent Europe FOB spot,verify,spot,spot_fob,close,global,verify,9,98.63,USD_per_barrel,USD,,log_return,fred,DCOILBRENTEU,api.stlouisfed.org/fred/series/observations,raw/fred_OIL_BRENT__FRED.csv,market-extract-4.2,2026-08-11T11:03:48+00:00,200,date|value|realtime_start|realtime_end," Spot series, not futures; the level is not directly comparable with BZ=F"
2026-04-20,,False,,,OIL_BRENT__FRED,Brent Europe FOB spot,verify,spot,spot_fob,close,global,verify,9,103.4,USD_per_barrel,USD,,log_return,fred,DCOILBRENTEU,api.stlouisfed.org/fred/series/observations,raw/fred_OIL_BRENT__FRED.csv,market-extract-4.2,2026-08-11T11:03:48+00:00,200,date|value|realtime_start|realtime_end," Spot series, not futures; the level is not directly comparable with BZ=F"
2026-04-21,,False,,,OIL_BRENT__FRED,Brent Europe FOB spot,verify,spot,spot_fob,close,global,verify,9,106.14,USD_per_barrel,USD,,log_return,fred,DCOILBRENTEU,api.stlouisfed.org/fred/series/observations,raw/fred_OIL_BRENT__FRED.csv,market-extract-4.2,2026-08-11T11:03:48+00:00,200,date|value|realtime_start|realtime_end," Spot series, not futures; the level is not directly comparable with BZ=F"
2026-04-22,,False,,,OIL_BRENT__FRED,Brent Europe FOB spot,verify,spot,spot_fob,close,global,verify,9,113.44,USD_per_barrel,USD,,log_return,fred,DCOILBRENTEU,api.stlouisfed.org/fred/series/observations,raw/fred_OIL_BRENT__FRED.csv,market-extract-4.2,2026-08-11T11:03:48+00:00,200,date|value|realtime_start|realtime_end," Spot series, not futures; the level is not directly comparable with BZ=F"
2026-04-23,,False,,,OIL_BRENT__FRED,Brent Europe FOB spot,verify,spot,spot_fob,close,global,verify,9,113.25,USD_per_barrel,USD,,log_return,fred,DCOILBRENTEU,api.stlouisfed.org/fred/series/observations,raw/fred_OIL_BRENT__FRED.csv,market-extract-4.2,2026-08-11T11:03:48+00:00,200,date|value|realtime_start|realtime_end," Spot series, not futures; the level is not directly comparable with BZ=F"
2026-04-24,,False,,,OIL_BRENT__FRED,Brent Europe FOB spot,verify,spot,spot_fob,close,global,verify,9,111.86,USD_per_barrel,USD,,log_return,fred,DCOILBRENTEU,api.stlouisfed.org/fred/series/observations,raw/fred_OIL_BRENT__FRED.csv,market-extract-4.2,2026-08-11T11:03:48+00:00,200,date|value|realtime_start|realtime_end," Spot series, not futures; the level is not directly comparable with BZ=F"
2026-04-27,,False,,,OIL_BRENT__FRED,Brent Europe FOB spot,verify,spot,spot_fob,close,global,verify,9,113.89,USD_per_barrel,USD,,log_return,fred,DCOILBRENTEU,api.stlouisfed.org/fred/series/observations,raw/fred_OIL_BRENT__FRED.csv,market-extract-4.2,2026-08-11T11:03:48+00:00,200,date|value|realtime_start|realtime_end," Spot series, not futures; the level is not directly comparable with BZ=F"
2026-04-28,,False,,,OIL_BRENT__FRED,Brent Europe FOB spot,verify,spot,spot_fob,close,global,verify,9,117.62,USD_per_barrel,USD,,log_return,fred,DCOILBRENTEU,api.stlouisfed.org/fred/series/observations,raw/fred_OIL_BRENT__FRED.csv,market-extract-4.2,2026-08-11T11:03:48+00:00,200,date|value|realtime_start|realtime_end," Spot series, not futures; the level is not directly comparable with BZ=F"
2026-04-29,,False,,,OIL_BRENT__FRED,Brent Europe FOB spot,verify,spot,spot_fob,close,global,verify,9,124.16,USD_per_barrel,USD,,log_return,fred,DCOILBRENTEU,api.stlouisfed.org/fred/series/observations,raw/fred_OIL_BRENT__FRED.csv,market-extract-4.2,2026-08-11T11:03:48+00:00,200,date|value|realtime_start|realtime_end," Spot series, not futures; the level is not directly comparable with BZ=F"
2026-04-30,,False,,,OIL_BRENT__FRED,Brent Europe FOB spot,verify,spot,spot_fob,close,global,verify,9,124.24,USD_per_barrel,USD,,log_return,fred,DCOILBRENTEU,api.stlouisfed.org/fred/series/observations,raw/fred_OIL_BRENT__FRED.csv,market-extract-4.2,2026-08-11T11:03:48+00:00,200,date|value|realtime_start|realtime_end," Spot series, not futures; the level is not directly comparable with BZ=F"
2026-05-01,,False,,,OIL_BRENT__FRED,Brent Europe FOB spot,verify,spot,spot_fob,close,global,verify,9,118.26,USD_per_barrel,USD,,log_return,fred,DCOILBRENTEU,api.stlouisfed.org/fred/series/observations,raw/fred_OIL_BRENT__FRED.csv,market-extract-4.2,2026-08-11T11:03:48+00:00,200,date|value|realtime_start|realtime_end," Spot series, not futures; the level is not directly comparable with BZ=F"
2026-05-05,,False,,,OIL_BRENT__FRED,Brent Europe FOB spot,verify,spot,spot_fob,close,global,verify,9,114.51,USD_per_barrel,USD,,log_return,fred,DCOILBRENTEU,api.stlouisfed.org/fred/series/observations,raw/fred_OIL_BRENT__FRED.csv,market-extract-4.2,2026-08-11T11:03:48+00:00,200,date|value|realtime_start|realtime_end," Spot series, not futures; the level is not directly comparable with BZ=F"
2026-05-06,,False,,,OIL_BRENT__FRED,Brent Europe FOB spot,verify,spot,spot_fob,close,global,verify,9,103.7,USD_per_barrel,USD,,log_return,fred,DCOILBRENTEU,api.stlouisfed.org/fred/series/observations,raw/fred_OIL_BRENT__FRED.csv,market-extract-4.2,2026-08-11T11:03:48+00:00,200,date|value|realtime_start|realtime_end," Spot series, not futures; the level is not directly comparable with BZ=F"
2026-05-07,,False,,,OIL_BRENT__FRED,Brent Europe FOB spot,verify,spot,spot_fob,close,global,verify,9,101.82,USD_per_barrel,USD,,log_return,fred,DCOILBRENTEU,api.stlouisfed.org/fred/series/observations,raw/fred_OIL_BRENT__FRED.csv,market-extract-4.2,2026-08-11T11:03:48+00:00,200,date|value|realtime_start|realtime_end," Spot series, not futures; the level is not directly comparable with BZ=F"
2026-05-08,,False,,,OIL_BRENT__FRED,Brent Europe FOB spot,verify,spot,spot_fob,close,global,verify,9,103.48,USD_per_barrel,USD,,log_return,fred,DCOILBRENTEU,api.stlouisfed.org/fred/series/observations,raw/fred_OIL_BRENT__FRED.csv,market-extract-4.2,2026-08-11T11:03:48+00:00,200,date|value|realtime_start|realtime_end," Spot series, not futures; the level is not directly comparable with BZ=F"
2026-05-11,,False,,,OIL_BRENT__FRED,Brent Europe FOB spot,verify,spot,spot_fob,close,global,verify,9,106.11,USD_per_barrel,USD,,log_return,fred,DCOILBRENTEU,api.stlouisfed.org/fred/series/observations,raw/fred_OIL_BRENT__FRED.csv,market-extract-4.2,2026-08-11T11:03:48+00:00,200,date|value|realtime_start|realtime_end," Spot series, not futures; the level is not directly comparable with BZ=F"
2026-05-12,,False,,,OIL_BRENT__FRED,Brent Europe FOB spot,verify,spot,spot_fob,close,global,verify,9,111.37,USD_per_barrel,USD,,log_return,fred,DCOILBRENTEU,api.stlouisfed.org/fred/series/observations,raw/fred_OIL_BRENT__FRED.csv,market-extract-4.2,2026-08-11T11:03:48+00:00,200,date|value|realtime_start|realtime_end," Spot series, not futures; the level is not directly comparable with BZ=F"
2026-05-13,,False,,,OIL_BRENT__FRED,Brent Europe FOB spot,verify,spot,spot_fob,close,global,verify,9,110.28,USD_per_barrel,USD,,log_return,fred,DCOILBRENTEU,api.stlouisfed.org/fred/series/observations,raw/fred_OIL_BRENT__FRED.csv,market-extract-4.2,2026-08-11T11:03:48+00:00,200,date|value|realtime_start|realtime_end," Spot series, not futures; the level is not directly comparable with BZ=F"
2026-05-14,,False,,,OIL_BRENT__FRED,Brent Europe FOB spot,verify,spot,spot_fob,close,global,verify,9,110.91,USD_per_barrel,USD,,log_return,fred,DCOILBRENTEU,api.stlouisfed.org/fred/series/observations,raw/fred_OIL_BRENT__FRED.csv,market-extract-4.2,2026-08-11T11:03:48+00:00,200,date|value|realtime_start|realtime_end," Spot series, not futures; the level is not directly comparable with BZ=F"
2026-05-15,,False,,,OIL_BRENT__FRED,Brent Europe FOB spot,verify,spot,spot_fob,close,global,verify,9,113.96,USD_per_barrel,USD,,log_return,fred,DCOILBRENTEU,api.stlouisfed.org/fred/series/observations,raw/fred_OIL_BRENT__FRED.csv,market-extract-4.2,2026-08-11T11:03:48+00:00,200,date|value|realtime_start|realtime_end," Spot series, not futures; the level is not directly comparable with BZ=F"
2026-05-18,,False,,,OIL_BRENT__FRED,Brent Europe FOB spot,verify,spot,spot_fob,close,global,verify,9,116.73,USD_per_barrel,USD,,log_return,fred,DCOILBRENTEU,api.stlouisfed.org/fred/series/observations,raw/fred_OIL_BRENT__FRED.csv,market-extract-4.2,2026-08-11T11:03:48+00:00,200,date|value|realtime_start|realtime_end," Spot series, not futures; the level is not directly comparable with BZ=F"
2026-05-19,,False,,,OIL_BRENT__FRED,Brent Europe FOB spot,verify,spot,spot_fob,close,global,verify,9,114.64,USD_per_barrel,USD,,log_return,fred,DCOILBRENTEU,api.stlouisfed.org/fred/series/observations,raw/fred_OIL_BRENT__FRED.csv,market-extract-4.2,2026-08-11T11:03:48+00:00,200,date|value|realtime_start|realtime_end," Spot series, not futures; the level is not directly comparable with BZ=F"
2026-05-20,,False,,,OIL_BRENT__FRED,Brent Europe FOB spot,verify,spot,spot_fob,close,global,verify,9,108.93,USD_per_barrel,USD,,log_return,fred,DCOILBRENTEU,api.stlouisfed.org/fred/series/observations,raw/fred_OIL_BRENT__FRED.csv,market-extract-4.2,2026-08-11T11:03:48+00:00,200,date|value|realtime_start|realtime_end," Spot series, not futures; the level is not directly comparable with BZ=F"
2026-05-21,,False,,,OIL_BRENT__FRED,Brent Europe FOB spot,verify,spot,spot_fob,close,global,verify,9,105.84,USD_per_barrel,USD,,log_return,fred,DCOILBRENTEU,api.stlouisfed.org/fred/series/observations,raw/fred_OIL_BRENT__FRED.csv,market-extract-4.2,2026-08-11T11:03:48+00:00,200,date|value|realtime_start|realtime_end," Spot series, not futures; the level is not directly comparable with BZ=F"
2026-05-22,,False,,,OIL_BRENT__FRED,Brent Europe FOB spot,verify,spot,spot_fob,close,global,verify,9,106.9,USD_per_barrel,USD,,log_return,fred,DCOILBRENTEU,api.stlouisfed.org/fred/series/observations,raw/fred_OIL_BRENT__FRED.csv,market-extract-4.2,2026-08-11T11:03:48+00:00,200,date|value|realtime_start|realtime_end," Spot series, not futures; the level is not directly comparable with BZ=F"
2026-05-26,,False,,,OIL_BRENT__FRED,Brent Europe FOB spot,verify,spot,spot_fob,close,global,verify,9,102.75,USD_per_barrel,USD,,log_return,fred,DCOILBRENTEU,api.stlouisfed.org/fred/series/observations,raw/fred_OIL_BRENT__FRED.csv,market-extract-4.2,2026-08-11T11:03:48+00:00,200,date|value|realtime_start|realtime_end," Spot series, not futures; the level is not directly comparable with BZ=F"
2026-05-27,,False,,,OIL_BRENT__FRED,Brent Europe FOB spot,verify,spot,spot_fob,close,global,verify,9,97.11,USD_per_barrel,USD,,log_return,fred,DCOILBRENTEU,api.stlouisfed.org/fred/series/observations,raw/fred_OIL_BRENT__FRED.csv,market-extract-4.2,2026-08-11T11:03:48+00:00,200,date|value|realtime_start|realtime_end," Spot series, not futures; the level is not directly comparable with BZ=F"
2026-05-28,,False,,,OIL_BRENT__FRED,Brent Europe FOB spot,verify,spot,spot_fob,close,global,verify,9,95.47,USD_per_barrel,USD,,log_return,fred,DCOILBRENTEU,api.stlouisfed.org/fred/series/observations,raw/fred_OIL_BRENT__FRED.csv,market-extract-4.2,2026-08-11T11:03:48+00:00,200,date|value|realtime_start|realtime_end," Spot series, not futures; the level is not directly comparable with BZ=F"
2026-05-29,,False,,,OIL_BRENT__FRED,Brent Europe FOB spot,verify,spot,spot_fob,close,global,verify,9,92.88,USD_per_barrel,USD,,log_return,fred,DCOILBRENTEU,api.stlouisfed.org/fred/series/observations,raw/fred_OIL_BRENT__FRED.csv,market-extract-4.2,2026-08-11T11:03:48+00:00,200,date|value|realtime_start|realtime_end," Spot series, not futures; the level is not directly comparable with BZ=F"
2026-06-01,,False,,,OIL_BRENT__FRED,Brent Europe FOB spot,verify,spot,spot_fob,close,global,verify,9,98.29,USD_per_barrel,USD,,log_return,fred,DCOILBRENTEU,api.stlouisfed.org/fred/series/observations,raw/fred_OIL_BRENT__FRED.csv,market-extract-4.2,2026-08-11T11:03:48+00:00,200,date|value|realtime_start|realtime_end," Spot series, not futures; the level is not directly comparable with BZ=F"
2026-06-02,,False,,,OIL_BRENT__FRED,Brent Europe FOB spot,verify,spot,spot_fob,close,global,verify,9,98.49,USD_per_barrel,USD,,log_return,fred,DCOILBRENTEU,api.stlouisfed.org/fred/series/observations,raw/fred_OIL_BRENT__FRED.csv,market-extract-4.2,2026-08-11T11:03:48+00:00,200,date|value|realtime_start|realtime_end," Spot series, not futures; the level is not directly comparable with BZ=F"
2026-06-03,,False,,,OIL_BRENT__FRED,Brent Europe FOB spot,verify,spot,spot_fob,close,global,verify,9,101.69,USD_per_barrel,USD,,log_return,fred,DCOILBRENTEU,api.stlouisfed.org/fred/series/observations,raw/fred_OIL_BRENT__FRED.csv,market-extract-4.2,2026-08-11T11:03:48+00:00,200,date|value|realtime_start|realtime_end," Spot series, not futures; the level is not directly comparable with BZ=F"
2026-06-04,,False,,,OIL_BRENT__FRED,Brent Europe FOB spot,verify,spot,spot_fob,close,global,verify,9,98.98,USD_per_barrel,USD,,log_return,fred,DCOILBRENTEU,api.stlouisfed.org/fred/series/observations,raw/fred_OIL_BRENT__FRED.csv,market-extract-4.2,2026-08-11T11:03:48+00:00,200,date|value|realtime_start|realtime_end," Spot series, not futures; the level is not directly comparable with BZ=F"
2026-06-05,,False,,,OIL_BRENT__FRED,Brent Europe FOB spot,verify,spot,spot_fob,close,global,verify,9,97.29,USD_per_barrel,USD,,log_return,fred,DCOILBRENTEU,api.stlouisfed.org/fred/series/observations,raw/fred_OIL_BRENT__FRED.csv,market-extract-4.2,2026-08-11T11:03:48+00:00,200,date|value|realtime_start|realtime_end," Spot series, not futures; the level is not directly comparable with BZ=F"
2026-06-08,,False,,,OIL_BRENT__FRED,Brent Europe FOB spot,verify,spot,spot_fob,close,global,verify,9,97.46,USD_per_barrel,USD,,log_return,fred,DCOILBRENTEU,api.stlouisfed.org/fred/series/observations,raw/fred_OIL_BRENT__FRED.csv,market-extract-4.2,2026-08-11T11:03:48+00:00,200,date|value|realtime_start|realtime_end," Spot series, not futures; the level is not directly comparable with BZ=F"
2026-06-09,,False,,,OIL_BRENT__FRED,Brent Europe FOB spot,verify,spot,spot_fob,close,global,verify,9,94.15,USD_per_barrel,USD,,log_return,fred,DCOILBRENTEU,api.stlouisfed.org/fred/series/observations,raw/fred_OIL_BRENT__FRED.csv,market-extract-4.2,2026-08-11T11:03:48+00:00,200,date|value|realtime_start|realtime_end," Spot series, not futures; the level is not directly comparable with BZ=F"
2026-06-10,,False,,,OIL_BRENT__FRED,Brent Europe FOB spot,verify,spot,spot_fob,close,global,verify,9,95.73,USD_per_barrel,USD,,log_return,fred,DCOILBRENTEU,api.stlouisfed.org/fred/series/observations,raw/fred_OIL_BRENT__FRED.csv,market-extract-4.2,2026-08-11T11:03:48+00:00,200,date|value|realtime_start|realtime_end," Spot series, not futures; the level is not directly comparable with BZ=F"
2026-06-11,,False,,,OIL_BRENT__FRED,Brent Europe FOB spot,verify,spot,spot_fob,close,global,verify,9,92.84,USD_per_barrel,USD,,log_return,fred,DCOILBRENTEU,api.stlouisfed.org/fred/series/observations,raw/fred_OIL_BRENT__FRED.csv,market-extract-4.2,2026-08-11T11:03:48+00:00,200,date|value|realtime_start|realtime_end," Spot series, not futures; the level is not directly comparable with BZ=F"
2026-06-12,,False,,,OIL_BRENT__FRED,Brent Europe FOB spot,verify,spot,spot_fob,close,global,verify,9,88.64,USD_per_barrel,USD,,log_return,fred,DCOILBRENTEU,api.stlouisfed.org/fred/series/observations,raw/fred_OIL_BRENT__FRED.csv,market-extract-4.2,2026-08-11T11:03:48+00:00,200,date|value|realtime_start|realtime_end," Spot series, not futures; the level is not directly comparable with BZ=F"
2026-06-15,,False,,,OIL_BRENT__FRED,Brent Europe FOB spot,verify,spot,spot_fob,close,global,verify,9,84.36,USD_per_barrel,USD,,log_return,fred,DCOILBRENTEU,api.stlouisfed.org/fred/series/observations,raw/fred_OIL_BRENT__FRED.csv,market-extract-4.2,2026-08-11T11:03:48+00:00,200,date|value|realtime_start|realtime_end," Spot series, not futures; the level is not directly comparable with BZ=F"
2026-06-16,,False,,,OIL_BRENT__FRED,Brent Europe FOB spot,verify,spot,spot_fob,close,global,verify,9,80.5,USD_per_barrel,USD,,log_return,fred,DCOILBRENTEU,api.stlouisfed.org/fred/series/observations,raw/fred_OIL_BRENT__FRED.csv,market-extract-4.2,2026-08-11T11:03:48+00:00,200,date|value|realtime_start|realtime_end," Spot series, not futures; the level is not directly comparable with BZ=F"
2026-06-17,,False,,,OIL_BRENT__FRED,Brent Europe FOB spot,verify,spot,spot_fob,close,global,verify,9,80.33,USD_per_barrel,USD,,log_return,fred,DCOILBRENTEU,api.stlouisfed.org/fred/series/observations,raw/fred_OIL_BRENT__FRED.csv,market-extract-4.2,2026-08-11T11:03:48+00:00,200,date|value|realtime_start|realtime_end," Spot series, not futures; the level is not directly comparable with BZ=F"
2026-06-18,,False,,,OIL_BRENT__FRED,Brent Europe FOB spot,verify,spot,spot_fob,close,global,verify,9,79.35,USD_per_barrel,USD,,log_return,fred,DCOILBRENTEU,api.stlouisfed.org/fred/series/observations,raw/fred_OIL_BRENT__FRED.csv,market-extract-4.2,2026-08-11T11:03:48+00:00,200,date|value|realtime_start|realtime_end," Spot series, not futures; the level is not directly comparable with BZ=F"
2026-06-19,,False,,,OIL_BRENT__FRED,Brent Europe FOB spot,verify,spot,spot_fob,close,global,verify,9,80.46,USD_per_barrel,USD,,log_return,fred,DCOILBRENTEU,api.stlouisfed.org/fred/series/observations,raw/fred_OIL_BRENT__FRED.csv,market-extract-4.2,2026-08-11T11:03:48+00:00,200,date|value|realtime_start|realtime_end," Spot series, not futures; the level is not directly comparable with BZ=F"
2026-06-22,,False,,,OIL_BRENT__FRED,Brent Europe FOB spot,verify,spot,spot_fob,close,global,verify,9,76.49,USD_per_barrel,USD,,log_return,fred,DCOILBRENTEU,api.stlouisfed.org/fred/series/observations,raw/fred_OIL_BRENT__FRED.csv,market-extract-4.2,2026-08-11T11:03:48+00:00,200,date|value|realtime_start|realtime_end," Spot series, not futures; the level is not directly comparable with BZ=F"
2026-06-23,,False,,,OIL_BRENT__FRED,Brent Europe FOB spot,verify,spot,spot_fob,close,global,verify,9,75.69,USD_per_barrel,USD,,log_return,fred,DCOILBRENTEU,api.stlouisfed.org/fred/series/observations,raw/fred_OIL_BRENT__FRED.csv,market-extract-4.2,2026-08-11T11:03:48+00:00,200,date|value|realtime_start|realtime_end," Spot series, not futures; the level is not directly comparable with BZ=F"
2026-06-24,,False,,,OIL_BRENT__FRED,Brent Europe FOB spot,verify,spot,spot_fob,close,global,verify,9,72.09,USD_per_barrel,USD,,log_return,fred,DCOILBRENTEU,api.stlouisfed.org/fred/series/observations,raw/fred_OIL_BRENT__FRED.csv,market-extract-4.2,2026-08-11T11:03:48+00:00,200,date|value|realtime_start|realtime_end," Spot series, not futures; the level is not directly comparable with BZ=F"
2026-06-25,,False,,,OIL_BRENT__FRED,Brent Europe FOB spot,verify,spot,spot_fob,close,global,verify,9,73.74,USD_per_barrel,USD,,log_return,fred,DCOILBRENTEU,api.stlouisfed.org/fred/series/observations,raw/fred_OIL_BRENT__FRED.csv,market-extract-4.2,2026-08-11T11:03:48+00:00,200,date|value|realtime_start|realtime_end," Spot series, not futures; the level is not directly comparable with BZ=F"
2026-06-26,,False,,,OIL_BRENT__FRED,Brent Europe FOB spot,verify,spot,spot_fob,close,global,verify,9,70.16,USD_per_barrel,USD,,log_return,fred,DCOILBRENTEU,api.stlouisfed.org/fred/series/observations,raw/fred_OIL_BRENT__FRED.csv,market-extract-4.2,2026-08-11T11:03:48+00:00,200,date|value|realtime_start|realtime_end," Spot series, not futures; the level is not directly comparable with BZ=F"
2026-06-29,,False,,,OIL_BRENT__FRED,Brent Europe FOB spot,verify,spot,spot_fob,close,global,verify,9,71.59,USD_per_barrel,USD,,log_return,fred,DCOILBRENTEU,api.stlouisfed.org/fred/series/observations,raw/fred_OIL_BRENT__FRED.csv,market-extract-4.2,2026-08-11T11:03:48+00:00,200,date|value|realtime_start|realtime_end," Spot series, not futures; the level is not directly comparable with BZ=F"
2026-06-30,,False,,,OIL_BRENT__FRED,Brent Europe FOB spot,verify,spot,spot_fob,close,global,verify,9,70.46,USD_per_barrel,USD,,log_return,fred,DCOILBRENTEU,api.stlouisfed.org/fred/series/observations,raw/fred_OIL_BRENT__FRED.csv,market-extract-4.2,2026-08-11T11:03:48+00:00,200,date|value|realtime_start|realtime_end," Spot series, not futures; the level is not directly comparable with BZ=F"
2026-07-01,,False,,,OIL_BRENT__FRED,Brent Europe FOB spot,verify,spot,spot_fob,close,global,verify,9,69.24,USD_per_barrel,USD,,log_return,fred,DCOILBRENTEU,api.stlouisfed.org/fred/series/observations,raw/fred_OIL_BRENT__FRED.csv,market-extract-4.2,2026-08-11T11:03:48+00:00,200,date|value|realtime_start|realtime_end," Spot series, not futures; the level is not directly comparable with BZ=F"
2026-07-02,,False,,,OIL_BRENT__FRED,Brent Europe FOB spot,verify,spot,spot_fob,close,global,verify,9,68.53,USD_per_barrel,USD,,log_return,fred,DCOILBRENTEU,api.stlouisfed.org/fred/series/observations,raw/fred_OIL_BRENT__FRED.csv,market-extract-4.2,2026-08-11T11:03:48+00:00,200,date|value|realtime_start|realtime_end," Spot series, not futures; the level is not directly comparable with BZ=F"
2026-07-03,,False,,,OIL_BRENT__FRED,Brent Europe FOB spot,verify,spot,spot_fob,close,global,verify,9,68.68,USD_per_barrel,USD,,log_return,fred,DCOILBRENTEU,api.stlouisfed.org/fred/series/observations,raw/fred_OIL_BRENT__FRED.csv,market-extract-4.2,2026-08-11T11:03:48+00:00,200,date|value|realtime_start|realtime_end," Spot series, not futures; the level is not directly comparable with BZ=F"
2026-07-06,,False,,,OIL_BRENT__FRED,Brent Europe FOB spot,verify,spot,spot_fob,close,global,verify,9,69.56,USD_per_barrel,USD,,log_return,fred,DCOILBRENTEU,api.stlouisfed.org/fred/series/observations,raw/fred_OIL_BRENT__FRED.csv,market-extract-4.2,2026-08-11T11:03:48+00:00,200,date|value|realtime_start|realtime_end," Spot series, not futures; the level is not directly comparable with BZ=F"
2026-07-07,,False,,,OIL_BRENT__FRED,Brent Europe FOB spot,verify,spot,spot_fob,close,global,verify,9,71.78,USD_per_barrel,USD,,log_return,fred,DCOILBRENTEU,api.stlouisfed.org/fred/series/observations,raw/fred_OIL_BRENT__FRED.csv,market-extract-4.2,2026-08-11T11:03:48+00:00,200,date|value|realtime_start|realtime_end," Spot series, not futures; the level is not directly comparable with BZ=F"
2026-07-08,,False,,,OIL_BRENT__FRED,Brent Europe FOB spot,verify,spot,spot_fob,close,global,verify,9,76.5,USD_per_barrel,USD,,log_return,fred,DCOILBRENTEU,api.stlouisfed.org/fred/series/observations,raw/fred_OIL_BRENT__FRED.csv,market-extract-4.2,2026-08-11T11:03:48+00:00,200,date|value|realtime_start|realtime_end," Spot series, not futures; the level is not directly comparable with BZ=F"
2026-07-09,,False,,,OIL_BRENT__FRED,Brent Europe FOB spot,verify,spot,spot_fob,close,global,verify,9,74.46,USD_per_barrel,USD,,log_return,fred,DCOILBRENTEU,api.stlouisfed.org/fred/series/observations,raw/fred_OIL_BRENT__FRED.csv,market-extract-4.2,2026-08-11T11:03:48+00:00,200,date|value|realtime_start|realtime_end," Spot series, not futures; the level is not directly comparable with BZ=F"
2026-07-10,,False,,,OIL_BRENT__FRED,Brent Europe FOB spot,verify,spot,spot_fob,close,global,verify,9,74.34,USD_per_barrel,USD,,log_return,fred,DCOILBRENTEU,api.stlouisfed.org/fred/series/observations,raw/fred_OIL_BRENT__FRED.csv,market-extract-4.2,2026-08-11T11:03:48+00:00,200,date|value|realtime_start|realtime_end," Spot series, not futures; the level is not directly comparable with BZ=F"
2026-07-13,,False,,,OIL_BRENT__FRED,Brent Europe FOB spot,verify,spot,spot_fob,close,global,verify,9,81.62,USD_per_barrel,USD,,log_return,fred,DCOILBRENTEU,api.stlouisfed.org/fred/series/observations,raw/fred_OIL_BRENT__FRED.csv,market-extract-4.2,2026-08-11T11:03:48+00:00,200,date|value|realtime_start|realtime_end," Spot series, not futures; the level is not directly comparable with BZ=F"
2026-07-14,,False,,,OIL_BRENT__FRED,Brent Europe FOB spot,verify,spot,spot_fob,close,global,verify,9,83.69,USD_per_barrel,USD,,log_return,fred,DCOILBRENTEU,api.stlouisfed.org/fred/series/observations,raw/fred_OIL_BRENT__FRED.csv,market-extract-4.2,2026-08-11T11:03:48+00:00,200,date|value|realtime_start|realtime_end," Spot series, not futures; the level is not directly comparable with BZ=F"
2026-07-15,,False,,,OIL_BRENT__FRED,Brent Europe FOB spot,verify,spot,spot_fob,close,global,verify,9,83.08,USD_per_barrel,USD,,log_return,fred,DCOILBRENTEU,api.stlouisfed.org/fred/series/observations,raw/fred_OIL_BRENT__FRED.csv,market-extract-4.2,2026-08-11T11:03:48+00:00,200,date|value|realtime_start|realtime_end," Spot series, not futures; the level is not directly comparable with BZ=F"
2026-07-16,,False,,,OIL_BRENT__FRED,Brent Europe FOB spot,verify,spot,spot_fob,close,global,verify,9,81.23,USD_per_barrel,USD,,log_return,fred,DCOILBRENTEU,api.stlouisfed.org/fred/series/observations,raw/fred_OIL_BRENT__FRED.csv,market-extract-4.2,2026-08-11T11:03:48+00:00,200,date|value|realtime_start|realtime_end," Spot series, not futures; the level is not directly comparable with BZ=F"
2026-07-17,,False,,,OIL_BRENT__FRED,Brent Europe FOB spot,verify,spot,spot_fob,close,global,verify,9,85.01,USD_per_barrel,USD,,log_return,fred,DCOILBRENTEU,api.stlouisfed.org/fred/series/observations,raw/fred_OIL_BRENT__FRED.csv,market-extract-4.2,2026-08-11T11:03:48+00:00,200,date|value|realtime_start|realtime_end," Spot series, not futures; the level is not directly comparable with BZ=F"
2026-07-20,,False,,,OIL_BRENT__FRED,Brent Europe FOB spot,verify,spot,spot_fob,close,global,verify,9,86.99,USD_per_barrel,USD,,log_return,fred,DCOILBRENTEU,api.stlouisfed.org/fred/series/observations,raw/fred_OIL_BRENT__FRED.csv,market-extract-4.2,2026-08-11T11:03:48+00:00,200,date|value|realtime_start|realtime_end," Spot series, not futures; the level is not directly comparable with BZ=F"
2026-07-21,,False,,,OIL_BRENT__FRED,Brent Europe FOB spot,verify,spot,spot_fob,close,global,verify,9,93.85,USD_per_barrel,USD,,log_return,fred,DCOILBRENTEU,api.stlouisfed.org/fred/series/observations,raw/fred_OIL_BRENT__FRED.csv,market-extract-4.2,2026-08-11T11:03:48+00:00,200,date|value|realtime_start|realtime_end," Spot series, not futures; the level is not directly comparable with BZ=F"
2026-07-22,,False,,,OIL_BRENT__FRED,Brent Europe FOB spot,verify,spot,spot_fob,close,global,verify,9,94.12,USD_per_barrel,USD,,log_return,fred,DCOILBRENTEU,api.stlouisfed.org/fred/series/observations,raw/fred_OIL_BRENT__FRED.csv,market-extract-4.2,2026-08-11T11:03:48+00:00,200,date|value|realtime_start|realtime_end," Spot series, not futures; the level is not directly comparable with BZ=F"
2026-03-02,,False,,,OIL_WTI__FRED,WTI Cushing spot,verify,spot,spot_cushing,close,global,verify,9,71.13,USD_per_barrel,USD,,log_return,fred,DCOILWTICO,api.stlouisfed.org/fred/series/observations,raw/fred_OIL_WTI__FRED.csv,market-extract-4.2,2026-08-11T11:03:48+00:00,200,date|value|realtime_start|realtime_end,
2026-03-03,,False,,,OIL_WTI__FRED,WTI Cushing spot,verify,spot,spot_cushing,close,global,verify,9,74.48,USD_per_barrel,USD,,log_return,fred,DCOILWTICO,api.stlouisfed.org/fred/series/observations,raw/fred_OIL_WTI__FRED.csv,market-extract-4.2,2026-08-11T11:03:48+00:00,200,date|value|realtime_start|realtime_end,
2026-03-04,,False,,,OIL_WTI__FRED,WTI Cushing spot,verify,spot,spot_cushing,close,global,verify,9,74.58,USD_per_barrel,USD,,log_return,fred,DCOILWTICO,api.stlouisfed.org/fred/series/observations,raw/fred_OIL_WTI__FRED.csv,market-extract-4.2,2026-08-11T11:03:48+00:00,200,date|value|realtime_start|realtime_end,
2026-03-05,,False,,,OIL_WTI__FRED,WTI Cushing spot,verify,spot,spot_cushing,close,global,verify,9,80.88,USD_per_barrel,USD,,log_return,fred,DCOILWTICO,api.stlouisfed.org/fred/series/observations,raw/fred_OIL_WTI__FRED.csv,market-extract-4.2,2026-08-11T11:03:48+00:00,200,date|value|realtime_start|realtime_end,
2026-03-06,,False,,,OIL_WTI__FRED,WTI Cushing spot,verify,spot,spot_cushing,close,global,verify,9,90.77,USD_per_barrel,USD,,log_return,fred,DCOILWTICO,api.stlouisfed.org/fred/series/observations,raw/fred_OIL_WTI__FRED.csv,market-extract-4.2,2026-08-11T11:03:48+00:00,200,date|value|realtime_start|realtime_end,
2026-03-09,,False,,,OIL_WTI__FRED,WTI Cushing spot,verify,spot,spot_cushing,close,global,verify,9,94.65,USD_per_barrel,USD,,log_return,fred,DCOILWTICO,api.stlouisfed.org/fred/series/observations,raw/fred_OIL_WTI__FRED.csv,market-extract-4.2,2026-08-11T11:03:48+00:00,200,date|value|realtime_start|realtime_end,
2026-03-10,,False,,,OIL_WTI__FRED,WTI Cushing spot,verify,spot,spot_cushing,close,global,verify,9,83.71,USD_per_barrel,USD,,log_return,fred,DCOILWTICO,api.stlouisfed.org/fred/series/observations,raw/fred_OIL_WTI__FRED.csv,market-extract-4.2,2026-08-11T11:03:48+00:00,200,date|value|realtime_start|realtime_end,
2026-03-11,,False,,,OIL_WTI__FRED,WTI Cushing spot,verify,spot,spot_cushing,close,global,verify,9,86.8,USD_per_barrel,USD,,log_return,fred,DCOILWTICO,api.stlouisfed.org/fred/series/observations,raw/fred_OIL_WTI__FRED.csv,market-extract-4.2,2026-08-11T11:03:48+00:00,200,date|value|realtime_start|realtime_end,
2026-03-12,,False,,,OIL_WTI__FRED,WTI Cushing spot,verify,spot,spot_cushing,close,global,verify,9,95.61,USD_per_barrel,USD,,log_return,fred,DCOILWTICO,api.stlouisfed.org/fred/series/observations,raw/fred_OIL_WTI__FRED.csv,market-extract-4.2,2026-08-11T11:03:48+00:00,200,date|value|realtime_start|realtime_end,
2026-03-13,,False,,,OIL_WTI__FRED,WTI Cushing spot,verify,spot,spot_cushing,close,global,verify,9,98.48,USD_per_barrel,USD,,log_return,fred,DCOILWTICO,api.stlouisfed.org/fred/series/observations,raw/fred_OIL_WTI__FRED.csv,market-extract-4.2,2026-08-11T11:03:48+00:00,200,date|value|realtime_start|realtime_end,
2026-03-16,,False,,,OIL_WTI__FRED,WTI Cushing spot,verify,spot,spot_cushing,close,global,verify,9,93.39,USD_per_barrel,USD,,log_return,fred,DCOILWTICO,api.stlouisfed.org/fred/series/observations,raw/fred_OIL_WTI__FRED.csv,market-extract-4.2,2026-08-11T11:03:48+00:00,200,date|value|realtime_start|realtime_end,
2026-03-17,,False,,,OIL_WTI__FRED,WTI Cushing spot,verify,spot,spot_cushing,close,global,verify,9,96.01,USD_per_barrel,USD,,log_return,fred,DCOILWTICO,api.stlouisfed.org/fred/series/observations,raw/fred_OIL_WTI__FRED.csv,market-extract-4.2,2026-08-11T11:03:48+00:00,200,date|value|realtime_start|realtime_end,
2026-03-18,,False,,,OIL_WTI__FRED,WTI Cushing spot,verify,spot,spot_cushing,close,global,verify,9,96.12,USD_per_barrel,USD,,log_return,fred,DCOILWTICO,api.stlouisfed.org/fred/series/observations,raw/fred_OIL_WTI__FRED.csv,market-extract-4.2,2026-08-11T11:03:48+00:00,200,date|value|realtime_start|realtime_end,
2026-03-19,,False,,,OIL_WTI__FRED,WTI Cushing spot,verify,spot,spot_cushing,close,global,verify,9,96.11,USD_per_barrel,USD,,log_return,fred,DCOILWTICO,api.stlouisfed.org/fred/series/observations,raw/fred_OIL_WTI__FRED.csv,market-extract-4.2,2026-08-11T11:03:48+00:00,200,date|value|realtime_start|realtime_end,
2026-03-20,,False,,,OIL_WTI__FRED,WTI Cushing spot,verify,spot,spot_cushing,close,global,verify,9,98.71,USD_per_barrel,USD,,log_return,fred,DCOILWTICO,api.stlouisfed.org/fred/series/observations,raw/fred_OIL_WTI__FRED.csv,market-extract-4.2,2026-08-11T11:03:48+00:00,200,date|value|realtime_start|realtime_end,
2026-03-23,,False,,,OIL_WTI__FRED,WTI Cushing spot,verify,spot,spot_cushing,close,global,verify,9,89.33,USD_per_barrel,USD,,log_return,fred,DCOILWTICO,api.stlouisfed.org/fred/series/observations,raw/fred_OIL_WTI__FRED.csv,market-extract-4.2,2026-08-11T11:03:48+00:00,200,date|value|realtime_start|realtime_end,
2026-03-24,,False,,,OIL_WTI__FRED,WTI Cushing spot,verify,spot,spot_cushing,close,global,verify,9,93.18,USD_per_barrel,USD,,log_return,fred,DCOILWTICO,api.stlouisfed.org/fred/series/observations,raw/fred_OIL_WTI__FRED.csv,market-extract-4.2,2026-08-11T11:03:48+00:00,200,date|value|realtime_start|realtime_end,
2026-03-25,,False,,,OIL_WTI__FRED,WTI Cushing spot,verify,spot,spot_cushing,close,global,verify,9,91.51,USD_per_barrel,USD,,log_return,fred,DCOILWTICO,api.stlouisfed.org/fred/series/observations,raw/fred_OIL_WTI__FRED.csv,market-extract-4.2,2026-08-11T11:03:48+00:00,200,date|value|realtime_start|realtime_end,
2026-03-26,,False,,,OIL_WTI__FRED,WTI Cushing spot,verify,spot,spot_cushing,close,global,verify,9,96.18,USD_per_barrel,USD,,log_return,fred,DCOILWTICO,api.stlouisfed.org/fred/series/observations,raw/fred_OIL_WTI__FRED.csv,market-extract-4.2,2026-08-11T11:03:48+00:00,200,date|value|realtime_start|realtime_end,
2026-03-27,,False,,,OIL_WTI__FRED,WTI Cushing spot,verify,spot,spot_cushing,close,global,verify,9,101.26,USD_per_barrel,USD,,log_return,fred,DCOILWTICO,api.stlouisfed.org/fred/series/observations,raw/fred_OIL_WTI__FRED.csv,market-extract-4.2,2026-08-11T11:03:48+00:00,200,date|value|realtime_start|realtime_end,
2026-03-30,,False,,,OIL_WTI__FRED,WTI Cushing spot,verify,spot,spot_cushing,close,global,verify,9,104.69,USD_per_barrel,USD,,log_return,fred,DCOILWTICO,api.stlouisfed.org/fred/series/observations,raw/fred_OIL_WTI__FRED.csv,market-extract-4.2,2026-08-11T11:03:48+00:00,200,date|value|realtime_start|realtime_end,
2026-03-31,,False,,,OIL_WTI__FRED,WTI Cushing spot,verify,spot,spot_cushing,close,global,verify,9,102.86,USD_per_barrel,USD,,log_return,fred,DCOILWTICO,api.stlouisfed.org/fred/series/observations,raw/fred_OIL_WTI__FRED.csv,market-extract-4.2,2026-08-11T11:03:48+00:00,200,date|value|realtime_start|realtime_end,
2026-04-01,,False,,,OIL_WTI__FRED,WTI Cushing spot,verify,spot,spot_cushing,close,global,verify,9,101.9,USD_per_barrel,USD,,log_return,fred,DCOILWTICO,api.stlouisfed.org/fred/series/observations,raw/fred_OIL_WTI__FRED.csv,market-extract-4.2,2026-08-11T11:03:48+00:00,200,date|value|realtime_start|realtime_end,
2026-04-02,,False,,,OIL_WTI__FRED,WTI Cushing spot,verify,spot,spot_cushing,close,global,verify,9,113.23,USD_per_barrel,USD,,log_return,fred,DCOILWTICO,api.stlouisfed.org/fred/series/observations,raw/fred_OIL_WTI__FRED.csv,market-extract-4.2,2026-08-11T11:03:48+00:00,200,date|value|realtime_start|realtime_end,
2026-04-06,,False,,,OIL_WTI__FRED,WTI Cushing spot,verify,spot,spot_cushing,close,global,verify,9,114.01,USD_per_barrel,USD,,log_return,fred,DCOILWTICO,api.stlouisfed.org/fred/series/observations,raw/fred_OIL_WTI__FRED.csv,market-extract-4.2,2026-08-11T11:03:48+00:00,200,date|value|realtime_start|realtime_end,
2026-04-07,,False,,,OIL_WTI__FRED,WTI Cushing spot,verify,spot,spot_cushing,close,global,verify,9,114.58,USD_per_barrel,USD,,log_return,fred,DCOILWTICO,api.stlouisfed.org/fred/series/observations,raw/fred_OIL_WTI__FRED.csv,market-extract-4.2,2026-08-11T11:03:48+00:00,200,date|value|realtime_start|realtime_end,
2026-04-08,,False,,,OIL_WTI__FRED,WTI Cushing spot,verify,spot,spot_cushing,close,global,verify,9,96.17,USD_per_barrel,USD,,log_return,fred,DCOILWTICO,api.stlouisfed.org/fred/series/observations,raw/fred_OIL_WTI__FRED.csv,market-extract-4.2,2026-08-11T11:03:48+00:00,200,date|value|realtime_start|realtime_end,
2026-04-09,,False,,,OIL_WTI__FRED,WTI Cushing spot,verify,spot,spot_cushing,close,global,verify,9,99.62,USD_per_barrel,USD,,log_return,fred,DCOILWTICO,api.stlouisfed.org/fred/series/observations,raw/fred_OIL_WTI__FRED.csv,market-extract-4.2,2026-08-11T11:03:48+00:00,200,date|value|realtime_start|realtime_end,
2026-04-10,,False,,,OIL_WTI__FRED,WTI Cushing spot,verify,spot,spot_cushing,close,global,verify,9,98.34,USD_per_barrel,USD,,log_return,fred,DCOILWTICO,api.stlouisfed.org/fred/series/observations,raw/fred_OIL_WTI__FRED.csv,market-extract-4.2,2026-08-11T11:03:48+00:00,200,date|value|realtime_start|realtime_end,
2026-04-13,,False,,,OIL_WTI__FRED,WTI Cushing spot,verify,spot,spot_cushing,close,global,verify,9,100.72,USD_per_barrel,USD,,log_return,fred,DCOILWTICO,api.stlouisfed.org/fred/series/observations,raw/fred_OIL_WTI__FRED.csv,market-extract-4.2,2026-08-11T11:03:48+00:00,200,date|value|realtime_start|realtime_end,
2026-04-14,,False,,,OIL_WTI__FRED,WTI Cushing spot,verify,spot,spot_cushing,close,global,verify,9,93.07,USD_per_barrel,USD,,log_return,fred,DCOILWTICO,api.stlouisfed.org/fred/series/observations,raw/fred_OIL_WTI__FRED.csv,market-extract-4.2,2026-08-11T11:03:48+00:00,200,date|value|realtime_start|realtime_end,
2026-04-15,,False,,,OIL_WTI__FRED,WTI Cushing spot,verify,spot,spot_cushing,close,global,verify,9,93.04,USD_per_barrel,USD,,log_return,fred,DCOILWTICO,api.stlouisfed.org/fred/series/observations,raw/fred_OIL_WTI__FRED.csv,market-extract-4.2,2026-08-11T11:03:48+00:00,200,date|value|realtime_start|realtime_end,
2026-04-16,,False,,,OIL_WTI__FRED,WTI Cushing spot,verify,spot,spot_cushing,close,global,verify,9,96.46,USD_per_barrel,USD,,log_return,fred,DCOILWTICO,api.stlouisfed.org/fred/series/observations,raw/fred_OIL_WTI__FRED.csv,market-extract-4.2,2026-08-11T11:03:48+00:00,200,date|value|realtime_start|realtime_end,
2026-04-17,,False,,,OIL_WTI__FRED,WTI Cushing spot,verify,spot,spot_cushing,close,global,verify,9,85.91,USD_per_barrel,USD,,log_return,fred,DCOILWTICO,api.stlouisfed.org/fred/series/observations,raw/fred_OIL_WTI__FRED.csv,market-extract-4.2,2026-08-11T11:03:48+00:00,200,date|value|realtime_start|realtime_end,
2026-04-20,,False,,,OIL_WTI__FRED,WTI Cushing spot,verify,spot,spot_cushing,close,global,verify,9,91.06,USD_per_barrel,USD,,log_return,fred,DCOILWTICO,api.stlouisfed.org/fred/series/observations,raw/fred_OIL_WTI__FRED.csv,market-extract-4.2,2026-08-11T11:03:48+00:00,200,date|value|realtime_start|realtime_end,
2026-04-21,,False,,,OIL_WTI__FRED,WTI Cushing spot,verify,spot,spot_cushing,close,global,verify,9,93.64,USD_per_barrel,USD,,log_return,fred,DCOILWTICO,api.stlouisfed.org/fred/series/observations,raw/fred_OIL_WTI__FRED.csv,market-extract-4.2,2026-08-11T11:03:48+00:00,200,date|value|realtime_start|realtime_end,
2026-04-22,,False,,,OIL_WTI__FRED,WTI Cushing spot,verify,spot,spot_cushing,close,global,verify,9,94.76,USD_per_barrel,USD,,log_return,fred,DCOILWTICO,api.stlouisfed.org/fred/series/observations,raw/fred_OIL_WTI__FRED.csv,market-extract-4.2,2026-08-11T11:03:48+00:00,200,date|value|realtime_start|realtime_end,
2026-04-23,,False,,,OIL_WTI__FRED,WTI Cushing spot,verify,spot,spot_cushing,close,global,verify,9,99.27,USD_per_barrel,USD,,log_return,fred,DCOILWTICO,api.stlouisfed.org/fred/series/observations,raw/fred_OIL_WTI__FRED.csv,market-extract-4.2,2026-08-11T11:03:48+00:00,200,date|value|realtime_start|realtime_end,
2026-04-24,,False,,,OIL_WTI__FRED,WTI Cushing spot,verify,spot,spot_cushing,close,global,verify,9,98.42,USD_per_barrel,USD,,log_return,fred,DCOILWTICO,api.stlouisfed.org/fred/series/observations,raw/fred_OIL_WTI__FRED.csv,market-extract-4.2,2026-08-11T11:03:48+00:00,200,date|value|realtime_start|realtime_end,
2026-04-27,,False,,,OIL_WTI__FRED,WTI Cushing spot,verify,spot,spot_cushing,close,global,verify,9,99.89,USD_per_barrel,USD,,log_return,fred,DCOILWTICO,api.stlouisfed.org/fred/series/observations,raw/fred_OIL_WTI__FRED.csv,market-extract-4.2,2026-08-11T11:03:48+00:00,200,date|value|realtime_start|realtime_end,
2026-04-28,,False,,,OIL_WTI__FRED,WTI Cushing spot,verify,spot,spot_cushing,close,global,verify,9,103.45,USD_per_barrel,USD,,log_return,fred,DCOILWTICO,api.stlouisfed.org/fred/series/observations,raw/fred_OIL_WTI__FRED.csv,market-extract-4.2,2026-08-11T11:03:48+00:00,200,date|value|realtime_start|realtime_end,
2026-04-29,,False,,,OIL_WTI__FRED,WTI Cushing spot,verify,spot,spot_cushing,close,global,verify,9,110.47,USD_per_barrel,USD,,log_return,fred,DCOILWTICO,api.stlouisfed.org/fred/series/observations,raw/fred_OIL_WTI__FRED.csv,market-extract-4.2,2026-08-11T11:03:48+00:00,200,date|value|realtime_start|realtime_end,
2026-04-30,,False,,,OIL_WTI__FRED,WTI Cushing spot,verify,spot,spot_cushing,close,global,verify,9,108.64,USD_per_barrel,USD,,log_return,fred,DCOILWTICO,api.stlouisfed.org/fred/series/observations,raw/fred_OIL_WTI__FRED.csv,market-extract-4.2,2026-08-11T11:03:48+00:00,200,date|value|realtime_start|realtime_end,
2026-05-01,,False,,,OIL_WTI__FRED,WTI Cushing spot,verify,spot,spot_cushing,close,global,verify,9,105.38,USD_per_barrel,USD,,log_return,fred,DCOILWTICO,api.stlouisfed.org/fred/series/observations,raw/fred_OIL_WTI__FRED.csv,market-extract-4.2,2026-08-11T11:03:48+00:00,200,date|value|realtime_start|realtime_end,
2026-05-04,,False,,,OIL_WTI__FRED,WTI Cushing spot,verify,spot,spot_cushing,close,global,verify,9,109.76,USD_per_barrel,USD,,log_return,fred,DCOILWTICO,api.stlouisfed.org/fred/series/observations,raw/fred_OIL_WTI__FRED.csv,market-extract-4.2,2026-08-11T11:03:48+00:00,200,date|value|realtime_start|realtime_end,
2026-05-05,,False,,,OIL_WTI__FRED,WTI Cushing spot,verify,spot,spot_cushing,close,global,verify,9,105.66,USD_per_barrel,USD,,log_return,fred,DCOILWTICO,api.stlouisfed.org/fred/series/observations,raw/fred_OIL_WTI__FRED.csv,market-extract-4.2,2026-08-11T11:03:48+00:00,200,date|value|realtime_start|realtime_end,
2026-05-06,,False,,,OIL_WTI__FRED,WTI Cushing spot,verify,spot,spot_cushing,close,global,verify,9,98.75,USD_per_barrel,USD,,log_return,fred,DCOILWTICO,api.stlouisfed.org/fred/series/observations,raw/fred_OIL_WTI__FRED.csv,market-extract-4.2,2026-08-11T11:03:48+00:00,200,date|value|realtime_start|realtime_end,
2026-05-07,,False,,,OIL_WTI__FRED,WTI Cushing spot,verify,spot,spot_cushing,close,global,verify,9,98.38,USD_per_barrel,USD,,log_return,fred,DCOILWTICO,api.stlouisfed.org/fred/series/observations,raw/fred_OIL_WTI__FRED.csv,market-extract-4.2,2026-08-11T11:03:48+00:00,200,date|value|realtime_start|realtime_end,
2026-05-08,,False,,,OIL_WTI__FRED,WTI Cushing spot,verify,spot,spot_cushing,close,global,verify,9,98.87,USD_per_barrel,USD,,log_return,fred,DCOILWTICO,api.stlouisfed.org/fred/series/observations,raw/fred_OIL_WTI__FRED.csv,market-extract-4.2,2026-08-11T11:03:48+00:00,200,date|value|realtime_start|realtime_end,
2026-05-11,,False,,,OIL_WTI__FRED,WTI Cushing spot,verify,spot,spot_cushing,close,global,verify,9,101.56,USD_per_barrel,USD,,log_return,fred,DCOILWTICO,api.stlouisfed.org/fred/series/observations,raw/fred_OIL_WTI__FRED.csv,market-extract-4.2,2026-08-11T11:03:48+00:00,200,date|value|realtime_start|realtime_end,
2026-05-12,,False,,,OIL_WTI__FRED,WTI Cushing spot,verify,spot,spot_cushing,close,global,verify,9,105.78,USD_per_barrel,USD,,log_return,fred,DCOILWTICO,api.stlouisfed.org/fred/series/observations,raw/fred_OIL_WTI__FRED.csv,market-extract-4.2,2026-08-11T11:03:48+00:00,200,date|value|realtime_start|realtime_end,
2026-05-13,,False,,,OIL_WTI__FRED,WTI Cushing spot,verify,spot,spot_cushing,close,global,verify,9,104.52,USD_per_barrel,USD,,log_return,fred,DCOILWTICO,api.stlouisfed.org/fred/series/observations,raw/fred_OIL_WTI__FRED.csv,market-extract-4.2,2026-08-11T11:03:48+00:00,200,date|value|realtime_start|realtime_end,
2026-05-14,,False,,,OIL_WTI__FRED,WTI Cushing spot,verify,spot,spot_cushing,close,global,verify,9,104.66,USD_per_barrel,USD,,log_return,fred,DCOILWTICO,api.stlouisfed.org/fred/series/observations,raw/fred_OIL_WTI__FRED.csv,market-extract-4.2,2026-08-11T11:03:48+00:00,200,date|value|realtime_start|realtime_end,
2026-05-15,,False,,,OIL_WTI__FRED,WTI Cushing spot,verify,spot,spot_cushing,close,global,verify,9,108.99,USD_per_barrel,USD,,log_return,fred,DCOILWTICO,api.stlouisfed.org/fred/series/observations,raw/fred_OIL_WTI__FRED.csv,market-extract-4.2,2026-08-11T11:03:48+00:00,200,date|value|realtime_start|realtime_end,
2026-05-18,,False,,,OIL_WTI__FRED,WTI Cushing spot,verify,spot,spot_cushing,close,global,verify,9,112.25,USD_per_barrel,USD,,log_return,fred,DCOILWTICO,api.stlouisfed.org/fred/series/observations,raw/fred_OIL_WTI__FRED.csv,market-extract-4.2,2026-08-11T11:03:48+00:00,200,date|value|realtime_start|realtime_end,
2026-05-19,,False,,,OIL_WTI__FRED,WTI Cushing spot,verify,spot,spot_cushing,close,global,verify,9,112.09,USD_per_barrel,USD,,log_return,fred,DCOILWTICO,api.stlouisfed.org/fred/series/observations,raw/fred_OIL_WTI__FRED.csv,market-extract-4.2,2026-08-11T11:03:48+00:00,200,date|value|realtime_start|realtime_end,
2026-05-20,,False,,,OIL_WTI__FRED,WTI Cushing spot,verify,spot,spot_cushing,close,global,verify,9,101.69,USD_per_barrel,USD,,log_return,fred,DCOILWTICO,api.stlouisfed.org/fred/series/observations,raw/fred_OIL_WTI__FRED.csv,market-extract-4.2,2026-08-11T11:03:48+00:00,200,date|value|realtime_start|realtime_end,
2026-05-21,,False,,,OIL_WTI__FRED,WTI Cushing spot,verify,spot,spot_cushing,close,global,verify,9,100.2,USD_per_barrel,USD,,log_return,fred,DCOILWTICO,api.stlouisfed.org/fred/series/observations,raw/fred_OIL_WTI__FRED.csv,market-extract-4.2,2026-08-11T11:03:48+00:00,200,date|value|realtime_start|realtime_end,
2026-05-22,,False,,,OIL_WTI__FRED,WTI Cushing spot,verify,spot,spot_cushing,close,global,verify,9,100.35,USD_per_barrel,USD,,log_return,fred,DCOILWTICO,api.stlouisfed.org/fred/series/observations,raw/fred_OIL_WTI__FRED.csv,market-extract-4.2,2026-08-11T11:03:48+00:00,200,date|value|realtime_start|realtime_end,
2026-05-26,,False,,,OIL_WTI__FRED,WTI Cushing spot,verify,spot,spot_cushing,close,global,verify,9,97.63,USD_per_barrel,USD,,log_return,fred,DCOILWTICO,api.stlouisfed.org/fred/series/observations,raw/fred_OIL_WTI__FRED.csv,market-extract-4.2,2026-08-11T11:03:48+00:00,200,date|value|realtime_start|realtime_end,
2026-05-27,,False,,,OIL_WTI__FRED,WTI Cushing spot,verify,spot,spot_cushing,close,global,verify,9,92.35,USD_per_barrel,USD,,log_return,fred,DCOILWTICO,api.stlouisfed.org/fred/series/observations,raw/fred_OIL_WTI__FRED.csv,market-extract-4.2,2026-08-11T11:03:48+00:00,200,date|value|realtime_start|realtime_end,
2026-05-28,,False,,,OIL_WTI__FRED,WTI Cushing spot,verify,spot,spot_cushing,close,global,verify,9,92.65,USD_per_barrel,USD,,log_return,fred,DCOILWTICO,api.stlouisfed.org/fred/series/observations,raw/fred_OIL_WTI__FRED.csv,market-extract-4.2,2026-08-11T11:03:48+00:00,200,date|value|realtime_start|realtime_end,
2026-05-29,,False,,,OIL_WTI__FRED,WTI Cushing spot,verify,spot,spot_cushing,close,global,verify,9,91.16,USD_per_barrel,USD,,log_return,fred,DCOILWTICO,api.stlouisfed.org/fred/series/observations,raw/fred_OIL_WTI__FRED.csv,market-extract-4.2,2026-08-11T11:03:48+00:00,200,date|value|realtime_start|realtime_end,
2026-06-01,,False,,,OIL_WTI__FRED,WTI Cushing spot,verify,spot,spot_cushing,close,global,verify,9,95.96,USD_per_barrel,USD,,log_return,fred,DCOILWTICO,api.stlouisfed.org/fred/series/observations,raw/fred_OIL_WTI__FRED.csv,market-extract-4.2,2026-08-11T11:03:48+00:00,200,date|value|realtime_start|realtime_end,
2026-06-02,,False,,,OIL_WTI__FRED,WTI Cushing spot,verify,spot,spot_cushing,close,global,verify,9,97.47,USD_per_barrel,USD,,log_return,fred,DCOILWTICO,api.stlouisfed.org/fred/series/observations,raw/fred_OIL_WTI__FRED.csv,market-extract-4.2,2026-08-11T11:03:48+00:00,200,date|value|realtime_start|realtime_end,
2026-06-03,,False,,,OIL_WTI__FRED,WTI Cushing spot,verify,spot,spot_cushing,close,global,verify,9,99.76,USD_per_barrel,USD,,log_return,fred,DCOILWTICO,api.stlouisfed.org/fred/series/observations,raw/fred_OIL_WTI__FRED.csv,market-extract-4.2,2026-08-11T11:03:48+00:00,200,date|value|realtime_start|realtime_end,
2026-06-04,,False,,,OIL_WTI__FRED,WTI Cushing spot,verify,spot,spot_cushing,close,global,verify,9,96.83,USD_per_barrel,USD,,log_return,fred,DCOILWTICO,api.stlouisfed.org/fred/series/observations,raw/fred_OIL_WTI__FRED.csv,market-extract-4.2,2026-08-11T11:03:48+00:00,200,date|value|realtime_start|realtime_end,
2026-06-05,,False,,,OIL_WTI__FRED,WTI Cushing spot,verify,spot,spot_cushing,close,global,verify,9,94.32,USD_per_barrel,USD,,log_return,fred,DCOILWTICO,api.stlouisfed.org/fred/series/observations,raw/fred_OIL_WTI__FRED.csv,market-extract-4.2,2026-08-11T11:03:48+00:00,200,date|value|realtime_start|realtime_end,
2026-06-08,,False,,,OIL_WTI__FRED,WTI Cushing spot,verify,spot,spot_cushing,close,global,verify,9,95.0,USD_per_barrel,USD,,log_return,fred,DCOILWTICO,api.stlouisfed.org/fred/series/observations,raw/fred_OIL_WTI__FRED.csv,market-extract-4.2,2026-08-11T11:03:48+00:00,200,date|value|realtime_start|realtime_end,
2026-06-09,,False,,,OIL_WTI__FRED,WTI Cushing spot,verify,spot,spot_cushing,close,global,verify,9,91.9,USD_per_barrel,USD,,log_return,fred,DCOILWTICO,api.stlouisfed.org/fred/series/observations,raw/fred_OIL_WTI__FRED.csv,market-extract-4.2,2026-08-11T11:03:48+00:00,200,date|value|realtime_start|realtime_end,
2026-06-10,,False,,,OIL_WTI__FRED,WTI Cushing spot,verify,spot,spot_cushing,close,global,verify,9,93.68,USD_per_barrel,USD,,log_return,fred,DCOILWTICO,api.stlouisfed.org/fred/series/observations,raw/fred_OIL_WTI__FRED.csv,market-extract-4.2,2026-08-11T11:03:48+00:00,200,date|value|realtime_start|realtime_end,
2026-06-11,,False,,,OIL_WTI__FRED,WTI Cushing spot,verify,spot,spot_cushing,close,global,verify,9,91.58,USD_per_barrel,USD,,log_return,fred,DCOILWTICO,api.stlouisfed.org/fred/series/observations,raw/fred_OIL_WTI__FRED.csv,market-extract-4.2,2026-08-11T11:03:48+00:00,200,date|value|realtime_start|realtime_end,
2026-06-12,,False,,,OIL_WTI__FRED,WTI Cushing spot,verify,spot,spot_cushing,close,global,verify,9,88.62,USD_per_barrel,USD,,log_return,fred,DCOILWTICO,api.stlouisfed.org/fred/series/observations,raw/fred_OIL_WTI__FRED.csv,market-extract-4.2,2026-08-11T11:03:48+00:00,200,date|value|realtime_start|realtime_end,
2026-06-15,,False,,,OIL_WTI__FRED,WTI Cushing spot,verify,spot,spot_cushing,close,global,verify,9,84.65,USD_per_barrel,USD,,log_return,fred,DCOILWTICO,api.stlouisfed.org/fred/series/observations,raw/fred_OIL_WTI__FRED.csv,market-extract-4.2,2026-08-11T11:03:48+00:00,200,date|value|realtime_start|realtime_end,
2026-06-16,,False,,,OIL_WTI__FRED,WTI Cushing spot,verify,spot,spot_cushing,close,global,verify,9,79.8,USD_per_barrel,USD,,log_return,fred,DCOILWTICO,api.stlouisfed.org/fred/series/observations,raw/fred_OIL_WTI__FRED.csv,market-extract-4.2,2026-08-11T11:03:48+00:00,200,date|value|realtime_start|realtime_end,
2026-06-17,,False,,,OIL_WTI__FRED,WTI Cushing spot,verify,spot,spot_cushing,close,global,verify,9,80.65,USD_per_barrel,USD,,log_return,fred,DCOILWTICO,api.stlouisfed.org/fred/series/observations,raw/fred_OIL_WTI__FRED.csv,market-extract-4.2,2026-08-11T11:03:48+00:00,200,date|value|realtime_start|realtime_end,
2026-06-18,,False,,,OIL_WTI__FRED,WTI Cushing spot,verify,spot,spot_cushing,close,global,verify,9,80.35,USD_per_barrel,USD,,log_return,fred,DCOILWTICO,api.stlouisfed.org/fred/series/observations,raw/fred_OIL_WTI__FRED.csv,market-extract-4.2,2026-08-11T11:03:48+00:00,200,date|value|realtime_start|realtime_end,
2026-06-22,,False,,,OIL_WTI__FRED,WTI Cushing spot,verify,spot,spot_cushing,close,global,verify,9,78.94,USD_per_barrel,USD,,log_return,fred,DCOILWTICO,api.stlouisfed.org/fred/series/observations,raw/fred_OIL_WTI__FRED.csv,market-extract-4.2,2026-08-11T11:03:48+00:00,200,date|value|realtime_start|realtime_end,
2026-06-23,,False,,,OIL_WTI__FRED,WTI Cushing spot,verify,spot,spot_cushing,close,global,verify,9,74.62,USD_per_barrel,USD,,log_return,fred,DCOILWTICO,api.stlouisfed.org/fred/series/observations,raw/fred_OIL_WTI__FRED.csv,market-extract-4.2,2026-08-11T11:03:48+00:00,200,date|value|realtime_start|realtime_end,
2026-06-24,,False,,,OIL_WTI__FRED,WTI Cushing spot,verify,spot,spot_cushing,close,global,verify,9,71.42,USD_per_barrel,USD,,log_return,fred,DCOILWTICO,api.stlouisfed.org/fred/series/observations,raw/fred_OIL_WTI__FRED.csv,market-extract-4.2,2026-08-11T11:03:48+00:00,200,date|value|realtime_start|realtime_end,
2026-06-25,,False,,,OIL_WTI__FRED,WTI Cushing spot,verify,spot,spot_cushing,close,global,verify,9,72.67,USD_per_barrel,USD,,log_return,fred,DCOILWTICO,api.stlouisfed.org/fred/series/observations,raw/fred_OIL_WTI__FRED.csv,market-extract-4.2,2026-08-11T11:03:48+00:00,200,date|value|realtime_start|realtime_end,
2026-06-26,,False,,,OIL_WTI__FRED,WTI Cushing spot,verify,spot,spot_cushing,close,global,verify,9,70.3,USD_per_barrel,USD,,log_return,fred,DCOILWTICO,api.stlouisfed.org/fred/series/observations,raw/fred_OIL_WTI__FRED.csv,market-extract-4.2,2026-08-11T11:03:48+00:00,200,date|value|realtime_start|realtime_end,
2026-06-29,,False,,,OIL_WTI__FRED,WTI Cushing spot,verify,spot,spot_cushing,close,global,verify,9,71.87,USD_per_barrel,USD,,log_return,fred,DCOILWTICO,api.stlouisfed.org/fred/series/observations,raw/fred_OIL_WTI__FRED.csv,market-extract-4.2,2026-08-11T11:03:48+00:00,200,date|value|realtime_start|realtime_end,
2026-06-30,,False,,,OIL_WTI__FRED,WTI Cushing spot,verify,spot,spot_cushing,close,global,verify,9,70.56,USD_per_barrel,USD,,log_return,fred,DCOILWTICO,api.stlouisfed.org/fred/series/observations,raw/fred_OIL_WTI__FRED.csv,market-extract-4.2,2026-08-11T11:03:48+00:00,200,date|value|realtime_start|realtime_end,
2026-07-01,,False,,,OIL_WTI__FRED,WTI Cushing spot,verify,spot,spot_cushing,close,global,verify,9,69.74,USD_per_barrel,USD,,log_return,fred,DCOILWTICO,api.stlouisfed.org/fred/series/observations,raw/fred_OIL_WTI__FRED.csv,market-extract-4.2,2026-08-11T11:03:48+00:00,200,date|value|realtime_start|realtime_end,
2026-07-02,,False,,,OIL_WTI__FRED,WTI Cushing spot,verify,spot,spot_cushing,close,global,verify,9,69.73,USD_per_barrel,USD,,log_return,fred,DCOILWTICO,api.stlouisfed.org/fred/series/observations,raw/fred_OIL_WTI__FRED.csv,market-extract-4.2,2026-08-11T11:03:48+00:00,200,date|value|realtime_start|realtime_end,
2026-07-06,,False,,,OIL_WTI__FRED,WTI Cushing spot,verify,spot,spot_cushing,close,global,verify,9,69.6,USD_per_barrel,USD,,log_return,fred,DCOILWTICO,api.stlouisfed.org/fred/series/observations,raw/fred_OIL_WTI__FRED.csv,market-extract-4.2,2026-08-11T11:03:48+00:00,200,date|value|realtime_start|realtime_end,
2026-07-07,,False,,,OIL_WTI__FRED,WTI Cushing spot,verify,spot,spot_cushing,close,global,verify,9,71.53,USD_per_barrel,USD,,log_return,fred,DCOILWTICO,api.stlouisfed.org/fred/series/observations,raw/fred_OIL_WTI__FRED.csv,market-extract-4.2,2026-08-11T11:03:48+00:00,200,date|value|realtime_start|realtime_end,
2026-07-08,,False,,,OIL_WTI__FRED,WTI Cushing spot,verify,spot,spot_cushing,close,global,verify,9,74.56,USD_per_barrel,USD,,log_return,fred,DCOILWTICO,api.stlouisfed.org/fred/series/observations,raw/fred_OIL_WTI__FRED.csv,market-extract-4.2,2026-08-11T11:03:48+00:00,200,date|value|realtime_start|realtime_end,
2026-07-09,,False,,,OIL_WTI__FRED,WTI Cushing spot,verify,spot,spot_cushing,close,global,verify,9,73.15,USD_per_barrel,USD,,log_return,fred,DCOILWTICO,api.stlouisfed.org/fred/series/observations,raw/fred_OIL_WTI__FRED.csv,market-extract-4.2,2026-08-11T11:03:48+00:00,200,date|value|realtime_start|realtime_end,
2026-07-10,,False,,,OIL_WTI__FRED,WTI Cushing spot,verify,spot,spot_cushing,close,global,verify,9,72.45,USD_per_barrel,USD,,log_return,fred,DCOILWTICO,api.stlouisfed.org/fred/series/observations,raw/fred_OIL_WTI__FRED.csv,market-extract-4.2,2026-08-11T11:03:48+00:00,200,date|value|realtime_start|realtime_end,
2026-07-13,,False,,,OIL_WTI__FRED,WTI Cushing spot,verify,spot,spot_cushing,close,global,verify,9,79.2,USD_per_barrel,USD,,log_return,fred,DCOILWTICO,api.stlouisfed.org/fred/series/observations,raw/fred_OIL_WTI__FRED.csv,market-extract-4.2,2026-08-11T11:03:48+00:00,200,date|value|realtime_start|realtime_end,
2026-07-14,,False,,,OIL_WTI__FRED,WTI Cushing spot,verify,spot,spot_cushing,close,global,verify,9,80.44,USD_per_barrel,USD,,log_return,fred,DCOILWTICO,api.stlouisfed.org/fred/series/observations,raw/fred_OIL_WTI__FRED.csv,market-extract-4.2,2026-08-11T11:03:48+00:00,200,date|value|realtime_start|realtime_end,
2026-07-15,,False,,,OIL_WTI__FRED,WTI Cushing spot,verify,spot,spot_cushing,close,global,verify,9,80.73,USD_per_barrel,USD,,log_return,fred,DCOILWTICO,api.stlouisfed.org/fred/series/observations,raw/fred_OIL_WTI__FRED.csv,market-extract-4.2,2026-08-11T11:03:48+00:00,200,date|value|realtime_start|realtime_end,
2026-07-16,,False,,,OIL_WTI__FRED,WTI Cushing spot,verify,spot,spot_cushing,close,global,verify,9,80.03,USD_per_barrel,USD,,log_return,fred,DCOILWTICO,api.stlouisfed.org/fred/series/observations,raw/fred_OIL_WTI__FRED.csv,market-extract-4.2,2026-08-11T11:03:48+00:00,200,date|value|realtime_start|realtime_end,
2026-07-17,,False,,,OIL_WTI__FRED,WTI Cushing spot,verify,spot,spot_cushing,close,global,verify,9,83.43,USD_per_barrel,USD,,log_return,fred,DCOILWTICO,api.stlouisfed.org/fred/series/observations,raw/fred_OIL_WTI__FRED.csv,market-extract-4.2,2026-08-11T11:03:48+00:00,200,date|value|realtime_start|realtime_end,
2026-07-20,,False,,,OIL_WTI__FRED,WTI Cushing spot,verify,spot,spot_cushing,close,global,verify,9,84.38,USD_per_barrel,USD,,log_return,fred,DCOILWTICO,api.stlouisfed.org/fred/series/observations,raw/fred_OIL_WTI__FRED.csv,market-extract-4.2,2026-08-11T11:03:48+00:00,200,date|value|realtime_start|realtime_end,
2026-07-21,,False,,,OIL_WTI__FRED,WTI Cushing spot,verify,spot,spot_cushing,close,global,verify,9,86.04,USD_per_barrel,USD,,log_return,fred,DCOILWTICO,api.stlouisfed.org/fred/series/observations,raw/fred_OIL_WTI__FRED.csv,market-extract-4.2,2026-08-11T11:03:48+00:00,200,date|value|realtime_start|realtime_end,
2026-07-22,,False,,,OIL_WTI__FRED,WTI Cushing spot,verify,spot,spot_cushing,close,global,verify,9,87.66,USD_per_barrel,USD,,log_return,fred,DCOILWTICO,api.stlouisfed.org/fred/series/observations,raw/fred_OIL_WTI__FRED.csv,market-extract-4.2,2026-08-11T11:03:48+00:00,200,date|value|realtime_start|realtime_end,
2026-03-02,,False,,,VIX__FRED,VIX - CBOE,verify,index,,index_level,global,verify,9,21.44,index_points,,,log_change,fred,VIXCLS,api.stlouisfed.org/fred/series/observations,raw/fred_VIX__FRED.csv,market-extract-4.2,2026-08-11T11:03:48+00:00,200,date|value|realtime_start|realtime_end,
2026-03-03,,False,,,VIX__FRED,VIX - CBOE,verify,index,,index_level,global,verify,9,23.57,index_points,,,log_change,fred,VIXCLS,api.stlouisfed.org/fred/series/observations,raw/fred_VIX__FRED.csv,market-extract-4.2,2026-08-11T11:03:48+00:00,200,date|value|realtime_start|realtime_end,
2026-03-04,,False,,,VIX__FRED,VIX - CBOE,verify,index,,index_level,global,verify,9,21.15,index_points,,,log_change,fred,VIXCLS,api.stlouisfed.org/fred/series/observations,raw/fred_VIX__FRED.csv,market-extract-4.2,2026-08-11T11:03:48+00:00,200,date|value|realtime_start|realtime_end,
2026-03-05,,False,,,VIX__FRED,VIX - CBOE,verify,index,,index_level,global,verify,9,23.75,index_points,,,log_change,fred,VIXCLS,api.stlouisfed.org/fred/series/observations,raw/fred_VIX__FRED.csv,market-extract-4.2,2026-08-11T11:03:48+00:00,200,date|value|realtime_start|realtime_end,
2026-03-06,,False,,,VIX__FRED,VIX - CBOE,verify,index,,index_level,global,verify,9,29.49,index_points,,,log_change,fred,VIXCLS,api.stlouisfed.org/fred/series/observations,raw/fred_VIX__FRED.csv,market-extract-4.2,2026-08-11T11:03:48+00:00,200,date|value|realtime_start|realtime_end,
2026-03-09,,False,,,VIX__FRED,VIX - CBOE,verify,index,,index_level,global,verify,9,25.5,index_points,,,log_change,fred,VIXCLS,api.stlouisfed.org/fred/series/observations,raw/fred_VIX__FRED.csv,market-extract-4.2,2026-08-11T11:03:48+00:00,200,date|value|realtime_start|realtime_end,
2026-03-10,,False,,,VIX__FRED,VIX - CBOE,verify,index,,index_level,global,verify,9,24.93,index_points,,,log_change,fred,VIXCLS,api.stlouisfed.org/fred/series/observations,raw/fred_VIX__FRED.csv,market-extract-4.2,2026-08-11T11:03:48+00:00,200,date|value|realtime_start|realtime_end,
2026-03-11,,False,,,VIX__FRED,VIX - CBOE,verify,index,,index_level,global,verify,9,24.23,index_points,,,log_change,fred,VIXCLS,api.stlouisfed.org/fred/series/observations,raw/fred_VIX__FRED.csv,market-extract-4.2,2026-08-11T11:03:48+00:00,200,date|value|realtime_start|realtime_end,
2026-03-12,,False,,,VIX__FRED,VIX - CBOE,verify,index,,index_level,global,verify,9,27.29,index_points,,,log_change,fred,VIXCLS,api.stlouisfed.org/fred/series/observations,raw/fred_VIX__FRED.csv,market-extract-4.2,2026-08-11T11:03:48+00:00,200,date|value|realtime_start|realtime_end,
2026-03-13,,False,,,VIX__FRED,VIX - CBOE,verify,index,,index_level,global,verify,9,27.19,index_points,,,log_change,fred,VIXCLS,api.stlouisfed.org/fred/series/observations,raw/fred_VIX__FRED.csv,market-extract-4.2,2026-08-11T11:03:48+00:00,200,date|value|realtime_start|realtime_end,
2026-03-16,,False,,,VIX__FRED,VIX - CBOE,verify,index,,index_level,global,verify,9,23.51,index_points,,,log_change,fred,VIXCLS,api.stlouisfed.org/fred/series/observations,raw/fred_VIX__FRED.csv,market-extract-4.2,2026-08-11T11:03:48+00:00,200,date|value|realtime_start|realtime_end,
2026-03-17,,False,,,VIX__FRED,VIX - CBOE,verify,index,,index_level,global,verify,9,22.37,index_points,,,log_change,fred,VIXCLS,api.stlouisfed.org/fred/series/observations,raw/fred_VIX__FRED.csv,market-extract-4.2,2026-08-11T11:03:48+00:00,200,date|value|realtime_start|realtime_end,
2026-03-18,,False,,,VIX__FRED,VIX - CBOE,verify,index,,index_level,global,verify,9,25.09,index_points,,,log_change,fred,VIXCLS,api.stlouisfed.org/fred/series/observations,raw/fred_VIX__FRED.csv,market-extract-4.2,2026-08-11T11:03:48+00:00,200,date|value|realtime_start|realtime_end,
2026-03-19,,False,,,VIX__FRED,VIX - CBOE,verify,index,,index_level,global,verify,9,24.06,index_points,,,log_change,fred,VIXCLS,api.stlouisfed.org/fred/series/observations,raw/fred_VIX__FRED.csv,market-extract-4.2,2026-08-11T11:03:48+00:00,200,date|value|realtime_start|realtime_end,
2026-03-20,,False,,,VIX__FRED,VIX - CBOE,verify,index,,index_level,global,verify,9,26.78,index_points,,,log_change,fred,VIXCLS,api.stlouisfed.org/fred/series/observations,raw/fred_VIX__FRED.csv,market-extract-4.2,2026-08-11T11:03:48+00:00,200,date|value|realtime_start|realtime_end,
2026-03-23,,False,,,VIX__FRED,VIX - CBOE,verify,index,,index_level,global,verify,9,26.15,index_points,,,log_change,fred,VIXCLS,api.stlouisfed.org/fred/series/observations,raw/fred_VIX__FRED.csv,market-extract-4.2,2026-08-11T11:03:48+00:00,200,date|value|realtime_start|realtime_end,
2026-03-24,,False,,,VIX__FRED,VIX - CBOE,verify,index,,index_level,global,verify,9,26.95,index_points,,,log_change,fred,VIXCLS,api.stlouisfed.org/fred/series/observations,raw/fred_VIX__FRED.csv,market-extract-4.2,2026-08-11T11:03:48+00:00,200,date|value|realtime_start|realtime_end,
2026-03-25,,False,,,VIX__FRED,VIX - CBOE,verify,index,,index_level,global,verify,9,25.33,index_points,,,log_change,fred,VIXCLS,api.stlouisfed.org/fred/series/observations,raw/fred_VIX__FRED.csv,market-extract-4.2,2026-08-11T11:03:48+00:00,200,date|value|realtime_start|realtime_end,
2026-03-26,,False,,,VIX__FRED,VIX - CBOE,verify,index,,index_level,global,verify,9,27.44,index_points,,,log_change,fred,VIXCLS,api.stlouisfed.org/fred/series/observations,raw/fred_VIX__FRED.csv,market-extract-4.2,2026-08-11T11:03:48+00:00,200,date|value|realtime_start|realtime_end,
2026-03-27,,False,,,VIX__FRED,VIX - CBOE,verify,index,,index_level,global,verify,9,31.05,index_points,,,log_change,fred,VIXCLS,api.stlouisfed.org/fred/series/observations,raw/fred_VIX__FRED.csv,market-extract-4.2,2026-08-11T11:03:48+00:00,200,date|value|realtime_start|realtime_end,
2026-03-30,,False,,,VIX__FRED,VIX - CBOE,verify,index,,index_level,global,verify,9,30.61,index_points,,,log_change,fred,VIXCLS,api.stlouisfed.org/fred/series/observations,raw/fred_VIX__FRED.csv,market-extract-4.2,2026-08-11T11:03:48+00:00,200,date|value|realtime_start|realtime_end,
2026-03-31,,False,,,VIX__FRED,VIX - CBOE,verify,index,,index_level,global,verify,9,25.25,index_points,,,log_change,fred,VIXCLS,api.stlouisfed.org/fred/series/observations,raw/fred_VIX__FRED.csv,market-extract-4.2,2026-08-11T11:03:48+00:00,200,date|value|realtime_start|realtime_end,
2026-04-01,,False,,,VIX__FRED,VIX - CBOE,verify,index,,index_level,global,verify,9,24.54,index_points,,,log_change,fred,VIXCLS,api.stlouisfed.org/fred/series/observations,raw/fred_VIX__FRED.csv,market-extract-4.2,2026-08-11T11:03:48+00:00,200,date|value|realtime_start|realtime_end,
2026-04-02,,False,,,VIX__FRED,VIX - CBOE,verify,index,,index_level,global,verify,9,23.87,index_points,,,log_change,fred,VIXCLS,api.stlouisfed.org/fred/series/observations,raw/fred_VIX__FRED.csv,market-extract-4.2,2026-08-11T11:03:48+00:00,200,date|value|realtime_start|realtime_end,
2026-04-06,,False,,,VIX__FRED,VIX - CBOE,verify,index,,index_level,global,verify,9,24.17,index_points,,,log_change,fred,VIXCLS,api.stlouisfed.org/fred/series/observations,raw/fred_VIX__FRED.csv,market-extract-4.2,2026-08-11T11:03:48+00:00,200,date|value|realtime_start|realtime_end,
2026-04-07,,False,,,VIX__FRED,VIX - CBOE,verify,index,,index_level,global,verify,9,25.78,index_points,,,log_change,fred,VIXCLS,api.stlouisfed.org/fred/series/observations,raw/fred_VIX__FRED.csv,market-extract-4.2,2026-08-11T11:03:48+00:00,200,date|value|realtime_start|realtime_end,
2026-04-08,,False,,,VIX__FRED,VIX - CBOE,verify,index,,index_level,global,verify,9,21.04,index_points,,,log_change,fred,VIXCLS,api.stlouisfed.org/fred/series/observations,raw/fred_VIX__FRED.csv,market-extract-4.2,2026-08-11T11:03:48+00:00,200,date|value|realtime_start|realtime_end,
2026-04-09,,False,,,VIX__FRED,VIX - CBOE,verify,index,,index_level,global,verify,9,19.49,index_points,,,log_change,fred,VIXCLS,api.stlouisfed.org/fred/series/observations,raw/fred_VIX__FRED.csv,market-extract-4.2,2026-08-11T11:03:48+00:00,200,date|value|realtime_start|realtime_end,
2026-04-10,,False,,,VIX__FRED,VIX - CBOE,verify,index,,index_level,global,verify,9,19.23,index_points,,,log_change,fred,VIXCLS,api.stlouisfed.org/fred/series/observations,raw/fred_VIX__FRED.csv,market-extract-4.2,2026-08-11T11:03:48+00:00,200,date|value|realtime_start|realtime_end,
2026-04-13,,False,,,VIX__FRED,VIX - CBOE,verify,index,,index_level,global,verify,9,19.12,index_points,,,log_change,fred,VIXCLS,api.stlouisfed.org/fred/series/observations,raw/fred_VIX__FRED.csv,market-extract-4.2,2026-08-11T11:03:48+00:00,200,date|value|realtime_start|realtime_end,
2026-04-14,,False,,,VIX__FRED,VIX - CBOE,verify,index,,index_level,global,verify,9,18.36,index_points,,,log_change,fred,VIXCLS,api.stlouisfed.org/fred/series/observations,raw/fred_VIX__FRED.csv,market-extract-4.2,2026-08-11T11:03:48+00:00,200,date|value|realtime_start|realtime_end,
2026-04-15,,False,,,VIX__FRED,VIX - CBOE,verify,index,,index_level,global,verify,9,18.17,index_points,,,log_change,fred,VIXCLS,api.stlouisfed.org/fred/series/observations,raw/fred_VIX__FRED.csv,market-extract-4.2,2026-08-11T11:03:48+00:00,200,date|value|realtime_start|realtime_end,
2026-04-16,,False,,,VIX__FRED,VIX - CBOE,verify,index,,index_level,global,verify,9,17.94,index_points,,,log_change,fred,VIXCLS,api.stlouisfed.org/fred/series/observations,raw/fred_VIX__FRED.csv,market-extract-4.2,2026-08-11T11:03:48+00:00,200,date|value|realtime_start|realtime_end,
2026-04-17,,False,,,VIX__FRED,VIX - CBOE,verify,index,,index_level,global,verify,9,17.48,index_points,,,log_change,fred,VIXCLS,api.stlouisfed.org/fred/series/observations,raw/fred_VIX__FRED.csv,market-extract-4.2,2026-08-11T11:03:48+00:00,200,date|value|realtime_start|realtime_end,
2026-04-20,,False,,,VIX__FRED,VIX - CBOE,verify,index,,index_level,global,verify,9,18.87,index_points,,,log_change,fred,VIXCLS,api.stlouisfed.org/fred/series/observations,raw/fred_VIX__FRED.csv,market-extract-4.2,2026-08-11T11:03:48+00:00,200,date|value|realtime_start|realtime_end,
2026-04-21,,False,,,VIX__FRED,VIX - CBOE,verify,index,,index_level,global,verify,9,19.5,index_points,,,log_change,fred,VIXCLS,api.stlouisfed.org/fred/series/observations,raw/fred_VIX__FRED.csv,market-extract-4.2,2026-08-11T11:03:48+00:00,200,date|value|realtime_start|realtime_end,
2026-04-22,,False,,,VIX__FRED,VIX - CBOE,verify,index,,index_level,global,verify,9,18.92,index_points,,,log_change,fred,VIXCLS,api.stlouisfed.org/fred/series/observations,raw/fred_VIX__FRED.csv,market-extract-4.2,2026-08-11T11:03:48+00:00,200,date|value|realtime_start|realtime_end,
2026-04-23,,False,,,VIX__FRED,VIX - CBOE,verify,index,,index_level,global,verify,9,19.31,index_points,,,log_change,fred,VIXCLS,api.stlouisfed.org/fred/series/observations,raw/fred_VIX__FRED.csv,market-extract-4.2,2026-08-11T11:03:48+00:00,200,date|value|realtime_start|realtime_end,
2026-04-24,,False,,,VIX__FRED,VIX - CBOE,verify,index,,index_level,global,verify,9,18.71,index_points,,,log_change,fred,VIXCLS,api.stlouisfed.org/fred/series/observations,raw/fred_VIX__FRED.csv,market-extract-4.2,2026-08-11T11:03:48+00:00,200,date|value|realtime_start|realtime_end,
2026-04-27,,False,,,VIX__FRED,VIX - CBOE,verify,index,,index_level,global,verify,9,18.02,index_points,,,log_change,fred,VIXCLS,api.stlouisfed.org/fred/series/observations,raw/fred_VIX__FRED.csv,market-extract-4.2,2026-08-11T11:03:48+00:00,200,date|value|realtime_start|realtime_end,
2026-04-28,,False,,,VIX__FRED,VIX - CBOE,verify,index,,index_level,global,verify,9,17.83,index_points,,,log_change,fred,VIXCLS,api.stlouisfed.org/fred/series/observations,raw/fred_VIX__FRED.csv,market-extract-4.2,2026-08-11T11:03:48+00:00,200,date|value|realtime_start|realtime_end,
2026-04-29,,False,,,VIX__FRED,VIX - CBOE,verify,index,,index_level,global,verify,9,18.81,index_points,,,log_change,fred,VIXCLS,api.stlouisfed.org/fred/series/observations,raw/fred_VIX__FRED.csv,market-extract-4.2,2026-08-11T11:03:48+00:00,200,date|value|realtime_start|realtime_end,
2026-04-30,,False,,,VIX__FRED,VIX - CBOE,verify,index,,index_level,global,verify,9,16.89,index_points,,,log_change,fred,VIXCLS,api.stlouisfed.org/fred/series/observations,raw/fred_VIX__FRED.csv,market-extract-4.2,2026-08-11T11:03:48+00:00,200,date|value|realtime_start|realtime_end,
2026-05-01,,False,,,VIX__FRED,VIX - CBOE,verify,index,,index_level,global,verify,9,16.99,index_points,,,log_change,fred,VIXCLS,api.stlouisfed.org/fred/series/observations,raw/fred_VIX__FRED.csv,market-extract-4.2,2026-08-11T11:03:48+00:00,200,date|value|realtime_start|realtime_end,
2026-05-04,,False,,,VIX__FRED,VIX - CBOE,verify,index,,index_level,global,verify,9,18.29,index_points,,,log_change,fred,VIXCLS,api.stlouisfed.org/fred/series/observations,raw/fred_VIX__FRED.csv,market-extract-4.2,2026-08-11T11:03:48+00:00,200,date|value|realtime_start|realtime_end,
2026-05-05,,False,,,VIX__FRED,VIX - CBOE,verify,index,,index_level,global,verify,9,17.38,index_points,,,log_change,fred,VIXCLS,api.stlouisfed.org/fred/series/observations,raw/fred_VIX__FRED.csv,market-extract-4.2,2026-08-11T11:03:48+00:00,200,date|value|realtime_start|realtime_end,
2026-05-06,,False,,,VIX__FRED,VIX - CBOE,verify,index,,index_level,global,verify,9,17.39,index_points,,,log_change,fred,VIXCLS,api.stlouisfed.org/fred/series/observations,raw/fred_VIX__FRED.csv,market-extract-4.2,2026-08-11T11:03:48+00:00,200,date|value|realtime_start|realtime_end,
2026-05-07,,False,,,VIX__FRED,VIX - CBOE,verify,index,,index_level,global,verify,9,17.08,index_points,,,log_change,fred,VIXCLS,api.stlouisfed.org/fred/series/observations,raw/fred_VIX__FRED.csv,market-extract-4.2,2026-08-11T11:03:48+00:00,200,date|value|realtime_start|realtime_end,
2026-05-08,,False,,,VIX__FRED,VIX - CBOE,verify,index,,index_level,global,verify,9,17.19,index_points,,,log_change,fred,VIXCLS,api.stlouisfed.org/fred/series/observations,raw/fred_VIX__FRED.csv,market-extract-4.2,2026-08-11T11:03:48+00:00,200,date|value|realtime_start|realtime_end,
2026-05-11,,False,,,VIX__FRED,VIX - CBOE,verify,index,,index_level,global,verify,9,18.38,index_points,,,log_change,fred,VIXCLS,api.stlouisfed.org/fred/series/observations,raw/fred_VIX__FRED.csv,market-extract-4.2,2026-08-11T11:03:48+00:00,200,date|value|realtime_start|realtime_end,
2026-05-12,,False,,,VIX__FRED,VIX - CBOE,verify,index,,index_level,global,verify,9,17.99,index_points,,,log_change,fred,VIXCLS,api.stlouisfed.org/fred/series/observations,raw/fred_VIX__FRED.csv,market-extract-4.2,2026-08-11T11:03:48+00:00,200,date|value|realtime_start|realtime_end,
2026-05-13,,False,,,VIX__FRED,VIX - CBOE,verify,index,,index_level,global,verify,9,17.87,index_points,,,log_change,fred,VIXCLS,api.stlouisfed.org/fred/series/observations,raw/fred_VIX__FRED.csv,market-extract-4.2,2026-08-11T11:03:48+00:00,200,date|value|realtime_start|realtime_end,
2026-05-14,,False,,,VIX__FRED,VIX - CBOE,verify,index,,index_level,global,verify,9,17.26,index_points,,,log_change,fred,VIXCLS,api.stlouisfed.org/fred/series/observations,raw/fred_VIX__FRED.csv,market-extract-4.2,2026-08-11T11:03:48+00:00,200,date|value|realtime_start|realtime_end,
2026-05-15,,False,,,VIX__FRED,VIX - CBOE,verify,index,,index_level,global,verify,9,18.43,index_points,,,log_change,fred,VIXCLS,api.stlouisfed.org/fred/series/observations,raw/fred_VIX__FRED.csv,market-extract-4.2,2026-08-11T11:03:48+00:00,200,date|value|realtime_start|realtime_end,
2026-05-18,,False,,,VIX__FRED,VIX - CBOE,verify,index,,index_level,global,verify,9,17.82,index_points,,,log_change,fred,VIXCLS,api.stlouisfed.org/fred/series/observations,raw/fred_VIX__FRED.csv,market-extract-4.2,2026-08-11T11:03:48+00:00,200,date|value|realtime_start|realtime_end,
2026-05-19,,False,,,VIX__FRED,VIX - CBOE,verify,index,,index_level,global,verify,9,18.06,index_points,,,log_change,fred,VIXCLS,api.stlouisfed.org/fred/series/observations,raw/fred_VIX__FRED.csv,market-extract-4.2,2026-08-11T11:03:48+00:00,200,date|value|realtime_start|realtime_end,
2026-05-20,,False,,,VIX__FRED,VIX - CBOE,verify,index,,index_level,global,verify,9,17.44,index_points,,,log_change,fred,VIXCLS,api.stlouisfed.org/fred/series/observations,raw/fred_VIX__FRED.csv,market-extract-4.2,2026-08-11T11:03:48+00:00,200,date|value|realtime_start|realtime_end,
2026-05-21,,False,,,VIX__FRED,VIX - CBOE,verify,index,,index_level,global,verify,9,16.76,index_points,,,log_change,fred,VIXCLS,api.stlouisfed.org/fred/series/observations,raw/fred_VIX__FRED.csv,market-extract-4.2,2026-08-11T11:03:48+00:00,200,date|value|realtime_start|realtime_end,
2026-05-22,,False,,,VIX__FRED,VIX - CBOE,verify,index,,index_level,global,verify,9,16.7,index_points,,,log_change,fred,VIXCLS,api.stlouisfed.org/fred/series/observations,raw/fred_VIX__FRED.csv,market-extract-4.2,2026-08-11T11:03:48+00:00,200,date|value|realtime_start|realtime_end,
2026-05-25,,False,,,VIX__FRED,VIX - CBOE,verify,index,,index_level,global,verify,9,16.59,index_points,,,log_change,fred,VIXCLS,api.stlouisfed.org/fred/series/observations,raw/fred_VIX__FRED.csv,market-extract-4.2,2026-08-11T11:03:48+00:00,200,date|value|realtime_start|realtime_end,
2026-05-26,,False,,,VIX__FRED,VIX - CBOE,verify,index,,index_level,global,verify,9,17.01,index_points,,,log_change,fred,VIXCLS,api.stlouisfed.org/fred/series/observations,raw/fred_VIX__FRED.csv,market-extract-4.2,2026-08-11T11:03:48+00:00,200,date|value|realtime_start|realtime_end,
2026-05-27,,False,,,VIX__FRED,VIX - CBOE,verify,index,,index_level,global,verify,9,16.29,index_points,,,log_change,fred,VIXCLS,api.stlouisfed.org/fred/series/observations,raw/fred_VIX__FRED.csv,market-extract-4.2,2026-08-11T11:03:48+00:00,200,date|value|realtime_start|realtime_end,
2026-05-28,,False,,,VIX__FRED,VIX - CBOE,verify,index,,index_level,global,verify,9,15.74,index_points,,,log_change,fred,VIXCLS,api.stlouisfed.org/fred/series/observations,raw/fred_VIX__FRED.csv,market-extract-4.2,2026-08-11T11:03:48+00:00,200,date|value|realtime_start|realtime_end,
2026-05-29,,False,,,VIX__FRED,VIX - CBOE,verify,index,,index_level,global,verify,9,15.32,index_points,,,log_change,fred,VIXCLS,api.stlouisfed.org/fred/series/observations,raw/fred_VIX__FRED.csv,market-extract-4.2,2026-08-11T11:03:48+00:00,200,date|value|realtime_start|realtime_end,
2026-06-01,,False,,,VIX__FRED,VIX - CBOE,verify,index,,index_level,global,verify,9,16.05,index_points,,,log_change,fred,VIXCLS,api.stlouisfed.org/fred/series/observations,raw/fred_VIX__FRED.csv,market-extract-4.2,2026-08-11T11:03:48+00:00,200,date|value|realtime_start|realtime_end,
2026-06-02,,False,,,VIX__FRED,VIX - CBOE,verify,index,,index_level,global,verify,9,15.77,index_points,,,log_change,fred,VIXCLS,api.stlouisfed.org/fred/series/observations,raw/fred_VIX__FRED.csv,market-extract-4.2,2026-08-11T11:03:48+00:00,200,date|value|realtime_start|realtime_end,
2026-06-03,,False,,,VIX__FRED,VIX - CBOE,verify,index,,index_level,global,verify,9,16.06,index_points,,,log_change,fred,VIXCLS,api.stlouisfed.org/fred/series/observations,raw/fred_VIX__FRED.csv,market-extract-4.2,2026-08-11T11:03:48+00:00,200,date|value|realtime_start|realtime_end,
2026-06-04,,False,,,VIX__FRED,VIX - CBOE,verify,index,,index_level,global,verify,9,15.4,index_points,,,log_change,fred,VIXCLS,api.stlouisfed.org/fred/series/observations,raw/fred_VIX__FRED.csv,market-extract-4.2,2026-08-11T11:03:48+00:00,200,date|value|realtime_start|realtime_end,
2026-06-05,,False,,,VIX__FRED,VIX - CBOE,verify,index,,index_level,global,verify,9,21.51,index_points,,,log_change,fred,VIXCLS,api.stlouisfed.org/fred/series/observations,raw/fred_VIX__FRED.csv,market-extract-4.2,2026-08-11T11:03:48+00:00,200,date|value|realtime_start|realtime_end,
2026-06-08,,False,,,VIX__FRED,VIX - CBOE,verify,index,,index_level,global,verify,9,18.92,index_points,,,log_change,fred,VIXCLS,api.stlouisfed.org/fred/series/observations,raw/fred_VIX__FRED.csv,market-extract-4.2,2026-08-11T11:03:48+00:00,200,date|value|realtime_start|realtime_end,
2026-06-09,,False,,,VIX__FRED,VIX - CBOE,verify,index,,index_level,global,verify,9,19.87,index_points,,,log_change,fred,VIXCLS,api.stlouisfed.org/fred/series/observations,raw/fred_VIX__FRED.csv,market-extract-4.2,2026-08-11T11:03:48+00:00,200,date|value|realtime_start|realtime_end,
2026-06-10,,False,,,VIX__FRED,VIX - CBOE,verify,index,,index_level,global,verify,9,22.22,index_points,,,log_change,fred,VIXCLS,api.stlouisfed.org/fred/series/observations,raw/fred_VIX__FRED.csv,market-extract-4.2,2026-08-11T11:03:48+00:00,200,date|value|realtime_start|realtime_end,
2026-06-11,,False,,,VIX__FRED,VIX - CBOE,verify,index,,index_level,global,verify,9,19.44,index_points,,,log_change,fred,VIXCLS,api.stlouisfed.org/fred/series/observations,raw/fred_VIX__FRED.csv,market-extract-4.2,2026-08-11T11:03:48+00:00,200,date|value|realtime_start|realtime_end,
2026-06-12,,False,,,VIX__FRED,VIX - CBOE,verify,index,,index_level,global,verify,9,17.68,index_points,,,log_change,fred,VIXCLS,api.stlouisfed.org/fred/series/observations,raw/fred_VIX__FRED.csv,market-extract-4.2,2026-08-11T11:03:48+00:00,200,date|value|realtime_start|realtime_end,
2026-06-15,,False,,,VIX__FRED,VIX - CBOE,verify,index,,index_level,global,verify,9,16.2,index_points,,,log_change,fred,VIXCLS,api.stlouisfed.org/fred/series/observations,raw/fred_VIX__FRED.csv,market-extract-4.2,2026-08-11T11:03:48+00:00,200,date|value|realtime_start|realtime_end,
2026-06-16,,False,,,VIX__FRED,VIX - CBOE,verify,index,,index_level,global,verify,9,16.41,index_points,,,log_change,fred,VIXCLS,api.stlouisfed.org/fred/series/observations,raw/fred_VIX__FRED.csv,market-extract-4.2,2026-08-11T11:03:48+00:00,200,date|value|realtime_start|realtime_end,
2026-06-17,,False,,,VIX__FRED,VIX - CBOE,verify,index,,index_level,global,verify,9,18.44,index_points,,,log_change,fred,VIXCLS,api.stlouisfed.org/fred/series/observations,raw/fred_VIX__FRED.csv,market-extract-4.2,2026-08-11T11:03:48+00:00,200,date|value|realtime_start|realtime_end,
2026-06-18,,False,,,VIX__FRED,VIX - CBOE,verify,index,,index_level,global,verify,9,16.4,index_points,,,log_change,fred,VIXCLS,api.stlouisfed.org/fred/series/observations,raw/fred_VIX__FRED.csv,market-extract-4.2,2026-08-11T11:03:48+00:00,200,date|value|realtime_start|realtime_end,
2026-06-19,,False,,,VIX__FRED,VIX - CBOE,verify,index,,index_level,global,verify,9,16.78,index_points,,,log_change,fred,VIXCLS,api.stlouisfed.org/fred/series/observations,raw/fred_VIX__FRED.csv,market-extract-4.2,2026-08-11T11:03:48+00:00,200,date|value|realtime_start|realtime_end,
2026-06-22,,False,,,VIX__FRED,VIX - CBOE,verify,index,,index_level,global,verify,9,17.28,index_points,,,log_change,fred,VIXCLS,api.stlouisfed.org/fred/series/observations,raw/fred_VIX__FRED.csv,market-extract-4.2,2026-08-11T11:03:48+00:00,200,date|value|realtime_start|realtime_end,
2026-06-23,,False,,,VIX__FRED,VIX - CBOE,verify,index,,index_level,global,verify,9,19.49,index_points,,,log_change,fred,VIXCLS,api.stlouisfed.org/fred/series/observations,raw/fred_VIX__FRED.csv,market-extract-4.2,2026-08-11T11:03:48+00:00,200,date|value|realtime_start|realtime_end,
2026-06-24,,False,,,VIX__FRED,VIX - CBOE,verify,index,,index_level,global,verify,9,18.63,index_points,,,log_change,fred,VIXCLS,api.stlouisfed.org/fred/series/observations,raw/fred_VIX__FRED.csv,market-extract-4.2,2026-08-11T11:03:48+00:00,200,date|value|realtime_start|realtime_end,
2026-06-25,,False,,,VIX__FRED,VIX - CBOE,verify,index,,index_level,global,verify,9,18.89,index_points,,,log_change,fred,VIXCLS,api.stlouisfed.org/fred/series/observations,raw/fred_VIX__FRED.csv,market-extract-4.2,2026-08-11T11:03:48+00:00,200,date|value|realtime_start|realtime_end,
2026-06-26,,False,,,VIX__FRED,VIX - CBOE,verify,index,,index_level,global,verify,9,18.41,index_points,,,log_change,fred,VIXCLS,api.stlouisfed.org/fred/series/observations,raw/fred_VIX__FRED.csv,market-extract-4.2,2026-08-11T11:03:48+00:00,200,date|value|realtime_start|realtime_end,
2026-06-29,,False,,,VIX__FRED,VIX - CBOE,verify,index,,index_level,global,verify,9,17.65,index_points,,,log_change,fred,VIXCLS,api.stlouisfed.org/fred/series/observations,raw/fred_VIX__FRED.csv,market-extract-4.2,2026-08-11T11:03:48+00:00,200,date|value|realtime_start|realtime_end,
2026-06-30,,False,,,VIX__FRED,VIX - CBOE,verify,index,,index_level,global,verify,9,16.45,index_points,,,log_change,fred,VIXCLS,api.stlouisfed.org/fred/series/observations,raw/fred_VIX__FRED.csv,market-extract-4.2,2026-08-11T11:03:48+00:00,200,date|value|realtime_start|realtime_end,
2026-07-01,,False,,,VIX__FRED,VIX - CBOE,verify,index,,index_level,global,verify,9,16.59,index_points,,,log_change,fred,VIXCLS,api.stlouisfed.org/fred/series/observations,raw/fred_VIX__FRED.csv,market-extract-4.2,2026-08-11T11:03:48+00:00,200,date|value|realtime_start|realtime_end,
2026-07-02,,False,,,VIX__FRED,VIX - CBOE,verify,index,,index_level,global,verify,9,16.15,index_points,,,log_change,fred,VIXCLS,api.stlouisfed.org/fred/series/observations,raw/fred_VIX__FRED.csv,market-extract-4.2,2026-08-11T11:03:48+00:00,200,date|value|realtime_start|realtime_end,
2026-07-03,,False,,,VIX__FRED,VIX - CBOE,verify,index,,index_level,global,verify,9,15.81,index_points,,,log_change,fred,VIXCLS,api.stlouisfed.org/fred/series/observations,raw/fred_VIX__FRED.csv,market-extract-4.2,2026-08-11T11:03:48+00:00,200,date|value|realtime_start|realtime_end,
2026-07-06,,False,,,VIX__FRED,VIX - CBOE,verify,index,,index_level,global,verify,9,15.57,index_points,,,log_change,fred,VIXCLS,api.stlouisfed.org/fred/series/observations,raw/fred_VIX__FRED.csv,market-extract-4.2,2026-08-11T11:03:48+00:00,200,date|value|realtime_start|realtime_end,
2026-07-07,,False,,,VIX__FRED,VIX - CBOE,verify,index,,index_level,global,verify,9,16.13,index_points,,,log_change,fred,VIXCLS,api.stlouisfed.org/fred/series/observations,raw/fred_VIX__FRED.csv,market-extract-4.2,2026-08-11T11:03:48+00:00,200,date|value|realtime_start|realtime_end,
2026-07-08,,False,,,VIX__FRED,VIX - CBOE,verify,index,,index_level,global,verify,9,16.9,index_points,,,log_change,fred,VIXCLS,api.stlouisfed.org/fred/series/observations,raw/fred_VIX__FRED.csv,market-extract-4.2,2026-08-11T11:03:48+00:00,200,date|value|realtime_start|realtime_end,
2026-07-09,,False,,,VIX__FRED,VIX - CBOE,verify,index,,index_level,global,verify,9,15.84,index_points,,,log_change,fred,VIXCLS,api.stlouisfed.org/fred/series/observations,raw/fred_VIX__FRED.csv,market-extract-4.2,2026-08-11T11:03:48+00:00,200,date|value|realtime_start|realtime_end,
2026-07-10,,False,,,VIX__FRED,VIX - CBOE,verify,index,,index_level,global,verify,9,15.03,index_points,,,log_change,fred,VIXCLS,api.stlouisfed.org/fred/series/observations,raw/fred_VIX__FRED.csv,market-extract-4.2,2026-08-11T11:03:48+00:00,200,date|value|realtime_start|realtime_end,
2026-07-13,,False,,,VIX__FRED,VIX - CBOE,verify,index,,index_level,global,verify,9,17.16,index_points,,,log_change,fred,VIXCLS,api.stlouisfed.org/fred/series/observations,raw/fred_VIX__FRED.csv,market-extract-4.2,2026-08-11T11:03:48+00:00,200,date|value|realtime_start|realtime_end,
2026-07-14,,False,,,VIX__FRED,VIX - CBOE,verify,index,,index_level,global,verify,9,16.5,index_points,,,log_change,fred,VIXCLS,api.stlouisfed.org/fred/series/observations,raw/fred_VIX__FRED.csv,market-extract-4.2,2026-08-11T11:03:48+00:00,200,date|value|realtime_start|realtime_end,
2026-07-15,,False,,,VIX__FRED,VIX - CBOE,verify,index,,index_level,global,verify,9,15.67,index_points,,,log_change,fred,VIXCLS,api.stlouisfed.org/fred/series/observations,raw/fred_VIX__FRED.csv,market-extract-4.2,2026-08-11T11:03:48+00:00,200,date|value|realtime_start|realtime_end,
2026-07-16,,False,,,VIX__FRED,VIX - CBOE,verify,index,,index_level,global,verify,9,16.73,index_points,,,log_change,fred,VIXCLS,api.stlouisfed.org/fred/series/observations,raw/fred_VIX__FRED.csv,market-extract-4.2,2026-08-11T11:03:48+00:00,200,date|value|realtime_start|realtime_end,
2026-07-17,,False,,,VIX__FRED,VIX - CBOE,verify,index,,index_level,global,verify,9,18.77,index_points,,,log_change,fred,VIXCLS,api.stlouisfed.org/fred/series/observations,raw/fred_VIX__FRED.csv,market-extract-4.2,2026-08-11T11:03:48+00:00,200,date|value|realtime_start|realtime_end,
2026-07-20,,False,,,VIX__FRED,VIX - CBOE,verify,index,,index_level,global,verify,9,18.65,index_points,,,log_change,fred,VIXCLS,api.stlouisfed.org/fred/series/observations,raw/fred_VIX__FRED.csv,market-extract-4.2,2026-08-11T11:03:48+00:00,200,date|value|realtime_start|realtime_end,
2026-07-21,,False,,,VIX__FRED,VIX - CBOE,verify,index,,index_level,global,verify,9,17.05,index_points,,,log_change,fred,VIXCLS,api.stlouisfed.org/fred/series/observations,raw/fred_VIX__FRED.csv,market-extract-4.2,2026-08-11T11:03:48+00:00,200,date|value|realtime_start|realtime_end,
2026-07-22,,False,,,VIX__FRED,VIX - CBOE,verify,index,,index_level,global,verify,9,16.64,index_points,,,log_change,fred,VIXCLS,api.stlouisfed.org/fred/series/observations,raw/fred_VIX__FRED.csv,market-extract-4.2,2026-08-11T11:03:48+00:00,200,date|value|realtime_start|realtime_end,
2026-03-02,,False,,,UST10Y__FRED,U.S. 10-Year Treasury,verify,yield,,yield,global,verify,9,4.05,percent,,,first_diff,fred,DGS10,api.stlouisfed.org/fred/series/observations,raw/fred_UST10Y__FRED.csv,market-extract-4.2,2026-08-11T11:03:48+00:00,200,date|value|realtime_start|realtime_end,
2026-03-03,,False,,,UST10Y__FRED,U.S. 10-Year Treasury,verify,yield,,yield,global,verify,9,4.06,percent,,,first_diff,fred,DGS10,api.stlouisfed.org/fred/series/observations,raw/fred_UST10Y__FRED.csv,market-extract-4.2,2026-08-11T11:03:48+00:00,200,date|value|realtime_start|realtime_end,
2026-03-04,,False,,,UST10Y__FRED,U.S. 10-Year Treasury,verify,yield,,yield,global,verify,9,4.09,percent,,,first_diff,fred,DGS10,api.stlouisfed.org/fred/series/observations,raw/fred_UST10Y__FRED.csv,market-extract-4.2,2026-08-11T11:03:48+00:00,200,date|value|realtime_start|realtime_end,
2026-03-05,,False,,,UST10Y__FRED,U.S. 10-Year Treasury,verify,yield,,yield,global,verify,9,4.13,percent,,,first_diff,fred,DGS10,api.stlouisfed.org/fred/series/observations,raw/fred_UST10Y__FRED.csv,market-extract-4.2,2026-08-11T11:03:48+00:00,200,date|value|realtime_start|realtime_end,
2026-03-06,,False,,,UST10Y__FRED,U.S. 10-Year Treasury,verify,yield,,yield,global,verify,9,4.15,percent,,,first_diff,fred,DGS10,api.stlouisfed.org/fred/series/observations,raw/fred_UST10Y__FRED.csv,market-extract-4.2,2026-08-11T11:03:48+00:00,200,date|value|realtime_start|realtime_end,
2026-03-09,,False,,,UST10Y__FRED,U.S. 10-Year Treasury,verify,yield,,yield,global,verify,9,4.12,percent,,,first_diff,fred,DGS10,api.stlouisfed.org/fred/series/observations,raw/fred_UST10Y__FRED.csv,market-extract-4.2,2026-08-11T11:03:48+00:00,200,date|value|realtime_start|realtime_end,
2026-03-10,,False,,,UST10Y__FRED,U.S. 10-Year Treasury,verify,yield,,yield,global,verify,9,4.15,percent,,,first_diff,fred,DGS10,api.stlouisfed.org/fred/series/observations,raw/fred_UST10Y__FRED.csv,market-extract-4.2,2026-08-11T11:03:48+00:00,200,date|value|realtime_start|realtime_end,
2026-03-11,,False,,,UST10Y__FRED,U.S. 10-Year Treasury,verify,yield,,yield,global,verify,9,4.21,percent,,,first_diff,fred,DGS10,api.stlouisfed.org/fred/series/observations,raw/fred_UST10Y__FRED.csv,market-extract-4.2,2026-08-11T11:03:48+00:00,200,date|value|realtime_start|realtime_end,
2026-03-12,,False,,,UST10Y__FRED,U.S. 10-Year Treasury,verify,yield,,yield,global,verify,9,4.27,percent,,,first_diff,fred,DGS10,api.stlouisfed.org/fred/series/observations,raw/fred_UST10Y__FRED.csv,market-extract-4.2,2026-08-11T11:03:48+00:00,200,date|value|realtime_start|realtime_end,
2026-03-13,,False,,,UST10Y__FRED,U.S. 10-Year Treasury,verify,yield,,yield,global,verify,9,4.28,percent,,,first_diff,fred,DGS10,api.stlouisfed.org/fred/series/observations,raw/fred_UST10Y__FRED.csv,market-extract-4.2,2026-08-11T11:03:48+00:00,200,date|value|realtime_start|realtime_end,
2026-03-16,,False,,,UST10Y__FRED,U.S. 10-Year Treasury,verify,yield,,yield,global,verify,9,4.23,percent,,,first_diff,fred,DGS10,api.stlouisfed.org/fred/series/observations,raw/fred_UST10Y__FRED.csv,market-extract-4.2,2026-08-11T11:03:48+00:00,200,date|value|realtime_start|realtime_end,
2026-03-17,,False,,,UST10Y__FRED,U.S. 10-Year Treasury,verify,yield,,yield,global,verify,9,4.2,percent,,,first_diff,fred,DGS10,api.stlouisfed.org/fred/series/observations,raw/fred_UST10Y__FRED.csv,market-extract-4.2,2026-08-11T11:03:48+00:00,200,date|value|realtime_start|realtime_end,
2026-03-18,,False,,,UST10Y__FRED,U.S. 10-Year Treasury,verify,yield,,yield,global,verify,9,4.26,percent,,,first_diff,fred,DGS10,api.stlouisfed.org/fred/series/observations,raw/fred_UST10Y__FRED.csv,market-extract-4.2,2026-08-11T11:03:48+00:00,200,date|value|realtime_start|realtime_end,
2026-03-19,,False,,,UST10Y__FRED,U.S. 10-Year Treasury,verify,yield,,yield,global,verify,9,4.25,percent,,,first_diff,fred,DGS10,api.stlouisfed.org/fred/series/observations,raw/fred_UST10Y__FRED.csv,market-extract-4.2,2026-08-11T11:03:48+00:00,200,date|value|realtime_start|realtime_end,
2026-03-20,,False,,,UST10Y__FRED,U.S. 10-Year Treasury,verify,yield,,yield,global,verify,9,4.39,percent,,,first_diff,fred,DGS10,api.stlouisfed.org/fred/series/observations,raw/fred_UST10Y__FRED.csv,market-extract-4.2,2026-08-11T11:03:48+00:00,200,date|value|realtime_start|realtime_end,
2026-03-23,,False,,,UST10Y__FRED,U.S. 10-Year Treasury,verify,yield,,yield,global,verify,9,4.34,percent,,,first_diff,fred,DGS10,api.stlouisfed.org/fred/series/observations,raw/fred_UST10Y__FRED.csv,market-extract-4.2,2026-08-11T11:03:48+00:00,200,date|value|realtime_start|realtime_end,
2026-03-24,,False,,,UST10Y__FRED,U.S. 10-Year Treasury,verify,yield,,yield,global,verify,9,4.39,percent,,,first_diff,fred,DGS10,api.stlouisfed.org/fred/series/observations,raw/fred_UST10Y__FRED.csv,market-extract-4.2,2026-08-11T11:03:48+00:00,200,date|value|realtime_start|realtime_end,
2026-03-25,,False,,,UST10Y__FRED,U.S. 10-Year Treasury,verify,yield,,yield,global,verify,9,4.33,percent,,,first_diff,fred,DGS10,api.stlouisfed.org/fred/series/observations,raw/fred_UST10Y__FRED.csv,market-extract-4.2,2026-08-11T11:03:48+00:00,200,date|value|realtime_start|realtime_end,
2026-03-26,,False,,,UST10Y__FRED,U.S. 10-Year Treasury,verify,yield,,yield,global,verify,9,4.42,percent,,,first_diff,fred,DGS10,api.stlouisfed.org/fred/series/observations,raw/fred_UST10Y__FRED.csv,market-extract-4.2,2026-08-11T11:03:48+00:00,200,date|value|realtime_start|realtime_end,
2026-03-27,,False,,,UST10Y__FRED,U.S. 10-Year Treasury,verify,yield,,yield,global,verify,9,4.44,percent,,,first_diff,fred,DGS10,api.stlouisfed.org/fred/series/observations,raw/fred_UST10Y__FRED.csv,market-extract-4.2,2026-08-11T11:03:48+00:00,200,date|value|realtime_start|realtime_end,
2026-03-30,,False,,,UST10Y__FRED,U.S. 10-Year Treasury,verify,yield,,yield,global,verify,9,4.35,percent,,,first_diff,fred,DGS10,api.stlouisfed.org/fred/series/observations,raw/fred_UST10Y__FRED.csv,market-extract-4.2,2026-08-11T11:03:48+00:00,200,date|value|realtime_start|realtime_end,
2026-03-31,,False,,,UST10Y__FRED,U.S. 10-Year Treasury,verify,yield,,yield,global,verify,9,4.3,percent,,,first_diff,fred,DGS10,api.stlouisfed.org/fred/series/observations,raw/fred_UST10Y__FRED.csv,market-extract-4.2,2026-08-11T11:03:48+00:00,200,date|value|realtime_start|realtime_end,
2026-04-01,,False,,,UST10Y__FRED,U.S. 10-Year Treasury,verify,yield,,yield,global,verify,9,4.33,percent,,,first_diff,fred,DGS10,api.stlouisfed.org/fred/series/observations,raw/fred_UST10Y__FRED.csv,market-extract-4.2,2026-08-11T11:03:48+00:00,200,date|value|realtime_start|realtime_end,
2026-04-02,,False,,,UST10Y__FRED,U.S. 10-Year Treasury,verify,yield,,yield,global,verify,9,4.31,percent,,,first_diff,fred,DGS10,api.stlouisfed.org/fred/series/observations,raw/fred_UST10Y__FRED.csv,market-extract-4.2,2026-08-11T11:03:48+00:00,200,date|value|realtime_start|realtime_end,
2026-04-03,,False,,,UST10Y__FRED,U.S. 10-Year Treasury,verify,yield,,yield,global,verify,9,4.35,percent,,,first_diff,fred,DGS10,api.stlouisfed.org/fred/series/observations,raw/fred_UST10Y__FRED.csv,market-extract-4.2,2026-08-11T11:03:48+00:00,200,date|value|realtime_start|realtime_end,
2026-04-06,,False,,,UST10Y__FRED,U.S. 10-Year Treasury,verify,yield,,yield,global,verify,9,4.34,percent,,,first_diff,fred,DGS10,api.stlouisfed.org/fred/series/observations,raw/fred_UST10Y__FRED.csv,market-extract-4.2,2026-08-11T11:03:48+00:00,200,date|value|realtime_start|realtime_end,
2026-04-07,,False,,,UST10Y__FRED,U.S. 10-Year Treasury,verify,yield,,yield,global,verify,9,4.33,percent,,,first_diff,fred,DGS10,api.stlouisfed.org/fred/series/observations,raw/fred_UST10Y__FRED.csv,market-extract-4.2,2026-08-11T11:03:48+00:00,200,date|value|realtime_start|realtime_end,
2026-04-08,,False,,,UST10Y__FRED,U.S. 10-Year Treasury,verify,yield,,yield,global,verify,9,4.29,percent,,,first_diff,fred,DGS10,api.stlouisfed.org/fred/series/observations,raw/fred_UST10Y__FRED.csv,market-extract-4.2,2026-08-11T11:03:48+00:00,200,date|value|realtime_start|realtime_end,
2026-04-09,,False,,,UST10Y__FRED,U.S. 10-Year Treasury,verify,yield,,yield,global,verify,9,4.29,percent,,,first_diff,fred,DGS10,api.stlouisfed.org/fred/series/observations,raw/fred_UST10Y__FRED.csv,market-extract-4.2,2026-08-11T11:03:48+00:00,200,date|value|realtime_start|realtime_end,
2026-04-10,,False,,,UST10Y__FRED,U.S. 10-Year Treasury,verify,yield,,yield,global,verify,9,4.31,percent,,,first_diff,fred,DGS10,api.stlouisfed.org/fred/series/observations,raw/fred_UST10Y__FRED.csv,market-extract-4.2,2026-08-11T11:03:48+00:00,200,date|value|realtime_start|realtime_end,
2026-04-13,,False,,,UST10Y__FRED,U.S. 10-Year Treasury,verify,yield,,yield,global,verify,9,4.3,percent,,,first_diff,fred,DGS10,api.stlouisfed.org/fred/series/observations,raw/fred_UST10Y__FRED.csv,market-extract-4.2,2026-08-11T11:03:48+00:00,200,date|value|realtime_start|realtime_end,
2026-04-14,,False,,,UST10Y__FRED,U.S. 10-Year Treasury,verify,yield,,yield,global,verify,9,4.26,percent,,,first_diff,fred,DGS10,api.stlouisfed.org/fred/series/observations,raw/fred_UST10Y__FRED.csv,market-extract-4.2,2026-08-11T11:03:48+00:00,200,date|value|realtime_start|realtime_end,
2026-04-15,,False,,,UST10Y__FRED,U.S. 10-Year Treasury,verify,yield,,yield,global,verify,9,4.29,percent,,,first_diff,fred,DGS10,api.stlouisfed.org/fred/series/observations,raw/fred_UST10Y__FRED.csv,market-extract-4.2,2026-08-11T11:03:48+00:00,200,date|value|realtime_start|realtime_end,
2026-04-16,,False,,,UST10Y__FRED,U.S. 10-Year Treasury,verify,yield,,yield,global,verify,9,4.32,percent,,,first_diff,fred,DGS10,api.stlouisfed.org/fred/series/observations,raw/fred_UST10Y__FRED.csv,market-extract-4.2,2026-08-11T11:03:48+00:00,200,date|value|realtime_start|realtime_end,
2026-04-17,,False,,,UST10Y__FRED,U.S. 10-Year Treasury,verify,yield,,yield,global,verify,9,4.26,percent,,,first_diff,fred,DGS10,api.stlouisfed.org/fred/series/observations,raw/fred_UST10Y__FRED.csv,market-extract-4.2,2026-08-11T11:03:48+00:00,200,date|value|realtime_start|realtime_end,
2026-04-20,,False,,,UST10Y__FRED,U.S. 10-Year Treasury,verify,yield,,yield,global,verify,9,4.26,percent,,,first_diff,fred,DGS10,api.stlouisfed.org/fred/series/observations,raw/fred_UST10Y__FRED.csv,market-extract-4.2,2026-08-11T11:03:48+00:00,200,date|value|realtime_start|realtime_end,
2026-04-21,,False,,,UST10Y__FRED,U.S. 10-Year Treasury,verify,yield,,yield,global,verify,9,4.3,percent,,,first_diff,fred,DGS10,api.stlouisfed.org/fred/series/observations,raw/fred_UST10Y__FRED.csv,market-extract-4.2,2026-08-11T11:03:48+00:00,200,date|value|realtime_start|realtime_end,
2026-04-22,,False,,,UST10Y__FRED,U.S. 10-Year Treasury,verify,yield,,yield,global,verify,9,4.3,percent,,,first_diff,fred,DGS10,api.stlouisfed.org/fred/series/observations,raw/fred_UST10Y__FRED.csv,market-extract-4.2,2026-08-11T11:03:48+00:00,200,date|value|realtime_start|realtime_end,
2026-04-23,,False,,,UST10Y__FRED,U.S. 10-Year Treasury,verify,yield,,yield,global,verify,9,4.34,percent,,,first_diff,fred,DGS10,api.stlouisfed.org/fred/series/observations,raw/fred_UST10Y__FRED.csv,market-extract-4.2,2026-08-11T11:03:48+00:00,200,date|value|realtime_start|realtime_end,
2026-04-24,,False,,,UST10Y__FRED,U.S. 10-Year Treasury,verify,yield,,yield,global,verify,9,4.31,percent,,,first_diff,fred,DGS10,api.stlouisfed.org/fred/series/observations,raw/fred_UST10Y__FRED.csv,market-extract-4.2,2026-08-11T11:03:48+00:00,200,date|value|realtime_start|realtime_end,
2026-04-27,,False,,,UST10Y__FRED,U.S. 10-Year Treasury,verify,yield,,yield,global,verify,9,4.35,percent,,,first_diff,fred,DGS10,api.stlouisfed.org/fred/series/observations,raw/fred_UST10Y__FRED.csv,market-extract-4.2,2026-08-11T11:03:48+00:00,200,date|value|realtime_start|realtime_end,
2026-04-28,,False,,,UST10Y__FRED,U.S. 10-Year Treasury,verify,yield,,yield,global,verify,9,4.36,percent,,,first_diff,fred,DGS10,api.stlouisfed.org/fred/series/observations,raw/fred_UST10Y__FRED.csv,market-extract-4.2,2026-08-11T11:03:48+00:00,200,date|value|realtime_start|realtime_end,
2026-04-29,,False,,,UST10Y__FRED,U.S. 10-Year Treasury,verify,yield,,yield,global,verify,9,4.42,percent,,,first_diff,fred,DGS10,api.stlouisfed.org/fred/series/observations,raw/fred_UST10Y__FRED.csv,market-extract-4.2,2026-08-11T11:03:48+00:00,200,date|value|realtime_start|realtime_end,
2026-04-30,,False,,,UST10Y__FRED,U.S. 10-Year Treasury,verify,yield,,yield,global,verify,9,4.4,percent,,,first_diff,fred,DGS10,api.stlouisfed.org/fred/series/observations,raw/fred_UST10Y__FRED.csv,market-extract-4.2,2026-08-11T11:03:48+00:00,200,date|value|realtime_start|realtime_end,
2026-05-01,,False,,,UST10Y__FRED,U.S. 10-Year Treasury,verify,yield,,yield,global,verify,9,4.39,percent,,,first_diff,fred,DGS10,api.stlouisfed.org/fred/series/observations,raw/fred_UST10Y__FRED.csv,market-extract-4.2,2026-08-11T11:03:48+00:00,200,date|value|realtime_start|realtime_end,
2026-05-04,,False,,,UST10Y__FRED,U.S. 10-Year Treasury,verify,yield,,yield,global,verify,9,4.45,percent,,,first_diff,fred,DGS10,api.stlouisfed.org/fred/series/observations,raw/fred_UST10Y__FRED.csv,market-extract-4.2,2026-08-11T11:03:48+00:00,200,date|value|realtime_start|realtime_end,
2026-05-05,,False,,,UST10Y__FRED,U.S. 10-Year Treasury,verify,yield,,yield,global,verify,9,4.43,percent,,,first_diff,fred,DGS10,api.stlouisfed.org/fred/series/observations,raw/fred_UST10Y__FRED.csv,market-extract-4.2,2026-08-11T11:03:48+00:00,200,date|value|realtime_start|realtime_end,
2026-05-06,,False,,,UST10Y__FRED,U.S. 10-Year Treasury,verify,yield,,yield,global,verify,9,4.36,percent,,,first_diff,fred,DGS10,api.stlouisfed.org/fred/series/observations,raw/fred_UST10Y__FRED.csv,market-extract-4.2,2026-08-11T11:03:48+00:00,200,date|value|realtime_start|realtime_end,
2026-05-07,,False,,,UST10Y__FRED,U.S. 10-Year Treasury,verify,yield,,yield,global,verify,9,4.41,percent,,,first_diff,fred,DGS10,api.stlouisfed.org/fred/series/observations,raw/fred_UST10Y__FRED.csv,market-extract-4.2,2026-08-11T11:03:48+00:00,200,date|value|realtime_start|realtime_end,
2026-05-08,,False,,,UST10Y__FRED,U.S. 10-Year Treasury,verify,yield,,yield,global,verify,9,4.38,percent,,,first_diff,fred,DGS10,api.stlouisfed.org/fred/series/observations,raw/fred_UST10Y__FRED.csv,market-extract-4.2,2026-08-11T11:03:48+00:00,200,date|value|realtime_start|realtime_end,
2026-05-11,,False,,,UST10Y__FRED,U.S. 10-Year Treasury,verify,yield,,yield,global,verify,9,4.42,percent,,,first_diff,fred,DGS10,api.stlouisfed.org/fred/series/observations,raw/fred_UST10Y__FRED.csv,market-extract-4.2,2026-08-11T11:03:48+00:00,200,date|value|realtime_start|realtime_end,
2026-05-12,,False,,,UST10Y__FRED,U.S. 10-Year Treasury,verify,yield,,yield,global,verify,9,4.46,percent,,,first_diff,fred,DGS10,api.stlouisfed.org/fred/series/observations,raw/fred_UST10Y__FRED.csv,market-extract-4.2,2026-08-11T11:03:48+00:00,200,date|value|realtime_start|realtime_end,
2026-05-13,,False,,,UST10Y__FRED,U.S. 10-Year Treasury,verify,yield,,yield,global,verify,9,4.46,percent,,,first_diff,fred,DGS10,api.stlouisfed.org/fred/series/observations,raw/fred_UST10Y__FRED.csv,market-extract-4.2,2026-08-11T11:03:48+00:00,200,date|value|realtime_start|realtime_end,
2026-05-14,,False,,,UST10Y__FRED,U.S. 10-Year Treasury,verify,yield,,yield,global,verify,9,4.47,percent,,,first_diff,fred,DGS10,api.stlouisfed.org/fred/series/observations,raw/fred_UST10Y__FRED.csv,market-extract-4.2,2026-08-11T11:03:48+00:00,200,date|value|realtime_start|realtime_end,
2026-05-15,,False,,,UST10Y__FRED,U.S. 10-Year Treasury,verify,yield,,yield,global,verify,9,4.59,percent,,,first_diff,fred,DGS10,api.stlouisfed.org/fred/series/observations,raw/fred_UST10Y__FRED.csv,market-extract-4.2,2026-08-11T11:03:48+00:00,200,date|value|realtime_start|realtime_end,
2026-05-18,,False,,,UST10Y__FRED,U.S. 10-Year Treasury,verify,yield,,yield,global,verify,9,4.61,percent,,,first_diff,fred,DGS10,api.stlouisfed.org/fred/series/observations,raw/fred_UST10Y__FRED.csv,market-extract-4.2,2026-08-11T11:03:48+00:00,200,date|value|realtime_start|realtime_end,
2026-05-19,,False,,,UST10Y__FRED,U.S. 10-Year Treasury,verify,yield,,yield,global,verify,9,4.67,percent,,,first_diff,fred,DGS10,api.stlouisfed.org/fred/series/observations,raw/fred_UST10Y__FRED.csv,market-extract-4.2,2026-08-11T11:03:48+00:00,200,date|value|realtime_start|realtime_end,
2026-05-20,,False,,,UST10Y__FRED,U.S. 10-Year Treasury,verify,yield,,yield,global,verify,9,4.57,percent,,,first_diff,fred,DGS10,api.stlouisfed.org/fred/series/observations,raw/fred_UST10Y__FRED.csv,market-extract-4.2,2026-08-11T11:03:48+00:00,200,date|value|realtime_start|realtime_end,
2026-05-21,,False,,,UST10Y__FRED,U.S. 10-Year Treasury,verify,yield,,yield,global,verify,9,4.57,percent,,,first_diff,fred,DGS10,api.stlouisfed.org/fred/series/observations,raw/fred_UST10Y__FRED.csv,market-extract-4.2,2026-08-11T11:03:48+00:00,200,date|value|realtime_start|realtime_end,
2026-05-22,,False,,,UST10Y__FRED,U.S. 10-Year Treasury,verify,yield,,yield,global,verify,9,4.56,percent,,,first_diff,fred,DGS10,api.stlouisfed.org/fred/series/observations,raw/fred_UST10Y__FRED.csv,market-extract-4.2,2026-08-11T11:03:48+00:00,200,date|value|realtime_start|realtime_end,
2026-05-26,,False,,,UST10Y__FRED,U.S. 10-Year Treasury,verify,yield,,yield,global,verify,9,4.5,percent,,,first_diff,fred,DGS10,api.stlouisfed.org/fred/series/observations,raw/fred_UST10Y__FRED.csv,market-extract-4.2,2026-08-11T11:03:48+00:00,200,date|value|realtime_start|realtime_end,
2026-05-27,,False,,,UST10Y__FRED,U.S. 10-Year Treasury,verify,yield,,yield,global,verify,9,4.48,percent,,,first_diff,fred,DGS10,api.stlouisfed.org/fred/series/observations,raw/fred_UST10Y__FRED.csv,market-extract-4.2,2026-08-11T11:03:48+00:00,200,date|value|realtime_start|realtime_end,
2026-05-28,,False,,,UST10Y__FRED,U.S. 10-Year Treasury,verify,yield,,yield,global,verify,9,4.45,percent,,,first_diff,fred,DGS10,api.stlouisfed.org/fred/series/observations,raw/fred_UST10Y__FRED.csv,market-extract-4.2,2026-08-11T11:03:48+00:00,200,date|value|realtime_start|realtime_end,
2026-05-29,,False,,,UST10Y__FRED,U.S. 10-Year Treasury,verify,yield,,yield,global,verify,9,4.45,percent,,,first_diff,fred,DGS10,api.stlouisfed.org/fred/series/observations,raw/fred_UST10Y__FRED.csv,market-extract-4.2,2026-08-11T11:03:48+00:00,200,date|value|realtime_start|realtime_end,
2026-06-01,,False,,,UST10Y__FRED,U.S. 10-Year Treasury,verify,yield,,yield,global,verify,9,4.47,percent,,,first_diff,fred,DGS10,api.stlouisfed.org/fred/series/observations,raw/fred_UST10Y__FRED.csv,market-extract-4.2,2026-08-11T11:03:48+00:00,200,date|value|realtime_start|realtime_end,
2026-06-02,,False,,,UST10Y__FRED,U.S. 10-Year Treasury,verify,yield,,yield,global,verify,9,4.46,percent,,,first_diff,fred,DGS10,api.stlouisfed.org/fred/series/observations,raw/fred_UST10Y__FRED.csv,market-extract-4.2,2026-08-11T11:03:48+00:00,200,date|value|realtime_start|realtime_end,
2026-06-03,,False,,,UST10Y__FRED,U.S. 10-Year Treasury,verify,yield,,yield,global,verify,9,4.49,percent,,,first_diff,fred,DGS10,api.stlouisfed.org/fred/series/observations,raw/fred_UST10Y__FRED.csv,market-extract-4.2,2026-08-11T11:03:48+00:00,200,date|value|realtime_start|realtime_end,
2026-06-04,,False,,,UST10Y__FRED,U.S. 10-Year Treasury,verify,yield,,yield,global,verify,9,4.47,percent,,,first_diff,fred,DGS10,api.stlouisfed.org/fred/series/observations,raw/fred_UST10Y__FRED.csv,market-extract-4.2,2026-08-11T11:03:48+00:00,200,date|value|realtime_start|realtime_end,
2026-06-05,,False,,,UST10Y__FRED,U.S. 10-Year Treasury,verify,yield,,yield,global,verify,9,4.55,percent,,,first_diff,fred,DGS10,api.stlouisfed.org/fred/series/observations,raw/fred_UST10Y__FRED.csv,market-extract-4.2,2026-08-11T11:03:48+00:00,200,date|value|realtime_start|realtime_end,
2026-06-08,,False,,,UST10Y__FRED,U.S. 10-Year Treasury,verify,yield,,yield,global,verify,9,4.56,percent,,,first_diff,fred,DGS10,api.stlouisfed.org/fred/series/observations,raw/fred_UST10Y__FRED.csv,market-extract-4.2,2026-08-11T11:03:48+00:00,200,date|value|realtime_start|realtime_end,
2026-06-09,,False,,,UST10Y__FRED,U.S. 10-Year Treasury,verify,yield,,yield,global,verify,9,4.53,percent,,,first_diff,fred,DGS10,api.stlouisfed.org/fred/series/observations,raw/fred_UST10Y__FRED.csv,market-extract-4.2,2026-08-11T11:03:48+00:00,200,date|value|realtime_start|realtime_end,
2026-06-10,,False,,,UST10Y__FRED,U.S. 10-Year Treasury,verify,yield,,yield,global,verify,9,4.55,percent,,,first_diff,fred,DGS10,api.stlouisfed.org/fred/series/observations,raw/fred_UST10Y__FRED.csv,market-extract-4.2,2026-08-11T11:03:48+00:00,200,date|value|realtime_start|realtime_end,
2026-06-11,,False,,,UST10Y__FRED,U.S. 10-Year Treasury,verify,yield,,yield,global,verify,9,4.45,percent,,,first_diff,fred,DGS10,api.stlouisfed.org/fred/series/observations,raw/fred_UST10Y__FRED.csv,market-extract-4.2,2026-08-11T11:03:48+00:00,200,date|value|realtime_start|realtime_end,
2026-06-12,,False,,,UST10Y__FRED,U.S. 10-Year Treasury,verify,yield,,yield,global,verify,9,4.48,percent,,,first_diff,fred,DGS10,api.stlouisfed.org/fred/series/observations,raw/fred_UST10Y__FRED.csv,market-extract-4.2,2026-08-11T11:03:48+00:00,200,date|value|realtime_start|realtime_end,
2026-06-15,,False,,,UST10Y__FRED,U.S. 10-Year Treasury,verify,yield,,yield,global,verify,9,4.47,percent,,,first_diff,fred,DGS10,api.stlouisfed.org/fred/series/observations,raw/fred_UST10Y__FRED.csv,market-extract-4.2,2026-08-11T11:03:48+00:00,200,date|value|realtime_start|realtime_end,
2026-06-16,,False,,,UST10Y__FRED,U.S. 10-Year Treasury,verify,yield,,yield,global,verify,9,4.43,percent,,,first_diff,fred,DGS10,api.stlouisfed.org/fred/series/observations,raw/fred_UST10Y__FRED.csv,market-extract-4.2,2026-08-11T11:03:48+00:00,200,date|value|realtime_start|realtime_end,
2026-06-17,,False,,,UST10Y__FRED,U.S. 10-Year Treasury,verify,yield,,yield,global,verify,9,4.49,percent,,,first_diff,fred,DGS10,api.stlouisfed.org/fred/series/observations,raw/fred_UST10Y__FRED.csv,market-extract-4.2,2026-08-11T11:03:48+00:00,200,date|value|realtime_start|realtime_end,
2026-06-18,,False,,,UST10Y__FRED,U.S. 10-Year Treasury,verify,yield,,yield,global,verify,9,4.46,percent,,,first_diff,fred,DGS10,api.stlouisfed.org/fred/series/observations,raw/fred_UST10Y__FRED.csv,market-extract-4.2,2026-08-11T11:03:48+00:00,200,date|value|realtime_start|realtime_end,
2026-06-22,,False,,,UST10Y__FRED,U.S. 10-Year Treasury,verify,yield,,yield,global,verify,9,4.51,percent,,,first_diff,fred,DGS10,api.stlouisfed.org/fred/series/observations,raw/fred_UST10Y__FRED.csv,market-extract-4.2,2026-08-11T11:03:48+00:00,200,date|value|realtime_start|realtime_end,
2026-06-23,,False,,,UST10Y__FRED,U.S. 10-Year Treasury,verify,yield,,yield,global,verify,9,4.5,percent,,,first_diff,fred,DGS10,api.stlouisfed.org/fred/series/observations,raw/fred_UST10Y__FRED.csv,market-extract-4.2,2026-08-11T11:03:48+00:00,200,date|value|realtime_start|realtime_end,
2026-06-24,,False,,,UST10Y__FRED,U.S. 10-Year Treasury,verify,yield,,yield,global,verify,9,4.41,percent,,,first_diff,fred,DGS10,api.stlouisfed.org/fred/series/observations,raw/fred_UST10Y__FRED.csv,market-extract-4.2,2026-08-11T11:03:48+00:00,200,date|value|realtime_start|realtime_end,
2026-06-25,,False,,,UST10Y__FRED,U.S. 10-Year Treasury,verify,yield,,yield,global,verify,9,4.4,percent,,,first_diff,fred,DGS10,api.stlouisfed.org/fred/series/observations,raw/fred_UST10Y__FRED.csv,market-extract-4.2,2026-08-11T11:03:48+00:00,200,date|value|realtime_start|realtime_end,
2026-06-26,,False,,,UST10Y__FRED,U.S. 10-Year Treasury,verify,yield,,yield,global,verify,9,4.38,percent,,,first_diff,fred,DGS10,api.stlouisfed.org/fred/series/observations,raw/fred_UST10Y__FRED.csv,market-extract-4.2,2026-08-11T11:03:48+00:00,200,date|value|realtime_start|realtime_end,
2026-06-29,,False,,,UST10Y__FRED,U.S. 10-Year Treasury,verify,yield,,yield,global,verify,9,4.38,percent,,,first_diff,fred,DGS10,api.stlouisfed.org/fred/series/observations,raw/fred_UST10Y__FRED.csv,market-extract-4.2,2026-08-11T11:03:48+00:00,200,date|value|realtime_start|realtime_end,
2026-06-30,,False,,,UST10Y__FRED,U.S. 10-Year Treasury,verify,yield,,yield,global,verify,9,4.44,percent,,,first_diff,fred,DGS10,api.stlouisfed.org/fred/series/observations,raw/fred_UST10Y__FRED.csv,market-extract-4.2,2026-08-11T11:03:48+00:00,200,date|value|realtime_start|realtime_end,
2026-07-01,,False,,,UST10Y__FRED,U.S. 10-Year Treasury,verify,yield,,yield,global,verify,9,4.48,percent,,,first_diff,fred,DGS10,api.stlouisfed.org/fred/series/observations,raw/fred_UST10Y__FRED.csv,market-extract-4.2,2026-08-11T11:03:48+00:00,200,date|value|realtime_start|realtime_end,
2026-07-02,,False,,,UST10Y__FRED,U.S. 10-Year Treasury,verify,yield,,yield,global,verify,9,4.49,percent,,,first_diff,fred,DGS10,api.stlouisfed.org/fred/series/observations,raw/fred_UST10Y__FRED.csv,market-extract-4.2,2026-08-11T11:03:48+00:00,200,date|value|realtime_start|realtime_end,
2026-07-06,,False,,,UST10Y__FRED,U.S. 10-Year Treasury,verify,yield,,yield,global,verify,9,4.48,percent,,,first_diff,fred,DGS10,api.stlouisfed.org/fred/series/observations,raw/fred_UST10Y__FRED.csv,market-extract-4.2,2026-08-11T11:03:48+00:00,200,date|value|realtime_start|realtime_end,
2026-07-07,,False,,,UST10Y__FRED,U.S. 10-Year Treasury,verify,yield,,yield,global,verify,9,4.55,percent,,,first_diff,fred,DGS10,api.stlouisfed.org/fred/series/observations,raw/fred_UST10Y__FRED.csv,market-extract-4.2,2026-08-11T11:03:48+00:00,200,date|value|realtime_start|realtime_end,
2026-07-08,,False,,,UST10Y__FRED,U.S. 10-Year Treasury,verify,yield,,yield,global,verify,9,4.56,percent,,,first_diff,fred,DGS10,api.stlouisfed.org/fred/series/observations,raw/fred_UST10Y__FRED.csv,market-extract-4.2,2026-08-11T11:03:48+00:00,200,date|value|realtime_start|realtime_end,
2026-07-09,,False,,,UST10Y__FRED,U.S. 10-Year Treasury,verify,yield,,yield,global,verify,9,4.54,percent,,,first_diff,fred,DGS10,api.stlouisfed.org/fred/series/observations,raw/fred_UST10Y__FRED.csv,market-extract-4.2,2026-08-11T11:03:48+00:00,200,date|value|realtime_start|realtime_end,
2026-07-10,,False,,,UST10Y__FRED,U.S. 10-Year Treasury,verify,yield,,yield,global,verify,9,4.56,percent,,,first_diff,fred,DGS10,api.stlouisfed.org/fred/series/observations,raw/fred_UST10Y__FRED.csv,market-extract-4.2,2026-08-11T11:03:48+00:00,200,date|value|realtime_start|realtime_end,
2026-07-13,,False,,,UST10Y__FRED,U.S. 10-Year Treasury,verify,yield,,yield,global,verify,9,4.62,percent,,,first_diff,fred,DGS10,api.stlouisfed.org/fred/series/observations,raw/fred_UST10Y__FRED.csv,market-extract-4.2,2026-08-11T11:03:48+00:00,200,date|value|realtime_start|realtime_end,
2026-07-14,,False,,,UST10Y__FRED,U.S. 10-Year Treasury,verify,yield,,yield,global,verify,9,4.58,percent,,,first_diff,fred,DGS10,api.stlouisfed.org/fred/series/observations,raw/fred_UST10Y__FRED.csv,market-extract-4.2,2026-08-11T11:03:48+00:00,200,date|value|realtime_start|realtime_end,
2026-07-15,,False,,,UST10Y__FRED,U.S. 10-Year Treasury,verify,yield,,yield,global,verify,9,4.55,percent,,,first_diff,fred,DGS10,api.stlouisfed.org/fred/series/observations,raw/fred_UST10Y__FRED.csv,market-extract-4.2,2026-08-11T11:03:48+00:00,200,date|value|realtime_start|realtime_end,
2026-07-16,,False,,,UST10Y__FRED,U.S. 10-Year Treasury,verify,yield,,yield,global,verify,9,4.57,percent,,,first_diff,fred,DGS10,api.stlouisfed.org/fred/series/observations,raw/fred_UST10Y__FRED.csv,market-extract-4.2,2026-08-11T11:03:48+00:00,200,date|value|realtime_start|realtime_end,
2026-07-17,,False,,,UST10Y__FRED,U.S. 10-Year Treasury,verify,yield,,yield,global,verify,9,4.55,percent,,,first_diff,fred,DGS10,api.stlouisfed.org/fred/series/observations,raw/fred_UST10Y__FRED.csv,market-extract-4.2,2026-08-11T11:03:48+00:00,200,date|value|realtime_start|realtime_end,
2026-07-20,,False,,,UST10Y__FRED,U.S. 10-Year Treasury,verify,yield,,yield,global,verify,9,4.6,percent,,,first_diff,fred,DGS10,api.stlouisfed.org/fred/series/observations,raw/fred_UST10Y__FRED.csv,market-extract-4.2,2026-08-11T11:03:48+00:00,200,date|value|realtime_start|realtime_end,
2026-07-21,,False,,,UST10Y__FRED,U.S. 10-Year Treasury,verify,yield,,yield,global,verify,9,4.63,percent,,,first_diff,fred,DGS10,api.stlouisfed.org/fred/series/observations,raw/fred_UST10Y__FRED.csv,market-extract-4.2,2026-08-11T11:03:48+00:00,200,date|value|realtime_start|realtime_end,
2026-07-22,,False,,,UST10Y__FRED,U.S. 10-Year Treasury,verify,yield,,yield,global,verify,9,4.67,percent,,,first_diff,fred,DGS10,api.stlouisfed.org/fred/series/observations,raw/fred_UST10Y__FRED.csv,market-extract-4.2,2026-08-11T11:03:48+00:00,200,date|value|realtime_start|realtime_end,
