observation_date,observation_ts_utc,ts_is_exact,close_local,timezone,asset_id,asset_name,category,instrument_type,instrument_variant,price_type,market,role,tier,value,unit,currency,volume,transform,source,source_series_id,endpoint,raw_file,collector_version,retrieved_at_utc,http_status,observed_keys,notes,project_week
2026-03-02,2026-03-02T22:00:00+00:00,True,17:00,America/New_York,DXY,U.S. Dollar Index,fx,index,,index_level,global,secondary,2,98.37999725341797,index_points,,,log_return,yahoo,DX-Y.NYB,yfinance/yahoo-chart,raw/yahoo_DXY.csv,market-extract-4.2,2026-08-11T11:03:48+00:00,200,Adj Close|Close|High|Low|Open|Volume,,W01
2026-03-03,2026-03-03T22:00:00+00:00,True,17:00,America/New_York,DXY,U.S. Dollar Index,fx,index,,index_level,global,secondary,2,99.05000305175781,index_points,,,log_return,yahoo,DX-Y.NYB,yfinance/yahoo-chart,raw/yahoo_DXY.csv,market-extract-4.2,2026-08-11T11:03:48+00:00,200,Adj Close|Close|High|Low|Open|Volume,,W01
2026-03-04,2026-03-04T22:00:00+00:00,True,17:00,America/New_York,DXY,U.S. Dollar Index,fx,index,,index_level,global,secondary,2,98.7699966430664,index_points,,,log_return,yahoo,DX-Y.NYB,yfinance/yahoo-chart,raw/yahoo_DXY.csv,market-extract-4.2,2026-08-11T11:03:48+00:00,200,Adj Close|Close|High|Low|Open|Volume,,W01
2026-03-05,2026-03-05T22:00:00+00:00,True,17:00,America/New_York,DXY,U.S. Dollar Index,fx,index,,index_level,global,secondary,2,99.31999969482422,index_points,,,log_return,yahoo,DX-Y.NYB,yfinance/yahoo-chart,raw/yahoo_DXY.csv,market-extract-4.2,2026-08-11T11:03:48+00:00,200,Adj Close|Close|High|Low|Open|Volume,,W01
2026-03-06,2026-03-06T22:00:00+00:00,True,17:00,America/New_York,DXY,U.S. Dollar Index,fx,index,,index_level,global,secondary,2,98.98999786376953,index_points,,,log_return,yahoo,DX-Y.NYB,yfinance/yahoo-chart,raw/yahoo_DXY.csv,market-extract-4.2,2026-08-11T11:03:48+00:00,200,Adj Close|Close|High|Low|Open|Volume,,W01
2026-03-09,2026-03-09T21:00:00+00:00,True,17:00,America/New_York,DXY,U.S. Dollar Index,fx,index,,index_level,global,secondary,2,99.18000030517578,index_points,,,log_return,yahoo,DX-Y.NYB,yfinance/yahoo-chart,raw/yahoo_DXY.csv,market-extract-4.2,2026-08-11T11:03:48+00:00,200,Adj Close|Close|High|Low|Open|Volume,,W02
2026-03-10,2026-03-10T21:00:00+00:00,True,17:00,America/New_York,DXY,U.S. Dollar Index,fx,index,,index_level,global,secondary,2,98.83000183105469,index_points,,,log_return,yahoo,DX-Y.NYB,yfinance/yahoo-chart,raw/yahoo_DXY.csv,market-extract-4.2,2026-08-11T11:03:48+00:00,200,Adj Close|Close|High|Low|Open|Volume,,W02
2026-03-11,2026-03-11T21:00:00+00:00,True,17:00,America/New_York,DXY,U.S. Dollar Index,fx,index,,index_level,global,secondary,2,99.2300033569336,index_points,,,log_return,yahoo,DX-Y.NYB,yfinance/yahoo-chart,raw/yahoo_DXY.csv,market-extract-4.2,2026-08-11T11:03:48+00:00,200,Adj Close|Close|High|Low|Open|Volume,,W02
2026-03-12,2026-03-12T21:00:00+00:00,True,17:00,America/New_York,DXY,U.S. Dollar Index,fx,index,,index_level,global,secondary,2,99.73999786376953,index_points,,,log_return,yahoo,DX-Y.NYB,yfinance/yahoo-chart,raw/yahoo_DXY.csv,market-extract-4.2,2026-08-11T11:03:48+00:00,200,Adj Close|Close|High|Low|Open|Volume,,W02
2026-03-13,2026-03-13T21:00:00+00:00,True,17:00,America/New_York,DXY,U.S. Dollar Index,fx,index,,index_level,global,secondary,2,100.36000061035156,index_points,,,log_return,yahoo,DX-Y.NYB,yfinance/yahoo-chart,raw/yahoo_DXY.csv,market-extract-4.2,2026-08-11T11:03:48+00:00,200,Adj Close|Close|High|Low|Open|Volume,,W02
2026-03-16,2026-03-16T21:00:00+00:00,True,17:00,America/New_York,DXY,U.S. Dollar Index,fx,index,,index_level,global,secondary,2,99.70999908447266,index_points,,,log_return,yahoo,DX-Y.NYB,yfinance/yahoo-chart,raw/yahoo_DXY.csv,market-extract-4.2,2026-08-11T11:03:48+00:00,200,Adj Close|Close|High|Low|Open|Volume,,W03
2026-03-17,2026-03-17T21:00:00+00:00,True,17:00,America/New_York,DXY,U.S. Dollar Index,fx,index,,index_level,global,secondary,2,99.58000183105469,index_points,,,log_return,yahoo,DX-Y.NYB,yfinance/yahoo-chart,raw/yahoo_DXY.csv,market-extract-4.2,2026-08-11T11:03:48+00:00,200,Adj Close|Close|High|Low|Open|Volume,,W03
2026-03-18,2026-03-18T21:00:00+00:00,True,17:00,America/New_York,DXY,U.S. Dollar Index,fx,index,,index_level,global,secondary,2,100.08999633789062,index_points,,,log_return,yahoo,DX-Y.NYB,yfinance/yahoo-chart,raw/yahoo_DXY.csv,market-extract-4.2,2026-08-11T11:03:48+00:00,200,Adj Close|Close|High|Low|Open|Volume,,W03
2026-03-19,2026-03-19T21:00:00+00:00,True,17:00,America/New_York,DXY,U.S. Dollar Index,fx,index,,index_level,global,secondary,2,99.2300033569336,index_points,,,log_return,yahoo,DX-Y.NYB,yfinance/yahoo-chart,raw/yahoo_DXY.csv,market-extract-4.2,2026-08-11T11:03:48+00:00,200,Adj Close|Close|High|Low|Open|Volume,,W03
2026-03-20,2026-03-20T21:00:00+00:00,True,17:00,America/New_York,DXY,U.S. Dollar Index,fx,index,,index_level,global,secondary,2,99.6500015258789,index_points,,,log_return,yahoo,DX-Y.NYB,yfinance/yahoo-chart,raw/yahoo_DXY.csv,market-extract-4.2,2026-08-11T11:03:48+00:00,200,Adj Close|Close|High|Low|Open|Volume,,W03
2026-03-23,2026-03-23T21:00:00+00:00,True,17:00,America/New_York,DXY,U.S. Dollar Index,fx,index,,index_level,global,secondary,2,98.94999694824219,index_points,,,log_return,yahoo,DX-Y.NYB,yfinance/yahoo-chart,raw/yahoo_DXY.csv,market-extract-4.2,2026-08-11T11:03:48+00:00,200,Adj Close|Close|High|Low|Open|Volume,,W04
2026-03-24,2026-03-24T21:00:00+00:00,True,17:00,America/New_York,DXY,U.S. Dollar Index,fx,index,,index_level,global,secondary,2,99.43000030517578,index_points,,,log_return,yahoo,DX-Y.NYB,yfinance/yahoo-chart,raw/yahoo_DXY.csv,market-extract-4.2,2026-08-11T11:03:48+00:00,200,Adj Close|Close|High|Low|Open|Volume,,W04
2026-03-25,2026-03-25T21:00:00+00:00,True,17:00,America/New_York,DXY,U.S. Dollar Index,fx,index,,index_level,global,secondary,2,99.5999984741211,index_points,,,log_return,yahoo,DX-Y.NYB,yfinance/yahoo-chart,raw/yahoo_DXY.csv,market-extract-4.2,2026-08-11T11:03:48+00:00,200,Adj Close|Close|High|Low|Open|Volume,,W04
2026-03-26,2026-03-26T21:00:00+00:00,True,17:00,America/New_York,DXY,U.S. Dollar Index,fx,index,,index_level,global,secondary,2,99.9000015258789,index_points,,,log_return,yahoo,DX-Y.NYB,yfinance/yahoo-chart,raw/yahoo_DXY.csv,market-extract-4.2,2026-08-11T11:03:48+00:00,200,Adj Close|Close|High|Low|Open|Volume,,W04
2026-03-27,2026-03-27T21:00:00+00:00,True,17:00,America/New_York,DXY,U.S. Dollar Index,fx,index,,index_level,global,secondary,2,100.1500015258789,index_points,,,log_return,yahoo,DX-Y.NYB,yfinance/yahoo-chart,raw/yahoo_DXY.csv,market-extract-4.2,2026-08-11T11:03:48+00:00,200,Adj Close|Close|High|Low|Open|Volume,,W04
2026-03-30,2026-03-30T21:00:00+00:00,True,17:00,America/New_York,DXY,U.S. Dollar Index,fx,index,,index_level,global,secondary,2,100.51000213623047,index_points,,,log_return,yahoo,DX-Y.NYB,yfinance/yahoo-chart,raw/yahoo_DXY.csv,market-extract-4.2,2026-08-11T11:03:48+00:00,200,Adj Close|Close|High|Low|Open|Volume,,W05
2026-03-31,2026-03-31T21:00:00+00:00,True,17:00,America/New_York,DXY,U.S. Dollar Index,fx,index,,index_level,global,secondary,2,99.95999908447266,index_points,,,log_return,yahoo,DX-Y.NYB,yfinance/yahoo-chart,raw/yahoo_DXY.csv,market-extract-4.2,2026-08-11T11:03:48+00:00,200,Adj Close|Close|High|Low|Open|Volume,,W05
2026-04-01,2026-04-01T21:00:00+00:00,True,17:00,America/New_York,DXY,U.S. Dollar Index,fx,index,,index_level,global,secondary,2,99.6500015258789,index_points,,,log_return,yahoo,DX-Y.NYB,yfinance/yahoo-chart,raw/yahoo_DXY.csv,market-extract-4.2,2026-08-11T11:03:48+00:00,200,Adj Close|Close|High|Low|Open|Volume,,W05
2026-04-02,2026-04-02T21:00:00+00:00,True,17:00,America/New_York,DXY,U.S. Dollar Index,fx,index,,index_level,global,secondary,2,100.02999877929688,index_points,,,log_return,yahoo,DX-Y.NYB,yfinance/yahoo-chart,raw/yahoo_DXY.csv,market-extract-4.2,2026-08-11T11:03:48+00:00,200,Adj Close|Close|High|Low|Open|Volume,,W05
2026-04-06,2026-04-06T21:00:00+00:00,True,17:00,America/New_York,DXY,U.S. Dollar Index,fx,index,,index_level,global,secondary,2,99.9800033569336,index_points,,,log_return,yahoo,DX-Y.NYB,yfinance/yahoo-chart,raw/yahoo_DXY.csv,market-extract-4.2,2026-08-11T11:03:48+00:00,200,Adj Close|Close|High|Low|Open|Volume,,W06
2026-04-07,2026-04-07T21:00:00+00:00,True,17:00,America/New_York,DXY,U.S. Dollar Index,fx,index,,index_level,global,secondary,2,99.63999938964844,index_points,,,log_return,yahoo,DX-Y.NYB,yfinance/yahoo-chart,raw/yahoo_DXY.csv,market-extract-4.2,2026-08-11T11:03:48+00:00,200,Adj Close|Close|High|Low|Open|Volume,,W06
2026-04-08,2026-04-08T21:00:00+00:00,True,17:00,America/New_York,DXY,U.S. Dollar Index,fx,index,,index_level,global,secondary,2,99.12999725341797,index_points,,,log_return,yahoo,DX-Y.NYB,yfinance/yahoo-chart,raw/yahoo_DXY.csv,market-extract-4.2,2026-08-11T11:03:48+00:00,200,Adj Close|Close|High|Low|Open|Volume,,W06
2026-04-09,2026-04-09T21:00:00+00:00,True,17:00,America/New_York,DXY,U.S. Dollar Index,fx,index,,index_level,global,secondary,2,98.81999969482422,index_points,,,log_return,yahoo,DX-Y.NYB,yfinance/yahoo-chart,raw/yahoo_DXY.csv,market-extract-4.2,2026-08-11T11:03:48+00:00,200,Adj Close|Close|High|Low|Open|Volume,,W06
2026-04-10,2026-04-10T21:00:00+00:00,True,17:00,America/New_York,DXY,U.S. Dollar Index,fx,index,,index_level,global,secondary,2,98.6500015258789,index_points,,,log_return,yahoo,DX-Y.NYB,yfinance/yahoo-chart,raw/yahoo_DXY.csv,market-extract-4.2,2026-08-11T11:03:48+00:00,200,Adj Close|Close|High|Low|Open|Volume,,W06
2026-04-13,2026-04-13T21:00:00+00:00,True,17:00,America/New_York,DXY,U.S. Dollar Index,fx,index,,index_level,global,secondary,2,98.37000274658203,index_points,,,log_return,yahoo,DX-Y.NYB,yfinance/yahoo-chart,raw/yahoo_DXY.csv,market-extract-4.2,2026-08-11T11:03:48+00:00,200,Adj Close|Close|High|Low|Open|Volume,,W07
2026-04-14,2026-04-14T21:00:00+00:00,True,17:00,America/New_York,DXY,U.S. Dollar Index,fx,index,,index_level,global,secondary,2,98.12000274658203,index_points,,,log_return,yahoo,DX-Y.NYB,yfinance/yahoo-chart,raw/yahoo_DXY.csv,market-extract-4.2,2026-08-11T11:03:48+00:00,200,Adj Close|Close|High|Low|Open|Volume,,W07
2026-04-15,2026-04-15T21:00:00+00:00,True,17:00,America/New_York,DXY,U.S. Dollar Index,fx,index,,index_level,global,secondary,2,98.05999755859375,index_points,,,log_return,yahoo,DX-Y.NYB,yfinance/yahoo-chart,raw/yahoo_DXY.csv,market-extract-4.2,2026-08-11T11:03:48+00:00,200,Adj Close|Close|High|Low|Open|Volume,,W07
2026-04-16,2026-04-16T21:00:00+00:00,True,17:00,America/New_York,DXY,U.S. Dollar Index,fx,index,,index_level,global,secondary,2,98.22000122070312,index_points,,,log_return,yahoo,DX-Y.NYB,yfinance/yahoo-chart,raw/yahoo_DXY.csv,market-extract-4.2,2026-08-11T11:03:48+00:00,200,Adj Close|Close|High|Low|Open|Volume,,W07
2026-04-17,2026-04-17T21:00:00+00:00,True,17:00,America/New_York,DXY,U.S. Dollar Index,fx,index,,index_level,global,secondary,2,98.0999984741211,index_points,,,log_return,yahoo,DX-Y.NYB,yfinance/yahoo-chart,raw/yahoo_DXY.csv,market-extract-4.2,2026-08-11T11:03:48+00:00,200,Adj Close|Close|High|Low|Open|Volume,,W07
2026-04-20,2026-04-20T21:00:00+00:00,True,17:00,America/New_York,DXY,U.S. Dollar Index,fx,index,,index_level,global,secondary,2,98.05000305175781,index_points,,,log_return,yahoo,DX-Y.NYB,yfinance/yahoo-chart,raw/yahoo_DXY.csv,market-extract-4.2,2026-08-11T11:03:48+00:00,200,Adj Close|Close|High|Low|Open|Volume,,W08
2026-04-21,2026-04-21T21:00:00+00:00,True,17:00,America/New_York,DXY,U.S. Dollar Index,fx,index,,index_level,global,secondary,2,98.41000366210938,index_points,,,log_return,yahoo,DX-Y.NYB,yfinance/yahoo-chart,raw/yahoo_DXY.csv,market-extract-4.2,2026-08-11T11:03:48+00:00,200,Adj Close|Close|High|Low|Open|Volume,,W08
2026-04-22,2026-04-22T21:00:00+00:00,True,17:00,America/New_York,DXY,U.S. Dollar Index,fx,index,,index_level,global,secondary,2,98.58999633789062,index_points,,,log_return,yahoo,DX-Y.NYB,yfinance/yahoo-chart,raw/yahoo_DXY.csv,market-extract-4.2,2026-08-11T11:03:48+00:00,200,Adj Close|Close|High|Low|Open|Volume,,W08
2026-04-23,2026-04-23T21:00:00+00:00,True,17:00,America/New_York,DXY,U.S. Dollar Index,fx,index,,index_level,global,secondary,2,98.80000305175781,index_points,,,log_return,yahoo,DX-Y.NYB,yfinance/yahoo-chart,raw/yahoo_DXY.csv,market-extract-4.2,2026-08-11T11:03:48+00:00,200,Adj Close|Close|High|Low|Open|Volume,,W08
2026-04-24,2026-04-24T21:00:00+00:00,True,17:00,America/New_York,DXY,U.S. Dollar Index,fx,index,,index_level,global,secondary,2,98.51000213623047,index_points,,,log_return,yahoo,DX-Y.NYB,yfinance/yahoo-chart,raw/yahoo_DXY.csv,market-extract-4.2,2026-08-11T11:03:48+00:00,200,Adj Close|Close|High|Low|Open|Volume,,W08
2026-04-27,2026-04-27T21:00:00+00:00,True,17:00,America/New_York,DXY,U.S. Dollar Index,fx,index,,index_level,global,secondary,2,98.4800033569336,index_points,,,log_return,yahoo,DX-Y.NYB,yfinance/yahoo-chart,raw/yahoo_DXY.csv,market-extract-4.2,2026-08-11T11:03:48+00:00,200,Adj Close|Close|High|Low|Open|Volume,,W09
2026-04-28,2026-04-28T21:00:00+00:00,True,17:00,America/New_York,DXY,U.S. Dollar Index,fx,index,,index_level,global,secondary,2,98.62000274658203,index_points,,,log_return,yahoo,DX-Y.NYB,yfinance/yahoo-chart,raw/yahoo_DXY.csv,market-extract-4.2,2026-08-11T11:03:48+00:00,200,Adj Close|Close|High|Low|Open|Volume,,W09
2026-04-29,2026-04-29T21:00:00+00:00,True,17:00,America/New_York,DXY,U.S. Dollar Index,fx,index,,index_level,global,secondary,2,98.91999816894531,index_points,,,log_return,yahoo,DX-Y.NYB,yfinance/yahoo-chart,raw/yahoo_DXY.csv,market-extract-4.2,2026-08-11T11:03:48+00:00,200,Adj Close|Close|High|Low|Open|Volume,,W09
2026-04-30,2026-04-30T21:00:00+00:00,True,17:00,America/New_York,DXY,U.S. Dollar Index,fx,index,,index_level,global,secondary,2,98.08000183105469,index_points,,,log_return,yahoo,DX-Y.NYB,yfinance/yahoo-chart,raw/yahoo_DXY.csv,market-extract-4.2,2026-08-11T11:03:48+00:00,200,Adj Close|Close|High|Low|Open|Volume,,W09
2026-05-01,2026-05-01T21:00:00+00:00,True,17:00,America/New_York,DXY,U.S. Dollar Index,fx,index,,index_level,global,secondary,2,98.20999908447266,index_points,,,log_return,yahoo,DX-Y.NYB,yfinance/yahoo-chart,raw/yahoo_DXY.csv,market-extract-4.2,2026-08-11T11:03:48+00:00,200,Adj Close|Close|High|Low|Open|Volume,,W09
2026-05-04,2026-05-04T21:00:00+00:00,True,17:00,America/New_York,DXY,U.S. Dollar Index,fx,index,,index_level,global,secondary,2,98.47000122070312,index_points,,,log_return,yahoo,DX-Y.NYB,yfinance/yahoo-chart,raw/yahoo_DXY.csv,market-extract-4.2,2026-08-11T11:03:48+00:00,200,Adj Close|Close|High|Low|Open|Volume,,W10
2026-05-05,2026-05-05T21:00:00+00:00,True,17:00,America/New_York,DXY,U.S. Dollar Index,fx,index,,index_level,global,secondary,2,98.4800033569336,index_points,,,log_return,yahoo,DX-Y.NYB,yfinance/yahoo-chart,raw/yahoo_DXY.csv,market-extract-4.2,2026-08-11T11:03:48+00:00,200,Adj Close|Close|High|Low|Open|Volume,,W10
2026-05-06,2026-05-06T21:00:00+00:00,True,17:00,America/New_York,DXY,U.S. Dollar Index,fx,index,,index_level,global,secondary,2,98.0199966430664,index_points,,,log_return,yahoo,DX-Y.NYB,yfinance/yahoo-chart,raw/yahoo_DXY.csv,market-extract-4.2,2026-08-11T11:03:48+00:00,200,Adj Close|Close|High|Low|Open|Volume,,W10
2026-05-07,2026-05-07T21:00:00+00:00,True,17:00,America/New_York,DXY,U.S. Dollar Index,fx,index,,index_level,global,secondary,2,98.25,index_points,,,log_return,yahoo,DX-Y.NYB,yfinance/yahoo-chart,raw/yahoo_DXY.csv,market-extract-4.2,2026-08-11T11:03:48+00:00,200,Adj Close|Close|High|Low|Open|Volume,,W10
2026-05-08,2026-05-08T21:00:00+00:00,True,17:00,America/New_York,DXY,U.S. Dollar Index,fx,index,,index_level,global,secondary,2,97.83999633789062,index_points,,,log_return,yahoo,DX-Y.NYB,yfinance/yahoo-chart,raw/yahoo_DXY.csv,market-extract-4.2,2026-08-11T11:03:48+00:00,200,Adj Close|Close|High|Low|Open|Volume,,W10
2026-05-11,2026-05-11T21:00:00+00:00,True,17:00,America/New_York,DXY,U.S. Dollar Index,fx,index,,index_level,global,secondary,2,97.94000244140625,index_points,,,log_return,yahoo,DX-Y.NYB,yfinance/yahoo-chart,raw/yahoo_DXY.csv,market-extract-4.2,2026-08-11T11:03:48+00:00,200,Adj Close|Close|High|Low|Open|Volume,,W11
2026-05-12,2026-05-12T21:00:00+00:00,True,17:00,America/New_York,DXY,U.S. Dollar Index,fx,index,,index_level,global,secondary,2,98.29000091552734,index_points,,,log_return,yahoo,DX-Y.NYB,yfinance/yahoo-chart,raw/yahoo_DXY.csv,market-extract-4.2,2026-08-11T11:03:48+00:00,200,Adj Close|Close|High|Low|Open|Volume,,W11
2026-05-13,2026-05-13T21:00:00+00:00,True,17:00,America/New_York,DXY,U.S. Dollar Index,fx,index,,index_level,global,secondary,2,98.4800033569336,index_points,,,log_return,yahoo,DX-Y.NYB,yfinance/yahoo-chart,raw/yahoo_DXY.csv,market-extract-4.2,2026-08-11T11:03:48+00:00,200,Adj Close|Close|High|Low|Open|Volume,,W11
2026-05-14,2026-05-14T21:00:00+00:00,True,17:00,America/New_York,DXY,U.S. Dollar Index,fx,index,,index_level,global,secondary,2,98.87999725341797,index_points,,,log_return,yahoo,DX-Y.NYB,yfinance/yahoo-chart,raw/yahoo_DXY.csv,market-extract-4.2,2026-08-11T11:03:48+00:00,200,Adj Close|Close|High|Low|Open|Volume,,W11
2026-05-15,2026-05-15T21:00:00+00:00,True,17:00,America/New_York,DXY,U.S. Dollar Index,fx,index,,index_level,global,secondary,2,99.2699966430664,index_points,,,log_return,yahoo,DX-Y.NYB,yfinance/yahoo-chart,raw/yahoo_DXY.csv,market-extract-4.2,2026-08-11T11:03:48+00:00,200,Adj Close|Close|High|Low|Open|Volume,,W11
2026-05-18,2026-05-18T21:00:00+00:00,True,17:00,America/New_York,DXY,U.S. Dollar Index,fx,index,,index_level,global,secondary,2,98.97000122070312,index_points,,,log_return,yahoo,DX-Y.NYB,yfinance/yahoo-chart,raw/yahoo_DXY.csv,market-extract-4.2,2026-08-11T11:03:48+00:00,200,Adj Close|Close|High|Low|Open|Volume,,W12
2026-05-19,2026-05-19T21:00:00+00:00,True,17:00,America/New_York,DXY,U.S. Dollar Index,fx,index,,index_level,global,secondary,2,99.30000305175781,index_points,,,log_return,yahoo,DX-Y.NYB,yfinance/yahoo-chart,raw/yahoo_DXY.csv,market-extract-4.2,2026-08-11T11:03:48+00:00,200,Adj Close|Close|High|Low|Open|Volume,,W12
2026-05-20,2026-05-20T21:00:00+00:00,True,17:00,America/New_York,DXY,U.S. Dollar Index,fx,index,,index_level,global,secondary,2,99.11000061035156,index_points,,,log_return,yahoo,DX-Y.NYB,yfinance/yahoo-chart,raw/yahoo_DXY.csv,market-extract-4.2,2026-08-11T11:03:48+00:00,200,Adj Close|Close|High|Low|Open|Volume,,W12
2026-05-21,2026-05-21T21:00:00+00:00,True,17:00,America/New_York,DXY,U.S. Dollar Index,fx,index,,index_level,global,secondary,2,99.19000244140625,index_points,,,log_return,yahoo,DX-Y.NYB,yfinance/yahoo-chart,raw/yahoo_DXY.csv,market-extract-4.2,2026-08-11T11:03:48+00:00,200,Adj Close|Close|High|Low|Open|Volume,,W12
2026-05-22,2026-05-22T21:00:00+00:00,True,17:00,America/New_York,DXY,U.S. Dollar Index,fx,index,,index_level,global,secondary,2,99.31999969482422,index_points,,,log_return,yahoo,DX-Y.NYB,yfinance/yahoo-chart,raw/yahoo_DXY.csv,market-extract-4.2,2026-08-11T11:03:48+00:00,200,Adj Close|Close|High|Low|Open|Volume,,W12
2026-05-26,2026-05-26T21:00:00+00:00,True,17:00,America/New_York,DXY,U.S. Dollar Index,fx,index,,index_level,global,secondary,2,99.16999816894531,index_points,,,log_return,yahoo,DX-Y.NYB,yfinance/yahoo-chart,raw/yahoo_DXY.csv,market-extract-4.2,2026-08-11T11:03:48+00:00,200,Adj Close|Close|High|Low|Open|Volume,,W13
2026-05-27,2026-05-27T21:00:00+00:00,True,17:00,America/New_York,DXY,U.S. Dollar Index,fx,index,,index_level,global,secondary,2,99.20999908447266,index_points,,,log_return,yahoo,DX-Y.NYB,yfinance/yahoo-chart,raw/yahoo_DXY.csv,market-extract-4.2,2026-08-11T11:03:48+00:00,200,Adj Close|Close|High|Low|Open|Volume,,W13
2026-05-28,2026-05-28T21:00:00+00:00,True,17:00,America/New_York,DXY,U.S. Dollar Index,fx,index,,index_level,global,secondary,2,99.0199966430664,index_points,,,log_return,yahoo,DX-Y.NYB,yfinance/yahoo-chart,raw/yahoo_DXY.csv,market-extract-4.2,2026-08-11T11:03:48+00:00,200,Adj Close|Close|High|Low|Open|Volume,,W13
2026-05-29,2026-05-29T21:00:00+00:00,True,17:00,America/New_York,DXY,U.S. Dollar Index,fx,index,,index_level,global,secondary,2,98.91000366210938,index_points,,,log_return,yahoo,DX-Y.NYB,yfinance/yahoo-chart,raw/yahoo_DXY.csv,market-extract-4.2,2026-08-11T11:03:48+00:00,200,Adj Close|Close|High|Low|Open|Volume,,W13
2026-06-01,2026-06-01T21:00:00+00:00,True,17:00,America/New_York,DXY,U.S. Dollar Index,fx,index,,index_level,global,secondary,2,99.19999694824219,index_points,,,log_return,yahoo,DX-Y.NYB,yfinance/yahoo-chart,raw/yahoo_DXY.csv,market-extract-4.2,2026-08-11T11:03:48+00:00,200,Adj Close|Close|High|Low|Open|Volume,,W14
2026-06-02,2026-06-02T21:00:00+00:00,True,17:00,America/New_York,DXY,U.S. Dollar Index,fx,index,,index_level,global,secondary,2,99.22000122070312,index_points,,,log_return,yahoo,DX-Y.NYB,yfinance/yahoo-chart,raw/yahoo_DXY.csv,market-extract-4.2,2026-08-11T11:03:48+00:00,200,Adj Close|Close|High|Low|Open|Volume,,W14
2026-06-03,2026-06-03T21:00:00+00:00,True,17:00,America/New_York,DXY,U.S. Dollar Index,fx,index,,index_level,global,secondary,2,99.52999877929688,index_points,,,log_return,yahoo,DX-Y.NYB,yfinance/yahoo-chart,raw/yahoo_DXY.csv,market-extract-4.2,2026-08-11T11:03:48+00:00,200,Adj Close|Close|High|Low|Open|Volume,,W14
2026-06-04,2026-06-04T21:00:00+00:00,True,17:00,America/New_York,DXY,U.S. Dollar Index,fx,index,,index_level,global,secondary,2,99.41000366210938,index_points,,,log_return,yahoo,DX-Y.NYB,yfinance/yahoo-chart,raw/yahoo_DXY.csv,market-extract-4.2,2026-08-11T11:03:48+00:00,200,Adj Close|Close|High|Low|Open|Volume,,W14
2026-06-05,2026-06-05T21:00:00+00:00,True,17:00,America/New_York,DXY,U.S. Dollar Index,fx,index,,index_level,global,secondary,2,100.06999969482422,index_points,,,log_return,yahoo,DX-Y.NYB,yfinance/yahoo-chart,raw/yahoo_DXY.csv,market-extract-4.2,2026-08-11T11:03:48+00:00,200,Adj Close|Close|High|Low|Open|Volume,,W14
2026-06-08,2026-06-08T21:00:00+00:00,True,17:00,America/New_York,DXY,U.S. Dollar Index,fx,index,,index_level,global,secondary,2,100.05000305175781,index_points,,,log_return,yahoo,DX-Y.NYB,yfinance/yahoo-chart,raw/yahoo_DXY.csv,market-extract-4.2,2026-08-11T11:03:48+00:00,200,Adj Close|Close|High|Low|Open|Volume,,W15
2026-06-09,2026-06-09T21:00:00+00:00,True,17:00,America/New_York,DXY,U.S. Dollar Index,fx,index,,index_level,global,secondary,2,99.91000366210938,index_points,,,log_return,yahoo,DX-Y.NYB,yfinance/yahoo-chart,raw/yahoo_DXY.csv,market-extract-4.2,2026-08-11T11:03:48+00:00,200,Adj Close|Close|High|Low|Open|Volume,,W15
2026-06-10,2026-06-10T21:00:00+00:00,True,17:00,America/New_York,DXY,U.S. Dollar Index,fx,index,,index_level,global,secondary,2,99.94999694824219,index_points,,,log_return,yahoo,DX-Y.NYB,yfinance/yahoo-chart,raw/yahoo_DXY.csv,market-extract-4.2,2026-08-11T11:03:48+00:00,200,Adj Close|Close|High|Low|Open|Volume,,W15
2026-06-11,2026-06-11T21:00:00+00:00,True,17:00,America/New_York,DXY,U.S. Dollar Index,fx,index,,index_level,global,secondary,2,99.86000061035156,index_points,,,log_return,yahoo,DX-Y.NYB,yfinance/yahoo-chart,raw/yahoo_DXY.csv,market-extract-4.2,2026-08-11T11:03:48+00:00,200,Adj Close|Close|High|Low|Open|Volume,,W15
2026-06-12,2026-06-12T21:00:00+00:00,True,17:00,America/New_York,DXY,U.S. Dollar Index,fx,index,,index_level,global,secondary,2,99.75,index_points,,,log_return,yahoo,DX-Y.NYB,yfinance/yahoo-chart,raw/yahoo_DXY.csv,market-extract-4.2,2026-08-11T11:03:48+00:00,200,Adj Close|Close|High|Low|Open|Volume,,W15
2026-06-15,2026-06-15T21:00:00+00:00,True,17:00,America/New_York,DXY,U.S. Dollar Index,fx,index,,index_level,global,secondary,2,99.62999725341797,index_points,,,log_return,yahoo,DX-Y.NYB,yfinance/yahoo-chart,raw/yahoo_DXY.csv,market-extract-4.2,2026-08-11T11:03:48+00:00,200,Adj Close|Close|High|Low|Open|Volume,,W16
2026-06-16,2026-06-16T21:00:00+00:00,True,17:00,America/New_York,DXY,U.S. Dollar Index,fx,index,,index_level,global,secondary,2,99.54000091552734,index_points,,,log_return,yahoo,DX-Y.NYB,yfinance/yahoo-chart,raw/yahoo_DXY.csv,market-extract-4.2,2026-08-11T11:03:48+00:00,200,Adj Close|Close|High|Low|Open|Volume,,W16
2026-06-17,2026-06-17T21:00:00+00:00,True,17:00,America/New_York,DXY,U.S. Dollar Index,fx,index,,index_level,global,secondary,2,100.08999633789062,index_points,,,log_return,yahoo,DX-Y.NYB,yfinance/yahoo-chart,raw/yahoo_DXY.csv,market-extract-4.2,2026-08-11T11:03:48+00:00,200,Adj Close|Close|High|Low|Open|Volume,,W16
2026-06-18,2026-06-18T21:00:00+00:00,True,17:00,America/New_York,DXY,U.S. Dollar Index,fx,index,,index_level,global,secondary,2,100.8499984741211,index_points,,,log_return,yahoo,DX-Y.NYB,yfinance/yahoo-chart,raw/yahoo_DXY.csv,market-extract-4.2,2026-08-11T11:03:48+00:00,200,Adj Close|Close|High|Low|Open|Volume,,W16
2026-06-22,2026-06-22T21:00:00+00:00,True,17:00,America/New_York,DXY,U.S. Dollar Index,fx,index,,index_level,global,secondary,2,101.0199966430664,index_points,,,log_return,yahoo,DX-Y.NYB,yfinance/yahoo-chart,raw/yahoo_DXY.csv,market-extract-4.2,2026-08-11T11:03:48+00:00,200,Adj Close|Close|High|Low|Open|Volume,,W17
2026-06-23,2026-06-23T21:00:00+00:00,True,17:00,America/New_York,DXY,U.S. Dollar Index,fx,index,,index_level,global,secondary,2,101.41000366210938,index_points,,,log_return,yahoo,DX-Y.NYB,yfinance/yahoo-chart,raw/yahoo_DXY.csv,market-extract-4.2,2026-08-11T11:03:48+00:00,200,Adj Close|Close|High|Low|Open|Volume,,W17
2026-06-24,2026-06-24T21:00:00+00:00,True,17:00,America/New_York,DXY,U.S. Dollar Index,fx,index,,index_level,global,secondary,2,101.61000061035156,index_points,,,log_return,yahoo,DX-Y.NYB,yfinance/yahoo-chart,raw/yahoo_DXY.csv,market-extract-4.2,2026-08-11T11:03:48+00:00,200,Adj Close|Close|High|Low|Open|Volume,,W17
2026-06-25,2026-06-25T21:00:00+00:00,True,17:00,America/New_York,DXY,U.S. Dollar Index,fx,index,,index_level,global,secondary,2,101.43000030517578,index_points,,,log_return,yahoo,DX-Y.NYB,yfinance/yahoo-chart,raw/yahoo_DXY.csv,market-extract-4.2,2026-08-11T11:03:48+00:00,200,Adj Close|Close|High|Low|Open|Volume,,W17
2026-06-26,2026-06-26T21:00:00+00:00,True,17:00,America/New_York,DXY,U.S. Dollar Index,fx,index,,index_level,global,secondary,2,101.36000061035156,index_points,,,log_return,yahoo,DX-Y.NYB,yfinance/yahoo-chart,raw/yahoo_DXY.csv,market-extract-4.2,2026-08-11T11:03:48+00:00,200,Adj Close|Close|High|Low|Open|Volume,,W17
2026-06-29,2026-06-29T21:00:00+00:00,True,17:00,America/New_York,DXY,U.S. Dollar Index,fx,index,,index_level,global,secondary,2,101.11000061035156,index_points,,,log_return,yahoo,DX-Y.NYB,yfinance/yahoo-chart,raw/yahoo_DXY.csv,market-extract-4.2,2026-08-11T11:03:48+00:00,200,Adj Close|Close|High|Low|Open|Volume,,W18
2026-06-30,2026-06-30T21:00:00+00:00,True,17:00,America/New_York,DXY,U.S. Dollar Index,fx,index,,index_level,global,secondary,2,101.19000244140625,index_points,,,log_return,yahoo,DX-Y.NYB,yfinance/yahoo-chart,raw/yahoo_DXY.csv,market-extract-4.2,2026-08-11T11:03:48+00:00,200,Adj Close|Close|High|Low|Open|Volume,,W18
2026-07-01,2026-07-01T21:00:00+00:00,True,17:00,America/New_York,DXY,U.S. Dollar Index,fx,index,,index_level,global,secondary,2,101.38999938964844,index_points,,,log_return,yahoo,DX-Y.NYB,yfinance/yahoo-chart,raw/yahoo_DXY.csv,market-extract-4.2,2026-08-11T11:03:48+00:00,200,Adj Close|Close|High|Low|Open|Volume,,W18
2026-07-02,2026-07-02T21:00:00+00:00,True,17:00,America/New_York,DXY,U.S. Dollar Index,fx,index,,index_level,global,secondary,2,100.86000061035156,index_points,,,log_return,yahoo,DX-Y.NYB,yfinance/yahoo-chart,raw/yahoo_DXY.csv,market-extract-4.2,2026-08-11T11:03:48+00:00,200,Adj Close|Close|High|Low|Open|Volume,,W18
2026-07-06,2026-07-06T21:00:00+00:00,True,17:00,America/New_York,DXY,U.S. Dollar Index,fx,index,,index_level,global,secondary,2,100.8499984741211,index_points,,,log_return,yahoo,DX-Y.NYB,yfinance/yahoo-chart,raw/yahoo_DXY.csv,market-extract-4.2,2026-08-11T11:03:48+00:00,200,Adj Close|Close|High|Low|Open|Volume,,W19
2026-07-07,2026-07-07T21:00:00+00:00,True,17:00,America/New_York,DXY,U.S. Dollar Index,fx,index,,index_level,global,secondary,2,101.13999938964844,index_points,,,log_return,yahoo,DX-Y.NYB,yfinance/yahoo-chart,raw/yahoo_DXY.csv,market-extract-4.2,2026-08-11T11:03:48+00:00,200,Adj Close|Close|High|Low|Open|Volume,,W19
2026-07-08,2026-07-08T21:00:00+00:00,True,17:00,America/New_York,DXY,U.S. Dollar Index,fx,index,,index_level,global,secondary,2,101.05000305175781,index_points,,,log_return,yahoo,DX-Y.NYB,yfinance/yahoo-chart,raw/yahoo_DXY.csv,market-extract-4.2,2026-08-11T11:03:48+00:00,200,Adj Close|Close|High|Low|Open|Volume,,W19
2026-07-09,2026-07-09T21:00:00+00:00,True,17:00,America/New_York,DXY,U.S. Dollar Index,fx,index,,index_level,global,secondary,2,100.94000244140625,index_points,,,log_return,yahoo,DX-Y.NYB,yfinance/yahoo-chart,raw/yahoo_DXY.csv,market-extract-4.2,2026-08-11T11:03:48+00:00,200,Adj Close|Close|High|Low|Open|Volume,,W19
2026-07-10,2026-07-10T21:00:00+00:00,True,17:00,America/New_York,DXY,U.S. Dollar Index,fx,index,,index_level,global,secondary,2,100.97000122070312,index_points,,,log_return,yahoo,DX-Y.NYB,yfinance/yahoo-chart,raw/yahoo_DXY.csv,market-extract-4.2,2026-08-11T11:03:48+00:00,200,Adj Close|Close|High|Low|Open|Volume,,W19
2026-07-13,2026-07-13T21:00:00+00:00,True,17:00,America/New_York,DXY,U.S. Dollar Index,fx,index,,index_level,global,secondary,2,101.27999877929688,index_points,,,log_return,yahoo,DX-Y.NYB,yfinance/yahoo-chart,raw/yahoo_DXY.csv,market-extract-4.2,2026-08-11T11:03:48+00:00,200,Adj Close|Close|High|Low|Open|Volume,,W20
2026-07-14,2026-07-14T21:00:00+00:00,True,17:00,America/New_York,DXY,U.S. Dollar Index,fx,index,,index_level,global,secondary,2,100.94000244140625,index_points,,,log_return,yahoo,DX-Y.NYB,yfinance/yahoo-chart,raw/yahoo_DXY.csv,market-extract-4.2,2026-08-11T11:03:48+00:00,200,Adj Close|Close|High|Low|Open|Volume,,W20
2026-07-15,2026-07-15T21:00:00+00:00,True,17:00,America/New_York,DXY,U.S. Dollar Index,fx,index,,index_level,global,secondary,2,100.5,index_points,,,log_return,yahoo,DX-Y.NYB,yfinance/yahoo-chart,raw/yahoo_DXY.csv,market-extract-4.2,2026-08-11T11:03:48+00:00,200,Adj Close|Close|High|Low|Open|Volume,,W20
2026-07-16,2026-07-16T21:00:00+00:00,True,17:00,America/New_York,DXY,U.S. Dollar Index,fx,index,,index_level,global,secondary,2,100.7300033569336,index_points,,,log_return,yahoo,DX-Y.NYB,yfinance/yahoo-chart,raw/yahoo_DXY.csv,market-extract-4.2,2026-08-11T11:03:48+00:00,200,Adj Close|Close|High|Low|Open|Volume,,W20
2026-07-17,2026-07-17T21:00:00+00:00,True,17:00,America/New_York,DXY,U.S. Dollar Index,fx,index,,index_level,global,secondary,2,100.75,index_points,,,log_return,yahoo,DX-Y.NYB,yfinance/yahoo-chart,raw/yahoo_DXY.csv,market-extract-4.2,2026-08-11T11:03:48+00:00,200,Adj Close|Close|High|Low|Open|Volume,,W20
2026-07-20,2026-07-20T21:00:00+00:00,True,17:00,America/New_York,DXY,U.S. Dollar Index,fx,index,,index_level,global,secondary,2,100.98999786376953,index_points,,,log_return,yahoo,DX-Y.NYB,yfinance/yahoo-chart,raw/yahoo_DXY.csv,market-extract-4.2,2026-08-11T11:03:48+00:00,200,Adj Close|Close|High|Low|Open|Volume,,W21
2026-07-21,2026-07-21T21:00:00+00:00,True,17:00,America/New_York,DXY,U.S. Dollar Index,fx,index,,index_level,global,secondary,2,101.18000030517578,index_points,,,log_return,yahoo,DX-Y.NYB,yfinance/yahoo-chart,raw/yahoo_DXY.csv,market-extract-4.2,2026-08-11T11:03:48+00:00,200,Adj Close|Close|High|Low|Open|Volume,,W21
2026-07-22,2026-07-22T21:00:00+00:00,True,17:00,America/New_York,DXY,U.S. Dollar Index,fx,index,,index_level,global,secondary,2,101.13999938964844,index_points,,,log_return,yahoo,DX-Y.NYB,yfinance/yahoo-chart,raw/yahoo_DXY.csv,market-extract-4.2,2026-08-11T11:03:48+00:00,200,Adj Close|Close|High|Low|Open|Volume,,W21
2026-03-02,2026-03-02T22:00:00+00:00,True,17:00,America/New_York,EURUSD,EUR/USD,fx,fx_rate,,close,fx24,secondary,3,1.1759449243545532,USD_per_EUR,,,log_return,yahoo,EURUSD=X,yfinance/yahoo-chart,raw/yahoo_EURUSD.csv,market-extract-4.2,2026-08-11T11:03:48+00:00,200,Adj Close|Close|High|Low|Open|Volume,24/5 market - Sunday 22:00 UTC to Friday 22:00 UTC,W01
2026-03-03,2026-03-03T22:00:00+00:00,True,17:00,America/New_York,EURUSD,EUR/USD,fx,fx_rate,,close,fx24,secondary,3,1.1697274446487427,USD_per_EUR,,,log_return,yahoo,EURUSD=X,yfinance/yahoo-chart,raw/yahoo_EURUSD.csv,market-extract-4.2,2026-08-11T11:03:48+00:00,200,Adj Close|Close|High|Low|Open|Volume,24/5 market - Sunday 22:00 UTC to Friday 22:00 UTC,W01
2026-03-04,2026-03-04T22:00:00+00:00,True,17:00,America/New_York,EURUSD,EUR/USD,fx,fx_rate,,close,fx24,secondary,3,1.161224365234375,USD_per_EUR,,,log_return,yahoo,EURUSD=X,yfinance/yahoo-chart,raw/yahoo_EURUSD.csv,market-extract-4.2,2026-08-11T11:03:48+00:00,200,Adj Close|Close|High|Low|Open|Volume,24/5 market - Sunday 22:00 UTC to Friday 22:00 UTC,W01
2026-03-05,2026-03-05T22:00:00+00:00,True,17:00,America/New_York,EURUSD,EUR/USD,fx,fx_rate,,close,fx24,secondary,3,1.1635618209838867,USD_per_EUR,,,log_return,yahoo,EURUSD=X,yfinance/yahoo-chart,raw/yahoo_EURUSD.csv,market-extract-4.2,2026-08-11T11:03:48+00:00,200,Adj Close|Close|High|Low|Open|Volume,24/5 market - Sunday 22:00 UTC to Friday 22:00 UTC,W01
2026-03-06,2026-03-06T22:00:00+00:00,True,17:00,America/New_York,EURUSD,EUR/USD,fx,fx_rate,,close,fx24,secondary,3,1.1608065366744995,USD_per_EUR,,,log_return,yahoo,EURUSD=X,yfinance/yahoo-chart,raw/yahoo_EURUSD.csv,market-extract-4.2,2026-08-11T11:03:48+00:00,200,Adj Close|Close|High|Low|Open|Volume,24/5 market - Sunday 22:00 UTC to Friday 22:00 UTC,W01
2026-03-09,2026-03-09T21:00:00+00:00,True,17:00,America/New_York,EURUSD,EUR/USD,fx,fx_rate,,close,fx24,secondary,3,1.152325987815857,USD_per_EUR,,,log_return,yahoo,EURUSD=X,yfinance/yahoo-chart,raw/yahoo_EURUSD.csv,market-extract-4.2,2026-08-11T11:03:48+00:00,200,Adj Close|Close|High|Low|Open|Volume,24/5 market - Sunday 22:00 UTC to Friday 22:00 UTC,W02
2026-03-10,2026-03-10T21:00:00+00:00,True,17:00,America/New_York,EURUSD,EUR/USD,fx,fx_rate,,close,fx24,secondary,3,1.1617234945297241,USD_per_EUR,,,log_return,yahoo,EURUSD=X,yfinance/yahoo-chart,raw/yahoo_EURUSD.csv,market-extract-4.2,2026-08-11T11:03:48+00:00,200,Adj Close|Close|High|Low|Open|Volume,24/5 market - Sunday 22:00 UTC to Friday 22:00 UTC,W02
2026-03-11,2026-03-11T21:00:00+00:00,True,17:00,America/New_York,EURUSD,EUR/USD,fx,fx_rate,,close,fx24,secondary,3,1.1611299514770508,USD_per_EUR,,,log_return,yahoo,EURUSD=X,yfinance/yahoo-chart,raw/yahoo_EURUSD.csv,market-extract-4.2,2026-08-11T11:03:48+00:00,200,Adj Close|Close|High|Low|Open|Volume,24/5 market - Sunday 22:00 UTC to Friday 22:00 UTC,W02
2026-03-12,2026-03-12T21:00:00+00:00,True,17:00,America/New_York,EURUSD,EUR/USD,fx,fx_rate,,close,fx24,secondary,3,1.1543211936950684,USD_per_EUR,,,log_return,yahoo,EURUSD=X,yfinance/yahoo-chart,raw/yahoo_EURUSD.csv,market-extract-4.2,2026-08-11T11:03:48+00:00,200,Adj Close|Close|High|Low|Open|Volume,24/5 market - Sunday 22:00 UTC to Friday 22:00 UTC,W02
2026-03-13,2026-03-13T21:00:00+00:00,True,17:00,America/New_York,EURUSD,EUR/USD,fx,fx_rate,,close,fx24,secondary,3,1.1521666049957275,USD_per_EUR,,,log_return,yahoo,EURUSD=X,yfinance/yahoo-chart,raw/yahoo_EURUSD.csv,market-extract-4.2,2026-08-11T11:03:48+00:00,200,Adj Close|Close|High|Low|Open|Volume,24/5 market - Sunday 22:00 UTC to Friday 22:00 UTC,W02
2026-03-16,2026-03-16T21:00:00+00:00,True,17:00,America/New_York,EURUSD,EUR/USD,fx,fx_rate,,close,fx24,secondary,3,1.1435105800628662,USD_per_EUR,,,log_return,yahoo,EURUSD=X,yfinance/yahoo-chart,raw/yahoo_EURUSD.csv,market-extract-4.2,2026-08-11T11:03:48+00:00,200,Adj Close|Close|High|Low|Open|Volume,24/5 market - Sunday 22:00 UTC to Friday 22:00 UTC,W03
2026-03-17,2026-03-17T21:00:00+00:00,True,17:00,America/New_York,EURUSD,EUR/USD,fx,fx_rate,,close,fx24,secondary,3,1.1499539613723755,USD_per_EUR,,,log_return,yahoo,EURUSD=X,yfinance/yahoo-chart,raw/yahoo_EURUSD.csv,market-extract-4.2,2026-08-11T11:03:48+00:00,200,Adj Close|Close|High|Low|Open|Volume,24/5 market - Sunday 22:00 UTC to Friday 22:00 UTC,W03
2026-03-18,2026-03-18T21:00:00+00:00,True,17:00,America/New_York,EURUSD,EUR/USD,fx,fx_rate,,close,fx24,secondary,3,1.153948187828064,USD_per_EUR,,,log_return,yahoo,EURUSD=X,yfinance/yahoo-chart,raw/yahoo_EURUSD.csv,market-extract-4.2,2026-08-11T11:03:48+00:00,200,Adj Close|Close|High|Low|Open|Volume,24/5 market - Sunday 22:00 UTC to Friday 22:00 UTC,W03
2026-03-19,2026-03-19T21:00:00+00:00,True,17:00,America/New_York,EURUSD,EUR/USD,fx,fx_rate,,close,fx24,secondary,3,1.1464471817016602,USD_per_EUR,,,log_return,yahoo,EURUSD=X,yfinance/yahoo-chart,raw/yahoo_EURUSD.csv,market-extract-4.2,2026-08-11T11:03:48+00:00,200,Adj Close|Close|High|Low|Open|Volume,24/5 market - Sunday 22:00 UTC to Friday 22:00 UTC,W03
2026-03-20,2026-03-20T21:00:00+00:00,True,17:00,America/New_York,EURUSD,EUR/USD,fx,fx_rate,,close,fx24,secondary,3,1.157755732536316,USD_per_EUR,,,log_return,yahoo,EURUSD=X,yfinance/yahoo-chart,raw/yahoo_EURUSD.csv,market-extract-4.2,2026-08-11T11:03:48+00:00,200,Adj Close|Close|High|Low|Open|Volume,24/5 market - Sunday 22:00 UTC to Friday 22:00 UTC,W03
2026-03-23,2026-03-23T21:00:00+00:00,True,17:00,America/New_York,EURUSD,EUR/USD,fx,fx_rate,,close,fx24,secondary,3,1.1560158729553223,USD_per_EUR,,,log_return,yahoo,EURUSD=X,yfinance/yahoo-chart,raw/yahoo_EURUSD.csv,market-extract-4.2,2026-08-11T11:03:48+00:00,200,Adj Close|Close|High|Low|Open|Volume,24/5 market - Sunday 22:00 UTC to Friday 22:00 UTC,W04
2026-03-24,2026-03-24T21:00:00+00:00,True,17:00,America/New_York,EURUSD,EUR/USD,fx,fx_rate,,close,fx24,secondary,3,1.1607122421264648,USD_per_EUR,,,log_return,yahoo,EURUSD=X,yfinance/yahoo-chart,raw/yahoo_EURUSD.csv,market-extract-4.2,2026-08-11T11:03:48+00:00,200,Adj Close|Close|High|Low|Open|Volume,24/5 market - Sunday 22:00 UTC to Friday 22:00 UTC,W04
2026-03-25,2026-03-25T21:00:00+00:00,True,17:00,America/New_York,EURUSD,EUR/USD,fx,fx_rate,,close,fx24,secondary,3,1.16146719455719,USD_per_EUR,,,log_return,yahoo,EURUSD=X,yfinance/yahoo-chart,raw/yahoo_EURUSD.csv,market-extract-4.2,2026-08-11T11:03:48+00:00,200,Adj Close|Close|High|Low|Open|Volume,24/5 market - Sunday 22:00 UTC to Friday 22:00 UTC,W04
2026-03-26,2026-03-26T21:00:00+00:00,True,17:00,America/New_York,EURUSD,EUR/USD,fx,fx_rate,,close,fx24,secondary,3,1.1561496257781982,USD_per_EUR,,,log_return,yahoo,EURUSD=X,yfinance/yahoo-chart,raw/yahoo_EURUSD.csv,market-extract-4.2,2026-08-11T11:03:48+00:00,200,Adj Close|Close|High|Low|Open|Volume,24/5 market - Sunday 22:00 UTC to Friday 22:00 UTC,W04
2026-03-27,2026-03-27T21:00:00+00:00,True,17:00,America/New_York,EURUSD,EUR/USD,fx,fx_rate,,close,fx24,secondary,3,1.1535090208053589,USD_per_EUR,,,log_return,yahoo,EURUSD=X,yfinance/yahoo-chart,raw/yahoo_EURUSD.csv,market-extract-4.2,2026-08-11T11:03:48+00:00,200,Adj Close|Close|High|Low|Open|Volume,24/5 market - Sunday 22:00 UTC to Friday 22:00 UTC,W04
2026-03-30,2026-03-30T21:00:00+00:00,True,17:00,America/New_York,EURUSD,EUR/USD,fx,fx_rate,,close,fx24,secondary,3,1.149200677871704,USD_per_EUR,,,log_return,yahoo,EURUSD=X,yfinance/yahoo-chart,raw/yahoo_EURUSD.csv,market-extract-4.2,2026-08-11T11:03:48+00:00,200,Adj Close|Close|High|Low|Open|Volume,24/5 market - Sunday 22:00 UTC to Friday 22:00 UTC,W05
2026-03-31,2026-03-31T21:00:00+00:00,True,17:00,America/New_York,EURUSD,EUR/USD,fx,fx_rate,,close,fx24,secondary,3,1.1460003852844238,USD_per_EUR,,,log_return,yahoo,EURUSD=X,yfinance/yahoo-chart,raw/yahoo_EURUSD.csv,market-extract-4.2,2026-08-11T11:03:48+00:00,200,Adj Close|Close|High|Low|Open|Volume,24/5 market - Sunday 22:00 UTC to Friday 22:00 UTC,W05
2026-04-01,2026-04-01T21:00:00+00:00,True,17:00,America/New_York,EURUSD,EUR/USD,fx,fx_rate,,close,fx24,secondary,3,1.1574207544326782,USD_per_EUR,,,log_return,yahoo,EURUSD=X,yfinance/yahoo-chart,raw/yahoo_EURUSD.csv,market-extract-4.2,2026-08-11T11:03:48+00:00,200,Adj Close|Close|High|Low|Open|Volume,24/5 market - Sunday 22:00 UTC to Friday 22:00 UTC,W05
2026-04-02,2026-04-02T21:00:00+00:00,True,17:00,America/New_York,EURUSD,EUR/USD,fx,fx_rate,,close,fx24,secondary,3,1.159057378768921,USD_per_EUR,,,log_return,yahoo,EURUSD=X,yfinance/yahoo-chart,raw/yahoo_EURUSD.csv,market-extract-4.2,2026-08-11T11:03:48+00:00,200,Adj Close|Close|High|Low|Open|Volume,24/5 market - Sunday 22:00 UTC to Friday 22:00 UTC,W05
2026-04-03,2026-04-03T21:00:00+00:00,True,17:00,America/New_York,EURUSD,EUR/USD,fx,fx_rate,,close,fx24,secondary,3,1.1541746854782104,USD_per_EUR,,,log_return,yahoo,EURUSD=X,yfinance/yahoo-chart,raw/yahoo_EURUSD.csv,market-extract-4.2,2026-08-11T11:03:48+00:00,200,Adj Close|Close|High|Low|Open|Volume,24/5 market - Sunday 22:00 UTC to Friday 22:00 UTC,W05
2026-04-06,2026-04-06T21:00:00+00:00,True,17:00,America/New_York,EURUSD,EUR/USD,fx,fx_rate,,close,fx24,secondary,3,1.150999665260315,USD_per_EUR,,,log_return,yahoo,EURUSD=X,yfinance/yahoo-chart,raw/yahoo_EURUSD.csv,market-extract-4.2,2026-08-11T11:03:48+00:00,200,Adj Close|Close|High|Low|Open|Volume,24/5 market - Sunday 22:00 UTC to Friday 22:00 UTC,W06
2026-04-07,2026-04-07T21:00:00+00:00,True,17:00,America/New_York,EURUSD,EUR/USD,fx,fx_rate,,close,fx24,secondary,3,1.1541212797164917,USD_per_EUR,,,log_return,yahoo,EURUSD=X,yfinance/yahoo-chart,raw/yahoo_EURUSD.csv,market-extract-4.2,2026-08-11T11:03:48+00:00,200,Adj Close|Close|High|Low|Open|Volume,24/5 market - Sunday 22:00 UTC to Friday 22:00 UTC,W06
2026-04-08,2026-04-08T21:00:00+00:00,True,17:00,America/New_York,EURUSD,EUR/USD,fx,fx_rate,,close,fx24,secondary,3,1.1686612367630005,USD_per_EUR,,,log_return,yahoo,EURUSD=X,yfinance/yahoo-chart,raw/yahoo_EURUSD.csv,market-extract-4.2,2026-08-11T11:03:48+00:00,200,Adj Close|Close|High|Low|Open|Volume,24/5 market - Sunday 22:00 UTC to Friday 22:00 UTC,W06
2026-04-09,2026-04-09T21:00:00+00:00,True,17:00,America/New_York,EURUSD,EUR/USD,fx,fx_rate,,close,fx24,secondary,3,1.16593599319458,USD_per_EUR,,,log_return,yahoo,EURUSD=X,yfinance/yahoo-chart,raw/yahoo_EURUSD.csv,market-extract-4.2,2026-08-11T11:03:48+00:00,200,Adj Close|Close|High|Low|Open|Volume,24/5 market - Sunday 22:00 UTC to Friday 22:00 UTC,W06
2026-04-10,2026-04-10T21:00:00+00:00,True,17:00,America/New_York,EURUSD,EUR/USD,fx,fx_rate,,close,fx24,secondary,3,1.1691256761550903,USD_per_EUR,,,log_return,yahoo,EURUSD=X,yfinance/yahoo-chart,raw/yahoo_EURUSD.csv,market-extract-4.2,2026-08-11T11:03:48+00:00,200,Adj Close|Close|High|Low|Open|Volume,24/5 market - Sunday 22:00 UTC to Friday 22:00 UTC,W06
2026-04-13,2026-04-13T21:00:00+00:00,True,17:00,America/New_York,EURUSD,EUR/USD,fx,fx_rate,,close,fx24,secondary,3,1.1675150394439697,USD_per_EUR,,,log_return,yahoo,EURUSD=X,yfinance/yahoo-chart,raw/yahoo_EURUSD.csv,market-extract-4.2,2026-08-11T11:03:48+00:00,200,Adj Close|Close|High|Low|Open|Volume,24/5 market - Sunday 22:00 UTC to Friday 22:00 UTC,W07
2026-04-14,2026-04-14T21:00:00+00:00,True,17:00,America/New_York,EURUSD,EUR/USD,fx,fx_rate,,close,fx24,secondary,3,1.176885962486267,USD_per_EUR,,,log_return,yahoo,EURUSD=X,yfinance/yahoo-chart,raw/yahoo_EURUSD.csv,market-extract-4.2,2026-08-11T11:03:48+00:00,200,Adj Close|Close|High|Low|Open|Volume,24/5 market - Sunday 22:00 UTC to Friday 22:00 UTC,W07
2026-04-15,2026-04-15T21:00:00+00:00,True,17:00,America/New_York,EURUSD,EUR/USD,fx,fx_rate,,close,fx24,secondary,3,1.179940938949585,USD_per_EUR,,,log_return,yahoo,EURUSD=X,yfinance/yahoo-chart,raw/yahoo_EURUSD.csv,market-extract-4.2,2026-08-11T11:03:48+00:00,200,Adj Close|Close|High|Low|Open|Volume,24/5 market - Sunday 22:00 UTC to Friday 22:00 UTC,W07
2026-04-16,2026-04-16T21:00:00+00:00,True,17:00,America/New_York,EURUSD,EUR/USD,fx,fx_rate,,close,fx24,secondary,3,1.1809163093566895,USD_per_EUR,,,log_return,yahoo,EURUSD=X,yfinance/yahoo-chart,raw/yahoo_EURUSD.csv,market-extract-4.2,2026-08-11T11:03:48+00:00,200,Adj Close|Close|High|Low|Open|Volume,24/5 market - Sunday 22:00 UTC to Friday 22:00 UTC,W07
2026-04-17,2026-04-17T21:00:00+00:00,True,17:00,America/New_York,EURUSD,EUR/USD,fx,fx_rate,,close,fx24,secondary,3,1.1782727241516113,USD_per_EUR,,,log_return,yahoo,EURUSD=X,yfinance/yahoo-chart,raw/yahoo_EURUSD.csv,market-extract-4.2,2026-08-11T11:03:48+00:00,200,Adj Close|Close|High|Low|Open|Volume,24/5 market - Sunday 22:00 UTC to Friday 22:00 UTC,W07
2026-04-20,2026-04-20T21:00:00+00:00,True,17:00,America/New_York,EURUSD,EUR/USD,fx,fx_rate,,close,fx24,secondary,3,1.1741223335266113,USD_per_EUR,,,log_return,yahoo,EURUSD=X,yfinance/yahoo-chart,raw/yahoo_EURUSD.csv,market-extract-4.2,2026-08-11T11:03:48+00:00,200,Adj Close|Close|High|Low|Open|Volume,24/5 market - Sunday 22:00 UTC to Friday 22:00 UTC,W08
2026-04-21,2026-04-21T21:00:00+00:00,True,17:00,America/New_York,EURUSD,EUR/USD,fx,fx_rate,,close,fx24,secondary,3,1.1784392595291138,USD_per_EUR,,,log_return,yahoo,EURUSD=X,yfinance/yahoo-chart,raw/yahoo_EURUSD.csv,market-extract-4.2,2026-08-11T11:03:48+00:00,200,Adj Close|Close|High|Low|Open|Volume,24/5 market - Sunday 22:00 UTC to Friday 22:00 UTC,W08
2026-04-22,2026-04-22T21:00:00+00:00,True,17:00,America/New_York,EURUSD,EUR/USD,fx,fx_rate,,close,fx24,secondary,3,1.174425721168518,USD_per_EUR,,,log_return,yahoo,EURUSD=X,yfinance/yahoo-chart,raw/yahoo_EURUSD.csv,market-extract-4.2,2026-08-11T11:03:48+00:00,200,Adj Close|Close|High|Low|Open|Volume,24/5 market - Sunday 22:00 UTC to Friday 22:00 UTC,W08
2026-04-23,2026-04-23T21:00:00+00:00,True,17:00,America/New_York,EURUSD,EUR/USD,fx,fx_rate,,close,fx24,secondary,3,1.1706037521362305,USD_per_EUR,,,log_return,yahoo,EURUSD=X,yfinance/yahoo-chart,raw/yahoo_EURUSD.csv,market-extract-4.2,2026-08-11T11:03:48+00:00,200,Adj Close|Close|High|Low|Open|Volume,24/5 market - Sunday 22:00 UTC to Friday 22:00 UTC,W08
2026-04-24,2026-04-24T21:00:00+00:00,True,17:00,America/New_York,EURUSD,EUR/USD,fx,fx_rate,,close,fx24,secondary,3,1.16838800907135,USD_per_EUR,,,log_return,yahoo,EURUSD=X,yfinance/yahoo-chart,raw/yahoo_EURUSD.csv,market-extract-4.2,2026-08-11T11:03:48+00:00,200,Adj Close|Close|High|Low|Open|Volume,24/5 market - Sunday 22:00 UTC to Friday 22:00 UTC,W08
2026-04-27,2026-04-27T21:00:00+00:00,True,17:00,America/New_York,EURUSD,EUR/USD,fx,fx_rate,,close,fx24,secondary,3,1.1706448793411255,USD_per_EUR,,,log_return,yahoo,EURUSD=X,yfinance/yahoo-chart,raw/yahoo_EURUSD.csv,market-extract-4.2,2026-08-11T11:03:48+00:00,200,Adj Close|Close|High|Low|Open|Volume,24/5 market - Sunday 22:00 UTC to Friday 22:00 UTC,W09
2026-04-28,2026-04-28T21:00:00+00:00,True,17:00,America/New_York,EURUSD,EUR/USD,fx,fx_rate,,close,fx24,secondary,3,1.1723467111587524,USD_per_EUR,,,log_return,yahoo,EURUSD=X,yfinance/yahoo-chart,raw/yahoo_EURUSD.csv,market-extract-4.2,2026-08-11T11:03:48+00:00,200,Adj Close|Close|High|Low|Open|Volume,24/5 market - Sunday 22:00 UTC to Friday 22:00 UTC,W09
2026-04-29,2026-04-29T21:00:00+00:00,True,17:00,America/New_York,EURUSD,EUR/USD,fx,fx_rate,,close,fx24,secondary,3,1.171783447265625,USD_per_EUR,,,log_return,yahoo,EURUSD=X,yfinance/yahoo-chart,raw/yahoo_EURUSD.csv,market-extract-4.2,2026-08-11T11:03:48+00:00,200,Adj Close|Close|High|Low|Open|Volume,24/5 market - Sunday 22:00 UTC to Friday 22:00 UTC,W09
2026-04-30,2026-04-30T21:00:00+00:00,True,17:00,America/New_York,EURUSD,EUR/USD,fx,fx_rate,,close,fx24,secondary,3,1.168470025062561,USD_per_EUR,,,log_return,yahoo,EURUSD=X,yfinance/yahoo-chart,raw/yahoo_EURUSD.csv,market-extract-4.2,2026-08-11T11:03:48+00:00,200,Adj Close|Close|High|Low|Open|Volume,24/5 market - Sunday 22:00 UTC to Friday 22:00 UTC,W09
2026-05-01,2026-05-01T21:00:00+00:00,True,17:00,America/New_York,EURUSD,EUR/USD,fx,fx_rate,,close,fx24,secondary,3,1.172910451889038,USD_per_EUR,,,log_return,yahoo,EURUSD=X,yfinance/yahoo-chart,raw/yahoo_EURUSD.csv,market-extract-4.2,2026-08-11T11:03:48+00:00,200,Adj Close|Close|High|Low|Open|Volume,24/5 market - Sunday 22:00 UTC to Friday 22:00 UTC,W09
2026-05-04,2026-05-04T21:00:00+00:00,True,17:00,America/New_York,EURUSD,EUR/USD,fx,fx_rate,,close,fx24,secondary,3,1.1726628541946411,USD_per_EUR,,,log_return,yahoo,EURUSD=X,yfinance/yahoo-chart,raw/yahoo_EURUSD.csv,market-extract-4.2,2026-08-11T11:03:48+00:00,200,Adj Close|Close|High|Low|Open|Volume,24/5 market - Sunday 22:00 UTC to Friday 22:00 UTC,W10
2026-05-05,2026-05-05T21:00:00+00:00,True,17:00,America/New_York,EURUSD,EUR/USD,fx,fx_rate,,close,fx24,secondary,3,1.1691941022872925,USD_per_EUR,,,log_return,yahoo,EURUSD=X,yfinance/yahoo-chart,raw/yahoo_EURUSD.csv,market-extract-4.2,2026-08-11T11:03:48+00:00,200,Adj Close|Close|High|Low|Open|Volume,24/5 market - Sunday 22:00 UTC to Friday 22:00 UTC,W10
2026-05-06,2026-05-06T21:00:00+00:00,True,17:00,America/New_York,EURUSD,EUR/USD,fx,fx_rate,,close,fx24,secondary,3,1.1715774536132812,USD_per_EUR,,,log_return,yahoo,EURUSD=X,yfinance/yahoo-chart,raw/yahoo_EURUSD.csv,market-extract-4.2,2026-08-11T11:03:48+00:00,200,Adj Close|Close|High|Low|Open|Volume,24/5 market - Sunday 22:00 UTC to Friday 22:00 UTC,W10
2026-05-07,2026-05-07T21:00:00+00:00,True,17:00,America/New_York,EURUSD,EUR/USD,fx,fx_rate,,close,fx24,secondary,3,1.1747430562973022,USD_per_EUR,,,log_return,yahoo,EURUSD=X,yfinance/yahoo-chart,raw/yahoo_EURUSD.csv,market-extract-4.2,2026-08-11T11:03:48+00:00,200,Adj Close|Close|High|Low|Open|Volume,24/5 market - Sunday 22:00 UTC to Friday 22:00 UTC,W10
2026-05-08,2026-05-08T21:00:00+00:00,True,17:00,America/New_York,EURUSD,EUR/USD,fx,fx_rate,,close,fx24,secondary,3,1.1731581687927246,USD_per_EUR,,,log_return,yahoo,EURUSD=X,yfinance/yahoo-chart,raw/yahoo_EURUSD.csv,market-extract-4.2,2026-08-11T11:03:48+00:00,200,Adj Close|Close|High|Low|Open|Volume,24/5 market - Sunday 22:00 UTC to Friday 22:00 UTC,W10
2026-05-11,2026-05-11T21:00:00+00:00,True,17:00,America/New_York,EURUSD,EUR/USD,fx,fx_rate,,close,fx24,secondary,3,1.176885962486267,USD_per_EUR,,,log_return,yahoo,EURUSD=X,yfinance/yahoo-chart,raw/yahoo_EURUSD.csv,market-extract-4.2,2026-08-11T11:03:48+00:00,200,Adj Close|Close|High|Low|Open|Volume,24/5 market - Sunday 22:00 UTC to Friday 22:00 UTC,W11
2026-05-12,2026-05-12T21:00:00+00:00,True,17:00,America/New_York,EURUSD,EUR/USD,fx,fx_rate,,close,fx24,secondary,3,1.177994966506958,USD_per_EUR,,,log_return,yahoo,EURUSD=X,yfinance/yahoo-chart,raw/yahoo_EURUSD.csv,market-extract-4.2,2026-08-11T11:03:48+00:00,200,Adj Close|Close|High|Low|Open|Volume,24/5 market - Sunday 22:00 UTC to Friday 22:00 UTC,W11
2026-05-13,2026-05-13T21:00:00+00:00,True,17:00,America/New_York,EURUSD,EUR/USD,fx,fx_rate,,close,fx24,secondary,3,1.1735436916351318,USD_per_EUR,,,log_return,yahoo,EURUSD=X,yfinance/yahoo-chart,raw/yahoo_EURUSD.csv,market-extract-4.2,2026-08-11T11:03:48+00:00,200,Adj Close|Close|High|Low|Open|Volume,24/5 market - Sunday 22:00 UTC to Friday 22:00 UTC,W11
2026-05-14,2026-05-14T21:00:00+00:00,True,17:00,America/New_York,EURUSD,EUR/USD,fx,fx_rate,,close,fx24,secondary,3,1.1716049909591675,USD_per_EUR,,,log_return,yahoo,EURUSD=X,yfinance/yahoo-chart,raw/yahoo_EURUSD.csv,market-extract-4.2,2026-08-11T11:03:48+00:00,200,Adj Close|Close|High|Low|Open|Volume,24/5 market - Sunday 22:00 UTC to Friday 22:00 UTC,W11
2026-05-15,2026-05-15T21:00:00+00:00,True,17:00,America/New_York,EURUSD,EUR/USD,fx,fx_rate,,close,fx24,secondary,3,1.166208028793335,USD_per_EUR,,,log_return,yahoo,EURUSD=X,yfinance/yahoo-chart,raw/yahoo_EURUSD.csv,market-extract-4.2,2026-08-11T11:03:48+00:00,200,Adj Close|Close|High|Low|Open|Volume,24/5 market - Sunday 22:00 UTC to Friday 22:00 UTC,W11
2026-05-18,2026-05-18T21:00:00+00:00,True,17:00,America/New_York,EURUSD,EUR/USD,fx,fx_rate,,close,fx24,secondary,3,1.161440134048462,USD_per_EUR,,,log_return,yahoo,EURUSD=X,yfinance/yahoo-chart,raw/yahoo_EURUSD.csv,market-extract-4.2,2026-08-11T11:03:48+00:00,200,Adj Close|Close|High|Low|Open|Volume,24/5 market - Sunday 22:00 UTC to Friday 22:00 UTC,W12
2026-05-19,2026-05-19T21:00:00+00:00,True,17:00,America/New_York,EURUSD,EUR/USD,fx,fx_rate,,close,fx24,secondary,3,1.1655147075653076,USD_per_EUR,,,log_return,yahoo,EURUSD=X,yfinance/yahoo-chart,raw/yahoo_EURUSD.csv,market-extract-4.2,2026-08-11T11:03:48+00:00,200,Adj Close|Close|High|Low|Open|Volume,24/5 market - Sunday 22:00 UTC to Friday 22:00 UTC,W12
2026-05-20,2026-05-20T21:00:00+00:00,True,17:00,America/New_York,EURUSD,EUR/USD,fx,fx_rate,,close,fx24,secondary,3,1.1607122421264648,USD_per_EUR,,,log_return,yahoo,EURUSD=X,yfinance/yahoo-chart,raw/yahoo_EURUSD.csv,market-extract-4.2,2026-08-11T11:03:48+00:00,200,Adj Close|Close|High|Low|Open|Volume,24/5 market - Sunday 22:00 UTC to Friday 22:00 UTC,W12
2026-05-21,2026-05-21T21:00:00+00:00,True,17:00,America/New_York,EURUSD,EUR/USD,fx,fx_rate,,close,fx24,secondary,3,1.1625338792800903,USD_per_EUR,,,log_return,yahoo,EURUSD=X,yfinance/yahoo-chart,raw/yahoo_EURUSD.csv,market-extract-4.2,2026-08-11T11:03:48+00:00,200,Adj Close|Close|High|Low|Open|Volume,24/5 market - Sunday 22:00 UTC to Friday 22:00 UTC,W12
2026-05-22,2026-05-22T21:00:00+00:00,True,17:00,America/New_York,EURUSD,EUR/USD,fx,fx_rate,,close,fx24,secondary,3,1.1621150970458984,USD_per_EUR,,,log_return,yahoo,EURUSD=X,yfinance/yahoo-chart,raw/yahoo_EURUSD.csv,market-extract-4.2,2026-08-11T11:03:48+00:00,200,Adj Close|Close|High|Low|Open|Volume,24/5 market - Sunday 22:00 UTC to Friday 22:00 UTC,W12
2026-05-25,2026-05-25T21:00:00+00:00,True,17:00,America/New_York,EURUSD,EUR/USD,fx,fx_rate,,close,fx24,secondary,3,1.164225697517395,USD_per_EUR,,,log_return,yahoo,EURUSD=X,yfinance/yahoo-chart,raw/yahoo_EURUSD.csv,market-extract-4.2,2026-08-11T11:03:48+00:00,200,Adj Close|Close|High|Low|Open|Volume,24/5 market - Sunday 22:00 UTC to Friday 22:00 UTC,W13
2026-05-26,2026-05-26T21:00:00+00:00,True,17:00,America/New_York,EURUSD,EUR/USD,fx,fx_rate,,close,fx24,secondary,3,1.1637378931045532,USD_per_EUR,,,log_return,yahoo,EURUSD=X,yfinance/yahoo-chart,raw/yahoo_EURUSD.csv,market-extract-4.2,2026-08-11T11:03:48+00:00,200,Adj Close|Close|High|Low|Open|Volume,24/5 market - Sunday 22:00 UTC to Friday 22:00 UTC,W13
2026-05-27,2026-05-27T21:00:00+00:00,True,17:00,America/New_York,EURUSD,EUR/USD,fx,fx_rate,,close,fx24,secondary,3,1.1636837720870972,USD_per_EUR,,,log_return,yahoo,EURUSD=X,yfinance/yahoo-chart,raw/yahoo_EURUSD.csv,market-extract-4.2,2026-08-11T11:03:48+00:00,200,Adj Close|Close|High|Low|Open|Volume,24/5 market - Sunday 22:00 UTC to Friday 22:00 UTC,W13
2026-05-28,2026-05-28T21:00:00+00:00,True,17:00,America/New_York,EURUSD,EUR/USD,fx,fx_rate,,close,fx24,secondary,3,1.1617909669876099,USD_per_EUR,,,log_return,yahoo,EURUSD=X,yfinance/yahoo-chart,raw/yahoo_EURUSD.csv,market-extract-4.2,2026-08-11T11:03:48+00:00,200,Adj Close|Close|High|Low|Open|Volume,24/5 market - Sunday 22:00 UTC to Friday 22:00 UTC,W13
2026-05-29,2026-05-29T21:00:00+00:00,True,17:00,America/New_York,EURUSD,EUR/USD,fx,fx_rate,,close,fx24,secondary,3,1.1652837991714478,USD_per_EUR,,,log_return,yahoo,EURUSD=X,yfinance/yahoo-chart,raw/yahoo_EURUSD.csv,market-extract-4.2,2026-08-11T11:03:48+00:00,200,Adj Close|Close|High|Low|Open|Volume,24/5 market - Sunday 22:00 UTC to Friday 22:00 UTC,W13
2026-06-01,2026-06-01T21:00:00+00:00,True,17:00,America/New_York,EURUSD,EUR/USD,fx,fx_rate,,close,fx24,secondary,3,1.164890170097351,USD_per_EUR,,,log_return,yahoo,EURUSD=X,yfinance/yahoo-chart,raw/yahoo_EURUSD.csv,market-extract-4.2,2026-08-11T11:03:48+00:00,200,Adj Close|Close|High|Low|Open|Volume,24/5 market - Sunday 22:00 UTC to Friday 22:00 UTC,W14
2026-06-02,2026-06-02T21:00:00+00:00,True,17:00,America/New_York,EURUSD,EUR/USD,fx,fx_rate,,close,fx24,secondary,3,1.1635483503341675,USD_per_EUR,,,log_return,yahoo,EURUSD=X,yfinance/yahoo-chart,raw/yahoo_EURUSD.csv,market-extract-4.2,2026-08-11T11:03:48+00:00,200,Adj Close|Close|High|Low|Open|Volume,24/5 market - Sunday 22:00 UTC to Friday 22:00 UTC,W14
2026-06-03,2026-06-03T21:00:00+00:00,True,17:00,America/New_York,EURUSD,EUR/USD,fx,fx_rate,,close,fx24,secondary,3,1.1622096300125122,USD_per_EUR,,,log_return,yahoo,EURUSD=X,yfinance/yahoo-chart,raw/yahoo_EURUSD.csv,market-extract-4.2,2026-08-11T11:03:48+00:00,200,Adj Close|Close|High|Low|Open|Volume,24/5 market - Sunday 22:00 UTC to Friday 22:00 UTC,W14
2026-06-04,2026-06-04T21:00:00+00:00,True,17:00,America/New_York,EURUSD,EUR/USD,fx,fx_rate,,close,fx24,secondary,3,1.160941243171692,USD_per_EUR,,,log_return,yahoo,EURUSD=X,yfinance/yahoo-chart,raw/yahoo_EURUSD.csv,market-extract-4.2,2026-08-11T11:03:48+00:00,200,Adj Close|Close|High|Low|Open|Volume,24/5 market - Sunday 22:00 UTC to Friday 22:00 UTC,W14
2026-06-05,2026-06-05T21:00:00+00:00,True,17:00,America/New_York,EURUSD,EUR/USD,fx,fx_rate,,close,fx24,secondary,3,1.1612648963928223,USD_per_EUR,,,log_return,yahoo,EURUSD=X,yfinance/yahoo-chart,raw/yahoo_EURUSD.csv,market-extract-4.2,2026-08-11T11:03:48+00:00,200,Adj Close|Close|High|Low|Open|Volume,24/5 market - Sunday 22:00 UTC to Friday 22:00 UTC,W14
2026-06-08,2026-06-08T21:00:00+00:00,True,17:00,America/New_York,EURUSD,EUR/USD,fx,fx_rate,,close,fx24,secondary,3,1.1522595882415771,USD_per_EUR,,,log_return,yahoo,EURUSD=X,yfinance/yahoo-chart,raw/yahoo_EURUSD.csv,market-extract-4.2,2026-08-11T11:03:48+00:00,200,Adj Close|Close|High|Low|Open|Volume,24/5 market - Sunday 22:00 UTC to Friday 22:00 UTC,W15
2026-06-09,2026-06-09T21:00:00+00:00,True,17:00,America/New_York,EURUSD,EUR/USD,fx,fx_rate,,close,fx24,secondary,3,1.1528440713882446,USD_per_EUR,,,log_return,yahoo,EURUSD=X,yfinance/yahoo-chart,raw/yahoo_EURUSD.csv,market-extract-4.2,2026-08-11T11:03:48+00:00,200,Adj Close|Close|High|Low|Open|Volume,24/5 market - Sunday 22:00 UTC to Friday 22:00 UTC,W15
2026-06-10,2026-06-10T21:00:00+00:00,True,17:00,America/New_York,EURUSD,EUR/USD,fx,fx_rate,,close,fx24,secondary,3,1.1535356044769287,USD_per_EUR,,,log_return,yahoo,EURUSD=X,yfinance/yahoo-chart,raw/yahoo_EURUSD.csv,market-extract-4.2,2026-08-11T11:03:48+00:00,200,Adj Close|Close|High|Low|Open|Volume,24/5 market - Sunday 22:00 UTC to Friday 22:00 UTC,W15
2026-06-11,2026-06-11T21:00:00+00:00,True,17:00,America/New_York,EURUSD,EUR/USD,fx,fx_rate,,close,fx24,secondary,3,1.1535621881484985,USD_per_EUR,,,log_return,yahoo,EURUSD=X,yfinance/yahoo-chart,raw/yahoo_EURUSD.csv,market-extract-4.2,2026-08-11T11:03:48+00:00,200,Adj Close|Close|High|Low|Open|Volume,24/5 market - Sunday 22:00 UTC to Friday 22:00 UTC,W15
2026-06-12,2026-06-12T21:00:00+00:00,True,17:00,America/New_York,EURUSD,EUR/USD,fx,fx_rate,,close,fx24,secondary,3,1.157594919204712,USD_per_EUR,,,log_return,yahoo,EURUSD=X,yfinance/yahoo-chart,raw/yahoo_EURUSD.csv,market-extract-4.2,2026-08-11T11:03:48+00:00,200,Adj Close|Close|High|Low|Open|Volume,24/5 market - Sunday 22:00 UTC to Friday 22:00 UTC,W15
2026-06-15,2026-06-15T21:00:00+00:00,True,17:00,America/New_York,EURUSD,EUR/USD,fx,fx_rate,,close,fx24,secondary,3,1.1603081226348877,USD_per_EUR,,,log_return,yahoo,EURUSD=X,yfinance/yahoo-chart,raw/yahoo_EURUSD.csv,market-extract-4.2,2026-08-11T11:03:48+00:00,200,Adj Close|Close|High|Low|Open|Volume,24/5 market - Sunday 22:00 UTC to Friday 22:00 UTC,W16
2026-06-16,2026-06-16T21:00:00+00:00,True,17:00,America/New_York,EURUSD,EUR/USD,fx,fx_rate,,close,fx24,secondary,3,1.1594202518463135,USD_per_EUR,,,log_return,yahoo,EURUSD=X,yfinance/yahoo-chart,raw/yahoo_EURUSD.csv,market-extract-4.2,2026-08-11T11:03:48+00:00,200,Adj Close|Close|High|Low|Open|Volume,24/5 market - Sunday 22:00 UTC to Friday 22:00 UTC,W16
2026-06-17,2026-06-17T21:00:00+00:00,True,17:00,America/New_York,EURUSD,EUR/USD,fx,fx_rate,,close,fx24,secondary,3,1.1609952449798584,USD_per_EUR,,,log_return,yahoo,EURUSD=X,yfinance/yahoo-chart,raw/yahoo_EURUSD.csv,market-extract-4.2,2026-08-11T11:03:48+00:00,200,Adj Close|Close|High|Low|Open|Volume,24/5 market - Sunday 22:00 UTC to Friday 22:00 UTC,W16
2026-06-18,2026-06-18T21:00:00+00:00,True,17:00,America/New_York,EURUSD,EUR/USD,fx,fx_rate,,close,fx24,secondary,3,1.150734782218933,USD_per_EUR,,,log_return,yahoo,EURUSD=X,yfinance/yahoo-chart,raw/yahoo_EURUSD.csv,market-extract-4.2,2026-08-11T11:03:48+00:00,200,Adj Close|Close|High|Low|Open|Volume,24/5 market - Sunday 22:00 UTC to Friday 22:00 UTC,W16
2026-06-19,2026-06-19T21:00:00+00:00,True,17:00,America/New_York,EURUSD,EUR/USD,fx,fx_rate,,close,fx24,secondary,3,1.1458560228347778,USD_per_EUR,,,log_return,yahoo,EURUSD=X,yfinance/yahoo-chart,raw/yahoo_EURUSD.csv,market-extract-4.2,2026-08-11T11:03:48+00:00,200,Adj Close|Close|High|Low|Open|Volume,24/5 market - Sunday 22:00 UTC to Friday 22:00 UTC,W16
2026-06-22,2026-06-22T21:00:00+00:00,True,17:00,America/New_York,EURUSD,EUR/USD,fx,fx_rate,,close,fx24,secondary,3,1.1462763547897339,USD_per_EUR,,,log_return,yahoo,EURUSD=X,yfinance/yahoo-chart,raw/yahoo_EURUSD.csv,market-extract-4.2,2026-08-11T11:03:48+00:00,200,Adj Close|Close|High|Low|Open|Volume,24/5 market - Sunday 22:00 UTC to Friday 22:00 UTC,W17
2026-06-23,2026-06-23T21:00:00+00:00,True,17:00,America/New_York,EURUSD,EUR/USD,fx,fx_rate,,close,fx24,secondary,3,1.1427135467529297,USD_per_EUR,,,log_return,yahoo,EURUSD=X,yfinance/yahoo-chart,raw/yahoo_EURUSD.csv,market-extract-4.2,2026-08-11T11:03:48+00:00,200,Adj Close|Close|High|Low|Open|Volume,24/5 market - Sunday 22:00 UTC to Friday 22:00 UTC,W17
2026-06-24,2026-06-24T21:00:00+00:00,True,17:00,America/New_York,EURUSD,EUR/USD,fx,fx_rate,,close,fx24,secondary,3,1.1379542350769043,USD_per_EUR,,,log_return,yahoo,EURUSD=X,yfinance/yahoo-chart,raw/yahoo_EURUSD.csv,market-extract-4.2,2026-08-11T11:03:48+00:00,200,Adj Close|Close|High|Low|Open|Volume,24/5 market - Sunday 22:00 UTC to Friday 22:00 UTC,W17
2026-06-25,2026-06-25T21:00:00+00:00,True,17:00,America/New_York,EURUSD,EUR/USD,fx,fx_rate,,close,fx24,secondary,3,1.1354217529296875,USD_per_EUR,,,log_return,yahoo,EURUSD=X,yfinance/yahoo-chart,raw/yahoo_EURUSD.csv,market-extract-4.2,2026-08-11T11:03:48+00:00,200,Adj Close|Close|High|Low|Open|Volume,24/5 market - Sunday 22:00 UTC to Friday 22:00 UTC,W17
2026-06-26,2026-06-26T21:00:00+00:00,True,17:00,America/New_York,EURUSD,EUR/USD,fx,fx_rate,,close,fx24,secondary,3,1.1361699104309082,USD_per_EUR,,,log_return,yahoo,EURUSD=X,yfinance/yahoo-chart,raw/yahoo_EURUSD.csv,market-extract-4.2,2026-08-11T11:03:48+00:00,200,Adj Close|Close|High|Low|Open|Volume,24/5 market - Sunday 22:00 UTC to Friday 22:00 UTC,W17
2026-06-29,2026-06-29T21:00:00+00:00,True,17:00,America/New_York,EURUSD,EUR/USD,fx,fx_rate,,close,fx24,secondary,3,1.1385631561279297,USD_per_EUR,,,log_return,yahoo,EURUSD=X,yfinance/yahoo-chart,raw/yahoo_EURUSD.csv,market-extract-4.2,2026-08-11T11:03:48+00:00,200,Adj Close|Close|High|Low|Open|Volume,24/5 market - Sunday 22:00 UTC to Friday 22:00 UTC,W18
2026-06-30,2026-06-30T21:00:00+00:00,True,17:00,America/New_York,EURUSD,EUR/USD,fx,fx_rate,,close,fx24,secondary,3,1.1422044038772583,USD_per_EUR,,,log_return,yahoo,EURUSD=X,yfinance/yahoo-chart,raw/yahoo_EURUSD.csv,market-extract-4.2,2026-08-11T11:03:48+00:00,200,Adj Close|Close|High|Low|Open|Volume,24/5 market - Sunday 22:00 UTC to Friday 22:00 UTC,W18
2026-07-01,2026-07-01T21:00:00+00:00,True,17:00,America/New_York,EURUSD,EUR/USD,fx,fx_rate,,close,fx24,secondary,3,1.1413310766220093,USD_per_EUR,,,log_return,yahoo,EURUSD=X,yfinance/yahoo-chart,raw/yahoo_EURUSD.csv,market-extract-4.2,2026-08-11T11:03:48+00:00,200,Adj Close|Close|High|Low|Open|Volume,24/5 market - Sunday 22:00 UTC to Friday 22:00 UTC,W18
2026-07-02,2026-07-02T21:00:00+00:00,True,17:00,America/New_York,EURUSD,EUR/USD,fx,fx_rate,,close,fx24,secondary,3,1.13779878616333,USD_per_EUR,,,log_return,yahoo,EURUSD=X,yfinance/yahoo-chart,raw/yahoo_EURUSD.csv,market-extract-4.2,2026-08-11T11:03:48+00:00,200,Adj Close|Close|High|Low|Open|Volume,24/5 market - Sunday 22:00 UTC to Friday 22:00 UTC,W18
2026-07-03,2026-07-03T21:00:00+00:00,True,17:00,America/New_York,EURUSD,EUR/USD,fx,fx_rate,,close,fx24,secondary,3,1.1422696113586426,USD_per_EUR,,,log_return,yahoo,EURUSD=X,yfinance/yahoo-chart,raw/yahoo_EURUSD.csv,market-extract-4.2,2026-08-11T11:03:48+00:00,200,Adj Close|Close|High|Low|Open|Volume,24/5 market - Sunday 22:00 UTC to Friday 22:00 UTC,W18
2026-07-06,2026-07-06T21:00:00+00:00,True,17:00,America/New_York,EURUSD,EUR/USD,fx,fx_rate,,close,fx24,secondary,3,1.1437721252441406,USD_per_EUR,,,log_return,yahoo,EURUSD=X,yfinance/yahoo-chart,raw/yahoo_EURUSD.csv,market-extract-4.2,2026-08-11T11:03:48+00:00,200,Adj Close|Close|High|Low|Open|Volume,24/5 market - Sunday 22:00 UTC to Friday 22:00 UTC,W19
2026-07-07,2026-07-07T21:00:00+00:00,True,17:00,America/New_York,EURUSD,EUR/USD,fx,fx_rate,,close,fx24,secondary,3,1.144177794456482,USD_per_EUR,,,log_return,yahoo,EURUSD=X,yfinance/yahoo-chart,raw/yahoo_EURUSD.csv,market-extract-4.2,2026-08-11T11:03:48+00:00,200,Adj Close|Close|High|Low|Open|Volume,24/5 market - Sunday 22:00 UTC to Friday 22:00 UTC,W19
2026-07-08,2026-07-08T21:00:00+00:00,True,17:00,America/New_York,EURUSD,EUR/USD,fx,fx_rate,,close,fx24,secondary,3,1.140380859375,USD_per_EUR,,,log_return,yahoo,EURUSD=X,yfinance/yahoo-chart,raw/yahoo_EURUSD.csv,market-extract-4.2,2026-08-11T11:03:48+00:00,200,Adj Close|Close|High|Low|Open|Volume,24/5 market - Sunday 22:00 UTC to Friday 22:00 UTC,W19
2026-07-09,2026-07-09T21:00:00+00:00,True,17:00,America/New_York,EURUSD,EUR/USD,fx,fx_rate,,close,fx24,secondary,3,1.1422044038772583,USD_per_EUR,,,log_return,yahoo,EURUSD=X,yfinance/yahoo-chart,raw/yahoo_EURUSD.csv,market-extract-4.2,2026-08-11T11:03:48+00:00,200,Adj Close|Close|High|Low|Open|Volume,24/5 market - Sunday 22:00 UTC to Friday 22:00 UTC,W19
2026-07-10,2026-07-10T21:00:00+00:00,True,17:00,America/New_York,EURUSD,EUR/USD,fx,fx_rate,,close,fx24,secondary,3,1.1433405876159668,USD_per_EUR,,,log_return,yahoo,EURUSD=X,yfinance/yahoo-chart,raw/yahoo_EURUSD.csv,market-extract-4.2,2026-08-11T11:03:48+00:00,200,Adj Close|Close|High|Low|Open|Volume,24/5 market - Sunday 22:00 UTC to Friday 22:00 UTC,W19
2026-07-13,2026-07-13T21:00:00+00:00,True,17:00,America/New_York,EURUSD,EUR/USD,fx,fx_rate,,close,fx24,secondary,3,1.1404459476470947,USD_per_EUR,,,log_return,yahoo,EURUSD=X,yfinance/yahoo-chart,raw/yahoo_EURUSD.csv,market-extract-4.2,2026-08-11T11:03:48+00:00,200,Adj Close|Close|High|Low|Open|Volume,24/5 market - Sunday 22:00 UTC to Friday 22:00 UTC,W20
2026-07-14,2026-07-14T21:00:00+00:00,True,17:00,America/New_York,EURUSD,EUR/USD,fx,fx_rate,,close,fx24,secondary,3,1.1384334564208984,USD_per_EUR,,,log_return,yahoo,EURUSD=X,yfinance/yahoo-chart,raw/yahoo_EURUSD.csv,market-extract-4.2,2026-08-11T11:03:48+00:00,200,Adj Close|Close|High|Low|Open|Volume,24/5 market - Sunday 22:00 UTC to Friday 22:00 UTC,W20
2026-07-15,2026-07-15T21:00:00+00:00,True,17:00,America/New_York,EURUSD,EUR/USD,fx,fx_rate,,close,fx24,secondary,3,1.1424654722213745,USD_per_EUR,,,log_return,yahoo,EURUSD=X,yfinance/yahoo-chart,raw/yahoo_EURUSD.csv,market-extract-4.2,2026-08-11T11:03:48+00:00,200,Adj Close|Close|High|Low|Open|Volume,24/5 market - Sunday 22:00 UTC to Friday 22:00 UTC,W20
2026-07-16,2026-07-16T21:00:00+00:00,True,17:00,America/New_York,EURUSD,EUR/USD,fx,fx_rate,,close,fx24,secondary,3,1.1470258235931396,USD_per_EUR,,,log_return,yahoo,EURUSD=X,yfinance/yahoo-chart,raw/yahoo_EURUSD.csv,market-extract-4.2,2026-08-11T11:03:48+00:00,200,Adj Close|Close|High|Low|Open|Volume,24/5 market - Sunday 22:00 UTC to Friday 22:00 UTC,W20
2026-07-17,2026-07-17T21:00:00+00:00,True,17:00,America/New_York,EURUSD,EUR/USD,fx,fx_rate,,close,fx24,secondary,3,1.1444659233093262,USD_per_EUR,,,log_return,yahoo,EURUSD=X,yfinance/yahoo-chart,raw/yahoo_EURUSD.csv,market-extract-4.2,2026-08-11T11:03:48+00:00,200,Adj Close|Close|High|Low|Open|Volume,24/5 market - Sunday 22:00 UTC to Friday 22:00 UTC,W20
2026-07-20,2026-07-20T21:00:00+00:00,True,17:00,America/New_York,EURUSD,EUR/USD,fx,fx_rate,,close,fx24,secondary,3,1.142765760421753,USD_per_EUR,,,log_return,yahoo,EURUSD=X,yfinance/yahoo-chart,raw/yahoo_EURUSD.csv,market-extract-4.2,2026-08-11T11:03:48+00:00,200,Adj Close|Close|High|Low|Open|Volume,24/5 market - Sunday 22:00 UTC to Friday 22:00 UTC,W21
2026-07-21,2026-07-21T21:00:00+00:00,True,17:00,America/New_York,EURUSD,EUR/USD,fx,fx_rate,,close,fx24,secondary,3,1.1418131589889526,USD_per_EUR,,,log_return,yahoo,EURUSD=X,yfinance/yahoo-chart,raw/yahoo_EURUSD.csv,market-extract-4.2,2026-08-11T11:03:48+00:00,200,Adj Close|Close|High|Low|Open|Volume,24/5 market - Sunday 22:00 UTC to Friday 22:00 UTC,W21
2026-07-22,2026-07-22T21:00:00+00:00,True,17:00,America/New_York,EURUSD,EUR/USD,fx,fx_rate,,close,fx24,secondary,3,1.140380859375,USD_per_EUR,,,log_return,yahoo,EURUSD=X,yfinance/yahoo-chart,raw/yahoo_EURUSD.csv,market-extract-4.2,2026-08-11T11:03:48+00:00,200,Adj Close|Close|High|Low|Open|Volume,24/5 market - Sunday 22:00 UTC to Friday 22:00 UTC,W21
2026-03-02,2026-03-02T19:30:00+00:00,True,19:30,Europe/London,OIL_BRENT,Brent crude oil (front-month futures),oil,futures,front_month_future,vendor_close,global,core,1,77.73999786376953,USD_per_barrel,USD,143671.0,log_return,yahoo,BZ=F,yfinance/yahoo-chart,raw/yahoo_OIL_BRENT.csv,market-extract-4.2,2026-08-11T11:03:48+00:00,200,Adj Close|Close|High|Low|Open|Volume,,W01
2026-03-03,2026-03-03T19:30:00+00:00,True,19:30,Europe/London,OIL_BRENT,Brent crude oil (front-month futures),oil,futures,front_month_future,vendor_close,global,core,1,81.4000015258789,USD_per_barrel,USD,229556.0,log_return,yahoo,BZ=F,yfinance/yahoo-chart,raw/yahoo_OIL_BRENT.csv,market-extract-4.2,2026-08-11T11:03:48+00:00,200,Adj Close|Close|High|Low|Open|Volume,,W01
2026-03-04,2026-03-04T19:30:00+00:00,True,19:30,Europe/London,OIL_BRENT,Brent crude oil (front-month futures),oil,futures,front_month_future,vendor_close,global,core,1,81.4000015258789,USD_per_barrel,USD,152390.0,log_return,yahoo,BZ=F,yfinance/yahoo-chart,raw/yahoo_OIL_BRENT.csv,market-extract-4.2,2026-08-11T11:03:48+00:00,200,Adj Close|Close|High|Low|Open|Volume,,W01
2026-03-05,2026-03-05T19:30:00+00:00,True,19:30,Europe/London,OIL_BRENT,Brent crude oil (front-month futures),oil,futures,front_month_future,vendor_close,global,core,1,85.41000366210938,USD_per_barrel,USD,146018.0,log_return,yahoo,BZ=F,yfinance/yahoo-chart,raw/yahoo_OIL_BRENT.csv,market-extract-4.2,2026-08-11T11:03:48+00:00,200,Adj Close|Close|High|Low|Open|Volume,,W01
2026-03-06,2026-03-06T19:30:00+00:00,True,19:30,Europe/London,OIL_BRENT,Brent crude oil (front-month futures),oil,futures,front_month_future,vendor_close,global,core,1,92.69000244140625,USD_per_barrel,USD,197523.0,log_return,yahoo,BZ=F,yfinance/yahoo-chart,raw/yahoo_OIL_BRENT.csv,market-extract-4.2,2026-08-11T11:03:48+00:00,200,Adj Close|Close|High|Low|Open|Volume,,W01
2026-03-09,2026-03-09T19:30:00+00:00,True,19:30,Europe/London,OIL_BRENT,Brent crude oil (front-month futures),oil,futures,front_month_future,vendor_close,global,core,1,98.95999908447266,USD_per_barrel,USD,235965.0,log_return,yahoo,BZ=F,yfinance/yahoo-chart,raw/yahoo_OIL_BRENT.csv,market-extract-4.2,2026-08-11T11:03:48+00:00,200,Adj Close|Close|High|Low|Open|Volume,,W02
2026-03-10,2026-03-10T19:30:00+00:00,True,19:30,Europe/London,OIL_BRENT,Brent crude oil (front-month futures),oil,futures,front_month_future,vendor_close,global,core,1,87.80000305175781,USD_per_barrel,USD,144614.0,log_return,yahoo,BZ=F,yfinance/yahoo-chart,raw/yahoo_OIL_BRENT.csv,market-extract-4.2,2026-08-11T11:03:48+00:00,200,Adj Close|Close|High|Low|Open|Volume,,W02
2026-03-11,2026-03-11T19:30:00+00:00,True,19:30,Europe/London,OIL_BRENT,Brent crude oil (front-month futures),oil,futures,front_month_future,vendor_close,global,core,1,91.9800033569336,USD_per_barrel,USD,101940.0,log_return,yahoo,BZ=F,yfinance/yahoo-chart,raw/yahoo_OIL_BRENT.csv,market-extract-4.2,2026-08-11T11:03:48+00:00,200,Adj Close|Close|High|Low|Open|Volume,,W02
2026-03-12,2026-03-12T19:30:00+00:00,True,19:30,Europe/London,OIL_BRENT,Brent crude oil (front-month futures),oil,futures,front_month_future,vendor_close,global,core,1,100.45999908447266,USD_per_barrel,USD,92219.0,log_return,yahoo,BZ=F,yfinance/yahoo-chart,raw/yahoo_OIL_BRENT.csv,market-extract-4.2,2026-08-11T11:03:48+00:00,200,Adj Close|Close|High|Low|Open|Volume,,W02
2026-03-13,2026-03-13T19:30:00+00:00,True,19:30,Europe/London,OIL_BRENT,Brent crude oil (front-month futures),oil,futures,front_month_future,vendor_close,global,core,1,103.13999938964844,USD_per_barrel,USD,71698.0,log_return,yahoo,BZ=F,yfinance/yahoo-chart,raw/yahoo_OIL_BRENT.csv,market-extract-4.2,2026-08-11T11:03:48+00:00,200,Adj Close|Close|High|Low|Open|Volume,,W02
2026-03-16,2026-03-16T19:30:00+00:00,True,19:30,Europe/London,OIL_BRENT,Brent crude oil (front-month futures),oil,futures,front_month_future,vendor_close,global,core,1,100.20999908447266,USD_per_barrel,USD,77839.0,log_return,yahoo,BZ=F,yfinance/yahoo-chart,raw/yahoo_OIL_BRENT.csv,market-extract-4.2,2026-08-11T11:03:48+00:00,200,Adj Close|Close|High|Low|Open|Volume,,W03
2026-03-17,2026-03-17T19:30:00+00:00,True,19:30,Europe/London,OIL_BRENT,Brent crude oil (front-month futures),oil,futures,front_month_future,vendor_close,global,core,1,103.41999816894531,USD_per_barrel,USD,65199.0,log_return,yahoo,BZ=F,yfinance/yahoo-chart,raw/yahoo_OIL_BRENT.csv,market-extract-4.2,2026-08-11T11:03:48+00:00,200,Adj Close|Close|High|Low|Open|Volume,,W03
2026-03-18,2026-03-18T19:30:00+00:00,True,19:30,Europe/London,OIL_BRENT,Brent crude oil (front-month futures),oil,futures,front_month_future,vendor_close,global,core,1,107.37999725341797,USD_per_barrel,USD,73104.0,log_return,yahoo,BZ=F,yfinance/yahoo-chart,raw/yahoo_OIL_BRENT.csv,market-extract-4.2,2026-08-11T11:03:48+00:00,200,Adj Close|Close|High|Low|Open|Volume,,W03
2026-03-19,2026-03-19T19:30:00+00:00,True,19:30,Europe/London,OIL_BRENT,Brent crude oil (front-month futures),oil,futures,front_month_future,vendor_close,global,core,1,108.6500015258789,USD_per_barrel,USD,87485.0,log_return,yahoo,BZ=F,yfinance/yahoo-chart,raw/yahoo_OIL_BRENT.csv,market-extract-4.2,2026-08-11T11:03:48+00:00,200,Adj Close|Close|High|Low|Open|Volume,,W03
2026-03-20,2026-03-20T19:30:00+00:00,True,19:30,Europe/London,OIL_BRENT,Brent crude oil (front-month futures),oil,futures,front_month_future,vendor_close,global,core,1,112.19000244140625,USD_per_barrel,USD,57217.0,log_return,yahoo,BZ=F,yfinance/yahoo-chart,raw/yahoo_OIL_BRENT.csv,market-extract-4.2,2026-08-11T11:03:48+00:00,200,Adj Close|Close|High|Low|Open|Volume,,W03
2026-03-23,2026-03-23T19:30:00+00:00,True,19:30,Europe/London,OIL_BRENT,Brent crude oil (front-month futures),oil,futures,front_month_future,vendor_close,global,core,1,99.94000244140625,USD_per_barrel,USD,113332.0,log_return,yahoo,BZ=F,yfinance/yahoo-chart,raw/yahoo_OIL_BRENT.csv,market-extract-4.2,2026-08-11T11:03:48+00:00,200,Adj Close|Close|High|Low|Open|Volume,,W04
2026-03-24,2026-03-24T19:30:00+00:00,True,19:30,Europe/London,OIL_BRENT,Brent crude oil (front-month futures),oil,futures,front_month_future,vendor_close,global,core,1,104.48999786376953,USD_per_barrel,USD,68614.0,log_return,yahoo,BZ=F,yfinance/yahoo-chart,raw/yahoo_OIL_BRENT.csv,market-extract-4.2,2026-08-11T11:03:48+00:00,200,Adj Close|Close|High|Low|Open|Volume,,W04
2026-03-25,2026-03-25T19:30:00+00:00,True,19:30,Europe/London,OIL_BRENT,Brent crude oil (front-month futures),oil,futures,front_month_future,vendor_close,global,core,1,102.22000122070312,USD_per_barrel,USD,53714.0,log_return,yahoo,BZ=F,yfinance/yahoo-chart,raw/yahoo_OIL_BRENT.csv,market-extract-4.2,2026-08-11T11:03:48+00:00,200,Adj Close|Close|High|Low|Open|Volume,,W04
2026-03-26,2026-03-26T19:30:00+00:00,True,19:30,Europe/London,OIL_BRENT,Brent crude oil (front-month futures),oil,futures,front_month_future,vendor_close,global,core,1,108.01000213623047,USD_per_barrel,USD,28970.0,log_return,yahoo,BZ=F,yfinance/yahoo-chart,raw/yahoo_OIL_BRENT.csv,market-extract-4.2,2026-08-11T11:03:48+00:00,200,Adj Close|Close|High|Low|Open|Volume,,W04
2026-03-27,2026-03-27T19:30:00+00:00,True,19:30,Europe/London,OIL_BRENT,Brent crude oil (front-month futures),oil,futures,front_month_future,vendor_close,global,core,1,112.56999969482422,USD_per_barrel,USD,18402.0,log_return,yahoo,BZ=F,yfinance/yahoo-chart,raw/yahoo_OIL_BRENT.csv,market-extract-4.2,2026-08-11T11:03:48+00:00,200,Adj Close|Close|High|Low|Open|Volume,,W04
2026-03-30,2026-03-30T18:30:00+00:00,True,19:30,Europe/London,OIL_BRENT,Brent crude oil (front-month futures),oil,futures,front_month_future,vendor_close,global,core,1,112.77999877929688,USD_per_barrel,USD,15053.0,log_return,yahoo,BZ=F,yfinance/yahoo-chart,raw/yahoo_OIL_BRENT.csv,market-extract-4.2,2026-08-11T11:03:48+00:00,200,Adj Close|Close|High|Low|Open|Volume,,W05
2026-03-31,2026-03-31T18:30:00+00:00,True,19:30,Europe/London,OIL_BRENT,Brent crude oil (front-month futures),oil,futures,front_month_future,vendor_close,global,core,1,118.3499984741211,USD_per_barrel,USD,69949.0,log_return,yahoo,BZ=F,yfinance/yahoo-chart,raw/yahoo_OIL_BRENT.csv,market-extract-4.2,2026-08-11T11:03:48+00:00,200,Adj Close|Close|High|Low|Open|Volume,,W05
2026-04-01,2026-04-01T18:30:00+00:00,True,19:30,Europe/London,OIL_BRENT,Brent crude oil (front-month futures),oil,futures,front_month_future,vendor_close,global,core,1,101.16000366210938,USD_per_barrel,USD,61629.0,log_return,yahoo,BZ=F,yfinance/yahoo-chart,raw/yahoo_OIL_BRENT.csv,market-extract-4.2,2026-08-11T11:03:48+00:00,200,Adj Close|Close|High|Low|Open|Volume,,W05
2026-04-02,2026-04-02T18:30:00+00:00,True,19:30,Europe/London,OIL_BRENT,Brent crude oil (front-month futures),oil,futures,front_month_future,vendor_close,global,core,1,109.02999877929688,USD_per_barrel,USD,,log_return,yahoo,BZ=F,yfinance/yahoo-chart,raw/yahoo_OIL_BRENT.csv,market-extract-4.2,2026-08-11T11:03:48+00:00,200,Adj Close|Close|High|Low|Open|Volume,,W05
2026-04-06,2026-04-06T18:30:00+00:00,True,19:30,Europe/London,OIL_BRENT,Brent crude oil (front-month futures),oil,futures,front_month_future,vendor_close,global,core,1,109.7699966430664,USD_per_barrel,USD,27863.0,log_return,yahoo,BZ=F,yfinance/yahoo-chart,raw/yahoo_OIL_BRENT.csv,market-extract-4.2,2026-08-11T11:03:48+00:00,200,Adj Close|Close|High|Low|Open|Volume,,W06
2026-04-07,2026-04-07T18:30:00+00:00,True,19:30,Europe/London,OIL_BRENT,Brent crude oil (front-month futures),oil,futures,front_month_future,vendor_close,global,core,1,109.2699966430664,USD_per_barrel,USD,65194.0,log_return,yahoo,BZ=F,yfinance/yahoo-chart,raw/yahoo_OIL_BRENT.csv,market-extract-4.2,2026-08-11T11:03:48+00:00,200,Adj Close|Close|High|Low|Open|Volume,,W06
2026-04-08,2026-04-08T18:30:00+00:00,True,19:30,Europe/London,OIL_BRENT,Brent crude oil (front-month futures),oil,futures,front_month_future,vendor_close,global,core,1,94.75,USD_per_barrel,USD,82140.0,log_return,yahoo,BZ=F,yfinance/yahoo-chart,raw/yahoo_OIL_BRENT.csv,market-extract-4.2,2026-08-11T11:03:48+00:00,200,Adj Close|Close|High|Low|Open|Volume,,W06
2026-04-09,2026-04-09T18:30:00+00:00,True,19:30,Europe/London,OIL_BRENT,Brent crude oil (front-month futures),oil,futures,front_month_future,vendor_close,global,core,1,95.91999816894531,USD_per_barrel,USD,54501.0,log_return,yahoo,BZ=F,yfinance/yahoo-chart,raw/yahoo_OIL_BRENT.csv,market-extract-4.2,2026-08-11T11:03:48+00:00,200,Adj Close|Close|High|Low|Open|Volume,,W06
2026-04-10,2026-04-10T18:30:00+00:00,True,19:30,Europe/London,OIL_BRENT,Brent crude oil (front-month futures),oil,futures,front_month_future,vendor_close,global,core,1,95.19999694824219,USD_per_barrel,USD,35012.0,log_return,yahoo,BZ=F,yfinance/yahoo-chart,raw/yahoo_OIL_BRENT.csv,market-extract-4.2,2026-08-11T11:03:48+00:00,200,Adj Close|Close|High|Low|Open|Volume,,W06
2026-04-13,2026-04-13T18:30:00+00:00,True,19:30,Europe/London,OIL_BRENT,Brent crude oil (front-month futures),oil,futures,front_month_future,vendor_close,global,core,1,99.36000061035156,USD_per_barrel,USD,50559.0,log_return,yahoo,BZ=F,yfinance/yahoo-chart,raw/yahoo_OIL_BRENT.csv,market-extract-4.2,2026-08-11T11:03:48+00:00,200,Adj Close|Close|High|Low|Open|Volume,,W07
2026-04-14,2026-04-14T18:30:00+00:00,True,19:30,Europe/London,OIL_BRENT,Brent crude oil (front-month futures),oil,futures,front_month_future,vendor_close,global,core,1,94.79000091552734,USD_per_barrel,USD,40991.0,log_return,yahoo,BZ=F,yfinance/yahoo-chart,raw/yahoo_OIL_BRENT.csv,market-extract-4.2,2026-08-11T11:03:48+00:00,200,Adj Close|Close|High|Low|Open|Volume,,W07
2026-04-15,2026-04-15T18:30:00+00:00,True,19:30,Europe/London,OIL_BRENT,Brent crude oil (front-month futures),oil,futures,front_month_future,vendor_close,global,core,1,94.93000030517578,USD_per_barrel,USD,41928.0,log_return,yahoo,BZ=F,yfinance/yahoo-chart,raw/yahoo_OIL_BRENT.csv,market-extract-4.2,2026-08-11T11:03:48+00:00,200,Adj Close|Close|High|Low|Open|Volume,,W07
2026-04-16,2026-04-16T18:30:00+00:00,True,19:30,Europe/London,OIL_BRENT,Brent crude oil (front-month futures),oil,futures,front_month_future,vendor_close,global,core,1,99.38999938964844,USD_per_barrel,USD,36540.0,log_return,yahoo,BZ=F,yfinance/yahoo-chart,raw/yahoo_OIL_BRENT.csv,market-extract-4.2,2026-08-11T11:03:48+00:00,200,Adj Close|Close|High|Low|Open|Volume,,W07
2026-04-17,2026-04-17T18:30:00+00:00,True,19:30,Europe/London,OIL_BRENT,Brent crude oil (front-month futures),oil,futures,front_month_future,vendor_close,global,core,1,90.37999725341797,USD_per_barrel,USD,85233.0,log_return,yahoo,BZ=F,yfinance/yahoo-chart,raw/yahoo_OIL_BRENT.csv,market-extract-4.2,2026-08-11T11:03:48+00:00,200,Adj Close|Close|High|Low|Open|Volume,,W07
2026-04-20,2026-04-20T18:30:00+00:00,True,19:30,Europe/London,OIL_BRENT,Brent crude oil (front-month futures),oil,futures,front_month_future,vendor_close,global,core,1,95.4800033569336,USD_per_barrel,USD,46389.0,log_return,yahoo,BZ=F,yfinance/yahoo-chart,raw/yahoo_OIL_BRENT.csv,market-extract-4.2,2026-08-11T11:03:48+00:00,200,Adj Close|Close|High|Low|Open|Volume,,W08
2026-04-21,2026-04-21T18:30:00+00:00,True,19:30,Europe/London,OIL_BRENT,Brent crude oil (front-month futures),oil,futures,front_month_future,vendor_close,global,core,1,98.4800033569336,USD_per_barrel,USD,50039.0,log_return,yahoo,BZ=F,yfinance/yahoo-chart,raw/yahoo_OIL_BRENT.csv,market-extract-4.2,2026-08-11T11:03:48+00:00,200,Adj Close|Close|High|Low|Open|Volume,,W08
2026-04-22,2026-04-22T18:30:00+00:00,True,19:30,Europe/London,OIL_BRENT,Brent crude oil (front-month futures),oil,futures,front_month_future,vendor_close,global,core,1,101.91000366210938,USD_per_barrel,USD,39837.0,log_return,yahoo,BZ=F,yfinance/yahoo-chart,raw/yahoo_OIL_BRENT.csv,market-extract-4.2,2026-08-11T11:03:48+00:00,200,Adj Close|Close|High|Low|Open|Volume,,W08
2026-04-23,2026-04-23T18:30:00+00:00,True,19:30,Europe/London,OIL_BRENT,Brent crude oil (front-month futures),oil,futures,front_month_future,vendor_close,global,core,1,105.06999969482422,USD_per_barrel,USD,54489.0,log_return,yahoo,BZ=F,yfinance/yahoo-chart,raw/yahoo_OIL_BRENT.csv,market-extract-4.2,2026-08-11T11:03:48+00:00,200,Adj Close|Close|High|Low|Open|Volume,,W08
2026-04-24,2026-04-24T18:30:00+00:00,True,19:30,Europe/London,OIL_BRENT,Brent crude oil (front-month futures),oil,futures,front_month_future,vendor_close,global,core,1,105.33000183105469,USD_per_barrel,USD,52646.0,log_return,yahoo,BZ=F,yfinance/yahoo-chart,raw/yahoo_OIL_BRENT.csv,market-extract-4.2,2026-08-11T11:03:48+00:00,200,Adj Close|Close|High|Low|Open|Volume,,W08
2026-04-27,2026-04-27T18:30:00+00:00,True,19:30,Europe/London,OIL_BRENT,Brent crude oil (front-month futures),oil,futures,front_month_future,vendor_close,global,core,1,108.2300033569336,USD_per_barrel,USD,29439.0,log_return,yahoo,BZ=F,yfinance/yahoo-chart,raw/yahoo_OIL_BRENT.csv,market-extract-4.2,2026-08-11T11:03:48+00:00,200,Adj Close|Close|High|Low|Open|Volume,,W09
2026-04-28,2026-04-28T18:30:00+00:00,True,19:30,Europe/London,OIL_BRENT,Brent crude oil (front-month futures),oil,futures,front_month_future,vendor_close,global,core,1,111.26000213623047,USD_per_barrel,USD,23451.0,log_return,yahoo,BZ=F,yfinance/yahoo-chart,raw/yahoo_OIL_BRENT.csv,market-extract-4.2,2026-08-11T11:03:48+00:00,200,Adj Close|Close|High|Low|Open|Volume,,W09
2026-04-29,2026-04-29T18:30:00+00:00,True,19:30,Europe/London,OIL_BRENT,Brent crude oil (front-month futures),oil,futures,front_month_future,vendor_close,global,core,1,118.02999877929688,USD_per_barrel,USD,18031.0,log_return,yahoo,BZ=F,yfinance/yahoo-chart,raw/yahoo_OIL_BRENT.csv,market-extract-4.2,2026-08-11T11:03:48+00:00,200,Adj Close|Close|High|Low|Open|Volume,,W09
2026-04-30,2026-04-30T18:30:00+00:00,True,19:30,Europe/London,OIL_BRENT,Brent crude oil (front-month futures),oil,futures,front_month_future,vendor_close,global,core,1,114.01000213623047,USD_per_barrel,USD,58572.0,log_return,yahoo,BZ=F,yfinance/yahoo-chart,raw/yahoo_OIL_BRENT.csv,market-extract-4.2,2026-08-11T11:03:48+00:00,200,Adj Close|Close|High|Low|Open|Volume,,W09
2026-05-01,2026-05-01T18:30:00+00:00,True,19:30,Europe/London,OIL_BRENT,Brent crude oil (front-month futures),oil,futures,front_month_future,vendor_close,global,core,1,108.16999816894531,USD_per_barrel,USD,40576.0,log_return,yahoo,BZ=F,yfinance/yahoo-chart,raw/yahoo_OIL_BRENT.csv,market-extract-4.2,2026-08-11T11:03:48+00:00,200,Adj Close|Close|High|Low|Open|Volume,,W09
2026-05-04,2026-05-04T18:30:00+00:00,True,19:30,Europe/London,OIL_BRENT,Brent crude oil (front-month futures),oil,futures,front_month_future,vendor_close,global,core,1,114.44000244140625,USD_per_barrel,USD,67567.0,log_return,yahoo,BZ=F,yfinance/yahoo-chart,raw/yahoo_OIL_BRENT.csv,market-extract-4.2,2026-08-11T11:03:48+00:00,200,Adj Close|Close|High|Low|Open|Volume,,W10
2026-05-05,2026-05-05T18:30:00+00:00,True,19:30,Europe/London,OIL_BRENT,Brent crude oil (front-month futures),oil,futures,front_month_future,vendor_close,global,core,1,109.87000274658203,USD_per_barrel,USD,39713.0,log_return,yahoo,BZ=F,yfinance/yahoo-chart,raw/yahoo_OIL_BRENT.csv,market-extract-4.2,2026-08-11T11:03:48+00:00,200,Adj Close|Close|High|Low|Open|Volume,,W10
2026-05-06,2026-05-06T18:30:00+00:00,True,19:30,Europe/London,OIL_BRENT,Brent crude oil (front-month futures),oil,futures,front_month_future,vendor_close,global,core,1,101.2699966430664,USD_per_barrel,USD,61814.0,log_return,yahoo,BZ=F,yfinance/yahoo-chart,raw/yahoo_OIL_BRENT.csv,market-extract-4.2,2026-08-11T11:03:48+00:00,200,Adj Close|Close|High|Low|Open|Volume,,W10
2026-05-07,2026-05-07T18:30:00+00:00,True,19:30,Europe/London,OIL_BRENT,Brent crude oil (front-month futures),oil,futures,front_month_future,vendor_close,global,core,1,100.05999755859375,USD_per_barrel,USD,62847.0,log_return,yahoo,BZ=F,yfinance/yahoo-chart,raw/yahoo_OIL_BRENT.csv,market-extract-4.2,2026-08-11T11:03:48+00:00,200,Adj Close|Close|High|Low|Open|Volume,,W10
2026-05-08,2026-05-08T18:30:00+00:00,True,19:30,Europe/London,OIL_BRENT,Brent crude oil (front-month futures),oil,futures,front_month_future,vendor_close,global,core,1,101.29000091552734,USD_per_barrel,USD,34316.0,log_return,yahoo,BZ=F,yfinance/yahoo-chart,raw/yahoo_OIL_BRENT.csv,market-extract-4.2,2026-08-11T11:03:48+00:00,200,Adj Close|Close|High|Low|Open|Volume,,W10
2026-05-11,2026-05-11T18:30:00+00:00,True,19:30,Europe/London,OIL_BRENT,Brent crude oil (front-month futures),oil,futures,front_month_future,vendor_close,global,core,1,104.20999908447266,USD_per_barrel,USD,35359.0,log_return,yahoo,BZ=F,yfinance/yahoo-chart,raw/yahoo_OIL_BRENT.csv,market-extract-4.2,2026-08-11T11:03:48+00:00,200,Adj Close|Close|High|Low|Open|Volume,,W11
2026-05-12,2026-05-12T18:30:00+00:00,True,19:30,Europe/London,OIL_BRENT,Brent crude oil (front-month futures),oil,futures,front_month_future,vendor_close,global,core,1,107.7699966430664,USD_per_barrel,USD,30738.0,log_return,yahoo,BZ=F,yfinance/yahoo-chart,raw/yahoo_OIL_BRENT.csv,market-extract-4.2,2026-08-11T11:03:48+00:00,200,Adj Close|Close|High|Low|Open|Volume,,W11
2026-05-13,2026-05-13T18:30:00+00:00,True,19:30,Europe/London,OIL_BRENT,Brent crude oil (front-month futures),oil,futures,front_month_future,vendor_close,global,core,1,105.62999725341797,USD_per_barrel,USD,27718.0,log_return,yahoo,BZ=F,yfinance/yahoo-chart,raw/yahoo_OIL_BRENT.csv,market-extract-4.2,2026-08-11T11:03:48+00:00,200,Adj Close|Close|High|Low|Open|Volume,,W11
2026-05-14,2026-05-14T18:30:00+00:00,True,19:30,Europe/London,OIL_BRENT,Brent crude oil (front-month futures),oil,futures,front_month_future,vendor_close,global,core,1,105.72000122070312,USD_per_barrel,USD,27529.0,log_return,yahoo,BZ=F,yfinance/yahoo-chart,raw/yahoo_OIL_BRENT.csv,market-extract-4.2,2026-08-11T11:03:48+00:00,200,Adj Close|Close|High|Low|Open|Volume,,W11
2026-05-15,2026-05-15T18:30:00+00:00,True,19:30,Europe/London,OIL_BRENT,Brent crude oil (front-month futures),oil,futures,front_month_future,vendor_close,global,core,1,109.26000213623047,USD_per_barrel,USD,26518.0,log_return,yahoo,BZ=F,yfinance/yahoo-chart,raw/yahoo_OIL_BRENT.csv,market-extract-4.2,2026-08-11T11:03:48+00:00,200,Adj Close|Close|High|Low|Open|Volume,,W11
2026-05-18,2026-05-18T18:30:00+00:00,True,19:30,Europe/London,OIL_BRENT,Brent crude oil (front-month futures),oil,futures,front_month_future,vendor_close,global,core,1,112.0999984741211,USD_per_barrel,USD,46404.0,log_return,yahoo,BZ=F,yfinance/yahoo-chart,raw/yahoo_OIL_BRENT.csv,market-extract-4.2,2026-08-11T11:03:48+00:00,200,Adj Close|Close|High|Low|Open|Volume,,W12
2026-05-19,2026-05-19T18:30:00+00:00,True,19:30,Europe/London,OIL_BRENT,Brent crude oil (front-month futures),oil,futures,front_month_future,vendor_close,global,core,1,111.27999877929688,USD_per_barrel,USD,29390.0,log_return,yahoo,BZ=F,yfinance/yahoo-chart,raw/yahoo_OIL_BRENT.csv,market-extract-4.2,2026-08-11T11:03:48+00:00,200,Adj Close|Close|High|Low|Open|Volume,,W12
2026-05-20,2026-05-20T18:30:00+00:00,True,19:30,Europe/London,OIL_BRENT,Brent crude oil (front-month futures),oil,futures,front_month_future,vendor_close,global,core,1,105.0199966430664,USD_per_barrel,USD,53332.0,log_return,yahoo,BZ=F,yfinance/yahoo-chart,raw/yahoo_OIL_BRENT.csv,market-extract-4.2,2026-08-11T11:03:48+00:00,200,Adj Close|Close|High|Low|Open|Volume,,W12
2026-05-21,2026-05-21T18:30:00+00:00,True,19:30,Europe/London,OIL_BRENT,Brent crude oil (front-month futures),oil,futures,front_month_future,vendor_close,global,core,1,102.58000183105469,USD_per_barrel,USD,51232.0,log_return,yahoo,BZ=F,yfinance/yahoo-chart,raw/yahoo_OIL_BRENT.csv,market-extract-4.2,2026-08-11T11:03:48+00:00,200,Adj Close|Close|High|Low|Open|Volume,,W12
2026-05-22,2026-05-22T18:30:00+00:00,True,19:30,Europe/London,OIL_BRENT,Brent crude oil (front-month futures),oil,futures,front_month_future,vendor_close,global,core,1,103.54000091552734,USD_per_barrel,USD,35039.0,log_return,yahoo,BZ=F,yfinance/yahoo-chart,raw/yahoo_OIL_BRENT.csv,market-extract-4.2,2026-08-11T11:03:48+00:00,200,Adj Close|Close|High|Low|Open|Volume,,W12
2026-05-26,2026-05-26T18:30:00+00:00,True,19:30,Europe/London,OIL_BRENT,Brent crude oil (front-month futures),oil,futures,front_month_future,vendor_close,global,core,1,99.58000183105469,USD_per_barrel,USD,37926.0,log_return,yahoo,BZ=F,yfinance/yahoo-chart,raw/yahoo_OIL_BRENT.csv,market-extract-4.2,2026-08-11T11:03:48+00:00,200,Adj Close|Close|High|Low|Open|Volume,,W13
2026-05-27,2026-05-27T18:30:00+00:00,True,19:30,Europe/London,OIL_BRENT,Brent crude oil (front-month futures),oil,futures,front_month_future,vendor_close,global,core,1,94.29000091552734,USD_per_barrel,USD,20553.0,log_return,yahoo,BZ=F,yfinance/yahoo-chart,raw/yahoo_OIL_BRENT.csv,market-extract-4.2,2026-08-11T11:03:48+00:00,200,Adj Close|Close|High|Low|Open|Volume,,W13
2026-05-28,2026-05-28T18:30:00+00:00,True,19:30,Europe/London,OIL_BRENT,Brent crude oil (front-month futures),oil,futures,front_month_future,vendor_close,global,core,1,93.70999908447266,USD_per_barrel,USD,9881.0,log_return,yahoo,BZ=F,yfinance/yahoo-chart,raw/yahoo_OIL_BRENT.csv,market-extract-4.2,2026-08-11T11:03:48+00:00,200,Adj Close|Close|High|Low|Open|Volume,,W13
2026-05-29,2026-05-29T18:30:00+00:00,True,19:30,Europe/London,OIL_BRENT,Brent crude oil (front-month futures),oil,futures,front_month_future,vendor_close,global,core,1,92.05000305175781,USD_per_barrel,USD,39308.0,log_return,yahoo,BZ=F,yfinance/yahoo-chart,raw/yahoo_OIL_BRENT.csv,market-extract-4.2,2026-08-11T11:03:48+00:00,200,Adj Close|Close|High|Low|Open|Volume,,W13
2026-06-01,2026-06-01T18:30:00+00:00,True,19:30,Europe/London,OIL_BRENT,Brent crude oil (front-month futures),oil,futures,front_month_future,vendor_close,global,core,1,94.9800033569336,USD_per_barrel,USD,57796.0,log_return,yahoo,BZ=F,yfinance/yahoo-chart,raw/yahoo_OIL_BRENT.csv,market-extract-4.2,2026-08-11T11:03:48+00:00,200,Adj Close|Close|High|Low|Open|Volume,,W14
2026-06-02,2026-06-02T18:30:00+00:00,True,19:30,Europe/London,OIL_BRENT,Brent crude oil (front-month futures),oil,futures,front_month_future,vendor_close,global,core,1,96.0,USD_per_barrel,USD,40210.0,log_return,yahoo,BZ=F,yfinance/yahoo-chart,raw/yahoo_OIL_BRENT.csv,market-extract-4.2,2026-08-11T11:03:48+00:00,200,Adj Close|Close|High|Low|Open|Volume,,W14
2026-06-03,2026-06-03T18:30:00+00:00,True,19:30,Europe/London,OIL_BRENT,Brent crude oil (front-month futures),oil,futures,front_month_future,vendor_close,global,core,1,97.80999755859375,USD_per_barrel,USD,40867.0,log_return,yahoo,BZ=F,yfinance/yahoo-chart,raw/yahoo_OIL_BRENT.csv,market-extract-4.2,2026-08-11T11:03:48+00:00,200,Adj Close|Close|High|Low|Open|Volume,,W14
2026-06-04,2026-06-04T18:30:00+00:00,True,19:30,Europe/London,OIL_BRENT,Brent crude oil (front-month futures),oil,futures,front_month_future,vendor_close,global,core,1,95.02999877929688,USD_per_barrel,USD,34844.0,log_return,yahoo,BZ=F,yfinance/yahoo-chart,raw/yahoo_OIL_BRENT.csv,market-extract-4.2,2026-08-11T11:03:48+00:00,200,Adj Close|Close|High|Low|Open|Volume,,W14
2026-06-05,2026-06-05T18:30:00+00:00,True,19:30,Europe/London,OIL_BRENT,Brent crude oil (front-month futures),oil,futures,front_month_future,vendor_close,global,core,1,93.08999633789062,USD_per_barrel,USD,36817.0,log_return,yahoo,BZ=F,yfinance/yahoo-chart,raw/yahoo_OIL_BRENT.csv,market-extract-4.2,2026-08-11T11:03:48+00:00,200,Adj Close|Close|High|Low|Open|Volume,,W14
2026-06-08,2026-06-08T18:30:00+00:00,True,19:30,Europe/London,OIL_BRENT,Brent crude oil (front-month futures),oil,futures,front_month_future,vendor_close,global,core,1,94.25,USD_per_barrel,USD,36849.0,log_return,yahoo,BZ=F,yfinance/yahoo-chart,raw/yahoo_OIL_BRENT.csv,market-extract-4.2,2026-08-11T11:03:48+00:00,200,Adj Close|Close|High|Low|Open|Volume,,W15
2026-06-09,2026-06-09T18:30:00+00:00,True,19:30,Europe/London,OIL_BRENT,Brent crude oil (front-month futures),oil,futures,front_month_future,vendor_close,global,core,1,91.44999694824219,USD_per_barrel,USD,42857.0,log_return,yahoo,BZ=F,yfinance/yahoo-chart,raw/yahoo_OIL_BRENT.csv,market-extract-4.2,2026-08-11T11:03:48+00:00,200,Adj Close|Close|High|Low|Open|Volume,,W15
2026-06-10,2026-06-10T18:30:00+00:00,True,19:30,Europe/London,OIL_BRENT,Brent crude oil (front-month futures),oil,futures,front_month_future,vendor_close,global,core,1,93.0999984741211,USD_per_barrel,USD,39760.0,log_return,yahoo,BZ=F,yfinance/yahoo-chart,raw/yahoo_OIL_BRENT.csv,market-extract-4.2,2026-08-11T11:03:48+00:00,200,Adj Close|Close|High|Low|Open|Volume,,W15
2026-06-11,2026-06-11T18:30:00+00:00,True,19:30,Europe/London,OIL_BRENT,Brent crude oil (front-month futures),oil,futures,front_month_future,vendor_close,global,core,1,90.37999725341797,USD_per_barrel,USD,46406.0,log_return,yahoo,BZ=F,yfinance/yahoo-chart,raw/yahoo_OIL_BRENT.csv,market-extract-4.2,2026-08-11T11:03:48+00:00,200,Adj Close|Close|High|Low|Open|Volume,,W15
2026-06-12,2026-06-12T18:30:00+00:00,True,19:30,Europe/London,OIL_BRENT,Brent crude oil (front-month futures),oil,futures,front_month_future,vendor_close,global,core,1,87.33000183105469,USD_per_barrel,USD,34732.0,log_return,yahoo,BZ=F,yfinance/yahoo-chart,raw/yahoo_OIL_BRENT.csv,market-extract-4.2,2026-08-11T11:03:48+00:00,200,Adj Close|Close|High|Low|Open|Volume,,W15
2026-06-15,2026-06-15T18:30:00+00:00,True,19:30,Europe/London,OIL_BRENT,Brent crude oil (front-month futures),oil,futures,front_month_future,vendor_close,global,core,1,83.16999816894531,USD_per_barrel,USD,28907.0,log_return,yahoo,BZ=F,yfinance/yahoo-chart,raw/yahoo_OIL_BRENT.csv,market-extract-4.2,2026-08-11T11:03:48+00:00,200,Adj Close|Close|High|Low|Open|Volume,,W16
2026-06-16,2026-06-16T18:30:00+00:00,True,19:30,Europe/London,OIL_BRENT,Brent crude oil (front-month futures),oil,futures,front_month_future,vendor_close,global,core,1,78.95999908447266,USD_per_barrel,USD,30801.0,log_return,yahoo,BZ=F,yfinance/yahoo-chart,raw/yahoo_OIL_BRENT.csv,market-extract-4.2,2026-08-11T11:03:48+00:00,200,Adj Close|Close|High|Low|Open|Volume,,W16
2026-06-17,2026-06-17T18:30:00+00:00,True,19:30,Europe/London,OIL_BRENT,Brent crude oil (front-month futures),oil,futures,front_month_future,vendor_close,global,core,1,79.55000305175781,USD_per_barrel,USD,25919.0,log_return,yahoo,BZ=F,yfinance/yahoo-chart,raw/yahoo_OIL_BRENT.csv,market-extract-4.2,2026-08-11T11:03:48+00:00,200,Adj Close|Close|High|Low|Open|Volume,,W16
2026-06-18,2026-06-18T18:30:00+00:00,True,19:30,Europe/London,OIL_BRENT,Brent crude oil (front-month futures),oil,futures,front_month_future,vendor_close,global,core,1,79.8499984741211,USD_per_barrel,USD,31186.0,log_return,yahoo,BZ=F,yfinance/yahoo-chart,raw/yahoo_OIL_BRENT.csv,market-extract-4.2,2026-08-11T11:03:48+00:00,200,Adj Close|Close|High|Low|Open|Volume,,W16
2026-06-22,2026-06-22T18:30:00+00:00,True,19:30,Europe/London,OIL_BRENT,Brent crude oil (front-month futures),oil,futures,front_month_future,vendor_close,global,core,1,77.9000015258789,USD_per_barrel,USD,46574.0,log_return,yahoo,BZ=F,yfinance/yahoo-chart,raw/yahoo_OIL_BRENT.csv,market-extract-4.2,2026-08-11T11:03:48+00:00,200,Adj Close|Close|High|Low|Open|Volume,,W17
2026-06-23,2026-06-23T18:30:00+00:00,True,19:30,Europe/London,OIL_BRENT,Brent crude oil (front-month futures),oil,futures,front_month_future,vendor_close,global,core,1,77.08000183105469,USD_per_barrel,USD,22797.0,log_return,yahoo,BZ=F,yfinance/yahoo-chart,raw/yahoo_OIL_BRENT.csv,market-extract-4.2,2026-08-11T11:03:48+00:00,200,Adj Close|Close|High|Low|Open|Volume,,W17
2026-06-24,2026-06-24T18:30:00+00:00,True,19:30,Europe/London,OIL_BRENT,Brent crude oil (front-month futures),oil,futures,front_month_future,vendor_close,global,core,1,73.73999786376953,USD_per_barrel,USD,32834.0,log_return,yahoo,BZ=F,yfinance/yahoo-chart,raw/yahoo_OIL_BRENT.csv,market-extract-4.2,2026-08-11T11:03:48+00:00,200,Adj Close|Close|High|Low|Open|Volume,,W17
2026-06-25,2026-06-25T18:30:00+00:00,True,19:30,Europe/London,OIL_BRENT,Brent crude oil (front-month futures),oil,futures,front_month_future,vendor_close,global,core,1,75.26000213623047,USD_per_barrel,USD,27477.0,log_return,yahoo,BZ=F,yfinance/yahoo-chart,raw/yahoo_OIL_BRENT.csv,market-extract-4.2,2026-08-11T11:03:48+00:00,200,Adj Close|Close|High|Low|Open|Volume,,W17
2026-06-26,2026-06-26T18:30:00+00:00,True,19:30,Europe/London,OIL_BRENT,Brent crude oil (front-month futures),oil,futures,front_month_future,vendor_close,global,core,1,71.98999786376953,USD_per_barrel,USD,19425.0,log_return,yahoo,BZ=F,yfinance/yahoo-chart,raw/yahoo_OIL_BRENT.csv,market-extract-4.2,2026-08-11T11:03:48+00:00,200,Adj Close|Close|High|Low|Open|Volume,,W17
2026-06-29,2026-06-29T18:30:00+00:00,True,19:30,Europe/London,OIL_BRENT,Brent crude oil (front-month futures),oil,futures,front_month_future,vendor_close,global,core,1,73.1500015258789,USD_per_barrel,USD,8613.0,log_return,yahoo,BZ=F,yfinance/yahoo-chart,raw/yahoo_OIL_BRENT.csv,market-extract-4.2,2026-08-11T11:03:48+00:00,200,Adj Close|Close|High|Low|Open|Volume,,W18
2026-06-30,2026-06-30T18:30:00+00:00,True,19:30,Europe/London,OIL_BRENT,Brent crude oil (front-month futures),oil,futures,front_month_future,vendor_close,global,core,1,72.91999816894531,USD_per_barrel,USD,39706.0,log_return,yahoo,BZ=F,yfinance/yahoo-chart,raw/yahoo_OIL_BRENT.csv,market-extract-4.2,2026-08-11T11:03:48+00:00,200,Adj Close|Close|High|Low|Open|Volume,,W18
2026-07-01,2026-07-01T18:30:00+00:00,True,19:30,Europe/London,OIL_BRENT,Brent crude oil (front-month futures),oil,futures,front_month_future,vendor_close,global,core,1,71.56999969482422,USD_per_barrel,USD,37629.0,log_return,yahoo,BZ=F,yfinance/yahoo-chart,raw/yahoo_OIL_BRENT.csv,market-extract-4.2,2026-08-11T11:03:48+00:00,200,Adj Close|Close|High|Low|Open|Volume,,W18
2026-07-02,2026-07-02T18:30:00+00:00,True,19:30,Europe/London,OIL_BRENT,Brent crude oil (front-month futures),oil,futures,front_month_future,vendor_close,global,core,1,71.80000305175781,USD_per_barrel,USD,,log_return,yahoo,BZ=F,yfinance/yahoo-chart,raw/yahoo_OIL_BRENT.csv,market-extract-4.2,2026-08-11T11:03:48+00:00,200,Adj Close|Close|High|Low|Open|Volume,,W18
2026-07-06,2026-07-06T18:30:00+00:00,True,19:30,Europe/London,OIL_BRENT,Brent crude oil (front-month futures),oil,futures,front_month_future,vendor_close,global,core,1,71.98999786376953,USD_per_barrel,USD,46238.0,log_return,yahoo,BZ=F,yfinance/yahoo-chart,raw/yahoo_OIL_BRENT.csv,market-extract-4.2,2026-08-11T11:03:48+00:00,200,Adj Close|Close|High|Low|Open|Volume,,W19
2026-07-07,2026-07-07T18:30:00+00:00,True,19:30,Europe/London,OIL_BRENT,Brent crude oil (front-month futures),oil,futures,front_month_future,vendor_close,global,core,1,74.16000366210938,USD_per_barrel,USD,58154.0,log_return,yahoo,BZ=F,yfinance/yahoo-chart,raw/yahoo_OIL_BRENT.csv,market-extract-4.2,2026-08-11T11:03:48+00:00,200,Adj Close|Close|High|Low|Open|Volume,,W19
2026-07-08,2026-07-08T18:30:00+00:00,True,19:30,Europe/London,OIL_BRENT,Brent crude oil (front-month futures),oil,futures,front_month_future,vendor_close,global,core,1,78.0199966430664,USD_per_barrel,USD,96042.0,log_return,yahoo,BZ=F,yfinance/yahoo-chart,raw/yahoo_OIL_BRENT.csv,market-extract-4.2,2026-08-11T11:03:48+00:00,200,Adj Close|Close|High|Low|Open|Volume,,W19
2026-07-09,2026-07-09T18:30:00+00:00,True,19:30,Europe/London,OIL_BRENT,Brent crude oil (front-month futures),oil,futures,front_month_future,vendor_close,global,core,1,76.30000305175781,USD_per_barrel,USD,47817.0,log_return,yahoo,BZ=F,yfinance/yahoo-chart,raw/yahoo_OIL_BRENT.csv,market-extract-4.2,2026-08-11T11:03:48+00:00,200,Adj Close|Close|High|Low|Open|Volume,,W19
2026-07-10,2026-07-10T18:30:00+00:00,True,19:30,Europe/London,OIL_BRENT,Brent crude oil (front-month futures),oil,futures,front_month_future,vendor_close,global,core,1,76.01000213623047,USD_per_barrel,USD,39537.0,log_return,yahoo,BZ=F,yfinance/yahoo-chart,raw/yahoo_OIL_BRENT.csv,market-extract-4.2,2026-08-11T11:03:48+00:00,200,Adj Close|Close|High|Low|Open|Volume,,W19
2026-07-13,2026-07-13T18:30:00+00:00,True,19:30,Europe/London,OIL_BRENT,Brent crude oil (front-month futures),oil,futures,front_month_future,vendor_close,global,core,1,83.30000305175781,USD_per_barrel,USD,61577.0,log_return,yahoo,BZ=F,yfinance/yahoo-chart,raw/yahoo_OIL_BRENT.csv,market-extract-4.2,2026-08-11T11:03:48+00:00,200,Adj Close|Close|High|Low|Open|Volume,,W20
2026-07-14,2026-07-14T18:30:00+00:00,True,19:30,Europe/London,OIL_BRENT,Brent crude oil (front-month futures),oil,futures,front_month_future,vendor_close,global,core,1,84.7300033569336,USD_per_barrel,USD,115669.0,log_return,yahoo,BZ=F,yfinance/yahoo-chart,raw/yahoo_OIL_BRENT.csv,market-extract-4.2,2026-08-11T11:03:48+00:00,200,Adj Close|Close|High|Low|Open|Volume,,W20
2026-07-15,2026-07-15T18:30:00+00:00,True,19:30,Europe/London,OIL_BRENT,Brent crude oil (front-month futures),oil,futures,front_month_future,vendor_close,global,core,1,84.94999694824219,USD_per_barrel,USD,52882.0,log_return,yahoo,BZ=F,yfinance/yahoo-chart,raw/yahoo_OIL_BRENT.csv,market-extract-4.2,2026-08-11T11:03:48+00:00,200,Adj Close|Close|High|Low|Open|Volume,,W20
2026-07-16,2026-07-16T18:30:00+00:00,True,19:30,Europe/London,OIL_BRENT,Brent crude oil (front-month futures),oil,futures,front_month_future,vendor_close,global,core,1,84.2300033569336,USD_per_barrel,USD,39917.0,log_return,yahoo,BZ=F,yfinance/yahoo-chart,raw/yahoo_OIL_BRENT.csv,market-extract-4.2,2026-08-11T11:03:48+00:00,200,Adj Close|Close|High|Low|Open|Volume,,W20
2026-07-17,2026-07-17T18:30:00+00:00,True,19:30,Europe/London,OIL_BRENT,Brent crude oil (front-month futures),oil,futures,front_month_future,vendor_close,global,core,1,88.0999984741211,USD_per_barrel,USD,30997.0,log_return,yahoo,BZ=F,yfinance/yahoo-chart,raw/yahoo_OIL_BRENT.csv,market-extract-4.2,2026-08-11T11:03:48+00:00,200,Adj Close|Close|High|Low|Open|Volume,,W20
2026-07-20,2026-07-20T18:30:00+00:00,True,19:30,Europe/London,OIL_BRENT,Brent crude oil (front-month futures),oil,futures,front_month_future,vendor_close,global,core,1,89.22000122070312,USD_per_barrel,USD,50407.0,log_return,yahoo,BZ=F,yfinance/yahoo-chart,raw/yahoo_OIL_BRENT.csv,market-extract-4.2,2026-08-11T11:03:48+00:00,200,Adj Close|Close|High|Low|Open|Volume,,W21
2026-07-21,2026-07-21T18:30:00+00:00,True,19:30,Europe/London,OIL_BRENT,Brent crude oil (front-month futures),oil,futures,front_month_future,vendor_close,global,core,1,91.01000213623047,USD_per_barrel,USD,43104.0,log_return,yahoo,BZ=F,yfinance/yahoo-chart,raw/yahoo_OIL_BRENT.csv,market-extract-4.2,2026-08-11T11:03:48+00:00,200,Adj Close|Close|High|Low|Open|Volume,,W21
2026-07-22,2026-07-22T18:30:00+00:00,True,19:30,Europe/London,OIL_BRENT,Brent crude oil (front-month futures),oil,futures,front_month_future,vendor_close,global,core,1,94.06999969482422,USD_per_barrel,USD,55526.0,log_return,yahoo,BZ=F,yfinance/yahoo-chart,raw/yahoo_OIL_BRENT.csv,market-extract-4.2,2026-08-11T11:03:48+00:00,200,Adj Close|Close|High|Low|Open|Volume,,W21
2026-03-02,2026-03-02T19:30:00+00:00,True,14:30,America/New_York,OIL_WTI,WTI crude oil (front-month futures),oil,futures,front_month_future,vendor_close,global,secondary,2,71.2300033569336,USD_per_barrel,USD,881329.0,log_return,yahoo,CL=F,yfinance/yahoo-chart,raw/yahoo_OIL_WTI.csv,market-extract-4.2,2026-08-11T11:03:48+00:00,200,Adj Close|Close|High|Low|Open|Volume,,W01
2026-03-03,2026-03-03T19:30:00+00:00,True,14:30,America/New_York,OIL_WTI,WTI crude oil (front-month futures),oil,futures,front_month_future,vendor_close,global,secondary,2,74.55999755859375,USD_per_barrel,USD,1009753.0,log_return,yahoo,CL=F,yfinance/yahoo-chart,raw/yahoo_OIL_WTI.csv,market-extract-4.2,2026-08-11T11:03:48+00:00,200,Adj Close|Close|High|Low|Open|Volume,,W01
2026-03-04,2026-03-04T19:30:00+00:00,True,14:30,America/New_York,OIL_WTI,WTI crude oil (front-month futures),oil,futures,front_month_future,vendor_close,global,secondary,2,74.66000366210938,USD_per_barrel,USD,617822.0,log_return,yahoo,CL=F,yfinance/yahoo-chart,raw/yahoo_OIL_WTI.csv,market-extract-4.2,2026-08-11T11:03:48+00:00,200,Adj Close|Close|High|Low|Open|Volume,,W01
2026-03-05,2026-03-05T19:30:00+00:00,True,14:30,America/New_York,OIL_WTI,WTI crude oil (front-month futures),oil,futures,front_month_future,vendor_close,global,secondary,2,81.01000213623047,USD_per_barrel,USD,707030.0,log_return,yahoo,CL=F,yfinance/yahoo-chart,raw/yahoo_OIL_WTI.csv,market-extract-4.2,2026-08-11T11:03:48+00:00,200,Adj Close|Close|High|Low|Open|Volume,,W01
2026-03-06,2026-03-06T19:30:00+00:00,True,14:30,America/New_York,OIL_WTI,WTI crude oil (front-month futures),oil,futures,front_month_future,vendor_close,global,secondary,2,90.9000015258789,USD_per_barrel,USD,996251.0,log_return,yahoo,CL=F,yfinance/yahoo-chart,raw/yahoo_OIL_WTI.csv,market-extract-4.2,2026-08-11T11:03:48+00:00,200,Adj Close|Close|High|Low|Open|Volume,,W01
2026-03-09,2026-03-09T18:30:00+00:00,True,14:30,America/New_York,OIL_WTI,WTI crude oil (front-month futures),oil,futures,front_month_future,vendor_close,global,secondary,2,94.7699966430664,USD_per_barrel,USD,1107193.0,log_return,yahoo,CL=F,yfinance/yahoo-chart,raw/yahoo_OIL_WTI.csv,market-extract-4.2,2026-08-11T11:03:48+00:00,200,Adj Close|Close|High|Low|Open|Volume,,W02
2026-03-10,2026-03-10T18:30:00+00:00,True,14:30,America/New_York,OIL_WTI,WTI crude oil (front-month futures),oil,futures,front_month_future,vendor_close,global,secondary,2,83.44999694824219,USD_per_barrel,USD,801564.0,log_return,yahoo,CL=F,yfinance/yahoo-chart,raw/yahoo_OIL_WTI.csv,market-extract-4.2,2026-08-11T11:03:48+00:00,200,Adj Close|Close|High|Low|Open|Volume,,W02
2026-03-11,2026-03-11T18:30:00+00:00,True,14:30,America/New_York,OIL_WTI,WTI crude oil (front-month futures),oil,futures,front_month_future,vendor_close,global,secondary,2,87.25,USD_per_barrel,USD,538020.0,log_return,yahoo,CL=F,yfinance/yahoo-chart,raw/yahoo_OIL_WTI.csv,market-extract-4.2,2026-08-11T11:03:48+00:00,200,Adj Close|Close|High|Low|Open|Volume,,W02
2026-03-12,2026-03-12T18:30:00+00:00,True,14:30,America/New_York,OIL_WTI,WTI crude oil (front-month futures),oil,futures,front_month_future,vendor_close,global,secondary,2,95.7300033569336,USD_per_barrel,USD,548999.0,log_return,yahoo,CL=F,yfinance/yahoo-chart,raw/yahoo_OIL_WTI.csv,market-extract-4.2,2026-08-11T11:03:48+00:00,200,Adj Close|Close|High|Low|Open|Volume,,W02
2026-03-13,2026-03-13T18:30:00+00:00,True,14:30,America/New_York,OIL_WTI,WTI crude oil (front-month futures),oil,futures,front_month_future,vendor_close,global,secondary,2,98.70999908447266,USD_per_barrel,USD,436700.0,log_return,yahoo,CL=F,yfinance/yahoo-chart,raw/yahoo_OIL_WTI.csv,market-extract-4.2,2026-08-11T11:03:48+00:00,200,Adj Close|Close|High|Low|Open|Volume,,W02
2026-03-16,2026-03-16T18:30:00+00:00,True,14:30,America/New_York,OIL_WTI,WTI crude oil (front-month futures),oil,futures,front_month_future,vendor_close,global,secondary,2,93.5,USD_per_barrel,USD,455454.0,log_return,yahoo,CL=F,yfinance/yahoo-chart,raw/yahoo_OIL_WTI.csv,market-extract-4.2,2026-08-11T11:03:48+00:00,200,Adj Close|Close|High|Low|Open|Volume,,W03
2026-03-17,2026-03-17T18:30:00+00:00,True,14:30,America/New_York,OIL_WTI,WTI crude oil (front-month futures),oil,futures,front_month_future,vendor_close,global,secondary,2,96.20999908447266,USD_per_barrel,USD,308425.0,log_return,yahoo,CL=F,yfinance/yahoo-chart,raw/yahoo_OIL_WTI.csv,market-extract-4.2,2026-08-11T11:03:48+00:00,200,Adj Close|Close|High|Low|Open|Volume,,W03
2026-03-18,2026-03-18T18:30:00+00:00,True,14:30,America/New_York,OIL_WTI,WTI crude oil (front-month futures),oil,futures,front_month_future,vendor_close,global,secondary,2,96.31999969482422,USD_per_barrel,USD,157222.0,log_return,yahoo,CL=F,yfinance/yahoo-chart,raw/yahoo_OIL_WTI.csv,market-extract-4.2,2026-08-11T11:03:48+00:00,200,Adj Close|Close|High|Low|Open|Volume,,W03
2026-03-19,2026-03-19T18:30:00+00:00,True,14:30,America/New_York,OIL_WTI,WTI crude oil (front-month futures),oil,futures,front_month_future,vendor_close,global,secondary,2,96.13999938964844,USD_per_barrel,USD,118719.0,log_return,yahoo,CL=F,yfinance/yahoo-chart,raw/yahoo_OIL_WTI.csv,market-extract-4.2,2026-08-11T11:03:48+00:00,200,Adj Close|Close|High|Low|Open|Volume,,W03
2026-03-20,2026-03-20T18:30:00+00:00,True,14:30,America/New_York,OIL_WTI,WTI crude oil (front-month futures),oil,futures,front_month_future,vendor_close,global,secondary,2,98.31999969482422,USD_per_barrel,USD,461845.0,log_return,yahoo,CL=F,yfinance/yahoo-chart,raw/yahoo_OIL_WTI.csv,market-extract-4.2,2026-08-11T11:03:48+00:00,200,Adj Close|Close|High|Low|Open|Volume,,W03
2026-03-23,2026-03-23T18:30:00+00:00,True,14:30,America/New_York,OIL_WTI,WTI crude oil (front-month futures),oil,futures,front_month_future,vendor_close,global,secondary,2,88.12999725341797,USD_per_barrel,USD,666790.0,log_return,yahoo,CL=F,yfinance/yahoo-chart,raw/yahoo_OIL_WTI.csv,market-extract-4.2,2026-08-11T11:03:48+00:00,200,Adj Close|Close|High|Low|Open|Volume,,W04
2026-03-24,2026-03-24T18:30:00+00:00,True,14:30,America/New_York,OIL_WTI,WTI crude oil (front-month futures),oil,futures,front_month_future,vendor_close,global,secondary,2,92.3499984741211,USD_per_barrel,USD,420067.0,log_return,yahoo,CL=F,yfinance/yahoo-chart,raw/yahoo_OIL_WTI.csv,market-extract-4.2,2026-08-11T11:03:48+00:00,200,Adj Close|Close|High|Low|Open|Volume,,W04
2026-03-25,2026-03-25T18:30:00+00:00,True,14:30,America/New_York,OIL_WTI,WTI crude oil (front-month futures),oil,futures,front_month_future,vendor_close,global,secondary,2,90.31999969482422,USD_per_barrel,USD,405170.0,log_return,yahoo,CL=F,yfinance/yahoo-chart,raw/yahoo_OIL_WTI.csv,market-extract-4.2,2026-08-11T11:03:48+00:00,200,Adj Close|Close|High|Low|Open|Volume,,W04
2026-03-26,2026-03-26T18:30:00+00:00,True,14:30,America/New_York,OIL_WTI,WTI crude oil (front-month futures),oil,futures,front_month_future,vendor_close,global,secondary,2,94.4800033569336,USD_per_barrel,USD,350768.0,log_return,yahoo,CL=F,yfinance/yahoo-chart,raw/yahoo_OIL_WTI.csv,market-extract-4.2,2026-08-11T11:03:48+00:00,200,Adj Close|Close|High|Low|Open|Volume,,W04
2026-03-27,2026-03-27T18:30:00+00:00,True,14:30,America/New_York,OIL_WTI,WTI crude oil (front-month futures),oil,futures,front_month_future,vendor_close,global,secondary,2,99.63999938964844,USD_per_barrel,USD,374920.0,log_return,yahoo,CL=F,yfinance/yahoo-chart,raw/yahoo_OIL_WTI.csv,market-extract-4.2,2026-08-11T11:03:48+00:00,200,Adj Close|Close|High|Low|Open|Volume,,W04
2026-03-30,2026-03-30T18:30:00+00:00,True,14:30,America/New_York,OIL_WTI,WTI crude oil (front-month futures),oil,futures,front_month_future,vendor_close,global,secondary,2,102.87999725341797,USD_per_barrel,USD,374075.0,log_return,yahoo,CL=F,yfinance/yahoo-chart,raw/yahoo_OIL_WTI.csv,market-extract-4.2,2026-08-11T11:03:48+00:00,200,Adj Close|Close|High|Low|Open|Volume,,W05
2026-03-31,2026-03-31T18:30:00+00:00,True,14:30,America/New_York,OIL_WTI,WTI crude oil (front-month futures),oil,futures,front_month_future,vendor_close,global,secondary,2,101.37999725341797,USD_per_barrel,USD,495395.0,log_return,yahoo,CL=F,yfinance/yahoo-chart,raw/yahoo_OIL_WTI.csv,market-extract-4.2,2026-08-11T11:03:48+00:00,200,Adj Close|Close|High|Low|Open|Volume,,W05
2026-04-01,2026-04-01T18:30:00+00:00,True,14:30,America/New_York,OIL_WTI,WTI crude oil (front-month futures),oil,futures,front_month_future,vendor_close,global,secondary,2,100.12000274658203,USD_per_barrel,USD,434561.0,log_return,yahoo,CL=F,yfinance/yahoo-chart,raw/yahoo_OIL_WTI.csv,market-extract-4.2,2026-08-11T11:03:48+00:00,200,Adj Close|Close|High|Low|Open|Volume,,W05
2026-04-02,2026-04-02T18:30:00+00:00,True,14:30,America/New_York,OIL_WTI,WTI crude oil (front-month futures),oil,futures,front_month_future,vendor_close,global,secondary,2,111.54000091552734,USD_per_barrel,USD,,log_return,yahoo,CL=F,yfinance/yahoo-chart,raw/yahoo_OIL_WTI.csv,market-extract-4.2,2026-08-11T11:03:48+00:00,200,Adj Close|Close|High|Low|Open|Volume,,W05
2026-04-06,2026-04-06T18:30:00+00:00,True,14:30,America/New_York,OIL_WTI,WTI crude oil (front-month futures),oil,futures,front_month_future,vendor_close,global,secondary,2,112.41000366210938,USD_per_barrel,USD,271742.0,log_return,yahoo,CL=F,yfinance/yahoo-chart,raw/yahoo_OIL_WTI.csv,market-extract-4.2,2026-08-11T11:03:48+00:00,200,Adj Close|Close|High|Low|Open|Volume,,W06
2026-04-07,2026-04-07T18:30:00+00:00,True,14:30,America/New_York,OIL_WTI,WTI crude oil (front-month futures),oil,futures,front_month_future,vendor_close,global,secondary,2,112.94999694824219,USD_per_barrel,USD,429331.0,log_return,yahoo,CL=F,yfinance/yahoo-chart,raw/yahoo_OIL_WTI.csv,market-extract-4.2,2026-08-11T11:03:48+00:00,200,Adj Close|Close|High|Low|Open|Volume,,W06
2026-04-08,2026-04-08T18:30:00+00:00,True,14:30,America/New_York,OIL_WTI,WTI crude oil (front-month futures),oil,futures,front_month_future,vendor_close,global,secondary,2,94.41000366210938,USD_per_barrel,USD,599576.0,log_return,yahoo,CL=F,yfinance/yahoo-chart,raw/yahoo_OIL_WTI.csv,market-extract-4.2,2026-08-11T11:03:48+00:00,200,Adj Close|Close|High|Low|Open|Volume,,W06
2026-04-09,2026-04-09T18:30:00+00:00,True,14:30,America/New_York,OIL_WTI,WTI crude oil (front-month futures),oil,futures,front_month_future,vendor_close,global,secondary,2,97.87000274658203,USD_per_barrel,USD,427201.0,log_return,yahoo,CL=F,yfinance/yahoo-chart,raw/yahoo_OIL_WTI.csv,market-extract-4.2,2026-08-11T11:03:48+00:00,200,Adj Close|Close|High|Low|Open|Volume,,W06
2026-04-10,2026-04-10T18:30:00+00:00,True,14:30,America/New_York,OIL_WTI,WTI crude oil (front-month futures),oil,futures,front_month_future,vendor_close,global,secondary,2,96.56999969482422,USD_per_barrel,USD,314855.0,log_return,yahoo,CL=F,yfinance/yahoo-chart,raw/yahoo_OIL_WTI.csv,market-extract-4.2,2026-08-11T11:03:48+00:00,200,Adj Close|Close|High|Low|Open|Volume,,W06
2026-04-13,2026-04-13T18:30:00+00:00,True,14:30,America/New_York,OIL_WTI,WTI crude oil (front-month futures),oil,futures,front_month_future,vendor_close,global,secondary,2,99.08000183105469,USD_per_barrel,USD,344337.0,log_return,yahoo,CL=F,yfinance/yahoo-chart,raw/yahoo_OIL_WTI.csv,market-extract-4.2,2026-08-11T11:03:48+00:00,200,Adj Close|Close|High|Low|Open|Volume,,W07
2026-04-14,2026-04-14T18:30:00+00:00,True,14:30,America/New_York,OIL_WTI,WTI crude oil (front-month futures),oil,futures,front_month_future,vendor_close,global,secondary,2,91.27999877929688,USD_per_barrel,USD,315821.0,log_return,yahoo,CL=F,yfinance/yahoo-chart,raw/yahoo_OIL_WTI.csv,market-extract-4.2,2026-08-11T11:03:48+00:00,200,Adj Close|Close|High|Low|Open|Volume,,W07
2026-04-15,2026-04-15T18:30:00+00:00,True,14:30,America/New_York,OIL_WTI,WTI crude oil (front-month futures),oil,futures,front_month_future,vendor_close,global,secondary,2,91.29000091552734,USD_per_barrel,USD,240397.0,log_return,yahoo,CL=F,yfinance/yahoo-chart,raw/yahoo_OIL_WTI.csv,market-extract-4.2,2026-08-11T11:03:48+00:00,200,Adj Close|Close|High|Low|Open|Volume,,W07
2026-04-16,2026-04-16T18:30:00+00:00,True,14:30,America/New_York,OIL_WTI,WTI crude oil (front-month futures),oil,futures,front_month_future,vendor_close,global,secondary,2,94.69000244140625,USD_per_barrel,USD,194354.0,log_return,yahoo,CL=F,yfinance/yahoo-chart,raw/yahoo_OIL_WTI.csv,market-extract-4.2,2026-08-11T11:03:48+00:00,200,Adj Close|Close|High|Low|Open|Volume,,W07
2026-04-17,2026-04-17T18:30:00+00:00,True,14:30,America/New_York,OIL_WTI,WTI crude oil (front-month futures),oil,futures,front_month_future,vendor_close,global,secondary,2,83.8499984741211,USD_per_barrel,USD,116624.0,log_return,yahoo,CL=F,yfinance/yahoo-chart,raw/yahoo_OIL_WTI.csv,market-extract-4.2,2026-08-11T11:03:48+00:00,200,Adj Close|Close|High|Low|Open|Volume,,W07
2026-04-20,2026-04-20T18:30:00+00:00,True,14:30,America/New_York,OIL_WTI,WTI crude oil (front-month futures),oil,futures,front_month_future,vendor_close,global,secondary,2,89.61000061035156,USD_per_barrel,USD,115578.0,log_return,yahoo,CL=F,yfinance/yahoo-chart,raw/yahoo_OIL_WTI.csv,market-extract-4.2,2026-08-11T11:03:48+00:00,200,Adj Close|Close|High|Low|Open|Volume,,W08
2026-04-21,2026-04-21T18:30:00+00:00,True,14:30,America/New_York,OIL_WTI,WTI crude oil (front-month futures),oil,futures,front_month_future,vendor_close,global,secondary,2,92.12999725341797,USD_per_barrel,USD,383596.0,log_return,yahoo,CL=F,yfinance/yahoo-chart,raw/yahoo_OIL_WTI.csv,market-extract-4.2,2026-08-11T11:03:48+00:00,200,Adj Close|Close|High|Low|Open|Volume,,W08
2026-04-22,2026-04-22T18:30:00+00:00,True,14:30,America/New_York,OIL_WTI,WTI crude oil (front-month futures),oil,futures,front_month_future,vendor_close,global,secondary,2,92.95999908447266,USD_per_barrel,USD,299675.0,log_return,yahoo,CL=F,yfinance/yahoo-chart,raw/yahoo_OIL_WTI.csv,market-extract-4.2,2026-08-11T11:03:48+00:00,200,Adj Close|Close|High|Low|Open|Volume,,W08
2026-04-23,2026-04-23T18:30:00+00:00,True,14:30,America/New_York,OIL_WTI,WTI crude oil (front-month futures),oil,futures,front_month_future,vendor_close,global,secondary,2,95.8499984741211,USD_per_barrel,USD,365210.0,log_return,yahoo,CL=F,yfinance/yahoo-chart,raw/yahoo_OIL_WTI.csv,market-extract-4.2,2026-08-11T11:03:48+00:00,200,Adj Close|Close|High|Low|Open|Volume,,W08
2026-04-24,2026-04-24T18:30:00+00:00,True,14:30,America/New_York,OIL_WTI,WTI crude oil (front-month futures),oil,futures,front_month_future,vendor_close,global,secondary,2,94.4000015258789,USD_per_barrel,USD,330280.0,log_return,yahoo,CL=F,yfinance/yahoo-chart,raw/yahoo_OIL_WTI.csv,market-extract-4.2,2026-08-11T11:03:48+00:00,200,Adj Close|Close|High|Low|Open|Volume,,W08
2026-04-27,2026-04-27T18:30:00+00:00,True,14:30,America/New_York,OIL_WTI,WTI crude oil (front-month futures),oil,futures,front_month_future,vendor_close,global,secondary,2,96.37000274658203,USD_per_barrel,USD,219055.0,log_return,yahoo,CL=F,yfinance/yahoo-chart,raw/yahoo_OIL_WTI.csv,market-extract-4.2,2026-08-11T11:03:48+00:00,200,Adj Close|Close|High|Low|Open|Volume,,W09
2026-04-28,2026-04-28T18:30:00+00:00,True,14:30,America/New_York,OIL_WTI,WTI crude oil (front-month futures),oil,futures,front_month_future,vendor_close,global,secondary,2,99.93000030517578,USD_per_barrel,USD,281078.0,log_return,yahoo,CL=F,yfinance/yahoo-chart,raw/yahoo_OIL_WTI.csv,market-extract-4.2,2026-08-11T11:03:48+00:00,200,Adj Close|Close|High|Low|Open|Volume,,W09
2026-04-29,2026-04-29T18:30:00+00:00,True,14:30,America/New_York,OIL_WTI,WTI crude oil (front-month futures),oil,futures,front_month_future,vendor_close,global,secondary,2,106.87999725341797,USD_per_barrel,USD,318841.0,log_return,yahoo,CL=F,yfinance/yahoo-chart,raw/yahoo_OIL_WTI.csv,market-extract-4.2,2026-08-11T11:03:48+00:00,200,Adj Close|Close|High|Low|Open|Volume,,W09
2026-04-30,2026-04-30T18:30:00+00:00,True,14:30,America/New_York,OIL_WTI,WTI crude oil (front-month futures),oil,futures,front_month_future,vendor_close,global,secondary,2,105.06999969482422,USD_per_barrel,USD,341994.0,log_return,yahoo,CL=F,yfinance/yahoo-chart,raw/yahoo_OIL_WTI.csv,market-extract-4.2,2026-08-11T11:03:48+00:00,200,Adj Close|Close|High|Low|Open|Volume,,W09
2026-05-01,2026-05-01T18:30:00+00:00,True,14:30,America/New_York,OIL_WTI,WTI crude oil (front-month futures),oil,futures,front_month_future,vendor_close,global,secondary,2,101.94000244140625,USD_per_barrel,USD,268707.0,log_return,yahoo,CL=F,yfinance/yahoo-chart,raw/yahoo_OIL_WTI.csv,market-extract-4.2,2026-08-11T11:03:48+00:00,200,Adj Close|Close|High|Low|Open|Volume,,W09
2026-05-04,2026-05-04T18:30:00+00:00,True,14:30,America/New_York,OIL_WTI,WTI crude oil (front-month futures),oil,futures,front_month_future,vendor_close,global,secondary,2,106.41999816894531,USD_per_barrel,USD,342843.0,log_return,yahoo,CL=F,yfinance/yahoo-chart,raw/yahoo_OIL_WTI.csv,market-extract-4.2,2026-08-11T11:03:48+00:00,200,Adj Close|Close|High|Low|Open|Volume,,W10
2026-05-05,2026-05-05T18:30:00+00:00,True,14:30,America/New_York,OIL_WTI,WTI crude oil (front-month futures),oil,futures,front_month_future,vendor_close,global,secondary,2,102.2699966430664,USD_per_barrel,USD,241150.0,log_return,yahoo,CL=F,yfinance/yahoo-chart,raw/yahoo_OIL_WTI.csv,market-extract-4.2,2026-08-11T11:03:48+00:00,200,Adj Close|Close|High|Low|Open|Volume,,W10
2026-05-06,2026-05-06T18:30:00+00:00,True,14:30,America/New_York,OIL_WTI,WTI crude oil (front-month futures),oil,futures,front_month_future,vendor_close,global,secondary,2,95.08000183105469,USD_per_barrel,USD,423491.0,log_return,yahoo,CL=F,yfinance/yahoo-chart,raw/yahoo_OIL_WTI.csv,market-extract-4.2,2026-08-11T11:03:48+00:00,200,Adj Close|Close|High|Low|Open|Volume,,W10
2026-05-07,2026-05-07T18:30:00+00:00,True,14:30,America/New_York,OIL_WTI,WTI crude oil (front-month futures),oil,futures,front_month_future,vendor_close,global,secondary,2,94.80999755859375,USD_per_barrel,USD,392091.0,log_return,yahoo,CL=F,yfinance/yahoo-chart,raw/yahoo_OIL_WTI.csv,market-extract-4.2,2026-08-11T11:03:48+00:00,200,Adj Close|Close|High|Low|Open|Volume,,W10
2026-05-08,2026-05-08T18:30:00+00:00,True,14:30,America/New_York,OIL_WTI,WTI crude oil (front-month futures),oil,futures,front_month_future,vendor_close,global,secondary,2,95.41999816894531,USD_per_barrel,USD,243423.0,log_return,yahoo,CL=F,yfinance/yahoo-chart,raw/yahoo_OIL_WTI.csv,market-extract-4.2,2026-08-11T11:03:48+00:00,200,Adj Close|Close|High|Low|Open|Volume,,W10
2026-05-11,2026-05-11T18:30:00+00:00,True,14:30,America/New_York,OIL_WTI,WTI crude oil (front-month futures),oil,futures,front_month_future,vendor_close,global,secondary,2,98.06999969482422,USD_per_barrel,USD,256251.0,log_return,yahoo,CL=F,yfinance/yahoo-chart,raw/yahoo_OIL_WTI.csv,market-extract-4.2,2026-08-11T11:03:48+00:00,200,Adj Close|Close|High|Low|Open|Volume,,W11
2026-05-12,2026-05-12T18:30:00+00:00,True,14:30,America/New_York,OIL_WTI,WTI crude oil (front-month futures),oil,futures,front_month_future,vendor_close,global,secondary,2,102.18000030517578,USD_per_barrel,USD,231747.0,log_return,yahoo,CL=F,yfinance/yahoo-chart,raw/yahoo_OIL_WTI.csv,market-extract-4.2,2026-08-11T11:03:48+00:00,200,Adj Close|Close|High|Low|Open|Volume,,W11
2026-05-13,2026-05-13T18:30:00+00:00,True,14:30,America/New_York,OIL_WTI,WTI crude oil (front-month futures),oil,futures,front_month_future,vendor_close,global,secondary,2,101.0199966430664,USD_per_barrel,USD,212582.0,log_return,yahoo,CL=F,yfinance/yahoo-chart,raw/yahoo_OIL_WTI.csv,market-extract-4.2,2026-08-11T11:03:48+00:00,200,Adj Close|Close|High|Low|Open|Volume,,W11
2026-05-14,2026-05-14T18:30:00+00:00,True,14:30,America/New_York,OIL_WTI,WTI crude oil (front-month futures),oil,futures,front_month_future,vendor_close,global,secondary,2,101.16999816894531,USD_per_barrel,USD,173862.0,log_return,yahoo,CL=F,yfinance/yahoo-chart,raw/yahoo_OIL_WTI.csv,market-extract-4.2,2026-08-11T11:03:48+00:00,200,Adj Close|Close|High|Low|Open|Volume,,W11
2026-05-15,2026-05-15T18:30:00+00:00,True,14:30,America/New_York,OIL_WTI,WTI crude oil (front-month futures),oil,futures,front_month_future,vendor_close,global,secondary,2,105.41999816894531,USD_per_barrel,USD,96552.0,log_return,yahoo,CL=F,yfinance/yahoo-chart,raw/yahoo_OIL_WTI.csv,market-extract-4.2,2026-08-11T11:03:48+00:00,200,Adj Close|Close|High|Low|Open|Volume,,W11
2026-05-18,2026-05-18T18:30:00+00:00,True,14:30,America/New_York,OIL_WTI,WTI crude oil (front-month futures),oil,futures,front_month_future,vendor_close,global,secondary,2,108.66000366210938,USD_per_barrel,USD,117910.0,log_return,yahoo,CL=F,yfinance/yahoo-chart,raw/yahoo_OIL_WTI.csv,market-extract-4.2,2026-08-11T11:03:48+00:00,200,Adj Close|Close|High|Low|Open|Volume,,W12
2026-05-19,2026-05-19T18:30:00+00:00,True,14:30,America/New_York,OIL_WTI,WTI crude oil (front-month futures),oil,futures,front_month_future,vendor_close,global,secondary,2,107.7699966430664,USD_per_barrel,USD,206472.0,log_return,yahoo,CL=F,yfinance/yahoo-chart,raw/yahoo_OIL_WTI.csv,market-extract-4.2,2026-08-11T11:03:48+00:00,200,Adj Close|Close|High|Low|Open|Volume,,W12
2026-05-20,2026-05-20T18:30:00+00:00,True,14:30,America/New_York,OIL_WTI,WTI crude oil (front-month futures),oil,futures,front_month_future,vendor_close,global,secondary,2,98.26000213623047,USD_per_barrel,USD,320034.0,log_return,yahoo,CL=F,yfinance/yahoo-chart,raw/yahoo_OIL_WTI.csv,market-extract-4.2,2026-08-11T11:03:48+00:00,200,Adj Close|Close|High|Low|Open|Volume,,W12
2026-05-21,2026-05-21T18:30:00+00:00,True,14:30,America/New_York,OIL_WTI,WTI crude oil (front-month futures),oil,futures,front_month_future,vendor_close,global,secondary,2,96.3499984741211,USD_per_barrel,USD,345482.0,log_return,yahoo,CL=F,yfinance/yahoo-chart,raw/yahoo_OIL_WTI.csv,market-extract-4.2,2026-08-11T11:03:48+00:00,200,Adj Close|Close|High|Low|Open|Volume,,W12
2026-05-22,2026-05-22T18:30:00+00:00,True,14:30,America/New_York,OIL_WTI,WTI crude oil (front-month futures),oil,futures,front_month_future,vendor_close,global,secondary,2,96.5999984741211,USD_per_barrel,USD,261142.0,log_return,yahoo,CL=F,yfinance/yahoo-chart,raw/yahoo_OIL_WTI.csv,market-extract-4.2,2026-08-11T11:03:48+00:00,200,Adj Close|Close|High|Low|Open|Volume,,W12
2026-05-26,2026-05-26T18:30:00+00:00,True,14:30,America/New_York,OIL_WTI,WTI crude oil (front-month futures),oil,futures,front_month_future,vendor_close,global,secondary,2,93.88999938964844,USD_per_barrel,USD,358867.0,log_return,yahoo,CL=F,yfinance/yahoo-chart,raw/yahoo_OIL_WTI.csv,market-extract-4.2,2026-08-11T11:03:48+00:00,200,Adj Close|Close|High|Low|Open|Volume,,W13
2026-05-27,2026-05-27T18:30:00+00:00,True,14:30,America/New_York,OIL_WTI,WTI crude oil (front-month futures),oil,futures,front_month_future,vendor_close,global,secondary,2,88.68000030517578,USD_per_barrel,USD,290948.0,log_return,yahoo,CL=F,yfinance/yahoo-chart,raw/yahoo_OIL_WTI.csv,market-extract-4.2,2026-08-11T11:03:48+00:00,200,Adj Close|Close|High|Low|Open|Volume,,W13
2026-05-28,2026-05-28T18:30:00+00:00,True,14:30,America/New_York,OIL_WTI,WTI crude oil (front-month futures),oil,futures,front_month_future,vendor_close,global,secondary,2,88.9000015258789,USD_per_barrel,USD,235145.0,log_return,yahoo,CL=F,yfinance/yahoo-chart,raw/yahoo_OIL_WTI.csv,market-extract-4.2,2026-08-11T11:03:48+00:00,200,Adj Close|Close|High|Low|Open|Volume,,W13
2026-05-29,2026-05-29T18:30:00+00:00,True,14:30,America/New_York,OIL_WTI,WTI crude oil (front-month futures),oil,futures,front_month_future,vendor_close,global,secondary,2,87.36000061035156,USD_per_barrel,USD,267803.0,log_return,yahoo,CL=F,yfinance/yahoo-chart,raw/yahoo_OIL_WTI.csv,market-extract-4.2,2026-08-11T11:03:48+00:00,200,Adj Close|Close|High|Low|Open|Volume,,W13
2026-06-01,2026-06-01T18:30:00+00:00,True,14:30,America/New_York,OIL_WTI,WTI crude oil (front-month futures),oil,futures,front_month_future,vendor_close,global,secondary,2,92.16000366210938,USD_per_barrel,USD,322039.0,log_return,yahoo,CL=F,yfinance/yahoo-chart,raw/yahoo_OIL_WTI.csv,market-extract-4.2,2026-08-11T11:03:48+00:00,200,Adj Close|Close|High|Low|Open|Volume,,W14
2026-06-02,2026-06-02T18:30:00+00:00,True,14:30,America/New_York,OIL_WTI,WTI crude oil (front-month futures),oil,futures,front_month_future,vendor_close,global,secondary,2,93.76000213623047,USD_per_barrel,USD,238146.0,log_return,yahoo,CL=F,yfinance/yahoo-chart,raw/yahoo_OIL_WTI.csv,market-extract-4.2,2026-08-11T11:03:48+00:00,200,Adj Close|Close|High|Low|Open|Volume,,W14
2026-06-03,2026-06-03T18:30:00+00:00,True,14:30,America/New_York,OIL_WTI,WTI crude oil (front-month futures),oil,futures,front_month_future,vendor_close,global,secondary,2,96.0199966430664,USD_per_barrel,USD,260613.0,log_return,yahoo,CL=F,yfinance/yahoo-chart,raw/yahoo_OIL_WTI.csv,market-extract-4.2,2026-08-11T11:03:48+00:00,200,Adj Close|Close|High|Low|Open|Volume,,W14
2026-06-04,2026-06-04T18:30:00+00:00,True,14:30,America/New_York,OIL_WTI,WTI crude oil (front-month futures),oil,futures,front_month_future,vendor_close,global,secondary,2,93.04000091552734,USD_per_barrel,USD,219500.0,log_return,yahoo,CL=F,yfinance/yahoo-chart,raw/yahoo_OIL_WTI.csv,market-extract-4.2,2026-08-11T11:03:48+00:00,200,Adj Close|Close|High|Low|Open|Volume,,W14
2026-06-05,2026-06-05T18:30:00+00:00,True,14:30,America/New_York,OIL_WTI,WTI crude oil (front-month futures),oil,futures,front_month_future,vendor_close,global,secondary,2,90.54000091552734,USD_per_barrel,USD,252903.0,log_return,yahoo,CL=F,yfinance/yahoo-chart,raw/yahoo_OIL_WTI.csv,market-extract-4.2,2026-08-11T11:03:48+00:00,200,Adj Close|Close|High|Low|Open|Volume,,W14
2026-06-08,2026-06-08T18:30:00+00:00,True,14:30,America/New_York,OIL_WTI,WTI crude oil (front-month futures),oil,futures,front_month_future,vendor_close,global,secondary,2,91.30000305175781,USD_per_barrel,USD,278650.0,log_return,yahoo,CL=F,yfinance/yahoo-chart,raw/yahoo_OIL_WTI.csv,market-extract-4.2,2026-08-11T11:03:48+00:00,200,Adj Close|Close|High|Low|Open|Volume,,W15
2026-06-09,2026-06-09T18:30:00+00:00,True,14:30,America/New_York,OIL_WTI,WTI crude oil (front-month futures),oil,futures,front_month_future,vendor_close,global,secondary,2,88.19999694824219,USD_per_barrel,USD,306101.0,log_return,yahoo,CL=F,yfinance/yahoo-chart,raw/yahoo_OIL_WTI.csv,market-extract-4.2,2026-08-11T11:03:48+00:00,200,Adj Close|Close|High|Low|Open|Volume,,W15
2026-06-10,2026-06-10T18:30:00+00:00,True,14:30,America/New_York,OIL_WTI,WTI crude oil (front-month futures),oil,futures,front_month_future,vendor_close,global,secondary,2,90.02999877929688,USD_per_barrel,USD,291935.0,log_return,yahoo,CL=F,yfinance/yahoo-chart,raw/yahoo_OIL_WTI.csv,market-extract-4.2,2026-08-11T11:03:48+00:00,200,Adj Close|Close|High|Low|Open|Volume,,W15
2026-06-11,2026-06-11T18:30:00+00:00,True,14:30,America/New_York,OIL_WTI,WTI crude oil (front-month futures),oil,futures,front_month_future,vendor_close,global,secondary,2,87.70999908447266,USD_per_barrel,USD,317151.0,log_return,yahoo,CL=F,yfinance/yahoo-chart,raw/yahoo_OIL_WTI.csv,market-extract-4.2,2026-08-11T11:03:48+00:00,200,Adj Close|Close|High|Low|Open|Volume,,W15
2026-06-12,2026-06-12T18:30:00+00:00,True,14:30,America/New_York,OIL_WTI,WTI crude oil (front-month futures),oil,futures,front_month_future,vendor_close,global,secondary,2,84.87999725341797,USD_per_barrel,USD,233924.0,log_return,yahoo,CL=F,yfinance/yahoo-chart,raw/yahoo_OIL_WTI.csv,market-extract-4.2,2026-08-11T11:03:48+00:00,200,Adj Close|Close|High|Low|Open|Volume,,W15
2026-06-15,2026-06-15T18:30:00+00:00,True,14:30,America/New_York,OIL_WTI,WTI crude oil (front-month futures),oil,futures,front_month_future,vendor_close,global,secondary,2,80.75,USD_per_barrel,USD,208395.0,log_return,yahoo,CL=F,yfinance/yahoo-chart,raw/yahoo_OIL_WTI.csv,market-extract-4.2,2026-08-11T11:03:48+00:00,200,Adj Close|Close|High|Low|Open|Volume,,W16
2026-06-16,2026-06-16T18:30:00+00:00,True,14:30,America/New_York,OIL_WTI,WTI crude oil (front-month futures),oil,futures,front_month_future,vendor_close,global,secondary,2,76.05000305175781,USD_per_barrel,USD,205050.0,log_return,yahoo,CL=F,yfinance/yahoo-chart,raw/yahoo_OIL_WTI.csv,market-extract-4.2,2026-08-11T11:03:48+00:00,200,Adj Close|Close|High|Low|Open|Volume,,W16
2026-06-17,2026-06-17T18:30:00+00:00,True,14:30,America/New_York,OIL_WTI,WTI crude oil (front-month futures),oil,futures,front_month_future,vendor_close,global,secondary,2,76.79000091552734,USD_per_barrel,USD,100474.0,log_return,yahoo,CL=F,yfinance/yahoo-chart,raw/yahoo_OIL_WTI.csv,market-extract-4.2,2026-08-11T11:03:48+00:00,200,Adj Close|Close|High|Low|Open|Volume,,W16
2026-06-18,2026-06-18T18:30:00+00:00,True,14:30,America/New_York,OIL_WTI,WTI crude oil (front-month futures),oil,futures,front_month_future,vendor_close,global,secondary,2,76.5999984741211,USD_per_barrel,USD,97813.0,log_return,yahoo,CL=F,yfinance/yahoo-chart,raw/yahoo_OIL_WTI.csv,market-extract-4.2,2026-08-11T11:03:48+00:00,200,Adj Close|Close|High|Low|Open|Volume,,W16
2026-06-22,2026-06-22T18:30:00+00:00,True,14:30,America/New_York,OIL_WTI,WTI crude oil (front-month futures),oil,futures,front_month_future,vendor_close,global,secondary,2,74.81999969482422,USD_per_barrel,USD,315903.0,log_return,yahoo,CL=F,yfinance/yahoo-chart,raw/yahoo_OIL_WTI.csv,market-extract-4.2,2026-08-11T11:03:48+00:00,200,Adj Close|Close|High|Low|Open|Volume,,W17
2026-06-23,2026-06-23T18:30:00+00:00,True,14:30,America/New_York,OIL_WTI,WTI crude oil (front-month futures),oil,futures,front_month_future,vendor_close,global,secondary,2,73.20999908447266,USD_per_barrel,USD,203509.0,log_return,yahoo,CL=F,yfinance/yahoo-chart,raw/yahoo_OIL_WTI.csv,market-extract-4.2,2026-08-11T11:03:48+00:00,200,Adj Close|Close|High|Low|Open|Volume,,W17
2026-06-24,2026-06-24T18:30:00+00:00,True,14:30,America/New_York,OIL_WTI,WTI crude oil (front-month futures),oil,futures,front_month_future,vendor_close,global,secondary,2,70.33999633789062,USD_per_barrel,USD,251403.0,log_return,yahoo,CL=F,yfinance/yahoo-chart,raw/yahoo_OIL_WTI.csv,market-extract-4.2,2026-08-11T11:03:48+00:00,200,Adj Close|Close|High|Low|Open|Volume,,W17
2026-06-25,2026-06-25T18:30:00+00:00,True,14:30,America/New_York,OIL_WTI,WTI crude oil (front-month futures),oil,futures,front_month_future,vendor_close,global,secondary,2,71.91999816894531,USD_per_barrel,USD,228065.0,log_return,yahoo,CL=F,yfinance/yahoo-chart,raw/yahoo_OIL_WTI.csv,market-extract-4.2,2026-08-11T11:03:48+00:00,200,Adj Close|Close|High|Low|Open|Volume,,W17
2026-06-26,2026-06-26T18:30:00+00:00,True,14:30,America/New_York,OIL_WTI,WTI crude oil (front-month futures),oil,futures,front_month_future,vendor_close,global,secondary,2,69.2300033569336,USD_per_barrel,USD,249316.0,log_return,yahoo,CL=F,yfinance/yahoo-chart,raw/yahoo_OIL_WTI.csv,market-extract-4.2,2026-08-11T11:03:48+00:00,200,Adj Close|Close|High|Low|Open|Volume,,W17
2026-06-29,2026-06-29T18:30:00+00:00,True,14:30,America/New_York,OIL_WTI,WTI crude oil (front-month futures),oil,futures,front_month_future,vendor_close,global,secondary,2,70.75,USD_per_barrel,USD,170488.0,log_return,yahoo,CL=F,yfinance/yahoo-chart,raw/yahoo_OIL_WTI.csv,market-extract-4.2,2026-08-11T11:03:48+00:00,200,Adj Close|Close|High|Low|Open|Volume,,W18
2026-06-30,2026-06-30T18:30:00+00:00,True,14:30,America/New_York,OIL_WTI,WTI crude oil (front-month futures),oil,futures,front_month_future,vendor_close,global,secondary,2,69.5,USD_per_barrel,USD,194279.0,log_return,yahoo,CL=F,yfinance/yahoo-chart,raw/yahoo_OIL_WTI.csv,market-extract-4.2,2026-08-11T11:03:48+00:00,200,Adj Close|Close|High|Low|Open|Volume,,W18
2026-07-01,2026-07-01T18:30:00+00:00,True,14:30,America/New_York,OIL_WTI,WTI crude oil (front-month futures),oil,futures,front_month_future,vendor_close,global,secondary,2,68.58000183105469,USD_per_barrel,USD,200004.0,log_return,yahoo,CL=F,yfinance/yahoo-chart,raw/yahoo_OIL_WTI.csv,market-extract-4.2,2026-08-11T11:03:48+00:00,200,Adj Close|Close|High|Low|Open|Volume,,W18
2026-07-02,2026-07-02T18:30:00+00:00,True,14:30,America/New_York,OIL_WTI,WTI crude oil (front-month futures),oil,futures,front_month_future,vendor_close,global,secondary,2,68.69000244140625,USD_per_barrel,USD,183635.0,log_return,yahoo,CL=F,yfinance/yahoo-chart,raw/yahoo_OIL_WTI.csv,market-extract-4.2,2026-08-11T11:03:48+00:00,200,Adj Close|Close|High|Low|Open|Volume,,W18
2026-07-06,2026-07-06T18:30:00+00:00,True,14:30,America/New_York,OIL_WTI,WTI crude oil (front-month futures),oil,futures,front_month_future,vendor_close,global,secondary,2,68.55000305175781,USD_per_barrel,USD,229909.0,log_return,yahoo,CL=F,yfinance/yahoo-chart,raw/yahoo_OIL_WTI.csv,market-extract-4.2,2026-08-11T11:03:48+00:00,200,Adj Close|Close|High|Low|Open|Volume,,W19
2026-07-07,2026-07-07T18:30:00+00:00,True,14:30,America/New_York,OIL_WTI,WTI crude oil (front-month futures),oil,futures,front_month_future,vendor_close,global,secondary,2,70.44000244140625,USD_per_barrel,USD,264072.0,log_return,yahoo,CL=F,yfinance/yahoo-chart,raw/yahoo_OIL_WTI.csv,market-extract-4.2,2026-08-11T11:03:48+00:00,200,Adj Close|Close|High|Low|Open|Volume,,W19
2026-07-08,2026-07-08T18:30:00+00:00,True,14:30,America/New_York,OIL_WTI,WTI crude oil (front-month futures),oil,futures,front_month_future,vendor_close,global,secondary,2,73.5199966430664,USD_per_barrel,USD,445251.0,log_return,yahoo,CL=F,yfinance/yahoo-chart,raw/yahoo_OIL_WTI.csv,market-extract-4.2,2026-08-11T11:03:48+00:00,200,Adj Close|Close|High|Low|Open|Volume,,W19
2026-07-09,2026-07-09T18:30:00+00:00,True,14:30,America/New_York,OIL_WTI,WTI crude oil (front-month futures),oil,futures,front_month_future,vendor_close,global,secondary,2,72.08000183105469,USD_per_barrel,USD,264009.0,log_return,yahoo,CL=F,yfinance/yahoo-chart,raw/yahoo_OIL_WTI.csv,market-extract-4.2,2026-08-11T11:03:48+00:00,200,Adj Close|Close|High|Low|Open|Volume,,W19
2026-07-10,2026-07-10T18:30:00+00:00,True,14:30,America/New_York,OIL_WTI,WTI crude oil (front-month futures),oil,futures,front_month_future,vendor_close,global,secondary,2,71.41000366210938,USD_per_barrel,USD,219817.0,log_return,yahoo,CL=F,yfinance/yahoo-chart,raw/yahoo_OIL_WTI.csv,market-extract-4.2,2026-08-11T11:03:48+00:00,200,Adj Close|Close|High|Low|Open|Volume,,W19
2026-07-13,2026-07-13T18:30:00+00:00,True,14:30,America/New_York,OIL_WTI,WTI crude oil (front-month futures),oil,futures,front_month_future,vendor_close,global,secondary,2,78.13999938964844,USD_per_barrel,USD,327411.0,log_return,yahoo,CL=F,yfinance/yahoo-chart,raw/yahoo_OIL_WTI.csv,market-extract-4.2,2026-08-11T11:03:48+00:00,200,Adj Close|Close|High|Low|Open|Volume,,W20
2026-07-14,2026-07-14T18:30:00+00:00,True,14:30,America/New_York,OIL_WTI,WTI crude oil (front-month futures),oil,futures,front_month_future,vendor_close,global,secondary,2,79.33999633789062,USD_per_barrel,USD,409973.0,log_return,yahoo,CL=F,yfinance/yahoo-chart,raw/yahoo_OIL_WTI.csv,market-extract-4.2,2026-08-11T11:03:48+00:00,200,Adj Close|Close|High|Low|Open|Volume,,W20
2026-07-15,2026-07-15T18:30:00+00:00,True,14:30,America/New_York,OIL_WTI,WTI crude oil (front-month futures),oil,futures,front_month_future,vendor_close,global,secondary,2,79.5999984741211,USD_per_barrel,USD,239855.0,log_return,yahoo,CL=F,yfinance/yahoo-chart,raw/yahoo_OIL_WTI.csv,market-extract-4.2,2026-08-11T11:03:48+00:00,200,Adj Close|Close|High|Low|Open|Volume,,W20
2026-07-16,2026-07-16T18:30:00+00:00,True,14:30,America/New_York,OIL_WTI,WTI crude oil (front-month futures),oil,futures,front_month_future,vendor_close,global,secondary,2,78.94999694824219,USD_per_barrel,USD,188731.0,log_return,yahoo,CL=F,yfinance/yahoo-chart,raw/yahoo_OIL_WTI.csv,market-extract-4.2,2026-08-11T11:03:48+00:00,200,Adj Close|Close|High|Low|Open|Volume,,W20
2026-07-17,2026-07-17T18:30:00+00:00,True,14:30,America/New_York,OIL_WTI,WTI crude oil (front-month futures),oil,futures,front_month_future,vendor_close,global,secondary,2,82.48999786376953,USD_per_barrel,USD,96003.0,log_return,yahoo,CL=F,yfinance/yahoo-chart,raw/yahoo_OIL_WTI.csv,market-extract-4.2,2026-08-11T11:03:48+00:00,200,Adj Close|Close|High|Low|Open|Volume,,W20
2026-07-20,2026-07-20T18:30:00+00:00,True,14:30,America/New_York,OIL_WTI,WTI crude oil (front-month futures),oil,futures,front_month_future,vendor_close,global,secondary,2,83.2300033569336,USD_per_barrel,USD,99783.0,log_return,yahoo,CL=F,yfinance/yahoo-chart,raw/yahoo_OIL_WTI.csv,market-extract-4.2,2026-08-11T11:03:48+00:00,200,Adj Close|Close|High|Low|Open|Volume,,W21
2026-07-21,2026-07-21T18:30:00+00:00,True,14:30,America/New_York,OIL_WTI,WTI crude oil (front-month futures),oil,futures,front_month_future,vendor_close,global,secondary,2,84.91000366210938,USD_per_barrel,USD,298109.0,log_return,yahoo,CL=F,yfinance/yahoo-chart,raw/yahoo_OIL_WTI.csv,market-extract-4.2,2026-08-11T11:03:48+00:00,200,Adj Close|Close|High|Low|Open|Volume,,W21
2026-07-22,2026-07-22T18:30:00+00:00,True,14:30,America/New_York,OIL_WTI,WTI crude oil (front-month futures),oil,futures,front_month_future,vendor_close,global,secondary,2,86.83000183105469,USD_per_barrel,USD,358021.0,log_return,yahoo,CL=F,yfinance/yahoo-chart,raw/yahoo_OIL_WTI.csv,market-extract-4.2,2026-08-11T11:03:48+00:00,200,Adj Close|Close|High|Low|Open|Volume,,W21
2026-03-02,2026-03-02T18:30:00+00:00,True,13:30,America/New_York,GOLD_USD,Gold futures,gold,futures,front_month_future,vendor_close,global,core,1,5294.39990234375,USD_per_troy_oz,USD,72.0,log_return,yahoo,GC=F,yfinance/yahoo-chart,raw/yahoo_GOLD_USD.csv,market-extract-4.2,2026-08-11T11:03:48+00:00,200,Adj Close|Close|High|Low|Open|Volume,,W01
2026-03-03,2026-03-03T18:30:00+00:00,True,13:30,America/New_York,GOLD_USD,Gold futures,gold,futures,front_month_future,vendor_close,global,core,1,5107.39990234375,USD_per_troy_oz,USD,1776.0,log_return,yahoo,GC=F,yfinance/yahoo-chart,raw/yahoo_GOLD_USD.csv,market-extract-4.2,2026-08-11T11:03:48+00:00,200,Adj Close|Close|High|Low|Open|Volume,,W01
2026-03-04,2026-03-04T18:30:00+00:00,True,13:30,America/New_York,GOLD_USD,Gold futures,gold,futures,front_month_future,vendor_close,global,core,1,5120.2001953125,USD_per_troy_oz,USD,679.0,log_return,yahoo,GC=F,yfinance/yahoo-chart,raw/yahoo_GOLD_USD.csv,market-extract-4.2,2026-08-11T11:03:48+00:00,200,Adj Close|Close|High|Low|Open|Volume,,W01
2026-03-05,2026-03-05T18:30:00+00:00,True,13:30,America/New_York,GOLD_USD,Gold futures,gold,futures,front_month_future,vendor_close,global,core,1,5065.2998046875,USD_per_troy_oz,USD,1701.0,log_return,yahoo,GC=F,yfinance/yahoo-chart,raw/yahoo_GOLD_USD.csv,market-extract-4.2,2026-08-11T11:03:48+00:00,200,Adj Close|Close|High|Low|Open|Volume,,W01
2026-03-06,2026-03-06T18:30:00+00:00,True,13:30,America/New_York,GOLD_USD,Gold futures,gold,futures,front_month_future,vendor_close,global,core,1,5146.10009765625,USD_per_troy_oz,USD,148.0,log_return,yahoo,GC=F,yfinance/yahoo-chart,raw/yahoo_GOLD_USD.csv,market-extract-4.2,2026-08-11T11:03:48+00:00,200,Adj Close|Close|High|Low|Open|Volume,,W01
2026-03-09,2026-03-09T17:30:00+00:00,True,13:30,America/New_York,GOLD_USD,Gold futures,gold,futures,front_month_future,vendor_close,global,core,1,5091.5,USD_per_troy_oz,USD,639.0,log_return,yahoo,GC=F,yfinance/yahoo-chart,raw/yahoo_GOLD_USD.csv,market-extract-4.2,2026-08-11T11:03:48+00:00,200,Adj Close|Close|High|Low|Open|Volume,,W02
2026-03-10,2026-03-10T17:30:00+00:00,True,13:30,America/New_York,GOLD_USD,Gold futures,gold,futures,front_month_future,vendor_close,global,core,1,5229.7001953125,USD_per_troy_oz,USD,4300.0,log_return,yahoo,GC=F,yfinance/yahoo-chart,raw/yahoo_GOLD_USD.csv,market-extract-4.2,2026-08-11T11:03:48+00:00,200,Adj Close|Close|High|Low|Open|Volume,,W02
2026-03-11,2026-03-11T17:30:00+00:00,True,13:30,America/New_York,GOLD_USD,Gold futures,gold,futures,front_month_future,vendor_close,global,core,1,5167.39990234375,USD_per_troy_oz,USD,633.0,log_return,yahoo,GC=F,yfinance/yahoo-chart,raw/yahoo_GOLD_USD.csv,market-extract-4.2,2026-08-11T11:03:48+00:00,200,Adj Close|Close|High|Low|Open|Volume,,W02
2026-03-12,2026-03-12T17:30:00+00:00,True,13:30,America/New_York,GOLD_USD,Gold futures,gold,futures,front_month_future,vendor_close,global,core,1,5115.7998046875,USD_per_troy_oz,USD,410.0,log_return,yahoo,GC=F,yfinance/yahoo-chart,raw/yahoo_GOLD_USD.csv,market-extract-4.2,2026-08-11T11:03:48+00:00,200,Adj Close|Close|High|Low|Open|Volume,,W02
2026-03-13,2026-03-13T17:30:00+00:00,True,13:30,America/New_York,GOLD_USD,Gold futures,gold,futures,front_month_future,vendor_close,global,core,1,5052.5,USD_per_troy_oz,USD,479.0,log_return,yahoo,GC=F,yfinance/yahoo-chart,raw/yahoo_GOLD_USD.csv,market-extract-4.2,2026-08-11T11:03:48+00:00,200,Adj Close|Close|High|Low|Open|Volume,,W02
2026-03-16,2026-03-16T17:30:00+00:00,True,13:30,America/New_York,GOLD_USD,Gold futures,gold,futures,front_month_future,vendor_close,global,core,1,4994.0,USD_per_troy_oz,USD,130.0,log_return,yahoo,GC=F,yfinance/yahoo-chart,raw/yahoo_GOLD_USD.csv,market-extract-4.2,2026-08-11T11:03:48+00:00,200,Adj Close|Close|High|Low|Open|Volume,,W03
2026-03-17,2026-03-17T17:30:00+00:00,True,13:30,America/New_York,GOLD_USD,Gold futures,gold,futures,front_month_future,vendor_close,global,core,1,5001.0,USD_per_troy_oz,USD,239.0,log_return,yahoo,GC=F,yfinance/yahoo-chart,raw/yahoo_GOLD_USD.csv,market-extract-4.2,2026-08-11T11:03:48+00:00,200,Adj Close|Close|High|Low|Open|Volume,,W03
2026-03-18,2026-03-18T17:30:00+00:00,True,13:30,America/New_York,GOLD_USD,Gold futures,gold,futures,front_month_future,vendor_close,global,core,1,4889.89990234375,USD_per_troy_oz,USD,1461.0,log_return,yahoo,GC=F,yfinance/yahoo-chart,raw/yahoo_GOLD_USD.csv,market-extract-4.2,2026-08-11T11:03:48+00:00,200,Adj Close|Close|High|Low|Open|Volume,,W03
2026-03-19,2026-03-19T17:30:00+00:00,True,13:30,America/New_York,GOLD_USD,Gold futures,gold,futures,front_month_future,vendor_close,global,core,1,4600.7001953125,USD_per_troy_oz,USD,627.0,log_return,yahoo,GC=F,yfinance/yahoo-chart,raw/yahoo_GOLD_USD.csv,market-extract-4.2,2026-08-11T11:03:48+00:00,200,Adj Close|Close|High|Low|Open|Volume,,W03
2026-03-20,2026-03-20T17:30:00+00:00,True,13:30,America/New_York,GOLD_USD,Gold futures,gold,futures,front_month_future,vendor_close,global,core,1,4570.39990234375,USD_per_troy_oz,USD,235.0,log_return,yahoo,GC=F,yfinance/yahoo-chart,raw/yahoo_GOLD_USD.csv,market-extract-4.2,2026-08-11T11:03:48+00:00,200,Adj Close|Close|High|Low|Open|Volume,,W03
2026-03-23,2026-03-23T17:30:00+00:00,True,13:30,America/New_York,GOLD_USD,Gold futures,gold,futures,front_month_future,vendor_close,global,core,1,4404.10009765625,USD_per_troy_oz,USD,544.0,log_return,yahoo,GC=F,yfinance/yahoo-chart,raw/yahoo_GOLD_USD.csv,market-extract-4.2,2026-08-11T11:03:48+00:00,200,Adj Close|Close|High|Low|Open|Volume,,W04
2026-03-24,2026-03-24T17:30:00+00:00,True,13:30,America/New_York,GOLD_USD,Gold futures,gold,futures,front_month_future,vendor_close,global,core,1,4399.2998046875,USD_per_troy_oz,USD,378.0,log_return,yahoo,GC=F,yfinance/yahoo-chart,raw/yahoo_GOLD_USD.csv,market-extract-4.2,2026-08-11T11:03:48+00:00,200,Adj Close|Close|High|Low|Open|Volume,,W04
2026-03-25,2026-03-25T17:30:00+00:00,True,13:30,America/New_York,GOLD_USD,Gold futures,gold,futures,front_month_future,vendor_close,global,core,1,4549.7998046875,USD_per_troy_oz,USD,388.0,log_return,yahoo,GC=F,yfinance/yahoo-chart,raw/yahoo_GOLD_USD.csv,market-extract-4.2,2026-08-11T11:03:48+00:00,200,Adj Close|Close|High|Low|Open|Volume,,W04
2026-03-26,2026-03-26T17:30:00+00:00,True,13:30,America/New_York,GOLD_USD,Gold futures,gold,futures,front_month_future,vendor_close,global,core,1,4375.5,USD_per_troy_oz,USD,1070.0,log_return,yahoo,GC=F,yfinance/yahoo-chart,raw/yahoo_GOLD_USD.csv,market-extract-4.2,2026-08-11T11:03:48+00:00,200,Adj Close|Close|High|Low|Open|Volume,,W04
2026-03-27,2026-03-27T17:30:00+00:00,True,13:30,America/New_York,GOLD_USD,Gold futures,gold,futures,front_month_future,vendor_close,global,core,1,4492.0,USD_per_troy_oz,USD,74348.0,log_return,yahoo,GC=F,yfinance/yahoo-chart,raw/yahoo_GOLD_USD.csv,market-extract-4.2,2026-08-11T11:03:48+00:00,200,Adj Close|Close|High|Low|Open|Volume,,W04
2026-03-30,2026-03-30T17:30:00+00:00,True,13:30,America/New_York,GOLD_USD,Gold futures,gold,futures,front_month_future,vendor_close,global,core,1,4526.0,USD_per_troy_oz,USD,10816.0,log_return,yahoo,GC=F,yfinance/yahoo-chart,raw/yahoo_GOLD_USD.csv,market-extract-4.2,2026-08-11T11:03:48+00:00,200,Adj Close|Close|High|Low|Open|Volume,,W05
2026-03-31,2026-03-31T17:30:00+00:00,True,13:30,America/New_York,GOLD_USD,Gold futures,gold,futures,front_month_future,vendor_close,global,core,1,4647.60009765625,USD_per_troy_oz,USD,4264.0,log_return,yahoo,GC=F,yfinance/yahoo-chart,raw/yahoo_GOLD_USD.csv,market-extract-4.2,2026-08-11T11:03:48+00:00,200,Adj Close|Close|High|Low|Open|Volume,,W05
2026-04-01,2026-04-01T17:30:00+00:00,True,13:30,America/New_York,GOLD_USD,Gold futures,gold,futures,front_month_future,vendor_close,global,core,1,4783.2001953125,USD_per_troy_oz,USD,1637.0,log_return,yahoo,GC=F,yfinance/yahoo-chart,raw/yahoo_GOLD_USD.csv,market-extract-4.2,2026-08-11T11:03:48+00:00,200,Adj Close|Close|High|Low|Open|Volume,,W05
2026-04-02,2026-04-02T17:30:00+00:00,True,13:30,America/New_York,GOLD_USD,Gold futures,gold,futures,front_month_future,vendor_close,global,core,1,4651.5,USD_per_troy_oz,USD,,log_return,yahoo,GC=F,yfinance/yahoo-chart,raw/yahoo_GOLD_USD.csv,market-extract-4.2,2026-08-11T11:03:48+00:00,200,Adj Close|Close|High|Low|Open|Volume,,W05
2026-04-06,2026-04-06T17:30:00+00:00,True,13:30,America/New_York,GOLD_USD,Gold futures,gold,futures,front_month_future,vendor_close,global,core,1,4656.7998046875,USD_per_troy_oz,USD,148.0,log_return,yahoo,GC=F,yfinance/yahoo-chart,raw/yahoo_GOLD_USD.csv,market-extract-4.2,2026-08-11T11:03:48+00:00,200,Adj Close|Close|High|Low|Open|Volume,,W06
2026-04-07,2026-04-07T17:30:00+00:00,True,13:30,America/New_York,GOLD_USD,Gold futures,gold,futures,front_month_future,vendor_close,global,core,1,4657.10009765625,USD_per_troy_oz,USD,327.0,log_return,yahoo,GC=F,yfinance/yahoo-chart,raw/yahoo_GOLD_USD.csv,market-extract-4.2,2026-08-11T11:03:48+00:00,200,Adj Close|Close|High|Low|Open|Volume,,W06
2026-04-08,2026-04-08T17:30:00+00:00,True,13:30,America/New_York,GOLD_USD,Gold futures,gold,futures,front_month_future,vendor_close,global,core,1,4749.5,USD_per_troy_oz,USD,405.0,log_return,yahoo,GC=F,yfinance/yahoo-chart,raw/yahoo_GOLD_USD.csv,market-extract-4.2,2026-08-11T11:03:48+00:00,200,Adj Close|Close|High|Low|Open|Volume,,W06
2026-04-09,2026-04-09T17:30:00+00:00,True,13:30,America/New_York,GOLD_USD,Gold futures,gold,futures,front_month_future,vendor_close,global,core,1,4792.2001953125,USD_per_troy_oz,USD,1277.0,log_return,yahoo,GC=F,yfinance/yahoo-chart,raw/yahoo_GOLD_USD.csv,market-extract-4.2,2026-08-11T11:03:48+00:00,200,Adj Close|Close|High|Low|Open|Volume,,W06
2026-04-10,2026-04-10T17:30:00+00:00,True,13:30,America/New_York,GOLD_USD,Gold futures,gold,futures,front_month_future,vendor_close,global,core,1,4761.89990234375,USD_per_troy_oz,USD,812.0,log_return,yahoo,GC=F,yfinance/yahoo-chart,raw/yahoo_GOLD_USD.csv,market-extract-4.2,2026-08-11T11:03:48+00:00,200,Adj Close|Close|High|Low|Open|Volume,,W06
2026-04-13,2026-04-13T17:30:00+00:00,True,13:30,America/New_York,GOLD_USD,Gold futures,gold,futures,front_month_future,vendor_close,global,core,1,4742.39990234375,USD_per_troy_oz,USD,32.0,log_return,yahoo,GC=F,yfinance/yahoo-chart,raw/yahoo_GOLD_USD.csv,market-extract-4.2,2026-08-11T11:03:48+00:00,200,Adj Close|Close|High|Low|Open|Volume,,W07
2026-04-14,2026-04-14T17:30:00+00:00,True,13:30,America/New_York,GOLD_USD,Gold futures,gold,futures,front_month_future,vendor_close,global,core,1,4825.0,USD_per_troy_oz,USD,288.0,log_return,yahoo,GC=F,yfinance/yahoo-chart,raw/yahoo_GOLD_USD.csv,market-extract-4.2,2026-08-11T11:03:48+00:00,200,Adj Close|Close|High|Low|Open|Volume,,W07
2026-04-15,2026-04-15T17:30:00+00:00,True,13:30,America/New_York,GOLD_USD,Gold futures,gold,futures,front_month_future,vendor_close,global,core,1,4800.0,USD_per_troy_oz,USD,182.0,log_return,yahoo,GC=F,yfinance/yahoo-chart,raw/yahoo_GOLD_USD.csv,market-extract-4.2,2026-08-11T11:03:48+00:00,200,Adj Close|Close|High|Low|Open|Volume,,W07
2026-04-16,2026-04-16T17:30:00+00:00,True,13:30,America/New_York,GOLD_USD,Gold futures,gold,futures,front_month_future,vendor_close,global,core,1,4785.39990234375,USD_per_troy_oz,USD,805.0,log_return,yahoo,GC=F,yfinance/yahoo-chart,raw/yahoo_GOLD_USD.csv,market-extract-4.2,2026-08-11T11:03:48+00:00,200,Adj Close|Close|High|Low|Open|Volume,,W07
2026-04-17,2026-04-17T17:30:00+00:00,True,13:30,America/New_York,GOLD_USD,Gold futures,gold,futures,front_month_future,vendor_close,global,core,1,4857.60009765625,USD_per_troy_oz,USD,1902.0,log_return,yahoo,GC=F,yfinance/yahoo-chart,raw/yahoo_GOLD_USD.csv,market-extract-4.2,2026-08-11T11:03:48+00:00,200,Adj Close|Close|High|Low|Open|Volume,,W07
2026-04-20,2026-04-20T17:30:00+00:00,True,13:30,America/New_York,GOLD_USD,Gold futures,gold,futures,front_month_future,vendor_close,global,core,1,4806.60009765625,USD_per_troy_oz,USD,724.0,log_return,yahoo,GC=F,yfinance/yahoo-chart,raw/yahoo_GOLD_USD.csv,market-extract-4.2,2026-08-11T11:03:48+00:00,200,Adj Close|Close|High|Low|Open|Volume,,W08
2026-04-21,2026-04-21T17:30:00+00:00,True,13:30,America/New_York,GOLD_USD,Gold futures,gold,futures,front_month_future,vendor_close,global,core,1,4698.39990234375,USD_per_troy_oz,USD,1197.0,log_return,yahoo,GC=F,yfinance/yahoo-chart,raw/yahoo_GOLD_USD.csv,market-extract-4.2,2026-08-11T11:03:48+00:00,200,Adj Close|Close|High|Low|Open|Volume,,W08
2026-04-22,2026-04-22T17:30:00+00:00,True,13:30,America/New_York,GOLD_USD,Gold futures,gold,futures,front_month_future,vendor_close,global,core,1,4732.5,USD_per_troy_oz,USD,765.0,log_return,yahoo,GC=F,yfinance/yahoo-chart,raw/yahoo_GOLD_USD.csv,market-extract-4.2,2026-08-11T11:03:48+00:00,200,Adj Close|Close|High|Low|Open|Volume,,W08
2026-04-23,2026-04-23T17:30:00+00:00,True,13:30,America/New_York,GOLD_USD,Gold futures,gold,futures,front_month_future,vendor_close,global,core,1,4705.10009765625,USD_per_troy_oz,USD,292.0,log_return,yahoo,GC=F,yfinance/yahoo-chart,raw/yahoo_GOLD_USD.csv,market-extract-4.2,2026-08-11T11:03:48+00:00,200,Adj Close|Close|High|Low|Open|Volume,,W08
2026-04-24,2026-04-24T17:30:00+00:00,True,13:30,America/New_York,GOLD_USD,Gold futures,gold,futures,front_month_future,vendor_close,global,core,1,4722.2998046875,USD_per_troy_oz,USD,45.0,log_return,yahoo,GC=F,yfinance/yahoo-chart,raw/yahoo_GOLD_USD.csv,market-extract-4.2,2026-08-11T11:03:48+00:00,200,Adj Close|Close|High|Low|Open|Volume,,W08
2026-04-27,2026-04-27T17:30:00+00:00,True,13:30,America/New_York,GOLD_USD,Gold futures,gold,futures,front_month_future,vendor_close,global,core,1,4675.39990234375,USD_per_troy_oz,USD,538.0,log_return,yahoo,GC=F,yfinance/yahoo-chart,raw/yahoo_GOLD_USD.csv,market-extract-4.2,2026-08-11T11:03:48+00:00,200,Adj Close|Close|High|Low|Open|Volume,,W09
2026-04-28,2026-04-28T17:30:00+00:00,True,13:30,America/New_York,GOLD_USD,Gold futures,gold,futures,front_month_future,vendor_close,global,core,1,4591.5,USD_per_troy_oz,USD,2660.0,log_return,yahoo,GC=F,yfinance/yahoo-chart,raw/yahoo_GOLD_USD.csv,market-extract-4.2,2026-08-11T11:03:48+00:00,200,Adj Close|Close|High|Low|Open|Volume,,W09
2026-04-29,2026-04-29T17:30:00+00:00,True,13:30,America/New_York,GOLD_USD,Gold futures,gold,futures,front_month_future,vendor_close,global,core,1,4545.2001953125,USD_per_troy_oz,USD,507.0,log_return,yahoo,GC=F,yfinance/yahoo-chart,raw/yahoo_GOLD_USD.csv,market-extract-4.2,2026-08-11T11:03:48+00:00,200,Adj Close|Close|High|Low|Open|Volume,,W09
2026-04-30,2026-04-30T17:30:00+00:00,True,13:30,America/New_York,GOLD_USD,Gold futures,gold,futures,front_month_future,vendor_close,global,core,1,4614.7001953125,USD_per_troy_oz,USD,77.0,log_return,yahoo,GC=F,yfinance/yahoo-chart,raw/yahoo_GOLD_USD.csv,market-extract-4.2,2026-08-11T11:03:48+00:00,200,Adj Close|Close|High|Low|Open|Volume,,W09
2026-05-01,2026-05-01T17:30:00+00:00,True,13:30,America/New_York,GOLD_USD,Gold futures,gold,futures,front_month_future,vendor_close,global,core,1,4629.89990234375,USD_per_troy_oz,USD,113.0,log_return,yahoo,GC=F,yfinance/yahoo-chart,raw/yahoo_GOLD_USD.csv,market-extract-4.2,2026-08-11T11:03:48+00:00,200,Adj Close|Close|High|Low|Open|Volume,,W09
2026-05-04,2026-05-04T17:30:00+00:00,True,13:30,America/New_York,GOLD_USD,Gold futures,gold,futures,front_month_future,vendor_close,global,core,1,4519.5,USD_per_troy_oz,USD,20.0,log_return,yahoo,GC=F,yfinance/yahoo-chart,raw/yahoo_GOLD_USD.csv,market-extract-4.2,2026-08-11T11:03:48+00:00,200,Adj Close|Close|High|Low|Open|Volume,,W10
2026-05-05,2026-05-05T17:30:00+00:00,True,13:30,America/New_York,GOLD_USD,Gold futures,gold,futures,front_month_future,vendor_close,global,core,1,4555.7998046875,USD_per_troy_oz,USD,426.0,log_return,yahoo,GC=F,yfinance/yahoo-chart,raw/yahoo_GOLD_USD.csv,market-extract-4.2,2026-08-11T11:03:48+00:00,200,Adj Close|Close|High|Low|Open|Volume,,W10
2026-05-06,2026-05-06T17:30:00+00:00,True,13:30,America/New_York,GOLD_USD,Gold futures,gold,futures,front_month_future,vendor_close,global,core,1,4681.89990234375,USD_per_troy_oz,USD,212.0,log_return,yahoo,GC=F,yfinance/yahoo-chart,raw/yahoo_GOLD_USD.csv,market-extract-4.2,2026-08-11T11:03:48+00:00,200,Adj Close|Close|High|Low|Open|Volume,,W10
2026-05-07,2026-05-07T17:30:00+00:00,True,13:30,America/New_York,GOLD_USD,Gold futures,gold,futures,front_month_future,vendor_close,global,core,1,4699.7998046875,USD_per_troy_oz,USD,254.0,log_return,yahoo,GC=F,yfinance/yahoo-chart,raw/yahoo_GOLD_USD.csv,market-extract-4.2,2026-08-11T11:03:48+00:00,200,Adj Close|Close|High|Low|Open|Volume,,W10
2026-05-08,2026-05-08T17:30:00+00:00,True,13:30,America/New_York,GOLD_USD,Gold futures,gold,futures,front_month_future,vendor_close,global,core,1,4720.39990234375,USD_per_troy_oz,USD,120.0,log_return,yahoo,GC=F,yfinance/yahoo-chart,raw/yahoo_GOLD_USD.csv,market-extract-4.2,2026-08-11T11:03:48+00:00,200,Adj Close|Close|High|Low|Open|Volume,,W10
2026-05-11,2026-05-11T17:30:00+00:00,True,13:30,America/New_York,GOLD_USD,Gold futures,gold,futures,front_month_future,vendor_close,global,core,1,4718.7001953125,USD_per_troy_oz,USD,36.0,log_return,yahoo,GC=F,yfinance/yahoo-chart,raw/yahoo_GOLD_USD.csv,market-extract-4.2,2026-08-11T11:03:48+00:00,200,Adj Close|Close|High|Low|Open|Volume,,W11
2026-05-12,2026-05-12T17:30:00+00:00,True,13:30,America/New_York,GOLD_USD,Gold futures,gold,futures,front_month_future,vendor_close,global,core,1,4677.60009765625,USD_per_troy_oz,USD,93.0,log_return,yahoo,GC=F,yfinance/yahoo-chart,raw/yahoo_GOLD_USD.csv,market-extract-4.2,2026-08-11T11:03:48+00:00,200,Adj Close|Close|High|Low|Open|Volume,,W11
2026-05-13,2026-05-13T17:30:00+00:00,True,13:30,America/New_York,GOLD_USD,Gold futures,gold,futures,front_month_future,vendor_close,global,core,1,4697.7001953125,USD_per_troy_oz,USD,228.0,log_return,yahoo,GC=F,yfinance/yahoo-chart,raw/yahoo_GOLD_USD.csv,market-extract-4.2,2026-08-11T11:03:48+00:00,200,Adj Close|Close|High|Low|Open|Volume,,W11
2026-05-14,2026-05-14T17:30:00+00:00,True,13:30,America/New_York,GOLD_USD,Gold futures,gold,futures,front_month_future,vendor_close,global,core,1,4678.10009765625,USD_per_troy_oz,USD,5.0,log_return,yahoo,GC=F,yfinance/yahoo-chart,raw/yahoo_GOLD_USD.csv,market-extract-4.2,2026-08-11T11:03:48+00:00,200,Adj Close|Close|High|Low|Open|Volume,,W11
2026-05-15,2026-05-15T17:30:00+00:00,True,13:30,America/New_York,GOLD_USD,Gold futures,gold,futures,front_month_future,vendor_close,global,core,1,4555.7998046875,USD_per_troy_oz,USD,607.0,log_return,yahoo,GC=F,yfinance/yahoo-chart,raw/yahoo_GOLD_USD.csv,market-extract-4.2,2026-08-11T11:03:48+00:00,200,Adj Close|Close|High|Low|Open|Volume,,W11
2026-05-18,2026-05-18T17:30:00+00:00,True,13:30,America/New_York,GOLD_USD,Gold futures,gold,futures,front_month_future,vendor_close,global,core,1,4552.5,USD_per_troy_oz,USD,38.0,log_return,yahoo,GC=F,yfinance/yahoo-chart,raw/yahoo_GOLD_USD.csv,market-extract-4.2,2026-08-11T11:03:48+00:00,200,Adj Close|Close|High|Low|Open|Volume,,W12
2026-05-19,2026-05-19T17:30:00+00:00,True,13:30,America/New_York,GOLD_USD,Gold futures,gold,futures,front_month_future,vendor_close,global,core,1,4506.2998046875,USD_per_troy_oz,USD,875.0,log_return,yahoo,GC=F,yfinance/yahoo-chart,raw/yahoo_GOLD_USD.csv,market-extract-4.2,2026-08-11T11:03:48+00:00,200,Adj Close|Close|High|Low|Open|Volume,,W12
2026-05-20,2026-05-20T17:30:00+00:00,True,13:30,America/New_York,GOLD_USD,Gold futures,gold,futures,front_month_future,vendor_close,global,core,1,4531.2998046875,USD_per_troy_oz,USD,981.0,log_return,yahoo,GC=F,yfinance/yahoo-chart,raw/yahoo_GOLD_USD.csv,market-extract-4.2,2026-08-11T11:03:48+00:00,200,Adj Close|Close|High|Low|Open|Volume,,W12
2026-05-21,2026-05-21T17:30:00+00:00,True,13:30,America/New_York,GOLD_USD,Gold futures,gold,futures,front_month_future,vendor_close,global,core,1,4539.7998046875,USD_per_troy_oz,USD,426.0,log_return,yahoo,GC=F,yfinance/yahoo-chart,raw/yahoo_GOLD_USD.csv,market-extract-4.2,2026-08-11T11:03:48+00:00,200,Adj Close|Close|High|Low|Open|Volume,,W12
2026-05-22,2026-05-22T17:30:00+00:00,True,13:30,America/New_York,GOLD_USD,Gold futures,gold,futures,front_month_future,vendor_close,global,core,1,4521.0,USD_per_troy_oz,USD,40.0,log_return,yahoo,GC=F,yfinance/yahoo-chart,raw/yahoo_GOLD_USD.csv,market-extract-4.2,2026-08-11T11:03:48+00:00,200,Adj Close|Close|High|Low|Open|Volume,,W12
2026-05-26,2026-05-26T17:30:00+00:00,True,13:30,America/New_York,GOLD_USD,Gold futures,gold,futures,front_month_future,vendor_close,global,core,1,4500.39990234375,USD_per_troy_oz,USD,1261.0,log_return,yahoo,GC=F,yfinance/yahoo-chart,raw/yahoo_GOLD_USD.csv,market-extract-4.2,2026-08-11T11:03:48+00:00,200,Adj Close|Close|High|Low|Open|Volume,,W13
2026-05-27,2026-05-27T17:30:00+00:00,True,13:30,America/New_York,GOLD_USD,Gold futures,gold,futures,front_month_future,vendor_close,global,core,1,4447.5,USD_per_troy_oz,USD,81062.0,log_return,yahoo,GC=F,yfinance/yahoo-chart,raw/yahoo_GOLD_USD.csv,market-extract-4.2,2026-08-11T11:03:48+00:00,200,Adj Close|Close|High|Low|Open|Volume,,W13
2026-05-28,2026-05-28T17:30:00+00:00,True,13:30,America/New_York,GOLD_USD,Gold futures,gold,futures,front_month_future,vendor_close,global,core,1,4499.2998046875,USD_per_troy_oz,USD,16427.0,log_return,yahoo,GC=F,yfinance/yahoo-chart,raw/yahoo_GOLD_USD.csv,market-extract-4.2,2026-08-11T11:03:48+00:00,200,Adj Close|Close|High|Low|Open|Volume,,W13
2026-05-29,2026-05-29T17:30:00+00:00,True,13:30,America/New_York,GOLD_USD,Gold futures,gold,futures,front_month_future,vendor_close,global,core,1,4560.5,USD_per_troy_oz,USD,1883.0,log_return,yahoo,GC=F,yfinance/yahoo-chart,raw/yahoo_GOLD_USD.csv,market-extract-4.2,2026-08-11T11:03:48+00:00,200,Adj Close|Close|High|Low|Open|Volume,,W13
2026-06-01,2026-06-01T17:30:00+00:00,True,13:30,America/New_York,GOLD_USD,Gold futures,gold,futures,front_month_future,vendor_close,global,core,1,4475.2001953125,USD_per_troy_oz,USD,835.0,log_return,yahoo,GC=F,yfinance/yahoo-chart,raw/yahoo_GOLD_USD.csv,market-extract-4.2,2026-08-11T11:03:48+00:00,200,Adj Close|Close|High|Low|Open|Volume,,W14
2026-06-02,2026-06-02T17:30:00+00:00,True,13:30,America/New_York,GOLD_USD,Gold futures,gold,futures,front_month_future,vendor_close,global,core,1,4489.10009765625,USD_per_troy_oz,USD,456.0,log_return,yahoo,GC=F,yfinance/yahoo-chart,raw/yahoo_GOLD_USD.csv,market-extract-4.2,2026-08-11T11:03:48+00:00,200,Adj Close|Close|High|Low|Open|Volume,,W14
2026-06-03,2026-06-03T17:30:00+00:00,True,13:30,America/New_York,GOLD_USD,Gold futures,gold,futures,front_month_future,vendor_close,global,core,1,4436.7001953125,USD_per_troy_oz,USD,2913.0,log_return,yahoo,GC=F,yfinance/yahoo-chart,raw/yahoo_GOLD_USD.csv,market-extract-4.2,2026-08-11T11:03:48+00:00,200,Adj Close|Close|High|Low|Open|Volume,,W14
2026-06-04,2026-06-04T17:30:00+00:00,True,13:30,America/New_York,GOLD_USD,Gold futures,gold,futures,front_month_future,vendor_close,global,core,1,4475.7998046875,USD_per_troy_oz,USD,480.0,log_return,yahoo,GC=F,yfinance/yahoo-chart,raw/yahoo_GOLD_USD.csv,market-extract-4.2,2026-08-11T11:03:48+00:00,200,Adj Close|Close|High|Low|Open|Volume,,W14
2026-06-05,2026-06-05T17:30:00+00:00,True,13:30,America/New_York,GOLD_USD,Gold futures,gold,futures,front_month_future,vendor_close,global,core,1,4337.10009765625,USD_per_troy_oz,USD,4062.0,log_return,yahoo,GC=F,yfinance/yahoo-chart,raw/yahoo_GOLD_USD.csv,market-extract-4.2,2026-08-11T11:03:48+00:00,200,Adj Close|Close|High|Low|Open|Volume,,W14
2026-06-08,2026-06-08T17:30:00+00:00,True,13:30,America/New_York,GOLD_USD,Gold futures,gold,futures,front_month_future,vendor_close,global,core,1,4335.89990234375,USD_per_troy_oz,USD,357.0,log_return,yahoo,GC=F,yfinance/yahoo-chart,raw/yahoo_GOLD_USD.csv,market-extract-4.2,2026-08-11T11:03:48+00:00,200,Adj Close|Close|High|Low|Open|Volume,,W15
2026-06-09,2026-06-09T17:30:00+00:00,True,13:30,America/New_York,GOLD_USD,Gold futures,gold,futures,front_month_future,vendor_close,global,core,1,4260.0,USD_per_troy_oz,USD,1292.0,log_return,yahoo,GC=F,yfinance/yahoo-chart,raw/yahoo_GOLD_USD.csv,market-extract-4.2,2026-08-11T11:03:48+00:00,200,Adj Close|Close|High|Low|Open|Volume,,W15
2026-06-10,2026-06-10T17:30:00+00:00,True,13:30,America/New_York,GOLD_USD,Gold futures,gold,futures,front_month_future,vendor_close,global,core,1,4108.2001953125,USD_per_troy_oz,USD,525.0,log_return,yahoo,GC=F,yfinance/yahoo-chart,raw/yahoo_GOLD_USD.csv,market-extract-4.2,2026-08-11T11:03:48+00:00,200,Adj Close|Close|High|Low|Open|Volume,,W15
2026-06-11,2026-06-11T17:30:00+00:00,True,13:30,America/New_York,GOLD_USD,Gold futures,gold,futures,front_month_future,vendor_close,global,core,1,4090.300048828125,USD_per_troy_oz,USD,1938.0,log_return,yahoo,GC=F,yfinance/yahoo-chart,raw/yahoo_GOLD_USD.csv,market-extract-4.2,2026-08-11T11:03:48+00:00,200,Adj Close|Close|High|Low|Open|Volume,,W15
2026-06-12,2026-06-12T17:30:00+00:00,True,13:30,America/New_York,GOLD_USD,Gold futures,gold,futures,front_month_future,vendor_close,global,core,1,4215.0,USD_per_troy_oz,USD,1167.0,log_return,yahoo,GC=F,yfinance/yahoo-chart,raw/yahoo_GOLD_USD.csv,market-extract-4.2,2026-08-11T11:03:48+00:00,200,Adj Close|Close|High|Low|Open|Volume,,W15
2026-06-15,2026-06-15T17:30:00+00:00,True,13:30,America/New_York,GOLD_USD,Gold futures,gold,futures,front_month_future,vendor_close,global,core,1,4328.0,USD_per_troy_oz,USD,1666.0,log_return,yahoo,GC=F,yfinance/yahoo-chart,raw/yahoo_GOLD_USD.csv,market-extract-4.2,2026-08-11T11:03:48+00:00,200,Adj Close|Close|High|Low|Open|Volume,,W16
2026-06-16,2026-06-16T17:30:00+00:00,True,13:30,America/New_York,GOLD_USD,Gold futures,gold,futures,front_month_future,vendor_close,global,core,1,4330.89990234375,USD_per_troy_oz,USD,158.0,log_return,yahoo,GC=F,yfinance/yahoo-chart,raw/yahoo_GOLD_USD.csv,market-extract-4.2,2026-08-11T11:03:48+00:00,200,Adj Close|Close|High|Low|Open|Volume,,W16
2026-06-17,2026-06-17T17:30:00+00:00,True,13:30,America/New_York,GOLD_USD,Gold futures,gold,futures,front_month_future,vendor_close,global,core,1,4358.89990234375,USD_per_troy_oz,USD,1961.0,log_return,yahoo,GC=F,yfinance/yahoo-chart,raw/yahoo_GOLD_USD.csv,market-extract-4.2,2026-08-11T11:03:48+00:00,200,Adj Close|Close|High|Low|Open|Volume,,W16
2026-06-18,2026-06-18T17:30:00+00:00,True,13:30,America/New_York,GOLD_USD,Gold futures,gold,futures,front_month_future,vendor_close,global,core,1,4224.10009765625,USD_per_troy_oz,USD,738.0,log_return,yahoo,GC=F,yfinance/yahoo-chart,raw/yahoo_GOLD_USD.csv,market-extract-4.2,2026-08-11T11:03:48+00:00,200,Adj Close|Close|High|Low|Open|Volume,,W16
2026-06-22,2026-06-22T17:30:00+00:00,True,13:30,America/New_York,GOLD_USD,Gold futures,gold,futures,front_month_future,vendor_close,global,core,1,4181.89990234375,USD_per_troy_oz,USD,1197.0,log_return,yahoo,GC=F,yfinance/yahoo-chart,raw/yahoo_GOLD_USD.csv,market-extract-4.2,2026-08-11T11:03:48+00:00,200,Adj Close|Close|High|Low|Open|Volume,,W17
2026-06-23,2026-06-23T17:30:00+00:00,True,13:30,America/New_York,GOLD_USD,Gold futures,gold,futures,front_month_future,vendor_close,global,core,1,4129.89990234375,USD_per_troy_oz,USD,252.0,log_return,yahoo,GC=F,yfinance/yahoo-chart,raw/yahoo_GOLD_USD.csv,market-extract-4.2,2026-08-11T11:03:48+00:00,200,Adj Close|Close|High|Low|Open|Volume,,W17
2026-06-24,2026-06-24T17:30:00+00:00,True,13:30,America/New_York,GOLD_USD,Gold futures,gold,futures,front_month_future,vendor_close,global,core,1,3990.300048828125,USD_per_troy_oz,USD,353.0,log_return,yahoo,GC=F,yfinance/yahoo-chart,raw/yahoo_GOLD_USD.csv,market-extract-4.2,2026-08-11T11:03:48+00:00,200,Adj Close|Close|High|Low|Open|Volume,,W17
2026-06-25,2026-06-25T17:30:00+00:00,True,13:30,America/New_York,GOLD_USD,Gold futures,gold,futures,front_month_future,vendor_close,global,core,1,4030.5,USD_per_troy_oz,USD,2724.0,log_return,yahoo,GC=F,yfinance/yahoo-chart,raw/yahoo_GOLD_USD.csv,market-extract-4.2,2026-08-11T11:03:48+00:00,200,Adj Close|Close|High|Low|Open|Volume,,W17
2026-06-26,2026-06-26T17:30:00+00:00,True,13:30,America/New_York,GOLD_USD,Gold futures,gold,futures,front_month_future,vendor_close,global,core,1,4078.699951171875,USD_per_troy_oz,USD,1431.0,log_return,yahoo,GC=F,yfinance/yahoo-chart,raw/yahoo_GOLD_USD.csv,market-extract-4.2,2026-08-11T11:03:48+00:00,200,Adj Close|Close|High|Low|Open|Volume,,W17
2026-06-29,2026-06-29T17:30:00+00:00,True,13:30,America/New_York,GOLD_USD,Gold futures,gold,futures,front_month_future,vendor_close,global,core,1,4022.300048828125,USD_per_troy_oz,USD,785.0,log_return,yahoo,GC=F,yfinance/yahoo-chart,raw/yahoo_GOLD_USD.csv,market-extract-4.2,2026-08-11T11:03:48+00:00,200,Adj Close|Close|High|Low|Open|Volume,,W18
2026-06-30,2026-06-30T17:30:00+00:00,True,13:30,America/New_York,GOLD_USD,Gold futures,gold,futures,front_month_future,vendor_close,global,core,1,4022.89990234375,USD_per_troy_oz,USD,1108.0,log_return,yahoo,GC=F,yfinance/yahoo-chart,raw/yahoo_GOLD_USD.csv,market-extract-4.2,2026-08-11T11:03:48+00:00,200,Adj Close|Close|High|Low|Open|Volume,,W18
2026-07-01,2026-07-01T17:30:00+00:00,True,13:30,America/New_York,GOLD_USD,Gold futures,gold,futures,front_month_future,vendor_close,global,core,1,4068.300048828125,USD_per_troy_oz,USD,770.0,log_return,yahoo,GC=F,yfinance/yahoo-chart,raw/yahoo_GOLD_USD.csv,market-extract-4.2,2026-08-11T11:03:48+00:00,200,Adj Close|Close|High|Low|Open|Volume,,W18
2026-07-02,2026-07-02T17:30:00+00:00,True,13:30,America/New_York,GOLD_USD,Gold futures,gold,futures,front_month_future,vendor_close,global,core,1,4112.7001953125,USD_per_troy_oz,USD,228.0,log_return,yahoo,GC=F,yfinance/yahoo-chart,raw/yahoo_GOLD_USD.csv,market-extract-4.2,2026-08-11T11:03:48+00:00,200,Adj Close|Close|High|Low|Open|Volume,,W18
2026-07-06,2026-07-06T17:30:00+00:00,True,13:30,America/New_York,GOLD_USD,Gold futures,gold,futures,front_month_future,vendor_close,global,core,1,4155.10009765625,USD_per_troy_oz,USD,1024.0,log_return,yahoo,GC=F,yfinance/yahoo-chart,raw/yahoo_GOLD_USD.csv,market-extract-4.2,2026-08-11T11:03:48+00:00,200,Adj Close|Close|High|Low|Open|Volume,,W19
2026-07-07,2026-07-07T17:30:00+00:00,True,13:30,America/New_York,GOLD_USD,Gold futures,gold,futures,front_month_future,vendor_close,global,core,1,4145.2998046875,USD_per_troy_oz,USD,53.0,log_return,yahoo,GC=F,yfinance/yahoo-chart,raw/yahoo_GOLD_USD.csv,market-extract-4.2,2026-08-11T11:03:48+00:00,200,Adj Close|Close|High|Low|Open|Volume,,W19
2026-07-08,2026-07-08T17:30:00+00:00,True,13:30,America/New_York,GOLD_USD,Gold futures,gold,futures,front_month_future,vendor_close,global,core,1,4070.89990234375,USD_per_troy_oz,USD,292.0,log_return,yahoo,GC=F,yfinance/yahoo-chart,raw/yahoo_GOLD_USD.csv,market-extract-4.2,2026-08-11T11:03:48+00:00,200,Adj Close|Close|High|Low|Open|Volume,,W19
2026-07-09,2026-07-09T17:30:00+00:00,True,13:30,America/New_York,GOLD_USD,Gold futures,gold,futures,front_month_future,vendor_close,global,core,1,4130.60009765625,USD_per_troy_oz,USD,13.0,log_return,yahoo,GC=F,yfinance/yahoo-chart,raw/yahoo_GOLD_USD.csv,market-extract-4.2,2026-08-11T11:03:48+00:00,200,Adj Close|Close|High|Low|Open|Volume,,W19
2026-07-10,2026-07-10T17:30:00+00:00,True,13:30,America/New_York,GOLD_USD,Gold futures,gold,futures,front_month_future,vendor_close,global,core,1,4104.10009765625,USD_per_troy_oz,USD,389.0,log_return,yahoo,GC=F,yfinance/yahoo-chart,raw/yahoo_GOLD_USD.csv,market-extract-4.2,2026-08-11T11:03:48+00:00,200,Adj Close|Close|High|Low|Open|Volume,,W19
2026-07-13,2026-07-13T17:30:00+00:00,True,13:30,America/New_York,GOLD_USD,Gold futures,gold,futures,front_month_future,vendor_close,global,core,1,3997.0,USD_per_troy_oz,USD,679.0,log_return,yahoo,GC=F,yfinance/yahoo-chart,raw/yahoo_GOLD_USD.csv,market-extract-4.2,2026-08-11T11:03:48+00:00,200,Adj Close|Close|High|Low|Open|Volume,,W20
2026-07-14,2026-07-14T17:30:00+00:00,True,13:30,America/New_York,GOLD_USD,Gold futures,gold,futures,front_month_future,vendor_close,global,core,1,4061.10009765625,USD_per_troy_oz,USD,1281.0,log_return,yahoo,GC=F,yfinance/yahoo-chart,raw/yahoo_GOLD_USD.csv,market-extract-4.2,2026-08-11T11:03:48+00:00,200,Adj Close|Close|High|Low|Open|Volume,,W20
2026-07-15,2026-07-15T17:30:00+00:00,True,13:30,America/New_York,GOLD_USD,Gold futures,gold,futures,front_month_future,vendor_close,global,core,1,4044.0,USD_per_troy_oz,USD,374.0,log_return,yahoo,GC=F,yfinance/yahoo-chart,raw/yahoo_GOLD_USD.csv,market-extract-4.2,2026-08-11T11:03:48+00:00,200,Adj Close|Close|High|Low|Open|Volume,,W20
2026-07-16,2026-07-16T17:30:00+00:00,True,13:30,America/New_York,GOLD_USD,Gold futures,gold,futures,front_month_future,vendor_close,global,core,1,3985.60009765625,USD_per_troy_oz,USD,812.0,log_return,yahoo,GC=F,yfinance/yahoo-chart,raw/yahoo_GOLD_USD.csv,market-extract-4.2,2026-08-11T11:03:48+00:00,200,Adj Close|Close|High|Low|Open|Volume,,W20
2026-07-17,2026-07-17T17:30:00+00:00,True,13:30,America/New_York,GOLD_USD,Gold futures,gold,futures,front_month_future,vendor_close,global,core,1,4012.699951171875,USD_per_troy_oz,USD,141.0,log_return,yahoo,GC=F,yfinance/yahoo-chart,raw/yahoo_GOLD_USD.csv,market-extract-4.2,2026-08-11T11:03:48+00:00,200,Adj Close|Close|High|Low|Open|Volume,,W20
2026-07-20,2026-07-20T17:30:00+00:00,True,13:30,America/New_York,GOLD_USD,Gold futures,gold,futures,front_month_future,vendor_close,global,core,1,4010.300048828125,USD_per_troy_oz,USD,231.0,log_return,yahoo,GC=F,yfinance/yahoo-chart,raw/yahoo_GOLD_USD.csv,market-extract-4.2,2026-08-11T11:03:48+00:00,200,Adj Close|Close|High|Low|Open|Volume,,W21
2026-07-21,2026-07-21T17:30:00+00:00,True,13:30,America/New_York,GOLD_USD,Gold futures,gold,futures,front_month_future,vendor_close,global,core,1,4071.10009765625,USD_per_troy_oz,USD,87.0,log_return,yahoo,GC=F,yfinance/yahoo-chart,raw/yahoo_GOLD_USD.csv,market-extract-4.2,2026-08-11T11:03:48+00:00,200,Adj Close|Close|High|Low|Open|Volume,,W21
2026-07-22,2026-07-22T17:30:00+00:00,True,13:30,America/New_York,GOLD_USD,Gold futures,gold,futures,front_month_future,vendor_close,global,core,1,4146.89990234375,USD_per_troy_oz,USD,133.0,log_return,yahoo,GC=F,yfinance/yahoo-chart,raw/yahoo_GOLD_USD.csv,market-extract-4.2,2026-08-11T11:03:48+00:00,200,Adj Close|Close|High|Low|Open|Volume,,W21
2026-03-02,2026-03-02T21:00:00+00:00,True,16:00,America/New_York,SP500,S&P 500,index,index,,index_level,global,secondary,2,6881.6201171875,index_points,,6079080000.0,log_return,yahoo,^GSPC,yfinance/yahoo-chart,raw/yahoo_SP500.csv,market-extract-4.2,2026-08-11T11:03:48+00:00,200,Adj Close|Close|High|Low|Open|Volume,,W01
2026-03-03,2026-03-03T21:00:00+00:00,True,16:00,America/New_York,SP500,S&P 500,index,index,,index_level,global,secondary,2,6816.6298828125,index_points,,6442080000.0,log_return,yahoo,^GSPC,yfinance/yahoo-chart,raw/yahoo_SP500.csv,market-extract-4.2,2026-08-11T11:03:48+00:00,200,Adj Close|Close|High|Low|Open|Volume,,W01
2026-03-04,2026-03-04T21:00:00+00:00,True,16:00,America/New_York,SP500,S&P 500,index,index,,index_level,global,secondary,2,6869.5,index_points,,5252170000.0,log_return,yahoo,^GSPC,yfinance/yahoo-chart,raw/yahoo_SP500.csv,market-extract-4.2,2026-08-11T11:03:48+00:00,200,Adj Close|Close|High|Low|Open|Volume,,W01
2026-03-05,2026-03-05T21:00:00+00:00,True,16:00,America/New_York,SP500,S&P 500,index,index,,index_level,global,secondary,2,6830.7099609375,index_points,,5989300000.0,log_return,yahoo,^GSPC,yfinance/yahoo-chart,raw/yahoo_SP500.csv,market-extract-4.2,2026-08-11T11:03:48+00:00,200,Adj Close|Close|High|Low|Open|Volume,,W01
2026-03-06,2026-03-06T21:00:00+00:00,True,16:00,America/New_York,SP500,S&P 500,index,index,,index_level,global,secondary,2,6740.02001953125,index_points,,5793120000.0,log_return,yahoo,^GSPC,yfinance/yahoo-chart,raw/yahoo_SP500.csv,market-extract-4.2,2026-08-11T11:03:48+00:00,200,Adj Close|Close|High|Low|Open|Volume,,W01
2026-03-09,2026-03-09T20:00:00+00:00,True,16:00,America/New_York,SP500,S&P 500,index,index,,index_level,global,secondary,2,6795.990234375,index_points,,6709410000.0,log_return,yahoo,^GSPC,yfinance/yahoo-chart,raw/yahoo_SP500.csv,market-extract-4.2,2026-08-11T11:03:48+00:00,200,Adj Close|Close|High|Low|Open|Volume,,W02
2026-03-10,2026-03-10T20:00:00+00:00,True,16:00,America/New_York,SP500,S&P 500,index,index,,index_level,global,secondary,2,6781.47998046875,index_points,,5944950000.0,log_return,yahoo,^GSPC,yfinance/yahoo-chart,raw/yahoo_SP500.csv,market-extract-4.2,2026-08-11T11:03:48+00:00,200,Adj Close|Close|High|Low|Open|Volume,,W02
2026-03-11,2026-03-11T20:00:00+00:00,True,16:00,America/New_York,SP500,S&P 500,index,index,,index_level,global,secondary,2,6775.7998046875,index_points,,5511090000.0,log_return,yahoo,^GSPC,yfinance/yahoo-chart,raw/yahoo_SP500.csv,market-extract-4.2,2026-08-11T11:03:48+00:00,200,Adj Close|Close|High|Low|Open|Volume,,W02
2026-03-12,2026-03-12T20:00:00+00:00,True,16:00,America/New_York,SP500,S&P 500,index,index,,index_level,global,secondary,2,6672.6201171875,index_points,,6292170000.0,log_return,yahoo,^GSPC,yfinance/yahoo-chart,raw/yahoo_SP500.csv,market-extract-4.2,2026-08-11T11:03:48+00:00,200,Adj Close|Close|High|Low|Open|Volume,,W02
2026-03-13,2026-03-13T20:00:00+00:00,True,16:00,America/New_York,SP500,S&P 500,index,index,,index_level,global,secondary,2,6632.18994140625,index_points,,5337120000.0,log_return,yahoo,^GSPC,yfinance/yahoo-chart,raw/yahoo_SP500.csv,market-extract-4.2,2026-08-11T11:03:48+00:00,200,Adj Close|Close|High|Low|Open|Volume,,W02
2026-03-16,2026-03-16T20:00:00+00:00,True,16:00,America/New_York,SP500,S&P 500,index,index,,index_level,global,secondary,2,6699.3798828125,index_points,,5176290000.0,log_return,yahoo,^GSPC,yfinance/yahoo-chart,raw/yahoo_SP500.csv,market-extract-4.2,2026-08-11T11:03:48+00:00,200,Adj Close|Close|High|Low|Open|Volume,,W03
2026-03-17,2026-03-17T20:00:00+00:00,True,16:00,America/New_York,SP500,S&P 500,index,index,,index_level,global,secondary,2,6716.08984375,index_points,,5063390000.0,log_return,yahoo,^GSPC,yfinance/yahoo-chart,raw/yahoo_SP500.csv,market-extract-4.2,2026-08-11T11:03:48+00:00,200,Adj Close|Close|High|Low|Open|Volume,,W03
2026-03-18,2026-03-18T20:00:00+00:00,True,16:00,America/New_York,SP500,S&P 500,index,index,,index_level,global,secondary,2,6624.7001953125,index_points,,5275480000.0,log_return,yahoo,^GSPC,yfinance/yahoo-chart,raw/yahoo_SP500.csv,market-extract-4.2,2026-08-11T11:03:48+00:00,200,Adj Close|Close|High|Low|Open|Volume,,W03
2026-03-19,2026-03-19T20:00:00+00:00,True,16:00,America/New_York,SP500,S&P 500,index,index,,index_level,global,secondary,2,6606.490234375,index_points,,5973390000.0,log_return,yahoo,^GSPC,yfinance/yahoo-chart,raw/yahoo_SP500.csv,market-extract-4.2,2026-08-11T11:03:48+00:00,200,Adj Close|Close|High|Low|Open|Volume,,W03
2026-03-20,2026-03-20T20:00:00+00:00,True,16:00,America/New_York,SP500,S&P 500,index,index,,index_level,global,secondary,2,6506.47998046875,index_points,,10025820000.0,log_return,yahoo,^GSPC,yfinance/yahoo-chart,raw/yahoo_SP500.csv,market-extract-4.2,2026-08-11T11:03:48+00:00,200,Adj Close|Close|High|Low|Open|Volume,,W03
2026-03-23,2026-03-23T20:00:00+00:00,True,16:00,America/New_York,SP500,S&P 500,index,index,,index_level,global,secondary,2,6581.0,index_points,,6020650000.0,log_return,yahoo,^GSPC,yfinance/yahoo-chart,raw/yahoo_SP500.csv,market-extract-4.2,2026-08-11T11:03:48+00:00,200,Adj Close|Close|High|Low|Open|Volume,,W04
2026-03-24,2026-03-24T20:00:00+00:00,True,16:00,America/New_York,SP500,S&P 500,index,index,,index_level,global,secondary,2,6556.3701171875,index_points,,5278580000.0,log_return,yahoo,^GSPC,yfinance/yahoo-chart,raw/yahoo_SP500.csv,market-extract-4.2,2026-08-11T11:03:48+00:00,200,Adj Close|Close|High|Low|Open|Volume,,W04
2026-03-25,2026-03-25T20:00:00+00:00,True,16:00,America/New_York,SP500,S&P 500,index,index,,index_level,global,secondary,2,6591.89990234375,index_points,,4936720000.0,log_return,yahoo,^GSPC,yfinance/yahoo-chart,raw/yahoo_SP500.csv,market-extract-4.2,2026-08-11T11:03:48+00:00,200,Adj Close|Close|High|Low|Open|Volume,,W04
2026-03-26,2026-03-26T20:00:00+00:00,True,16:00,America/New_York,SP500,S&P 500,index,index,,index_level,global,secondary,2,6477.16015625,index_points,,4845560000.0,log_return,yahoo,^GSPC,yfinance/yahoo-chart,raw/yahoo_SP500.csv,market-extract-4.2,2026-08-11T11:03:48+00:00,200,Adj Close|Close|High|Low|Open|Volume,,W04
2026-03-27,2026-03-27T20:00:00+00:00,True,16:00,America/New_York,SP500,S&P 500,index,index,,index_level,global,secondary,2,6368.85009765625,index_points,,5303490000.0,log_return,yahoo,^GSPC,yfinance/yahoo-chart,raw/yahoo_SP500.csv,market-extract-4.2,2026-08-11T11:03:48+00:00,200,Adj Close|Close|High|Low|Open|Volume,,W04
2026-03-30,2026-03-30T20:00:00+00:00,True,16:00,America/New_York,SP500,S&P 500,index,index,,index_level,global,secondary,2,6343.72021484375,index_points,,5458640000.0,log_return,yahoo,^GSPC,yfinance/yahoo-chart,raw/yahoo_SP500.csv,market-extract-4.2,2026-08-11T11:03:48+00:00,200,Adj Close|Close|High|Low|Open|Volume,,W05
2026-03-31,2026-03-31T20:00:00+00:00,True,16:00,America/New_York,SP500,S&P 500,index,index,,index_level,global,secondary,2,6528.52001953125,index_points,,6396100000.0,log_return,yahoo,^GSPC,yfinance/yahoo-chart,raw/yahoo_SP500.csv,market-extract-4.2,2026-08-11T11:03:48+00:00,200,Adj Close|Close|High|Low|Open|Volume,,W05
2026-04-01,2026-04-01T20:00:00+00:00,True,16:00,America/New_York,SP500,S&P 500,index,index,,index_level,global,secondary,2,6575.31982421875,index_points,,5637260000.0,log_return,yahoo,^GSPC,yfinance/yahoo-chart,raw/yahoo_SP500.csv,market-extract-4.2,2026-08-11T11:03:48+00:00,200,Adj Close|Close|High|Low|Open|Volume,,W05
2026-04-02,2026-04-02T20:00:00+00:00,True,16:00,America/New_York,SP500,S&P 500,index,index,,index_level,global,secondary,2,6582.68994140625,index_points,,4740740000.0,log_return,yahoo,^GSPC,yfinance/yahoo-chart,raw/yahoo_SP500.csv,market-extract-4.2,2026-08-11T11:03:48+00:00,200,Adj Close|Close|High|Low|Open|Volume,,W05
2026-04-06,2026-04-06T20:00:00+00:00,True,16:00,America/New_York,SP500,S&P 500,index,index,,index_level,global,secondary,2,6611.830078125,index_points,,3906440000.0,log_return,yahoo,^GSPC,yfinance/yahoo-chart,raw/yahoo_SP500.csv,market-extract-4.2,2026-08-11T11:03:48+00:00,200,Adj Close|Close|High|Low|Open|Volume,,W06
2026-04-07,2026-04-07T20:00:00+00:00,True,16:00,America/New_York,SP500,S&P 500,index,index,,index_level,global,secondary,2,6616.85009765625,index_points,,4555680000.0,log_return,yahoo,^GSPC,yfinance/yahoo-chart,raw/yahoo_SP500.csv,market-extract-4.2,2026-08-11T11:03:48+00:00,200,Adj Close|Close|High|Low|Open|Volume,,W06
2026-04-08,2026-04-08T20:00:00+00:00,True,16:00,America/New_York,SP500,S&P 500,index,index,,index_level,global,secondary,2,6782.81005859375,index_points,,5904880000.0,log_return,yahoo,^GSPC,yfinance/yahoo-chart,raw/yahoo_SP500.csv,market-extract-4.2,2026-08-11T11:03:48+00:00,200,Adj Close|Close|High|Low|Open|Volume,,W06
2026-04-09,2026-04-09T20:00:00+00:00,True,16:00,America/New_York,SP500,S&P 500,index,index,,index_level,global,secondary,2,6824.66015625,index_points,,4912410000.0,log_return,yahoo,^GSPC,yfinance/yahoo-chart,raw/yahoo_SP500.csv,market-extract-4.2,2026-08-11T11:03:48+00:00,200,Adj Close|Close|High|Low|Open|Volume,,W06
2026-04-10,2026-04-10T20:00:00+00:00,True,16:00,America/New_York,SP500,S&P 500,index,index,,index_level,global,secondary,2,6816.89013671875,index_points,,4393220000.0,log_return,yahoo,^GSPC,yfinance/yahoo-chart,raw/yahoo_SP500.csv,market-extract-4.2,2026-08-11T11:03:48+00:00,200,Adj Close|Close|High|Low|Open|Volume,,W06
2026-04-13,2026-04-13T20:00:00+00:00,True,16:00,America/New_York,SP500,S&P 500,index,index,,index_level,global,secondary,2,6886.240234375,index_points,,4785840000.0,log_return,yahoo,^GSPC,yfinance/yahoo-chart,raw/yahoo_SP500.csv,market-extract-4.2,2026-08-11T11:03:48+00:00,200,Adj Close|Close|High|Low|Open|Volume,,W07
2026-04-14,2026-04-14T20:00:00+00:00,True,16:00,America/New_York,SP500,S&P 500,index,index,,index_level,global,secondary,2,6967.3798828125,index_points,,5032380000.0,log_return,yahoo,^GSPC,yfinance/yahoo-chart,raw/yahoo_SP500.csv,market-extract-4.2,2026-08-11T11:03:48+00:00,200,Adj Close|Close|High|Low|Open|Volume,,W07
2026-04-15,2026-04-15T20:00:00+00:00,True,16:00,America/New_York,SP500,S&P 500,index,index,,index_level,global,secondary,2,7022.9501953125,index_points,,5278610000.0,log_return,yahoo,^GSPC,yfinance/yahoo-chart,raw/yahoo_SP500.csv,market-extract-4.2,2026-08-11T11:03:48+00:00,200,Adj Close|Close|High|Low|Open|Volume,,W07
2026-04-16,2026-04-16T20:00:00+00:00,True,16:00,America/New_York,SP500,S&P 500,index,index,,index_level,global,secondary,2,7041.27978515625,index_points,,5173650000.0,log_return,yahoo,^GSPC,yfinance/yahoo-chart,raw/yahoo_SP500.csv,market-extract-4.2,2026-08-11T11:03:48+00:00,200,Adj Close|Close|High|Low|Open|Volume,,W07
2026-04-17,2026-04-17T20:00:00+00:00,True,16:00,America/New_York,SP500,S&P 500,index,index,,index_level,global,secondary,2,7126.06005859375,index_points,,6145300000.0,log_return,yahoo,^GSPC,yfinance/yahoo-chart,raw/yahoo_SP500.csv,market-extract-4.2,2026-08-11T11:03:48+00:00,200,Adj Close|Close|High|Low|Open|Volume,,W07
2026-04-20,2026-04-20T20:00:00+00:00,True,16:00,America/New_York,SP500,S&P 500,index,index,,index_level,global,secondary,2,7109.14013671875,index_points,,4661130000.0,log_return,yahoo,^GSPC,yfinance/yahoo-chart,raw/yahoo_SP500.csv,market-extract-4.2,2026-08-11T11:03:48+00:00,200,Adj Close|Close|High|Low|Open|Volume,,W08
2026-04-21,2026-04-21T20:00:00+00:00,True,16:00,America/New_York,SP500,S&P 500,index,index,,index_level,global,secondary,2,7064.009765625,index_points,,5160270000.0,log_return,yahoo,^GSPC,yfinance/yahoo-chart,raw/yahoo_SP500.csv,market-extract-4.2,2026-08-11T11:03:48+00:00,200,Adj Close|Close|High|Low|Open|Volume,,W08
2026-04-22,2026-04-22T20:00:00+00:00,True,16:00,America/New_York,SP500,S&P 500,index,index,,index_level,global,secondary,2,7137.89990234375,index_points,,4919460000.0,log_return,yahoo,^GSPC,yfinance/yahoo-chart,raw/yahoo_SP500.csv,market-extract-4.2,2026-08-11T11:03:48+00:00,200,Adj Close|Close|High|Low|Open|Volume,,W08
2026-04-23,2026-04-23T20:00:00+00:00,True,16:00,America/New_York,SP500,S&P 500,index,index,,index_level,global,secondary,2,7108.39990234375,index_points,,5307260000.0,log_return,yahoo,^GSPC,yfinance/yahoo-chart,raw/yahoo_SP500.csv,market-extract-4.2,2026-08-11T11:03:48+00:00,200,Adj Close|Close|High|Low|Open|Volume,,W08
2026-04-24,2026-04-24T20:00:00+00:00,True,16:00,America/New_York,SP500,S&P 500,index,index,,index_level,global,secondary,2,7165.080078125,index_points,,4608830000.0,log_return,yahoo,^GSPC,yfinance/yahoo-chart,raw/yahoo_SP500.csv,market-extract-4.2,2026-08-11T11:03:48+00:00,200,Adj Close|Close|High|Low|Open|Volume,,W08
2026-04-27,2026-04-27T20:00:00+00:00,True,16:00,America/New_York,SP500,S&P 500,index,index,,index_level,global,secondary,2,7173.91015625,index_points,,4783750000.0,log_return,yahoo,^GSPC,yfinance/yahoo-chart,raw/yahoo_SP500.csv,market-extract-4.2,2026-08-11T11:03:48+00:00,200,Adj Close|Close|High|Low|Open|Volume,,W09
2026-04-28,2026-04-28T20:00:00+00:00,True,16:00,America/New_York,SP500,S&P 500,index,index,,index_level,global,secondary,2,7138.7998046875,index_points,,4900650000.0,log_return,yahoo,^GSPC,yfinance/yahoo-chart,raw/yahoo_SP500.csv,market-extract-4.2,2026-08-11T11:03:48+00:00,200,Adj Close|Close|High|Low|Open|Volume,,W09
2026-04-29,2026-04-29T20:00:00+00:00,True,16:00,America/New_York,SP500,S&P 500,index,index,,index_level,global,secondary,2,7135.9501953125,index_points,,5123100000.0,log_return,yahoo,^GSPC,yfinance/yahoo-chart,raw/yahoo_SP500.csv,market-extract-4.2,2026-08-11T11:03:48+00:00,200,Adj Close|Close|High|Low|Open|Volume,,W09
2026-04-30,2026-04-30T20:00:00+00:00,True,16:00,America/New_York,SP500,S&P 500,index,index,,index_level,global,secondary,2,7209.009765625,index_points,,5723790000.0,log_return,yahoo,^GSPC,yfinance/yahoo-chart,raw/yahoo_SP500.csv,market-extract-4.2,2026-08-11T11:03:48+00:00,200,Adj Close|Close|High|Low|Open|Volume,,W09
2026-05-01,2026-05-01T20:00:00+00:00,True,16:00,America/New_York,SP500,S&P 500,index,index,,index_level,global,secondary,2,7230.1201171875,index_points,,4847390000.0,log_return,yahoo,^GSPC,yfinance/yahoo-chart,raw/yahoo_SP500.csv,market-extract-4.2,2026-08-11T11:03:48+00:00,200,Adj Close|Close|High|Low|Open|Volume,,W09
2026-05-04,2026-05-04T20:00:00+00:00,True,16:00,America/New_York,SP500,S&P 500,index,index,,index_level,global,secondary,2,7200.75,index_points,,5215480000.0,log_return,yahoo,^GSPC,yfinance/yahoo-chart,raw/yahoo_SP500.csv,market-extract-4.2,2026-08-11T11:03:48+00:00,200,Adj Close|Close|High|Low|Open|Volume,,W10
2026-05-05,2026-05-05T20:00:00+00:00,True,16:00,America/New_York,SP500,S&P 500,index,index,,index_level,global,secondary,2,7259.22021484375,index_points,,5279760000.0,log_return,yahoo,^GSPC,yfinance/yahoo-chart,raw/yahoo_SP500.csv,market-extract-4.2,2026-08-11T11:03:48+00:00,200,Adj Close|Close|High|Low|Open|Volume,,W10
2026-05-06,2026-05-06T20:00:00+00:00,True,16:00,America/New_York,SP500,S&P 500,index,index,,index_level,global,secondary,2,7365.1201171875,index_points,,6579640000.0,log_return,yahoo,^GSPC,yfinance/yahoo-chart,raw/yahoo_SP500.csv,market-extract-4.2,2026-08-11T11:03:48+00:00,200,Adj Close|Close|High|Low|Open|Volume,,W10
2026-05-07,2026-05-07T20:00:00+00:00,True,16:00,America/New_York,SP500,S&P 500,index,index,,index_level,global,secondary,2,7337.10986328125,index_points,,6237040000.0,log_return,yahoo,^GSPC,yfinance/yahoo-chart,raw/yahoo_SP500.csv,market-extract-4.2,2026-08-11T11:03:48+00:00,200,Adj Close|Close|High|Low|Open|Volume,,W10
2026-05-08,2026-05-08T20:00:00+00:00,True,16:00,America/New_York,SP500,S&P 500,index,index,,index_level,global,secondary,2,7398.93017578125,index_points,,5302740000.0,log_return,yahoo,^GSPC,yfinance/yahoo-chart,raw/yahoo_SP500.csv,market-extract-4.2,2026-08-11T11:03:48+00:00,200,Adj Close|Close|High|Low|Open|Volume,,W10
2026-05-11,2026-05-11T20:00:00+00:00,True,16:00,America/New_York,SP500,S&P 500,index,index,,index_level,global,secondary,2,7412.83984375,index_points,,5821910000.0,log_return,yahoo,^GSPC,yfinance/yahoo-chart,raw/yahoo_SP500.csv,market-extract-4.2,2026-08-11T11:03:48+00:00,200,Adj Close|Close|High|Low|Open|Volume,,W11
2026-05-12,2026-05-12T20:00:00+00:00,True,16:00,America/New_York,SP500,S&P 500,index,index,,index_level,global,secondary,2,7400.9599609375,index_points,,5624790000.0,log_return,yahoo,^GSPC,yfinance/yahoo-chart,raw/yahoo_SP500.csv,market-extract-4.2,2026-08-11T11:03:48+00:00,200,Adj Close|Close|High|Low|Open|Volume,,W11
2026-05-13,2026-05-13T20:00:00+00:00,True,16:00,America/New_York,SP500,S&P 500,index,index,,index_level,global,secondary,2,7444.25,index_points,,5716600000.0,log_return,yahoo,^GSPC,yfinance/yahoo-chart,raw/yahoo_SP500.csv,market-extract-4.2,2026-08-11T11:03:48+00:00,200,Adj Close|Close|High|Low|Open|Volume,,W11
2026-05-14,2026-05-14T20:00:00+00:00,True,16:00,America/New_York,SP500,S&P 500,index,index,,index_level,global,secondary,2,7501.240234375,index_points,,5267050000.0,log_return,yahoo,^GSPC,yfinance/yahoo-chart,raw/yahoo_SP500.csv,market-extract-4.2,2026-08-11T11:03:48+00:00,200,Adj Close|Close|High|Low|Open|Volume,,W11
2026-05-15,2026-05-15T20:00:00+00:00,True,16:00,America/New_York,SP500,S&P 500,index,index,,index_level,global,secondary,2,7408.5,index_points,,5582070000.0,log_return,yahoo,^GSPC,yfinance/yahoo-chart,raw/yahoo_SP500.csv,market-extract-4.2,2026-08-11T11:03:48+00:00,200,Adj Close|Close|High|Low|Open|Volume,,W11
2026-05-18,2026-05-18T20:00:00+00:00,True,16:00,America/New_York,SP500,S&P 500,index,index,,index_level,global,secondary,2,7403.0498046875,index_points,,5489500000.0,log_return,yahoo,^GSPC,yfinance/yahoo-chart,raw/yahoo_SP500.csv,market-extract-4.2,2026-08-11T11:03:48+00:00,200,Adj Close|Close|High|Low|Open|Volume,,W12
2026-05-19,2026-05-19T20:00:00+00:00,True,16:00,America/New_York,SP500,S&P 500,index,index,,index_level,global,secondary,2,7353.60986328125,index_points,,5441140000.0,log_return,yahoo,^GSPC,yfinance/yahoo-chart,raw/yahoo_SP500.csv,market-extract-4.2,2026-08-11T11:03:48+00:00,200,Adj Close|Close|High|Low|Open|Volume,,W12
2026-05-20,2026-05-20T20:00:00+00:00,True,16:00,America/New_York,SP500,S&P 500,index,index,,index_level,global,secondary,2,7432.97021484375,index_points,,5384150000.0,log_return,yahoo,^GSPC,yfinance/yahoo-chart,raw/yahoo_SP500.csv,market-extract-4.2,2026-08-11T11:03:48+00:00,200,Adj Close|Close|High|Low|Open|Volume,,W12
2026-05-21,2026-05-21T20:00:00+00:00,True,16:00,America/New_York,SP500,S&P 500,index,index,,index_level,global,secondary,2,7445.72021484375,index_points,,5440620000.0,log_return,yahoo,^GSPC,yfinance/yahoo-chart,raw/yahoo_SP500.csv,market-extract-4.2,2026-08-11T11:03:48+00:00,200,Adj Close|Close|High|Low|Open|Volume,,W12
2026-05-22,2026-05-22T20:00:00+00:00,True,16:00,America/New_York,SP500,S&P 500,index,index,,index_level,global,secondary,2,7473.47021484375,index_points,,4952440000.0,log_return,yahoo,^GSPC,yfinance/yahoo-chart,raw/yahoo_SP500.csv,market-extract-4.2,2026-08-11T11:03:48+00:00,200,Adj Close|Close|High|Low|Open|Volume,,W12
2026-05-26,2026-05-26T20:00:00+00:00,True,16:00,America/New_York,SP500,S&P 500,index,index,,index_level,global,secondary,2,7519.1201171875,index_points,,5496060000.0,log_return,yahoo,^GSPC,yfinance/yahoo-chart,raw/yahoo_SP500.csv,market-extract-4.2,2026-08-11T11:03:48+00:00,200,Adj Close|Close|High|Low|Open|Volume,,W13
2026-05-27,2026-05-27T20:00:00+00:00,True,16:00,America/New_York,SP500,S&P 500,index,index,,index_level,global,secondary,2,7520.35986328125,index_points,,5524250000.0,log_return,yahoo,^GSPC,yfinance/yahoo-chart,raw/yahoo_SP500.csv,market-extract-4.2,2026-08-11T11:03:48+00:00,200,Adj Close|Close|High|Low|Open|Volume,,W13
2026-05-28,2026-05-28T20:00:00+00:00,True,16:00,America/New_York,SP500,S&P 500,index,index,,index_level,global,secondary,2,7563.6298828125,index_points,,5494860000.0,log_return,yahoo,^GSPC,yfinance/yahoo-chart,raw/yahoo_SP500.csv,market-extract-4.2,2026-08-11T11:03:48+00:00,200,Adj Close|Close|High|Low|Open|Volume,,W13
2026-05-29,2026-05-29T20:00:00+00:00,True,16:00,America/New_York,SP500,S&P 500,index,index,,index_level,global,secondary,2,7580.06005859375,index_points,,7858290000.0,log_return,yahoo,^GSPC,yfinance/yahoo-chart,raw/yahoo_SP500.csv,market-extract-4.2,2026-08-11T11:03:48+00:00,200,Adj Close|Close|High|Low|Open|Volume,,W13
2026-06-01,2026-06-01T20:00:00+00:00,True,16:00,America/New_York,SP500,S&P 500,index,index,,index_level,global,secondary,2,7599.9599609375,index_points,,6583960000.0,log_return,yahoo,^GSPC,yfinance/yahoo-chart,raw/yahoo_SP500.csv,market-extract-4.2,2026-08-11T11:03:48+00:00,200,Adj Close|Close|High|Low|Open|Volume,,W14
2026-06-02,2026-06-02T20:00:00+00:00,True,16:00,America/New_York,SP500,S&P 500,index,index,,index_level,global,secondary,2,7609.77978515625,index_points,,5904410000.0,log_return,yahoo,^GSPC,yfinance/yahoo-chart,raw/yahoo_SP500.csv,market-extract-4.2,2026-08-11T11:03:48+00:00,200,Adj Close|Close|High|Low|Open|Volume,,W14
2026-06-03,2026-06-03T20:00:00+00:00,True,16:00,America/New_York,SP500,S&P 500,index,index,,index_level,global,secondary,2,7553.68017578125,index_points,,5753860000.0,log_return,yahoo,^GSPC,yfinance/yahoo-chart,raw/yahoo_SP500.csv,market-extract-4.2,2026-08-11T11:03:48+00:00,200,Adj Close|Close|High|Low|Open|Volume,,W14
2026-06-04,2026-06-04T20:00:00+00:00,True,16:00,America/New_York,SP500,S&P 500,index,index,,index_level,global,secondary,2,7584.31005859375,index_points,,5398910000.0,log_return,yahoo,^GSPC,yfinance/yahoo-chart,raw/yahoo_SP500.csv,market-extract-4.2,2026-08-11T11:03:48+00:00,200,Adj Close|Close|High|Low|Open|Volume,,W14
2026-06-05,2026-06-05T20:00:00+00:00,True,16:00,America/New_York,SP500,S&P 500,index,index,,index_level,global,secondary,2,7383.740234375,index_points,,5591290000.0,log_return,yahoo,^GSPC,yfinance/yahoo-chart,raw/yahoo_SP500.csv,market-extract-4.2,2026-08-11T11:03:48+00:00,200,Adj Close|Close|High|Low|Open|Volume,,W14
2026-06-08,2026-06-08T20:00:00+00:00,True,16:00,America/New_York,SP500,S&P 500,index,index,,index_level,global,secondary,2,7405.72998046875,index_points,,4898180000.0,log_return,yahoo,^GSPC,yfinance/yahoo-chart,raw/yahoo_SP500.csv,market-extract-4.2,2026-08-11T11:03:48+00:00,200,Adj Close|Close|High|Low|Open|Volume,,W15
2026-06-09,2026-06-09T20:00:00+00:00,True,16:00,America/New_York,SP500,S&P 500,index,index,,index_level,global,secondary,2,7386.64990234375,index_points,,6006390000.0,log_return,yahoo,^GSPC,yfinance/yahoo-chart,raw/yahoo_SP500.csv,market-extract-4.2,2026-08-11T11:03:48+00:00,200,Adj Close|Close|High|Low|Open|Volume,,W15
2026-06-10,2026-06-10T20:00:00+00:00,True,16:00,America/New_York,SP500,S&P 500,index,index,,index_level,global,secondary,2,7266.990234375,index_points,,5247300000.0,log_return,yahoo,^GSPC,yfinance/yahoo-chart,raw/yahoo_SP500.csv,market-extract-4.2,2026-08-11T11:03:48+00:00,200,Adj Close|Close|High|Low|Open|Volume,,W15
2026-06-11,2026-06-11T20:00:00+00:00,True,16:00,America/New_York,SP500,S&P 500,index,index,,index_level,global,secondary,2,7394.2998046875,index_points,,5658920000.0,log_return,yahoo,^GSPC,yfinance/yahoo-chart,raw/yahoo_SP500.csv,market-extract-4.2,2026-08-11T11:03:48+00:00,200,Adj Close|Close|High|Low|Open|Volume,,W15
2026-06-12,2026-06-12T20:00:00+00:00,True,16:00,America/New_York,SP500,S&P 500,index,index,,index_level,global,secondary,2,7431.4599609375,index_points,,4950530000.0,log_return,yahoo,^GSPC,yfinance/yahoo-chart,raw/yahoo_SP500.csv,market-extract-4.2,2026-08-11T11:03:48+00:00,200,Adj Close|Close|High|Low|Open|Volume,,W15
2026-06-15,2026-06-15T20:00:00+00:00,True,16:00,America/New_York,SP500,S&P 500,index,index,,index_level,global,secondary,2,7554.2900390625,index_points,,5674670000.0,log_return,yahoo,^GSPC,yfinance/yahoo-chart,raw/yahoo_SP500.csv,market-extract-4.2,2026-08-11T11:03:48+00:00,200,Adj Close|Close|High|Low|Open|Volume,,W16
2026-06-16,2026-06-16T20:00:00+00:00,True,16:00,America/New_York,SP500,S&P 500,index,index,,index_level,global,secondary,2,7511.35009765625,index_points,,5286210000.0,log_return,yahoo,^GSPC,yfinance/yahoo-chart,raw/yahoo_SP500.csv,market-extract-4.2,2026-08-11T11:03:48+00:00,200,Adj Close|Close|High|Low|Open|Volume,,W16
2026-06-17,2026-06-17T20:00:00+00:00,True,16:00,America/New_York,SP500,S&P 500,index,index,,index_level,global,secondary,2,7420.10009765625,index_points,,5883740000.0,log_return,yahoo,^GSPC,yfinance/yahoo-chart,raw/yahoo_SP500.csv,market-extract-4.2,2026-08-11T11:03:48+00:00,200,Adj Close|Close|High|Low|Open|Volume,,W16
2026-06-18,2026-06-18T20:00:00+00:00,True,16:00,America/New_York,SP500,S&P 500,index,index,,index_level,global,secondary,2,7500.580078125,index_points,,9061110000.0,log_return,yahoo,^GSPC,yfinance/yahoo-chart,raw/yahoo_SP500.csv,market-extract-4.2,2026-08-11T11:03:48+00:00,200,Adj Close|Close|High|Low|Open|Volume,,W16
2026-06-22,2026-06-22T20:00:00+00:00,True,16:00,America/New_York,SP500,S&P 500,index,index,,index_level,global,secondary,2,7472.7900390625,index_points,,5976740000.0,log_return,yahoo,^GSPC,yfinance/yahoo-chart,raw/yahoo_SP500.csv,market-extract-4.2,2026-08-11T11:03:48+00:00,200,Adj Close|Close|High|Low|Open|Volume,,W17
2026-06-23,2026-06-23T20:00:00+00:00,True,16:00,America/New_York,SP500,S&P 500,index,index,,index_level,global,secondary,2,7365.4599609375,index_points,,5640530000.0,log_return,yahoo,^GSPC,yfinance/yahoo-chart,raw/yahoo_SP500.csv,market-extract-4.2,2026-08-11T11:03:48+00:00,200,Adj Close|Close|High|Low|Open|Volume,,W17
2026-06-24,2026-06-24T20:00:00+00:00,True,16:00,America/New_York,SP500,S&P 500,index,index,,index_level,global,secondary,2,7358.22021484375,index_points,,5994860000.0,log_return,yahoo,^GSPC,yfinance/yahoo-chart,raw/yahoo_SP500.csv,market-extract-4.2,2026-08-11T11:03:48+00:00,200,Adj Close|Close|High|Low|Open|Volume,,W17
2026-06-25,2026-06-25T20:00:00+00:00,True,16:00,America/New_York,SP500,S&P 500,index,index,,index_level,global,secondary,2,7357.490234375,index_points,,5565760000.0,log_return,yahoo,^GSPC,yfinance/yahoo-chart,raw/yahoo_SP500.csv,market-extract-4.2,2026-08-11T11:03:48+00:00,200,Adj Close|Close|High|Low|Open|Volume,,W17
2026-06-26,2026-06-26T20:00:00+00:00,True,16:00,America/New_York,SP500,S&P 500,index,index,,index_level,global,secondary,2,7354.02001953125,index_points,,9105600000.0,log_return,yahoo,^GSPC,yfinance/yahoo-chart,raw/yahoo_SP500.csv,market-extract-4.2,2026-08-11T11:03:48+00:00,200,Adj Close|Close|High|Low|Open|Volume,,W17
2026-06-29,2026-06-29T20:00:00+00:00,True,16:00,America/New_York,SP500,S&P 500,index,index,,index_level,global,secondary,2,7440.43017578125,index_points,,5794570000.0,log_return,yahoo,^GSPC,yfinance/yahoo-chart,raw/yahoo_SP500.csv,market-extract-4.2,2026-08-11T11:03:48+00:00,200,Adj Close|Close|High|Low|Open|Volume,,W18
2026-06-30,2026-06-30T20:00:00+00:00,True,16:00,America/New_York,SP500,S&P 500,index,index,,index_level,global,secondary,2,7499.35986328125,index_points,,6037540000.0,log_return,yahoo,^GSPC,yfinance/yahoo-chart,raw/yahoo_SP500.csv,market-extract-4.2,2026-08-11T11:03:48+00:00,200,Adj Close|Close|High|Low|Open|Volume,,W18
2026-07-01,2026-07-01T20:00:00+00:00,True,16:00,America/New_York,SP500,S&P 500,index,index,,index_level,global,secondary,2,7483.22998046875,index_points,,5782730000.0,log_return,yahoo,^GSPC,yfinance/yahoo-chart,raw/yahoo_SP500.csv,market-extract-4.2,2026-08-11T11:03:48+00:00,200,Adj Close|Close|High|Low|Open|Volume,,W18
2026-07-02,2026-07-02T20:00:00+00:00,True,16:00,America/New_York,SP500,S&P 500,index,index,,index_level,global,secondary,2,7483.240234375,index_points,,5463520000.0,log_return,yahoo,^GSPC,yfinance/yahoo-chart,raw/yahoo_SP500.csv,market-extract-4.2,2026-08-11T11:03:48+00:00,200,Adj Close|Close|High|Low|Open|Volume,,W18
2026-07-06,2026-07-06T20:00:00+00:00,True,16:00,America/New_York,SP500,S&P 500,index,index,,index_level,global,secondary,2,7537.43017578125,index_points,,4971110000.0,log_return,yahoo,^GSPC,yfinance/yahoo-chart,raw/yahoo_SP500.csv,market-extract-4.2,2026-08-11T11:03:48+00:00,200,Adj Close|Close|High|Low|Open|Volume,,W19
2026-07-07,2026-07-07T20:00:00+00:00,True,16:00,America/New_York,SP500,S&P 500,index,index,,index_level,global,secondary,2,7503.85009765625,index_points,,5049590000.0,log_return,yahoo,^GSPC,yfinance/yahoo-chart,raw/yahoo_SP500.csv,market-extract-4.2,2026-08-11T11:03:48+00:00,200,Adj Close|Close|High|Low|Open|Volume,,W19
2026-07-08,2026-07-08T20:00:00+00:00,True,16:00,America/New_York,SP500,S&P 500,index,index,,index_level,global,secondary,2,7482.7099609375,index_points,,5102020000.0,log_return,yahoo,^GSPC,yfinance/yahoo-chart,raw/yahoo_SP500.csv,market-extract-4.2,2026-08-11T11:03:48+00:00,200,Adj Close|Close|High|Low|Open|Volume,,W19
2026-07-09,2026-07-09T20:00:00+00:00,True,16:00,America/New_York,SP500,S&P 500,index,index,,index_level,global,secondary,2,7543.64013671875,index_points,,4442950000.0,log_return,yahoo,^GSPC,yfinance/yahoo-chart,raw/yahoo_SP500.csv,market-extract-4.2,2026-08-11T11:03:48+00:00,200,Adj Close|Close|High|Low|Open|Volume,,W19
2026-07-10,2026-07-10T20:00:00+00:00,True,16:00,America/New_York,SP500,S&P 500,index,index,,index_level,global,secondary,2,7575.39013671875,index_points,,4006370000.0,log_return,yahoo,^GSPC,yfinance/yahoo-chart,raw/yahoo_SP500.csv,market-extract-4.2,2026-08-11T11:03:48+00:00,200,Adj Close|Close|High|Low|Open|Volume,,W19
2026-07-13,2026-07-13T20:00:00+00:00,True,16:00,America/New_York,SP500,S&P 500,index,index,,index_level,global,secondary,2,7515.33984375,index_points,,4729990000.0,log_return,yahoo,^GSPC,yfinance/yahoo-chart,raw/yahoo_SP500.csv,market-extract-4.2,2026-08-11T11:03:48+00:00,200,Adj Close|Close|High|Low|Open|Volume,,W20
2026-07-14,2026-07-14T20:00:00+00:00,True,16:00,America/New_York,SP500,S&P 500,index,index,,index_level,global,secondary,2,7543.58984375,index_points,,4836950000.0,log_return,yahoo,^GSPC,yfinance/yahoo-chart,raw/yahoo_SP500.csv,market-extract-4.2,2026-08-11T11:03:48+00:00,200,Adj Close|Close|High|Low|Open|Volume,,W20
2026-07-15,2026-07-15T20:00:00+00:00,True,16:00,America/New_York,SP500,S&P 500,index,index,,index_level,global,secondary,2,7572.39990234375,index_points,,5236550000.0,log_return,yahoo,^GSPC,yfinance/yahoo-chart,raw/yahoo_SP500.csv,market-extract-4.2,2026-08-11T11:03:48+00:00,200,Adj Close|Close|High|Low|Open|Volume,,W20
2026-07-16,2026-07-16T20:00:00+00:00,True,16:00,America/New_York,SP500,S&P 500,index,index,,index_level,global,secondary,2,7533.77001953125,index_points,,5365300000.0,log_return,yahoo,^GSPC,yfinance/yahoo-chart,raw/yahoo_SP500.csv,market-extract-4.2,2026-08-11T11:03:48+00:00,200,Adj Close|Close|High|Low|Open|Volume,,W20
2026-07-17,2026-07-17T20:00:00+00:00,True,16:00,America/New_York,SP500,S&P 500,index,index,,index_level,global,secondary,2,7457.68994140625,index_points,,5303290000.0,log_return,yahoo,^GSPC,yfinance/yahoo-chart,raw/yahoo_SP500.csv,market-extract-4.2,2026-08-11T11:03:48+00:00,200,Adj Close|Close|High|Low|Open|Volume,,W20
2026-07-20,2026-07-20T20:00:00+00:00,True,16:00,America/New_York,SP500,S&P 500,index,index,,index_level,global,secondary,2,7443.27978515625,index_points,,5152910000.0,log_return,yahoo,^GSPC,yfinance/yahoo-chart,raw/yahoo_SP500.csv,market-extract-4.2,2026-08-11T11:03:48+00:00,200,Adj Close|Close|High|Low|Open|Volume,,W21
2026-07-21,2026-07-21T20:00:00+00:00,True,16:00,America/New_York,SP500,S&P 500,index,index,,index_level,global,secondary,2,7509.2001953125,index_points,,5149030000.0,log_return,yahoo,^GSPC,yfinance/yahoo-chart,raw/yahoo_SP500.csv,market-extract-4.2,2026-08-11T11:03:48+00:00,200,Adj Close|Close|High|Low|Open|Volume,,W21
2026-07-22,2026-07-22T20:00:00+00:00,True,16:00,America/New_York,SP500,S&P 500,index,index,,index_level,global,secondary,2,7498.9599609375,index_points,,4890390000.0,log_return,yahoo,^GSPC,yfinance/yahoo-chart,raw/yahoo_SP500.csv,market-extract-4.2,2026-08-11T11:03:48+00:00,200,Adj Close|Close|High|Low|Open|Volume,,W21
2026-03-02,2026-03-02T15:25:00+00:00,True,17:25,Asia/Jerusalem,TA125,Tel Aviv TA-125 Index,index,index,,index_level,global,secondary,3,4262.81005859375,index_points,,117780300.0,log_return,yahoo,^TA125.TA,yfinance/yahoo-chart,raw/yahoo_TA125.csv,market-extract-4.2,2026-08-11T11:03:48+00:00,200,Adj Close|Close|High|Low|Open|Volume,,W01
2026-03-04,2026-03-04T15:25:00+00:00,True,17:25,Asia/Jerusalem,TA125,Tel Aviv TA-125 Index,index,index,,index_level,global,secondary,3,4267.759765625,index_points,,97894100.0,log_return,yahoo,^TA125.TA,yfinance/yahoo-chart,raw/yahoo_TA125.csv,market-extract-4.2,2026-08-11T11:03:48+00:00,200,Adj Close|Close|High|Low|Open|Volume,,W01
2026-03-05,2026-03-05T15:25:00+00:00,True,17:25,Asia/Jerusalem,TA125,Tel Aviv TA-125 Index,index,index,,index_level,global,secondary,3,4331.85009765625,index_points,,89849600.0,log_return,yahoo,^TA125.TA,yfinance/yahoo-chart,raw/yahoo_TA125.csv,market-extract-4.2,2026-08-11T11:03:48+00:00,200,Adj Close|Close|High|Low|Open|Volume,,W01
2026-03-06,2026-03-06T15:25:00+00:00,True,17:25,Asia/Jerusalem,TA125,Tel Aviv TA-125 Index,index,index,,index_level,global,secondary,3,4329.5400390625,index_points,,51141000.0,log_return,yahoo,^TA125.TA,yfinance/yahoo-chart,raw/yahoo_TA125.csv,market-extract-4.2,2026-08-11T11:03:48+00:00,200,Adj Close|Close|High|Low|Open|Volume,,W01
2026-03-09,2026-03-09T15:25:00+00:00,True,17:25,Asia/Jerusalem,TA125,Tel Aviv TA-125 Index,index,index,,index_level,global,secondary,3,4204.759765625,index_points,,124666900.0,log_return,yahoo,^TA125.TA,yfinance/yahoo-chart,raw/yahoo_TA125.csv,market-extract-4.2,2026-08-11T11:03:48+00:00,200,Adj Close|Close|High|Low|Open|Volume,,W02
2026-03-10,2026-03-10T15:25:00+00:00,True,17:25,Asia/Jerusalem,TA125,Tel Aviv TA-125 Index,index,index,,index_level,global,secondary,3,4155.56982421875,index_points,,85825200.0,log_return,yahoo,^TA125.TA,yfinance/yahoo-chart,raw/yahoo_TA125.csv,market-extract-4.2,2026-08-11T11:03:48+00:00,200,Adj Close|Close|High|Low|Open|Volume,,W02
2026-03-11,2026-03-11T15:25:00+00:00,True,17:25,Asia/Jerusalem,TA125,Tel Aviv TA-125 Index,index,index,,index_level,global,secondary,3,4164.1298828125,index_points,,88620100.0,log_return,yahoo,^TA125.TA,yfinance/yahoo-chart,raw/yahoo_TA125.csv,market-extract-4.2,2026-08-11T11:03:48+00:00,200,Adj Close|Close|High|Low|Open|Volume,,W02
2026-03-12,2026-03-12T15:25:00+00:00,True,17:25,Asia/Jerusalem,TA125,Tel Aviv TA-125 Index,index,index,,index_level,global,secondary,3,4095.419921875,index_points,,79274700.0,log_return,yahoo,^TA125.TA,yfinance/yahoo-chart,raw/yahoo_TA125.csv,market-extract-4.2,2026-08-11T11:03:48+00:00,200,Adj Close|Close|High|Low|Open|Volume,,W02
2026-03-13,2026-03-13T15:25:00+00:00,True,17:25,Asia/Jerusalem,TA125,Tel Aviv TA-125 Index,index,index,,index_level,global,secondary,3,4118.08984375,index_points,,39355000.0,log_return,yahoo,^TA125.TA,yfinance/yahoo-chart,raw/yahoo_TA125.csv,market-extract-4.2,2026-08-11T11:03:48+00:00,200,Adj Close|Close|High|Low|Open|Volume,,W02
2026-03-16,2026-03-16T15:25:00+00:00,True,17:25,Asia/Jerusalem,TA125,Tel Aviv TA-125 Index,index,index,,index_level,global,secondary,3,4115.259765625,index_points,,79675100.0,log_return,yahoo,^TA125.TA,yfinance/yahoo-chart,raw/yahoo_TA125.csv,market-extract-4.2,2026-08-11T11:03:48+00:00,200,Adj Close|Close|High|Low|Open|Volume,,W03
2026-03-17,2026-03-17T15:25:00+00:00,True,17:25,Asia/Jerusalem,TA125,Tel Aviv TA-125 Index,index,index,,index_level,global,secondary,3,4179.35009765625,index_points,,68162200.0,log_return,yahoo,^TA125.TA,yfinance/yahoo-chart,raw/yahoo_TA125.csv,market-extract-4.2,2026-08-11T11:03:48+00:00,200,Adj Close|Close|High|Low|Open|Volume,,W03
2026-03-18,2026-03-18T15:25:00+00:00,True,17:25,Asia/Jerusalem,TA125,Tel Aviv TA-125 Index,index,index,,index_level,global,secondary,3,4229.2099609375,index_points,,76939400.0,log_return,yahoo,^TA125.TA,yfinance/yahoo-chart,raw/yahoo_TA125.csv,market-extract-4.2,2026-08-11T11:03:48+00:00,200,Adj Close|Close|High|Low|Open|Volume,,W03
2026-03-19,2026-03-19T15:25:00+00:00,True,17:25,Asia/Jerusalem,TA125,Tel Aviv TA-125 Index,index,index,,index_level,global,secondary,3,4231.240234375,index_points,,87852000.0,log_return,yahoo,^TA125.TA,yfinance/yahoo-chart,raw/yahoo_TA125.csv,market-extract-4.2,2026-08-11T11:03:48+00:00,200,Adj Close|Close|High|Low|Open|Volume,,W03
2026-03-20,2026-03-20T15:25:00+00:00,True,17:25,Asia/Jerusalem,TA125,Tel Aviv TA-125 Index,index,index,,index_level,global,secondary,3,4243.02978515625,index_points,,99655800.0,log_return,yahoo,^TA125.TA,yfinance/yahoo-chart,raw/yahoo_TA125.csv,market-extract-4.2,2026-08-11T11:03:48+00:00,200,Adj Close|Close|High|Low|Open|Volume,,W03
2026-03-23,2026-03-23T15:25:00+00:00,True,17:25,Asia/Jerusalem,TA125,Tel Aviv TA-125 Index,index,index,,index_level,global,secondary,3,4222.22021484375,index_points,,93983300.0,log_return,yahoo,^TA125.TA,yfinance/yahoo-chart,raw/yahoo_TA125.csv,market-extract-4.2,2026-08-11T11:03:48+00:00,200,Adj Close|Close|High|Low|Open|Volume,,W04
2026-03-24,2026-03-24T15:25:00+00:00,True,17:25,Asia/Jerusalem,TA125,Tel Aviv TA-125 Index,index,index,,index_level,global,secondary,3,4170.43017578125,index_points,,65993000.0,log_return,yahoo,^TA125.TA,yfinance/yahoo-chart,raw/yahoo_TA125.csv,market-extract-4.2,2026-08-11T11:03:48+00:00,200,Adj Close|Close|High|Low|Open|Volume,,W04
2026-03-25,2026-03-25T15:25:00+00:00,True,17:25,Asia/Jerusalem,TA125,Tel Aviv TA-125 Index,index,index,,index_level,global,secondary,3,4205.6201171875,index_points,,97915100.0,log_return,yahoo,^TA125.TA,yfinance/yahoo-chart,raw/yahoo_TA125.csv,market-extract-4.2,2026-08-11T11:03:48+00:00,200,Adj Close|Close|High|Low|Open|Volume,,W04
2026-03-26,2026-03-26T15:25:00+00:00,True,17:25,Asia/Jerusalem,TA125,Tel Aviv TA-125 Index,index,index,,index_level,global,secondary,3,4168.64013671875,index_points,,72584000.0,log_return,yahoo,^TA125.TA,yfinance/yahoo-chart,raw/yahoo_TA125.csv,market-extract-4.2,2026-08-11T11:03:48+00:00,200,Adj Close|Close|High|Low|Open|Volume,,W04
2026-03-27,2026-03-27T14:25:00+00:00,True,17:25,Asia/Jerusalem,TA125,Tel Aviv TA-125 Index,index,index,,index_level,global,secondary,3,4021.340087890625,index_points,,87208000.0,log_return,yahoo,^TA125.TA,yfinance/yahoo-chart,raw/yahoo_TA125.csv,market-extract-4.2,2026-08-11T11:03:48+00:00,200,Adj Close|Close|High|Low|Open|Volume,,W04
2026-03-30,2026-03-30T14:25:00+00:00,True,17:25,Asia/Jerusalem,TA125,Tel Aviv TA-125 Index,index,index,,index_level,global,secondary,3,3941.780029296875,index_points,,123859600.0,log_return,yahoo,^TA125.TA,yfinance/yahoo-chart,raw/yahoo_TA125.csv,market-extract-4.2,2026-08-11T11:03:48+00:00,200,Adj Close|Close|High|Low|Open|Volume,,W05
2026-03-31,2026-03-31T14:25:00+00:00,True,17:25,Asia/Jerusalem,TA125,Tel Aviv TA-125 Index,index,index,,index_level,global,secondary,3,4016.7900390625,index_points,,98906000.0,log_return,yahoo,^TA125.TA,yfinance/yahoo-chart,raw/yahoo_TA125.csv,market-extract-4.2,2026-08-11T11:03:48+00:00,200,Adj Close|Close|High|Low|Open|Volume,,W05
2026-04-03,2026-04-03T14:25:00+00:00,True,17:25,Asia/Jerusalem,TA125,Tel Aviv TA-125 Index,index,index,,index_level,global,secondary,3,4107.919921875,index_points,,37043400.0,log_return,yahoo,^TA125.TA,yfinance/yahoo-chart,raw/yahoo_TA125.csv,market-extract-4.2,2026-08-11T11:03:48+00:00,200,Adj Close|Close|High|Low|Open|Volume,,W05
2026-04-06,2026-04-06T14:25:00+00:00,True,17:25,Asia/Jerusalem,TA125,Tel Aviv TA-125 Index,index,index,,index_level,global,secondary,3,4156.64990234375,index_points,,54793100.0,log_return,yahoo,^TA125.TA,yfinance/yahoo-chart,raw/yahoo_TA125.csv,market-extract-4.2,2026-08-11T11:03:48+00:00,200,Adj Close|Close|High|Low|Open|Volume,,W06
2026-04-09,2026-04-09T14:25:00+00:00,True,17:25,Asia/Jerusalem,TA125,Tel Aviv TA-125 Index,index,index,,index_level,global,secondary,3,4255.830078125,index_points,,98013500.0,log_return,yahoo,^TA125.TA,yfinance/yahoo-chart,raw/yahoo_TA125.csv,market-extract-4.2,2026-08-11T11:03:48+00:00,200,Adj Close|Close|High|Low|Open|Volume,,W06
2026-04-10,2026-04-10T14:25:00+00:00,True,17:25,Asia/Jerusalem,TA125,Tel Aviv TA-125 Index,index,index,,index_level,global,secondary,3,4335.72021484375,index_points,,74474400.0,log_return,yahoo,^TA125.TA,yfinance/yahoo-chart,raw/yahoo_TA125.csv,market-extract-4.2,2026-08-11T11:03:48+00:00,200,Adj Close|Close|High|Low|Open|Volume,,W06
2026-04-13,2026-04-13T14:25:00+00:00,True,17:25,Asia/Jerusalem,TA125,Tel Aviv TA-125 Index,index,index,,index_level,global,secondary,3,4273.0400390625,index_points,,68582900.0,log_return,yahoo,^TA125.TA,yfinance/yahoo-chart,raw/yahoo_TA125.csv,market-extract-4.2,2026-08-11T11:03:48+00:00,200,Adj Close|Close|High|Low|Open|Volume,,W07
2026-04-14,2026-04-14T14:25:00+00:00,True,17:25,Asia/Jerusalem,TA125,Tel Aviv TA-125 Index,index,index,,index_level,global,secondary,3,4335.080078125,index_points,,83847800.0,log_return,yahoo,^TA125.TA,yfinance/yahoo-chart,raw/yahoo_TA125.csv,market-extract-4.2,2026-08-11T11:03:48+00:00,200,Adj Close|Close|High|Low|Open|Volume,,W07
2026-04-15,2026-04-15T14:25:00+00:00,True,17:25,Asia/Jerusalem,TA125,Tel Aviv TA-125 Index,index,index,,index_level,global,secondary,3,4310.83984375,index_points,,70825900.0,log_return,yahoo,^TA125.TA,yfinance/yahoo-chart,raw/yahoo_TA125.csv,market-extract-4.2,2026-08-11T11:03:48+00:00,200,Adj Close|Close|High|Low|Open|Volume,,W07
2026-04-16,2026-04-16T14:25:00+00:00,True,17:25,Asia/Jerusalem,TA125,Tel Aviv TA-125 Index,index,index,,index_level,global,secondary,3,4263.8701171875,index_points,,71029100.0,log_return,yahoo,^TA125.TA,yfinance/yahoo-chart,raw/yahoo_TA125.csv,market-extract-4.2,2026-08-11T11:03:48+00:00,200,Adj Close|Close|High|Low|Open|Volume,,W07
2026-04-17,2026-04-17T14:25:00+00:00,True,17:25,Asia/Jerusalem,TA125,Tel Aviv TA-125 Index,index,index,,index_level,global,secondary,3,4309.02978515625,index_points,,47212500.0,log_return,yahoo,^TA125.TA,yfinance/yahoo-chart,raw/yahoo_TA125.csv,market-extract-4.2,2026-08-11T11:03:48+00:00,200,Adj Close|Close|High|Low|Open|Volume,,W07
2026-04-20,2026-04-20T14:25:00+00:00,True,17:25,Asia/Jerusalem,TA125,Tel Aviv TA-125 Index,index,index,,index_level,global,secondary,3,4327.8701171875,index_points,,69892600.0,log_return,yahoo,^TA125.TA,yfinance/yahoo-chart,raw/yahoo_TA125.csv,market-extract-4.2,2026-08-11T11:03:48+00:00,200,Adj Close|Close|High|Low|Open|Volume,,W08
2026-04-23,2026-04-23T14:25:00+00:00,True,17:25,Asia/Jerusalem,TA125,Tel Aviv TA-125 Index,index,index,,index_level,global,secondary,3,4328.0498046875,index_points,,62701800.0,log_return,yahoo,^TA125.TA,yfinance/yahoo-chart,raw/yahoo_TA125.csv,market-extract-4.2,2026-08-11T11:03:48+00:00,200,Adj Close|Close|High|Low|Open|Volume,,W08
2026-04-24,2026-04-24T14:25:00+00:00,True,17:25,Asia/Jerusalem,TA125,Tel Aviv TA-125 Index,index,index,,index_level,global,secondary,3,4274.5498046875,index_points,,66082700.0,log_return,yahoo,^TA125.TA,yfinance/yahoo-chart,raw/yahoo_TA125.csv,market-extract-4.2,2026-08-11T11:03:48+00:00,200,Adj Close|Close|High|Low|Open|Volume,,W08
2026-04-27,2026-04-27T14:25:00+00:00,True,17:25,Asia/Jerusalem,TA125,Tel Aviv TA-125 Index,index,index,,index_level,global,secondary,3,4271.1201171875,index_points,,56486500.0,log_return,yahoo,^TA125.TA,yfinance/yahoo-chart,raw/yahoo_TA125.csv,market-extract-4.2,2026-08-11T11:03:48+00:00,200,Adj Close|Close|High|Low|Open|Volume,,W09
2026-04-28,2026-04-28T14:25:00+00:00,True,17:25,Asia/Jerusalem,TA125,Tel Aviv TA-125 Index,index,index,,index_level,global,secondary,3,4257.81982421875,index_points,,61731300.0,log_return,yahoo,^TA125.TA,yfinance/yahoo-chart,raw/yahoo_TA125.csv,market-extract-4.2,2026-08-11T11:03:48+00:00,200,Adj Close|Close|High|Low|Open|Volume,,W09
2026-04-29,2026-04-29T14:25:00+00:00,True,17:25,Asia/Jerusalem,TA125,Tel Aviv TA-125 Index,index,index,,index_level,global,secondary,3,4312.39990234375,index_points,,56442800.0,log_return,yahoo,^TA125.TA,yfinance/yahoo-chart,raw/yahoo_TA125.csv,market-extract-4.2,2026-08-11T11:03:48+00:00,200,Adj Close|Close|High|Low|Open|Volume,,W09
2026-04-30,2026-04-30T14:25:00+00:00,True,17:25,Asia/Jerusalem,TA125,Tel Aviv TA-125 Index,index,index,,index_level,global,secondary,3,4313.8798828125,index_points,,67956800.0,log_return,yahoo,^TA125.TA,yfinance/yahoo-chart,raw/yahoo_TA125.csv,market-extract-4.2,2026-08-11T11:03:48+00:00,200,Adj Close|Close|High|Low|Open|Volume,,W09
2026-05-01,2026-05-01T14:25:00+00:00,True,17:25,Asia/Jerusalem,TA125,Tel Aviv TA-125 Index,index,index,,index_level,global,secondary,3,4371.31982421875,index_points,,33305800.0,log_return,yahoo,^TA125.TA,yfinance/yahoo-chart,raw/yahoo_TA125.csv,market-extract-4.2,2026-08-11T11:03:48+00:00,200,Adj Close|Close|High|Low|Open|Volume,,W09
2026-05-04,2026-05-04T14:25:00+00:00,True,17:25,Asia/Jerusalem,TA125,Tel Aviv TA-125 Index,index,index,,index_level,global,secondary,3,4440.509765625,index_points,,86139500.0,log_return,yahoo,^TA125.TA,yfinance/yahoo-chart,raw/yahoo_TA125.csv,market-extract-4.2,2026-08-11T11:03:48+00:00,200,Adj Close|Close|High|Low|Open|Volume,,W10
2026-05-05,2026-05-05T14:25:00+00:00,True,17:25,Asia/Jerusalem,TA125,Tel Aviv TA-125 Index,index,index,,index_level,global,secondary,3,4481.0400390625,index_points,,66107100.0,log_return,yahoo,^TA125.TA,yfinance/yahoo-chart,raw/yahoo_TA125.csv,market-extract-4.2,2026-08-11T11:03:48+00:00,200,Adj Close|Close|High|Low|Open|Volume,,W10
2026-05-06,2026-05-06T14:25:00+00:00,True,17:25,Asia/Jerusalem,TA125,Tel Aviv TA-125 Index,index,index,,index_level,global,secondary,3,4473.080078125,index_points,,156322000.0,log_return,yahoo,^TA125.TA,yfinance/yahoo-chart,raw/yahoo_TA125.csv,market-extract-4.2,2026-08-11T11:03:48+00:00,200,Adj Close|Close|High|Low|Open|Volume,,W10
2026-05-07,2026-05-07T14:25:00+00:00,True,17:25,Asia/Jerusalem,TA125,Tel Aviv TA-125 Index,index,index,,index_level,global,secondary,3,4443.43017578125,index_points,,372744400.0,log_return,yahoo,^TA125.TA,yfinance/yahoo-chart,raw/yahoo_TA125.csv,market-extract-4.2,2026-08-11T11:03:48+00:00,200,Adj Close|Close|High|Low|Open|Volume,,W10
2026-05-08,2026-05-08T14:25:00+00:00,True,17:25,Asia/Jerusalem,TA125,Tel Aviv TA-125 Index,index,index,,index_level,global,secondary,3,4476.58984375,index_points,,57792700.0,log_return,yahoo,^TA125.TA,yfinance/yahoo-chart,raw/yahoo_TA125.csv,market-extract-4.2,2026-08-11T11:03:48+00:00,200,Adj Close|Close|High|Low|Open|Volume,,W10
2026-05-11,2026-05-11T14:25:00+00:00,True,17:25,Asia/Jerusalem,TA125,Tel Aviv TA-125 Index,index,index,,index_level,global,secondary,3,4463.330078125,index_points,,95077600.0,log_return,yahoo,^TA125.TA,yfinance/yahoo-chart,raw/yahoo_TA125.csv,market-extract-4.2,2026-08-11T11:03:48+00:00,200,Adj Close|Close|High|Low|Open|Volume,,W11
2026-05-12,2026-05-12T14:25:00+00:00,True,17:25,Asia/Jerusalem,TA125,Tel Aviv TA-125 Index,index,index,,index_level,global,secondary,3,4447.2900390625,index_points,,63733200.0,log_return,yahoo,^TA125.TA,yfinance/yahoo-chart,raw/yahoo_TA125.csv,market-extract-4.2,2026-08-11T11:03:48+00:00,200,Adj Close|Close|High|Low|Open|Volume,,W11
2026-05-13,2026-05-13T14:25:00+00:00,True,17:25,Asia/Jerusalem,TA125,Tel Aviv TA-125 Index,index,index,,index_level,global,secondary,3,4385.77978515625,index_points,,94056600.0,log_return,yahoo,^TA125.TA,yfinance/yahoo-chart,raw/yahoo_TA125.csv,market-extract-4.2,2026-08-11T11:03:48+00:00,200,Adj Close|Close|High|Low|Open|Volume,,W11
2026-05-14,2026-05-14T14:25:00+00:00,True,17:25,Asia/Jerusalem,TA125,Tel Aviv TA-125 Index,index,index,,index_level,global,secondary,3,4404.52001953125,index_points,,88217300.0,log_return,yahoo,^TA125.TA,yfinance/yahoo-chart,raw/yahoo_TA125.csv,market-extract-4.2,2026-08-11T11:03:48+00:00,200,Adj Close|Close|High|Low|Open|Volume,,W11
2026-05-15,2026-05-15T14:25:00+00:00,True,17:25,Asia/Jerusalem,TA125,Tel Aviv TA-125 Index,index,index,,index_level,global,secondary,3,4318.68017578125,index_points,,70609100.0,log_return,yahoo,^TA125.TA,yfinance/yahoo-chart,raw/yahoo_TA125.csv,market-extract-4.2,2026-08-11T11:03:48+00:00,200,Adj Close|Close|High|Low|Open|Volume,,W11
2026-05-18,2026-05-18T14:25:00+00:00,True,17:25,Asia/Jerusalem,TA125,Tel Aviv TA-125 Index,index,index,,index_level,global,secondary,3,4254.330078125,index_points,,84377200.0,log_return,yahoo,^TA125.TA,yfinance/yahoo-chart,raw/yahoo_TA125.csv,market-extract-4.2,2026-08-11T11:03:48+00:00,200,Adj Close|Close|High|Low|Open|Volume,,W12
2026-05-19,2026-05-19T14:25:00+00:00,True,17:25,Asia/Jerusalem,TA125,Tel Aviv TA-125 Index,index,index,,index_level,global,secondary,3,4252.39013671875,index_points,,65694000.0,log_return,yahoo,^TA125.TA,yfinance/yahoo-chart,raw/yahoo_TA125.csv,market-extract-4.2,2026-08-11T11:03:48+00:00,200,Adj Close|Close|High|Low|Open|Volume,,W12
2026-05-20,2026-05-20T14:25:00+00:00,True,17:25,Asia/Jerusalem,TA125,Tel Aviv TA-125 Index,index,index,,index_level,global,secondary,3,4325.85986328125,index_points,,89897900.0,log_return,yahoo,^TA125.TA,yfinance/yahoo-chart,raw/yahoo_TA125.csv,market-extract-4.2,2026-08-11T11:03:48+00:00,200,Adj Close|Close|High|Low|Open|Volume,,W12
2026-05-25,2026-05-25T14:25:00+00:00,True,17:25,Asia/Jerusalem,TA125,Tel Aviv TA-125 Index,index,index,,index_level,global,secondary,3,4462.60986328125,index_points,,97959400.0,log_return,yahoo,^TA125.TA,yfinance/yahoo-chart,raw/yahoo_TA125.csv,market-extract-4.2,2026-08-11T11:03:48+00:00,200,Adj Close|Close|High|Low|Open|Volume,,W13
2026-05-26,2026-05-26T14:25:00+00:00,True,17:25,Asia/Jerusalem,TA125,Tel Aviv TA-125 Index,index,index,,index_level,global,secondary,3,4419.7099609375,index_points,,80645900.0,log_return,yahoo,^TA125.TA,yfinance/yahoo-chart,raw/yahoo_TA125.csv,market-extract-4.2,2026-08-11T11:03:48+00:00,200,Adj Close|Close|High|Low|Open|Volume,,W13
2026-05-27,2026-05-27T14:25:00+00:00,True,17:25,Asia/Jerusalem,TA125,Tel Aviv TA-125 Index,index,index,,index_level,global,secondary,3,4432.93994140625,index_points,,80651800.0,log_return,yahoo,^TA125.TA,yfinance/yahoo-chart,raw/yahoo_TA125.csv,market-extract-4.2,2026-08-11T11:03:48+00:00,200,Adj Close|Close|High|Low|Open|Volume,,W13
2026-05-28,2026-05-28T14:25:00+00:00,True,17:25,Asia/Jerusalem,TA125,Tel Aviv TA-125 Index,index,index,,index_level,global,secondary,3,4399.06005859375,index_points,,84634200.0,log_return,yahoo,^TA125.TA,yfinance/yahoo-chart,raw/yahoo_TA125.csv,market-extract-4.2,2026-08-11T11:03:48+00:00,200,Adj Close|Close|High|Low|Open|Volume,,W13
2026-05-29,2026-05-29T14:25:00+00:00,True,17:25,Asia/Jerusalem,TA125,Tel Aviv TA-125 Index,index,index,,index_level,global,secondary,3,4430.4599609375,index_points,,155344100.0,log_return,yahoo,^TA125.TA,yfinance/yahoo-chart,raw/yahoo_TA125.csv,market-extract-4.2,2026-08-11T11:03:48+00:00,200,Adj Close|Close|High|Low|Open|Volume,,W13
2026-06-01,2026-06-01T14:25:00+00:00,True,17:25,Asia/Jerusalem,TA125,Tel Aviv TA-125 Index,index,index,,index_level,global,secondary,3,4239.39013671875,index_points,,77735700.0,log_return,yahoo,^TA125.TA,yfinance/yahoo-chart,raw/yahoo_TA125.csv,market-extract-4.2,2026-08-11T11:03:48+00:00,200,Adj Close|Close|High|Low|Open|Volume,,W14
2026-06-02,2026-06-02T14:25:00+00:00,True,17:25,Asia/Jerusalem,TA125,Tel Aviv TA-125 Index,index,index,,index_level,global,secondary,3,4265.5,index_points,,89335100.0,log_return,yahoo,^TA125.TA,yfinance/yahoo-chart,raw/yahoo_TA125.csv,market-extract-4.2,2026-08-11T11:03:48+00:00,200,Adj Close|Close|High|Low|Open|Volume,,W14
2026-06-03,2026-06-03T14:25:00+00:00,True,17:25,Asia/Jerusalem,TA125,Tel Aviv TA-125 Index,index,index,,index_level,global,secondary,3,4226.5,index_points,,71198900.0,log_return,yahoo,^TA125.TA,yfinance/yahoo-chart,raw/yahoo_TA125.csv,market-extract-4.2,2026-08-11T11:03:48+00:00,200,Adj Close|Close|High|Low|Open|Volume,,W14
2026-06-04,2026-06-04T14:25:00+00:00,True,17:25,Asia/Jerusalem,TA125,Tel Aviv TA-125 Index,index,index,,index_level,global,secondary,3,4206.35986328125,index_points,,83186100.0,log_return,yahoo,^TA125.TA,yfinance/yahoo-chart,raw/yahoo_TA125.csv,market-extract-4.2,2026-08-11T11:03:48+00:00,200,Adj Close|Close|High|Low|Open|Volume,,W14
2026-06-05,2026-06-05T14:25:00+00:00,True,17:25,Asia/Jerusalem,TA125,Tel Aviv TA-125 Index,index,index,,index_level,global,secondary,3,4231.81982421875,index_points,,45914800.0,log_return,yahoo,^TA125.TA,yfinance/yahoo-chart,raw/yahoo_TA125.csv,market-extract-4.2,2026-08-11T11:03:48+00:00,200,Adj Close|Close|High|Low|Open|Volume,,W14
2026-06-08,2026-06-08T14:25:00+00:00,True,17:25,Asia/Jerusalem,TA125,Tel Aviv TA-125 Index,index,index,,index_level,global,secondary,3,4232.14013671875,index_points,,72292000.0,log_return,yahoo,^TA125.TA,yfinance/yahoo-chart,raw/yahoo_TA125.csv,market-extract-4.2,2026-08-11T11:03:48+00:00,200,Adj Close|Close|High|Low|Open|Volume,,W15
2026-06-09,2026-06-09T14:25:00+00:00,True,17:25,Asia/Jerusalem,TA125,Tel Aviv TA-125 Index,index,index,,index_level,global,secondary,3,4191.1298828125,index_points,,63576500.0,log_return,yahoo,^TA125.TA,yfinance/yahoo-chart,raw/yahoo_TA125.csv,market-extract-4.2,2026-08-11T11:03:48+00:00,200,Adj Close|Close|High|Low|Open|Volume,,W15
2026-06-10,2026-06-10T14:25:00+00:00,True,17:25,Asia/Jerusalem,TA125,Tel Aviv TA-125 Index,index,index,,index_level,global,secondary,3,4139.39990234375,index_points,,78423600.0,log_return,yahoo,^TA125.TA,yfinance/yahoo-chart,raw/yahoo_TA125.csv,market-extract-4.2,2026-08-11T11:03:48+00:00,200,Adj Close|Close|High|Low|Open|Volume,,W15
2026-06-11,2026-06-11T14:25:00+00:00,True,17:25,Asia/Jerusalem,TA125,Tel Aviv TA-125 Index,index,index,,index_level,global,secondary,3,4209.41015625,index_points,,60561900.0,log_return,yahoo,^TA125.TA,yfinance/yahoo-chart,raw/yahoo_TA125.csv,market-extract-4.2,2026-08-11T11:03:48+00:00,200,Adj Close|Close|High|Low|Open|Volume,,W15
2026-06-12,2026-06-12T14:25:00+00:00,True,17:25,Asia/Jerusalem,TA125,Tel Aviv TA-125 Index,index,index,,index_level,global,secondary,3,4292.22998046875,index_points,,47102400.0,log_return,yahoo,^TA125.TA,yfinance/yahoo-chart,raw/yahoo_TA125.csv,market-extract-4.2,2026-08-11T11:03:48+00:00,200,Adj Close|Close|High|Low|Open|Volume,,W15
2026-06-15,2026-06-15T14:25:00+00:00,True,17:25,Asia/Jerusalem,TA125,Tel Aviv TA-125 Index,index,index,,index_level,global,secondary,3,4191.81005859375,index_points,,96127800.0,log_return,yahoo,^TA125.TA,yfinance/yahoo-chart,raw/yahoo_TA125.csv,market-extract-4.2,2026-08-11T11:03:48+00:00,200,Adj Close|Close|High|Low|Open|Volume,,W16
2026-06-16,2026-06-16T14:25:00+00:00,True,17:25,Asia/Jerusalem,TA125,Tel Aviv TA-125 Index,index,index,,index_level,global,secondary,3,4143.990234375,index_points,,91677700.0,log_return,yahoo,^TA125.TA,yfinance/yahoo-chart,raw/yahoo_TA125.csv,market-extract-4.2,2026-08-11T11:03:48+00:00,200,Adj Close|Close|High|Low|Open|Volume,,W16
2026-06-17,2026-06-17T14:25:00+00:00,True,17:25,Asia/Jerusalem,TA125,Tel Aviv TA-125 Index,index,index,,index_level,global,secondary,3,4072.699951171875,index_points,,73858600.0,log_return,yahoo,^TA125.TA,yfinance/yahoo-chart,raw/yahoo_TA125.csv,market-extract-4.2,2026-08-11T11:03:48+00:00,200,Adj Close|Close|High|Low|Open|Volume,,W16
2026-06-18,2026-06-18T14:25:00+00:00,True,17:25,Asia/Jerusalem,TA125,Tel Aviv TA-125 Index,index,index,,index_level,global,secondary,3,4107.9501953125,index_points,,85310000.0,log_return,yahoo,^TA125.TA,yfinance/yahoo-chart,raw/yahoo_TA125.csv,market-extract-4.2,2026-08-11T11:03:48+00:00,200,Adj Close|Close|High|Low|Open|Volume,,W16
2026-06-19,2026-06-19T14:25:00+00:00,True,17:25,Asia/Jerusalem,TA125,Tel Aviv TA-125 Index,index,index,,index_level,global,secondary,3,4081.52001953125,index_points,,80307600.0,log_return,yahoo,^TA125.TA,yfinance/yahoo-chart,raw/yahoo_TA125.csv,market-extract-4.2,2026-08-11T11:03:48+00:00,200,Adj Close|Close|High|Low|Open|Volume,,W16
2026-06-22,2026-06-22T14:25:00+00:00,True,17:25,Asia/Jerusalem,TA125,Tel Aviv TA-125 Index,index,index,,index_level,global,secondary,3,4067.14990234375,index_points,,69948300.0,log_return,yahoo,^TA125.TA,yfinance/yahoo-chart,raw/yahoo_TA125.csv,market-extract-4.2,2026-08-11T11:03:48+00:00,200,Adj Close|Close|High|Low|Open|Volume,,W17
2026-06-23,2026-06-23T14:25:00+00:00,True,17:25,Asia/Jerusalem,TA125,Tel Aviv TA-125 Index,index,index,,index_level,global,secondary,3,4061.340087890625,index_points,,79500900.0,log_return,yahoo,^TA125.TA,yfinance/yahoo-chart,raw/yahoo_TA125.csv,market-extract-4.2,2026-08-11T11:03:48+00:00,200,Adj Close|Close|High|Low|Open|Volume,,W17
2026-06-24,2026-06-24T14:25:00+00:00,True,17:25,Asia/Jerusalem,TA125,Tel Aviv TA-125 Index,index,index,,index_level,global,secondary,3,4074.080078125,index_points,,86383400.0,log_return,yahoo,^TA125.TA,yfinance/yahoo-chart,raw/yahoo_TA125.csv,market-extract-4.2,2026-08-11T11:03:48+00:00,200,Adj Close|Close|High|Low|Open|Volume,,W17
2026-06-25,2026-06-25T14:25:00+00:00,True,17:25,Asia/Jerusalem,TA125,Tel Aviv TA-125 Index,index,index,,index_level,global,secondary,3,4023.06005859375,index_points,,83804900.0,log_return,yahoo,^TA125.TA,yfinance/yahoo-chart,raw/yahoo_TA125.csv,market-extract-4.2,2026-08-11T11:03:48+00:00,200,Adj Close|Close|High|Low|Open|Volume,,W17
2026-06-26,2026-06-26T14:25:00+00:00,True,17:25,Asia/Jerusalem,TA125,Tel Aviv TA-125 Index,index,index,,index_level,global,secondary,3,3968.090087890625,index_points,,78557000.0,log_return,yahoo,^TA125.TA,yfinance/yahoo-chart,raw/yahoo_TA125.csv,market-extract-4.2,2026-08-11T11:03:48+00:00,200,Adj Close|Close|High|Low|Open|Volume,,W17
2026-06-29,2026-06-29T14:25:00+00:00,True,17:25,Asia/Jerusalem,TA125,Tel Aviv TA-125 Index,index,index,,index_level,global,secondary,3,3966.239990234375,index_points,,85306800.0,log_return,yahoo,^TA125.TA,yfinance/yahoo-chart,raw/yahoo_TA125.csv,market-extract-4.2,2026-08-11T11:03:48+00:00,200,Adj Close|Close|High|Low|Open|Volume,,W18
2026-06-30,2026-06-30T14:25:00+00:00,True,17:25,Asia/Jerusalem,TA125,Tel Aviv TA-125 Index,index,index,,index_level,global,secondary,3,4010.85009765625,index_points,,88467500.0,log_return,yahoo,^TA125.TA,yfinance/yahoo-chart,raw/yahoo_TA125.csv,market-extract-4.2,2026-08-11T11:03:48+00:00,200,Adj Close|Close|High|Low|Open|Volume,,W18
2026-07-01,2026-07-01T14:25:00+00:00,True,17:25,Asia/Jerusalem,TA125,Tel Aviv TA-125 Index,index,index,,index_level,global,secondary,3,4077.10009765625,index_points,,109352700.0,log_return,yahoo,^TA125.TA,yfinance/yahoo-chart,raw/yahoo_TA125.csv,market-extract-4.2,2026-08-11T11:03:48+00:00,200,Adj Close|Close|High|Low|Open|Volume,,W18
2026-07-02,2026-07-02T14:25:00+00:00,True,17:25,Asia/Jerusalem,TA125,Tel Aviv TA-125 Index,index,index,,index_level,global,secondary,3,4098.2099609375,index_points,,72318300.0,log_return,yahoo,^TA125.TA,yfinance/yahoo-chart,raw/yahoo_TA125.csv,market-extract-4.2,2026-08-11T11:03:48+00:00,200,Adj Close|Close|High|Low|Open|Volume,,W18
2026-07-03,2026-07-03T14:25:00+00:00,True,17:25,Asia/Jerusalem,TA125,Tel Aviv TA-125 Index,index,index,,index_level,global,secondary,3,4099.6201171875,index_points,,32547600.0,log_return,yahoo,^TA125.TA,yfinance/yahoo-chart,raw/yahoo_TA125.csv,market-extract-4.2,2026-08-11T11:03:48+00:00,200,Adj Close|Close|High|Low|Open|Volume,,W18
2026-07-06,2026-07-06T14:25:00+00:00,True,17:25,Asia/Jerusalem,TA125,Tel Aviv TA-125 Index,index,index,,index_level,global,secondary,3,4144.77001953125,index_points,,68100300.0,log_return,yahoo,^TA125.TA,yfinance/yahoo-chart,raw/yahoo_TA125.csv,market-extract-4.2,2026-08-11T11:03:48+00:00,200,Adj Close|Close|High|Low|Open|Volume,,W19
2026-07-07,2026-07-07T14:25:00+00:00,True,17:25,Asia/Jerusalem,TA125,Tel Aviv TA-125 Index,index,index,,index_level,global,secondary,3,4062.68994140625,index_points,,63940200.0,log_return,yahoo,^TA125.TA,yfinance/yahoo-chart,raw/yahoo_TA125.csv,market-extract-4.2,2026-08-11T11:03:48+00:00,200,Adj Close|Close|High|Low|Open|Volume,,W19
2026-07-08,2026-07-08T14:25:00+00:00,True,17:25,Asia/Jerusalem,TA125,Tel Aviv TA-125 Index,index,index,,index_level,global,secondary,3,4052.52001953125,index_points,,70079400.0,log_return,yahoo,^TA125.TA,yfinance/yahoo-chart,raw/yahoo_TA125.csv,market-extract-4.2,2026-08-11T11:03:48+00:00,200,Adj Close|Close|High|Low|Open|Volume,,W19
2026-07-09,2026-07-09T14:25:00+00:00,True,17:25,Asia/Jerusalem,TA125,Tel Aviv TA-125 Index,index,index,,index_level,global,secondary,3,4007.25,index_points,,72120400.0,log_return,yahoo,^TA125.TA,yfinance/yahoo-chart,raw/yahoo_TA125.csv,market-extract-4.2,2026-08-11T11:03:48+00:00,200,Adj Close|Close|High|Low|Open|Volume,,W19
2026-07-10,2026-07-10T14:25:00+00:00,True,17:25,Asia/Jerusalem,TA125,Tel Aviv TA-125 Index,index,index,,index_level,global,secondary,3,4007.139892578125,index_points,,31798700.0,log_return,yahoo,^TA125.TA,yfinance/yahoo-chart,raw/yahoo_TA125.csv,market-extract-4.2,2026-08-11T11:03:48+00:00,200,Adj Close|Close|High|Low|Open|Volume,,W19
2026-07-13,2026-07-13T14:25:00+00:00,True,17:25,Asia/Jerusalem,TA125,Tel Aviv TA-125 Index,index,index,,index_level,global,secondary,3,4004.340087890625,index_points,,62650500.0,log_return,yahoo,^TA125.TA,yfinance/yahoo-chart,raw/yahoo_TA125.csv,market-extract-4.2,2026-08-11T11:03:48+00:00,200,Adj Close|Close|High|Low|Open|Volume,,W20
2026-07-14,2026-07-14T14:25:00+00:00,True,17:25,Asia/Jerusalem,TA125,Tel Aviv TA-125 Index,index,index,,index_level,global,secondary,3,4022.5,index_points,,64172200.0,log_return,yahoo,^TA125.TA,yfinance/yahoo-chart,raw/yahoo_TA125.csv,market-extract-4.2,2026-08-11T11:03:48+00:00,200,Adj Close|Close|High|Low|Open|Volume,,W20
2026-07-15,2026-07-15T14:25:00+00:00,True,17:25,Asia/Jerusalem,TA125,Tel Aviv TA-125 Index,index,index,,index_level,global,secondary,3,4127.490234375,index_points,,87156100.0,log_return,yahoo,^TA125.TA,yfinance/yahoo-chart,raw/yahoo_TA125.csv,market-extract-4.2,2026-08-11T11:03:48+00:00,200,Adj Close|Close|High|Low|Open|Volume,,W20
2026-07-16,2026-07-16T14:25:00+00:00,True,17:25,Asia/Jerusalem,TA125,Tel Aviv TA-125 Index,index,index,,index_level,global,secondary,3,4096.580078125,index_points,,60454500.0,log_return,yahoo,^TA125.TA,yfinance/yahoo-chart,raw/yahoo_TA125.csv,market-extract-4.2,2026-08-11T11:03:48+00:00,200,Adj Close|Close|High|Low|Open|Volume,,W20
2026-07-17,2026-07-17T14:25:00+00:00,True,17:25,Asia/Jerusalem,TA125,Tel Aviv TA-125 Index,index,index,,index_level,global,secondary,3,4081.260009765625,index_points,,39778100.0,log_return,yahoo,^TA125.TA,yfinance/yahoo-chart,raw/yahoo_TA125.csv,market-extract-4.2,2026-08-11T11:03:48+00:00,200,Adj Close|Close|High|Low|Open|Volume,,W20
2026-07-20,2026-07-20T14:25:00+00:00,True,17:25,Asia/Jerusalem,TA125,Tel Aviv TA-125 Index,index,index,,index_level,global,secondary,3,4081.449951171875,index_points,,67238000.0,log_return,yahoo,^TA125.TA,yfinance/yahoo-chart,raw/yahoo_TA125.csv,market-extract-4.2,2026-08-11T11:03:48+00:00,200,Adj Close|Close|High|Low|Open|Volume,,W21
2026-07-21,2026-07-21T14:25:00+00:00,True,17:25,Asia/Jerusalem,TA125,Tel Aviv TA-125 Index,index,index,,index_level,global,secondary,3,4129.39013671875,index_points,,78888200.0,log_return,yahoo,^TA125.TA,yfinance/yahoo-chart,raw/yahoo_TA125.csv,market-extract-4.2,2026-08-11T11:03:48+00:00,200,Adj Close|Close|High|Low|Open|Volume,,W21
2026-07-22,2026-07-22T14:25:00+00:00,True,17:25,Asia/Jerusalem,TA125,Tel Aviv TA-125 Index,index,index,,index_level,global,secondary,3,4156.91015625,index_points,,62166500.0,log_return,yahoo,^TA125.TA,yfinance/yahoo-chart,raw/yahoo_TA125.csv,market-extract-4.2,2026-08-11T11:03:48+00:00,200,Adj Close|Close|High|Low|Open|Volume,,W21
2026-03-02,2026-03-02T21:15:00+00:00,True,16:15,America/New_York,VIX,S&P 500 Volatility Index,volatility,index,,index_level,global,core,1,21.440000534057617,index_points,,,log_change,yahoo,^VIX,yfinance/yahoo-chart,raw/yahoo_VIX.csv,market-extract-4.2,2026-08-11T11:03:48+00:00,200,Adj Close|Close|High|Low|Open|Volume,,W01
2026-03-03,2026-03-03T21:15:00+00:00,True,16:15,America/New_York,VIX,S&P 500 Volatility Index,volatility,index,,index_level,global,core,1,23.56999969482422,index_points,,,log_change,yahoo,^VIX,yfinance/yahoo-chart,raw/yahoo_VIX.csv,market-extract-4.2,2026-08-11T11:03:48+00:00,200,Adj Close|Close|High|Low|Open|Volume,,W01
2026-03-04,2026-03-04T21:15:00+00:00,True,16:15,America/New_York,VIX,S&P 500 Volatility Index,volatility,index,,index_level,global,core,1,21.149999618530273,index_points,,,log_change,yahoo,^VIX,yfinance/yahoo-chart,raw/yahoo_VIX.csv,market-extract-4.2,2026-08-11T11:03:48+00:00,200,Adj Close|Close|High|Low|Open|Volume,,W01
2026-03-05,2026-03-05T21:15:00+00:00,True,16:15,America/New_York,VIX,S&P 500 Volatility Index,volatility,index,,index_level,global,core,1,23.75,index_points,,,log_change,yahoo,^VIX,yfinance/yahoo-chart,raw/yahoo_VIX.csv,market-extract-4.2,2026-08-11T11:03:48+00:00,200,Adj Close|Close|High|Low|Open|Volume,,W01
2026-03-06,2026-03-06T21:15:00+00:00,True,16:15,America/New_York,VIX,S&P 500 Volatility Index,volatility,index,,index_level,global,core,1,29.489999771118164,index_points,,,log_change,yahoo,^VIX,yfinance/yahoo-chart,raw/yahoo_VIX.csv,market-extract-4.2,2026-08-11T11:03:48+00:00,200,Adj Close|Close|High|Low|Open|Volume,,W01
2026-03-09,2026-03-09T20:15:00+00:00,True,16:15,America/New_York,VIX,S&P 500 Volatility Index,volatility,index,,index_level,global,core,1,25.5,index_points,,,log_change,yahoo,^VIX,yfinance/yahoo-chart,raw/yahoo_VIX.csv,market-extract-4.2,2026-08-11T11:03:48+00:00,200,Adj Close|Close|High|Low|Open|Volume,,W02
2026-03-10,2026-03-10T20:15:00+00:00,True,16:15,America/New_York,VIX,S&P 500 Volatility Index,volatility,index,,index_level,global,core,1,24.93000030517578,index_points,,,log_change,yahoo,^VIX,yfinance/yahoo-chart,raw/yahoo_VIX.csv,market-extract-4.2,2026-08-11T11:03:48+00:00,200,Adj Close|Close|High|Low|Open|Volume,,W02
2026-03-11,2026-03-11T20:15:00+00:00,True,16:15,America/New_York,VIX,S&P 500 Volatility Index,volatility,index,,index_level,global,core,1,24.229999542236328,index_points,,,log_change,yahoo,^VIX,yfinance/yahoo-chart,raw/yahoo_VIX.csv,market-extract-4.2,2026-08-11T11:03:48+00:00,200,Adj Close|Close|High|Low|Open|Volume,,W02
2026-03-12,2026-03-12T20:15:00+00:00,True,16:15,America/New_York,VIX,S&P 500 Volatility Index,volatility,index,,index_level,global,core,1,27.290000915527344,index_points,,,log_change,yahoo,^VIX,yfinance/yahoo-chart,raw/yahoo_VIX.csv,market-extract-4.2,2026-08-11T11:03:48+00:00,200,Adj Close|Close|High|Low|Open|Volume,,W02
2026-03-13,2026-03-13T20:15:00+00:00,True,16:15,America/New_York,VIX,S&P 500 Volatility Index,volatility,index,,index_level,global,core,1,27.190000534057617,index_points,,,log_change,yahoo,^VIX,yfinance/yahoo-chart,raw/yahoo_VIX.csv,market-extract-4.2,2026-08-11T11:03:48+00:00,200,Adj Close|Close|High|Low|Open|Volume,,W02
2026-03-16,2026-03-16T20:15:00+00:00,True,16:15,America/New_York,VIX,S&P 500 Volatility Index,volatility,index,,index_level,global,core,1,23.510000228881836,index_points,,,log_change,yahoo,^VIX,yfinance/yahoo-chart,raw/yahoo_VIX.csv,market-extract-4.2,2026-08-11T11:03:48+00:00,200,Adj Close|Close|High|Low|Open|Volume,,W03
2026-03-17,2026-03-17T20:15:00+00:00,True,16:15,America/New_York,VIX,S&P 500 Volatility Index,volatility,index,,index_level,global,core,1,22.3700008392334,index_points,,,log_change,yahoo,^VIX,yfinance/yahoo-chart,raw/yahoo_VIX.csv,market-extract-4.2,2026-08-11T11:03:48+00:00,200,Adj Close|Close|High|Low|Open|Volume,,W03
2026-03-18,2026-03-18T20:15:00+00:00,True,16:15,America/New_York,VIX,S&P 500 Volatility Index,volatility,index,,index_level,global,core,1,25.09000015258789,index_points,,,log_change,yahoo,^VIX,yfinance/yahoo-chart,raw/yahoo_VIX.csv,market-extract-4.2,2026-08-11T11:03:48+00:00,200,Adj Close|Close|High|Low|Open|Volume,,W03
2026-03-19,2026-03-19T20:15:00+00:00,True,16:15,America/New_York,VIX,S&P 500 Volatility Index,volatility,index,,index_level,global,core,1,24.059999465942383,index_points,,,log_change,yahoo,^VIX,yfinance/yahoo-chart,raw/yahoo_VIX.csv,market-extract-4.2,2026-08-11T11:03:48+00:00,200,Adj Close|Close|High|Low|Open|Volume,,W03
2026-03-20,2026-03-20T20:15:00+00:00,True,16:15,America/New_York,VIX,S&P 500 Volatility Index,volatility,index,,index_level,global,core,1,26.780000686645508,index_points,,,log_change,yahoo,^VIX,yfinance/yahoo-chart,raw/yahoo_VIX.csv,market-extract-4.2,2026-08-11T11:03:48+00:00,200,Adj Close|Close|High|Low|Open|Volume,,W03
2026-03-23,2026-03-23T20:15:00+00:00,True,16:15,America/New_York,VIX,S&P 500 Volatility Index,volatility,index,,index_level,global,core,1,26.149999618530273,index_points,,,log_change,yahoo,^VIX,yfinance/yahoo-chart,raw/yahoo_VIX.csv,market-extract-4.2,2026-08-11T11:03:48+00:00,200,Adj Close|Close|High|Low|Open|Volume,,W04
2026-03-24,2026-03-24T20:15:00+00:00,True,16:15,America/New_York,VIX,S&P 500 Volatility Index,volatility,index,,index_level,global,core,1,26.950000762939453,index_points,,,log_change,yahoo,^VIX,yfinance/yahoo-chart,raw/yahoo_VIX.csv,market-extract-4.2,2026-08-11T11:03:48+00:00,200,Adj Close|Close|High|Low|Open|Volume,,W04
2026-03-25,2026-03-25T20:15:00+00:00,True,16:15,America/New_York,VIX,S&P 500 Volatility Index,volatility,index,,index_level,global,core,1,25.329999923706055,index_points,,,log_change,yahoo,^VIX,yfinance/yahoo-chart,raw/yahoo_VIX.csv,market-extract-4.2,2026-08-11T11:03:48+00:00,200,Adj Close|Close|High|Low|Open|Volume,,W04
2026-03-26,2026-03-26T20:15:00+00:00,True,16:15,America/New_York,VIX,S&P 500 Volatility Index,volatility,index,,index_level,global,core,1,27.440000534057617,index_points,,,log_change,yahoo,^VIX,yfinance/yahoo-chart,raw/yahoo_VIX.csv,market-extract-4.2,2026-08-11T11:03:48+00:00,200,Adj Close|Close|High|Low|Open|Volume,,W04
2026-03-27,2026-03-27T20:15:00+00:00,True,16:15,America/New_York,VIX,S&P 500 Volatility Index,volatility,index,,index_level,global,core,1,31.049999237060547,index_points,,,log_change,yahoo,^VIX,yfinance/yahoo-chart,raw/yahoo_VIX.csv,market-extract-4.2,2026-08-11T11:03:48+00:00,200,Adj Close|Close|High|Low|Open|Volume,,W04
2026-03-30,2026-03-30T20:15:00+00:00,True,16:15,America/New_York,VIX,S&P 500 Volatility Index,volatility,index,,index_level,global,core,1,30.610000610351562,index_points,,,log_change,yahoo,^VIX,yfinance/yahoo-chart,raw/yahoo_VIX.csv,market-extract-4.2,2026-08-11T11:03:48+00:00,200,Adj Close|Close|High|Low|Open|Volume,,W05
2026-03-31,2026-03-31T20:15:00+00:00,True,16:15,America/New_York,VIX,S&P 500 Volatility Index,volatility,index,,index_level,global,core,1,25.25,index_points,,,log_change,yahoo,^VIX,yfinance/yahoo-chart,raw/yahoo_VIX.csv,market-extract-4.2,2026-08-11T11:03:48+00:00,200,Adj Close|Close|High|Low|Open|Volume,,W05
2026-04-01,2026-04-01T20:15:00+00:00,True,16:15,America/New_York,VIX,S&P 500 Volatility Index,volatility,index,,index_level,global,core,1,24.540000915527344,index_points,,,log_change,yahoo,^VIX,yfinance/yahoo-chart,raw/yahoo_VIX.csv,market-extract-4.2,2026-08-11T11:03:48+00:00,200,Adj Close|Close|High|Low|Open|Volume,,W05
2026-04-02,2026-04-02T20:15:00+00:00,True,16:15,America/New_York,VIX,S&P 500 Volatility Index,volatility,index,,index_level,global,core,1,23.8700008392334,index_points,,,log_change,yahoo,^VIX,yfinance/yahoo-chart,raw/yahoo_VIX.csv,market-extract-4.2,2026-08-11T11:03:48+00:00,200,Adj Close|Close|High|Low|Open|Volume,,W05
2026-04-06,2026-04-06T20:15:00+00:00,True,16:15,America/New_York,VIX,S&P 500 Volatility Index,volatility,index,,index_level,global,core,1,24.170000076293945,index_points,,,log_change,yahoo,^VIX,yfinance/yahoo-chart,raw/yahoo_VIX.csv,market-extract-4.2,2026-08-11T11:03:48+00:00,200,Adj Close|Close|High|Low|Open|Volume,,W06
2026-04-07,2026-04-07T20:15:00+00:00,True,16:15,America/New_York,VIX,S&P 500 Volatility Index,volatility,index,,index_level,global,core,1,25.780000686645508,index_points,,,log_change,yahoo,^VIX,yfinance/yahoo-chart,raw/yahoo_VIX.csv,market-extract-4.2,2026-08-11T11:03:48+00:00,200,Adj Close|Close|High|Low|Open|Volume,,W06
2026-04-08,2026-04-08T20:15:00+00:00,True,16:15,America/New_York,VIX,S&P 500 Volatility Index,volatility,index,,index_level,global,core,1,21.040000915527344,index_points,,,log_change,yahoo,^VIX,yfinance/yahoo-chart,raw/yahoo_VIX.csv,market-extract-4.2,2026-08-11T11:03:48+00:00,200,Adj Close|Close|High|Low|Open|Volume,,W06
2026-04-09,2026-04-09T20:15:00+00:00,True,16:15,America/New_York,VIX,S&P 500 Volatility Index,volatility,index,,index_level,global,core,1,19.489999771118164,index_points,,,log_change,yahoo,^VIX,yfinance/yahoo-chart,raw/yahoo_VIX.csv,market-extract-4.2,2026-08-11T11:03:48+00:00,200,Adj Close|Close|High|Low|Open|Volume,,W06
2026-04-10,2026-04-10T20:15:00+00:00,True,16:15,America/New_York,VIX,S&P 500 Volatility Index,volatility,index,,index_level,global,core,1,19.229999542236328,index_points,,,log_change,yahoo,^VIX,yfinance/yahoo-chart,raw/yahoo_VIX.csv,market-extract-4.2,2026-08-11T11:03:48+00:00,200,Adj Close|Close|High|Low|Open|Volume,,W06
2026-04-13,2026-04-13T20:15:00+00:00,True,16:15,America/New_York,VIX,S&P 500 Volatility Index,volatility,index,,index_level,global,core,1,19.1200008392334,index_points,,,log_change,yahoo,^VIX,yfinance/yahoo-chart,raw/yahoo_VIX.csv,market-extract-4.2,2026-08-11T11:03:48+00:00,200,Adj Close|Close|High|Low|Open|Volume,,W07
2026-04-14,2026-04-14T20:15:00+00:00,True,16:15,America/New_York,VIX,S&P 500 Volatility Index,volatility,index,,index_level,global,core,1,18.360000610351562,index_points,,,log_change,yahoo,^VIX,yfinance/yahoo-chart,raw/yahoo_VIX.csv,market-extract-4.2,2026-08-11T11:03:48+00:00,200,Adj Close|Close|High|Low|Open|Volume,,W07
2026-04-15,2026-04-15T20:15:00+00:00,True,16:15,America/New_York,VIX,S&P 500 Volatility Index,volatility,index,,index_level,global,core,1,18.170000076293945,index_points,,,log_change,yahoo,^VIX,yfinance/yahoo-chart,raw/yahoo_VIX.csv,market-extract-4.2,2026-08-11T11:03:48+00:00,200,Adj Close|Close|High|Low|Open|Volume,,W07
2026-04-16,2026-04-16T20:15:00+00:00,True,16:15,America/New_York,VIX,S&P 500 Volatility Index,volatility,index,,index_level,global,core,1,17.940000534057617,index_points,,,log_change,yahoo,^VIX,yfinance/yahoo-chart,raw/yahoo_VIX.csv,market-extract-4.2,2026-08-11T11:03:48+00:00,200,Adj Close|Close|High|Low|Open|Volume,,W07
2026-04-17,2026-04-17T20:15:00+00:00,True,16:15,America/New_York,VIX,S&P 500 Volatility Index,volatility,index,,index_level,global,core,1,17.479999542236328,index_points,,,log_change,yahoo,^VIX,yfinance/yahoo-chart,raw/yahoo_VIX.csv,market-extract-4.2,2026-08-11T11:03:48+00:00,200,Adj Close|Close|High|Low|Open|Volume,,W07
2026-04-20,2026-04-20T20:15:00+00:00,True,16:15,America/New_York,VIX,S&P 500 Volatility Index,volatility,index,,index_level,global,core,1,18.8700008392334,index_points,,,log_change,yahoo,^VIX,yfinance/yahoo-chart,raw/yahoo_VIX.csv,market-extract-4.2,2026-08-11T11:03:48+00:00,200,Adj Close|Close|High|Low|Open|Volume,,W08
2026-04-21,2026-04-21T20:15:00+00:00,True,16:15,America/New_York,VIX,S&P 500 Volatility Index,volatility,index,,index_level,global,core,1,19.5,index_points,,,log_change,yahoo,^VIX,yfinance/yahoo-chart,raw/yahoo_VIX.csv,market-extract-4.2,2026-08-11T11:03:48+00:00,200,Adj Close|Close|High|Low|Open|Volume,,W08
2026-04-22,2026-04-22T20:15:00+00:00,True,16:15,America/New_York,VIX,S&P 500 Volatility Index,volatility,index,,index_level,global,core,1,18.920000076293945,index_points,,,log_change,yahoo,^VIX,yfinance/yahoo-chart,raw/yahoo_VIX.csv,market-extract-4.2,2026-08-11T11:03:48+00:00,200,Adj Close|Close|High|Low|Open|Volume,,W08
2026-04-23,2026-04-23T20:15:00+00:00,True,16:15,America/New_York,VIX,S&P 500 Volatility Index,volatility,index,,index_level,global,core,1,19.309999465942383,index_points,,,log_change,yahoo,^VIX,yfinance/yahoo-chart,raw/yahoo_VIX.csv,market-extract-4.2,2026-08-11T11:03:48+00:00,200,Adj Close|Close|High|Low|Open|Volume,,W08
2026-04-24,2026-04-24T20:15:00+00:00,True,16:15,America/New_York,VIX,S&P 500 Volatility Index,volatility,index,,index_level,global,core,1,18.709999084472656,index_points,,,log_change,yahoo,^VIX,yfinance/yahoo-chart,raw/yahoo_VIX.csv,market-extract-4.2,2026-08-11T11:03:48+00:00,200,Adj Close|Close|High|Low|Open|Volume,,W08
2026-04-27,2026-04-27T20:15:00+00:00,True,16:15,America/New_York,VIX,S&P 500 Volatility Index,volatility,index,,index_level,global,core,1,18.020000457763672,index_points,,,log_change,yahoo,^VIX,yfinance/yahoo-chart,raw/yahoo_VIX.csv,market-extract-4.2,2026-08-11T11:03:48+00:00,200,Adj Close|Close|High|Low|Open|Volume,,W09
2026-04-28,2026-04-28T20:15:00+00:00,True,16:15,America/New_York,VIX,S&P 500 Volatility Index,volatility,index,,index_level,global,core,1,17.829999923706055,index_points,,,log_change,yahoo,^VIX,yfinance/yahoo-chart,raw/yahoo_VIX.csv,market-extract-4.2,2026-08-11T11:03:48+00:00,200,Adj Close|Close|High|Low|Open|Volume,,W09
2026-04-29,2026-04-29T20:15:00+00:00,True,16:15,America/New_York,VIX,S&P 500 Volatility Index,volatility,index,,index_level,global,core,1,18.809999465942383,index_points,,,log_change,yahoo,^VIX,yfinance/yahoo-chart,raw/yahoo_VIX.csv,market-extract-4.2,2026-08-11T11:03:48+00:00,200,Adj Close|Close|High|Low|Open|Volume,,W09
2026-04-30,2026-04-30T20:15:00+00:00,True,16:15,America/New_York,VIX,S&P 500 Volatility Index,volatility,index,,index_level,global,core,1,16.889999389648438,index_points,,,log_change,yahoo,^VIX,yfinance/yahoo-chart,raw/yahoo_VIX.csv,market-extract-4.2,2026-08-11T11:03:48+00:00,200,Adj Close|Close|High|Low|Open|Volume,,W09
2026-05-01,2026-05-01T20:15:00+00:00,True,16:15,America/New_York,VIX,S&P 500 Volatility Index,volatility,index,,index_level,global,core,1,16.989999771118164,index_points,,,log_change,yahoo,^VIX,yfinance/yahoo-chart,raw/yahoo_VIX.csv,market-extract-4.2,2026-08-11T11:03:48+00:00,200,Adj Close|Close|High|Low|Open|Volume,,W09
2026-05-04,2026-05-04T20:15:00+00:00,True,16:15,America/New_York,VIX,S&P 500 Volatility Index,volatility,index,,index_level,global,core,1,18.290000915527344,index_points,,,log_change,yahoo,^VIX,yfinance/yahoo-chart,raw/yahoo_VIX.csv,market-extract-4.2,2026-08-11T11:03:48+00:00,200,Adj Close|Close|High|Low|Open|Volume,,W10
2026-05-05,2026-05-05T20:15:00+00:00,True,16:15,America/New_York,VIX,S&P 500 Volatility Index,volatility,index,,index_level,global,core,1,17.3799991607666,index_points,,,log_change,yahoo,^VIX,yfinance/yahoo-chart,raw/yahoo_VIX.csv,market-extract-4.2,2026-08-11T11:03:48+00:00,200,Adj Close|Close|High|Low|Open|Volume,,W10
2026-05-06,2026-05-06T20:15:00+00:00,True,16:15,America/New_York,VIX,S&P 500 Volatility Index,volatility,index,,index_level,global,core,1,17.389999389648438,index_points,,,log_change,yahoo,^VIX,yfinance/yahoo-chart,raw/yahoo_VIX.csv,market-extract-4.2,2026-08-11T11:03:48+00:00,200,Adj Close|Close|High|Low|Open|Volume,,W10
2026-05-07,2026-05-07T20:15:00+00:00,True,16:15,America/New_York,VIX,S&P 500 Volatility Index,volatility,index,,index_level,global,core,1,17.079999923706055,index_points,,,log_change,yahoo,^VIX,yfinance/yahoo-chart,raw/yahoo_VIX.csv,market-extract-4.2,2026-08-11T11:03:48+00:00,200,Adj Close|Close|High|Low|Open|Volume,,W10
2026-05-08,2026-05-08T20:15:00+00:00,True,16:15,America/New_York,VIX,S&P 500 Volatility Index,volatility,index,,index_level,global,core,1,17.190000534057617,index_points,,,log_change,yahoo,^VIX,yfinance/yahoo-chart,raw/yahoo_VIX.csv,market-extract-4.2,2026-08-11T11:03:48+00:00,200,Adj Close|Close|High|Low|Open|Volume,,W10
2026-05-11,2026-05-11T20:15:00+00:00,True,16:15,America/New_York,VIX,S&P 500 Volatility Index,volatility,index,,index_level,global,core,1,18.3799991607666,index_points,,,log_change,yahoo,^VIX,yfinance/yahoo-chart,raw/yahoo_VIX.csv,market-extract-4.2,2026-08-11T11:03:48+00:00,200,Adj Close|Close|High|Low|Open|Volume,,W11
2026-05-12,2026-05-12T20:15:00+00:00,True,16:15,America/New_York,VIX,S&P 500 Volatility Index,volatility,index,,index_level,global,core,1,17.989999771118164,index_points,,,log_change,yahoo,^VIX,yfinance/yahoo-chart,raw/yahoo_VIX.csv,market-extract-4.2,2026-08-11T11:03:48+00:00,200,Adj Close|Close|High|Low|Open|Volume,,W11
2026-05-13,2026-05-13T20:15:00+00:00,True,16:15,America/New_York,VIX,S&P 500 Volatility Index,volatility,index,,index_level,global,core,1,17.8700008392334,index_points,,,log_change,yahoo,^VIX,yfinance/yahoo-chart,raw/yahoo_VIX.csv,market-extract-4.2,2026-08-11T11:03:48+00:00,200,Adj Close|Close|High|Low|Open|Volume,,W11
2026-05-14,2026-05-14T20:15:00+00:00,True,16:15,America/New_York,VIX,S&P 500 Volatility Index,volatility,index,,index_level,global,core,1,17.260000228881836,index_points,,,log_change,yahoo,^VIX,yfinance/yahoo-chart,raw/yahoo_VIX.csv,market-extract-4.2,2026-08-11T11:03:48+00:00,200,Adj Close|Close|High|Low|Open|Volume,,W11
2026-05-15,2026-05-15T20:15:00+00:00,True,16:15,America/New_York,VIX,S&P 500 Volatility Index,volatility,index,,index_level,global,core,1,18.43000030517578,index_points,,,log_change,yahoo,^VIX,yfinance/yahoo-chart,raw/yahoo_VIX.csv,market-extract-4.2,2026-08-11T11:03:48+00:00,200,Adj Close|Close|High|Low|Open|Volume,,W11
2026-05-18,2026-05-18T20:15:00+00:00,True,16:15,America/New_York,VIX,S&P 500 Volatility Index,volatility,index,,index_level,global,core,1,17.81999969482422,index_points,,,log_change,yahoo,^VIX,yfinance/yahoo-chart,raw/yahoo_VIX.csv,market-extract-4.2,2026-08-11T11:03:48+00:00,200,Adj Close|Close|High|Low|Open|Volume,,W12
2026-05-19,2026-05-19T20:15:00+00:00,True,16:15,America/New_York,VIX,S&P 500 Volatility Index,volatility,index,,index_level,global,core,1,18.059999465942383,index_points,,,log_change,yahoo,^VIX,yfinance/yahoo-chart,raw/yahoo_VIX.csv,market-extract-4.2,2026-08-11T11:03:48+00:00,200,Adj Close|Close|High|Low|Open|Volume,,W12
2026-05-20,2026-05-20T20:15:00+00:00,True,16:15,America/New_York,VIX,S&P 500 Volatility Index,volatility,index,,index_level,global,core,1,17.440000534057617,index_points,,,log_change,yahoo,^VIX,yfinance/yahoo-chart,raw/yahoo_VIX.csv,market-extract-4.2,2026-08-11T11:03:48+00:00,200,Adj Close|Close|High|Low|Open|Volume,,W12
2026-05-21,2026-05-21T20:15:00+00:00,True,16:15,America/New_York,VIX,S&P 500 Volatility Index,volatility,index,,index_level,global,core,1,16.760000228881836,index_points,,,log_change,yahoo,^VIX,yfinance/yahoo-chart,raw/yahoo_VIX.csv,market-extract-4.2,2026-08-11T11:03:48+00:00,200,Adj Close|Close|High|Low|Open|Volume,,W12
2026-05-22,2026-05-22T20:15:00+00:00,True,16:15,America/New_York,VIX,S&P 500 Volatility Index,volatility,index,,index_level,global,core,1,16.700000762939453,index_points,,,log_change,yahoo,^VIX,yfinance/yahoo-chart,raw/yahoo_VIX.csv,market-extract-4.2,2026-08-11T11:03:48+00:00,200,Adj Close|Close|High|Low|Open|Volume,,W12
2026-05-25,2026-05-25T20:15:00+00:00,True,16:15,America/New_York,VIX,S&P 500 Volatility Index,volatility,index,,index_level,global,core,1,16.59000015258789,index_points,,,log_change,yahoo,^VIX,yfinance/yahoo-chart,raw/yahoo_VIX.csv,market-extract-4.2,2026-08-11T11:03:48+00:00,200,Adj Close|Close|High|Low|Open|Volume,,W13
2026-05-26,2026-05-26T20:15:00+00:00,True,16:15,America/New_York,VIX,S&P 500 Volatility Index,volatility,index,,index_level,global,core,1,17.010000228881836,index_points,,,log_change,yahoo,^VIX,yfinance/yahoo-chart,raw/yahoo_VIX.csv,market-extract-4.2,2026-08-11T11:03:48+00:00,200,Adj Close|Close|High|Low|Open|Volume,,W13
2026-05-27,2026-05-27T20:15:00+00:00,True,16:15,America/New_York,VIX,S&P 500 Volatility Index,volatility,index,,index_level,global,core,1,16.290000915527344,index_points,,,log_change,yahoo,^VIX,yfinance/yahoo-chart,raw/yahoo_VIX.csv,market-extract-4.2,2026-08-11T11:03:48+00:00,200,Adj Close|Close|High|Low|Open|Volume,,W13
2026-05-28,2026-05-28T20:15:00+00:00,True,16:15,America/New_York,VIX,S&P 500 Volatility Index,volatility,index,,index_level,global,core,1,15.739999771118164,index_points,,,log_change,yahoo,^VIX,yfinance/yahoo-chart,raw/yahoo_VIX.csv,market-extract-4.2,2026-08-11T11:03:48+00:00,200,Adj Close|Close|High|Low|Open|Volume,,W13
2026-05-29,2026-05-29T20:15:00+00:00,True,16:15,America/New_York,VIX,S&P 500 Volatility Index,volatility,index,,index_level,global,core,1,15.319999694824219,index_points,,,log_change,yahoo,^VIX,yfinance/yahoo-chart,raw/yahoo_VIX.csv,market-extract-4.2,2026-08-11T11:03:48+00:00,200,Adj Close|Close|High|Low|Open|Volume,,W13
2026-06-01,2026-06-01T20:15:00+00:00,True,16:15,America/New_York,VIX,S&P 500 Volatility Index,volatility,index,,index_level,global,core,1,16.049999237060547,index_points,,,log_change,yahoo,^VIX,yfinance/yahoo-chart,raw/yahoo_VIX.csv,market-extract-4.2,2026-08-11T11:03:48+00:00,200,Adj Close|Close|High|Low|Open|Volume,,W14
2026-06-02,2026-06-02T20:15:00+00:00,True,16:15,America/New_York,VIX,S&P 500 Volatility Index,volatility,index,,index_level,global,core,1,15.770000457763672,index_points,,,log_change,yahoo,^VIX,yfinance/yahoo-chart,raw/yahoo_VIX.csv,market-extract-4.2,2026-08-11T11:03:48+00:00,200,Adj Close|Close|High|Low|Open|Volume,,W14
2026-06-03,2026-06-03T20:15:00+00:00,True,16:15,America/New_York,VIX,S&P 500 Volatility Index,volatility,index,,index_level,global,core,1,16.059999465942383,index_points,,,log_change,yahoo,^VIX,yfinance/yahoo-chart,raw/yahoo_VIX.csv,market-extract-4.2,2026-08-11T11:03:48+00:00,200,Adj Close|Close|High|Low|Open|Volume,,W14
2026-06-04,2026-06-04T20:15:00+00:00,True,16:15,America/New_York,VIX,S&P 500 Volatility Index,volatility,index,,index_level,global,core,1,15.399999618530273,index_points,,,log_change,yahoo,^VIX,yfinance/yahoo-chart,raw/yahoo_VIX.csv,market-extract-4.2,2026-08-11T11:03:48+00:00,200,Adj Close|Close|High|Low|Open|Volume,,W14
2026-06-05,2026-06-05T20:15:00+00:00,True,16:15,America/New_York,VIX,S&P 500 Volatility Index,volatility,index,,index_level,global,core,1,21.510000228881836,index_points,,,log_change,yahoo,^VIX,yfinance/yahoo-chart,raw/yahoo_VIX.csv,market-extract-4.2,2026-08-11T11:03:48+00:00,200,Adj Close|Close|High|Low|Open|Volume,,W14
2026-06-08,2026-06-08T20:15:00+00:00,True,16:15,America/New_York,VIX,S&P 500 Volatility Index,volatility,index,,index_level,global,core,1,18.920000076293945,index_points,,,log_change,yahoo,^VIX,yfinance/yahoo-chart,raw/yahoo_VIX.csv,market-extract-4.2,2026-08-11T11:03:48+00:00,200,Adj Close|Close|High|Low|Open|Volume,,W15
2026-06-09,2026-06-09T20:15:00+00:00,True,16:15,America/New_York,VIX,S&P 500 Volatility Index,volatility,index,,index_level,global,core,1,19.8700008392334,index_points,,,log_change,yahoo,^VIX,yfinance/yahoo-chart,raw/yahoo_VIX.csv,market-extract-4.2,2026-08-11T11:03:48+00:00,200,Adj Close|Close|High|Low|Open|Volume,,W15
2026-06-10,2026-06-10T20:15:00+00:00,True,16:15,America/New_York,VIX,S&P 500 Volatility Index,volatility,index,,index_level,global,core,1,22.219999313354492,index_points,,,log_change,yahoo,^VIX,yfinance/yahoo-chart,raw/yahoo_VIX.csv,market-extract-4.2,2026-08-11T11:03:48+00:00,200,Adj Close|Close|High|Low|Open|Volume,,W15
2026-06-11,2026-06-11T20:15:00+00:00,True,16:15,America/New_York,VIX,S&P 500 Volatility Index,volatility,index,,index_level,global,core,1,19.440000534057617,index_points,,,log_change,yahoo,^VIX,yfinance/yahoo-chart,raw/yahoo_VIX.csv,market-extract-4.2,2026-08-11T11:03:48+00:00,200,Adj Close|Close|High|Low|Open|Volume,,W15
2026-06-12,2026-06-12T20:15:00+00:00,True,16:15,America/New_York,VIX,S&P 500 Volatility Index,volatility,index,,index_level,global,core,1,17.68000030517578,index_points,,,log_change,yahoo,^VIX,yfinance/yahoo-chart,raw/yahoo_VIX.csv,market-extract-4.2,2026-08-11T11:03:48+00:00,200,Adj Close|Close|High|Low|Open|Volume,,W15
2026-06-15,2026-06-15T20:15:00+00:00,True,16:15,America/New_York,VIX,S&P 500 Volatility Index,volatility,index,,index_level,global,core,1,16.200000762939453,index_points,,,log_change,yahoo,^VIX,yfinance/yahoo-chart,raw/yahoo_VIX.csv,market-extract-4.2,2026-08-11T11:03:48+00:00,200,Adj Close|Close|High|Low|Open|Volume,,W16
2026-06-16,2026-06-16T20:15:00+00:00,True,16:15,America/New_York,VIX,S&P 500 Volatility Index,volatility,index,,index_level,global,core,1,16.40999984741211,index_points,,,log_change,yahoo,^VIX,yfinance/yahoo-chart,raw/yahoo_VIX.csv,market-extract-4.2,2026-08-11T11:03:48+00:00,200,Adj Close|Close|High|Low|Open|Volume,,W16
2026-06-17,2026-06-17T20:15:00+00:00,True,16:15,America/New_York,VIX,S&P 500 Volatility Index,volatility,index,,index_level,global,core,1,18.440000534057617,index_points,,,log_change,yahoo,^VIX,yfinance/yahoo-chart,raw/yahoo_VIX.csv,market-extract-4.2,2026-08-11T11:03:48+00:00,200,Adj Close|Close|High|Low|Open|Volume,,W16
2026-06-18,2026-06-18T20:15:00+00:00,True,16:15,America/New_York,VIX,S&P 500 Volatility Index,volatility,index,,index_level,global,core,1,16.399999618530273,index_points,,,log_change,yahoo,^VIX,yfinance/yahoo-chart,raw/yahoo_VIX.csv,market-extract-4.2,2026-08-11T11:03:48+00:00,200,Adj Close|Close|High|Low|Open|Volume,,W16
2026-06-22,2026-06-22T20:15:00+00:00,True,16:15,America/New_York,VIX,S&P 500 Volatility Index,volatility,index,,index_level,global,core,1,17.280000686645508,index_points,,,log_change,yahoo,^VIX,yfinance/yahoo-chart,raw/yahoo_VIX.csv,market-extract-4.2,2026-08-11T11:03:48+00:00,200,Adj Close|Close|High|Low|Open|Volume,,W17
2026-06-23,2026-06-23T20:15:00+00:00,True,16:15,America/New_York,VIX,S&P 500 Volatility Index,volatility,index,,index_level,global,core,1,19.489999771118164,index_points,,,log_change,yahoo,^VIX,yfinance/yahoo-chart,raw/yahoo_VIX.csv,market-extract-4.2,2026-08-11T11:03:48+00:00,200,Adj Close|Close|High|Low|Open|Volume,,W17
2026-06-24,2026-06-24T20:15:00+00:00,True,16:15,America/New_York,VIX,S&P 500 Volatility Index,volatility,index,,index_level,global,core,1,18.6299991607666,index_points,,,log_change,yahoo,^VIX,yfinance/yahoo-chart,raw/yahoo_VIX.csv,market-extract-4.2,2026-08-11T11:03:48+00:00,200,Adj Close|Close|High|Low|Open|Volume,,W17
2026-06-25,2026-06-25T20:15:00+00:00,True,16:15,America/New_York,VIX,S&P 500 Volatility Index,volatility,index,,index_level,global,core,1,18.889999389648438,index_points,,,log_change,yahoo,^VIX,yfinance/yahoo-chart,raw/yahoo_VIX.csv,market-extract-4.2,2026-08-11T11:03:48+00:00,200,Adj Close|Close|High|Low|Open|Volume,,W17
2026-06-26,2026-06-26T20:15:00+00:00,True,16:15,America/New_York,VIX,S&P 500 Volatility Index,volatility,index,,index_level,global,core,1,18.40999984741211,index_points,,,log_change,yahoo,^VIX,yfinance/yahoo-chart,raw/yahoo_VIX.csv,market-extract-4.2,2026-08-11T11:03:48+00:00,200,Adj Close|Close|High|Low|Open|Volume,,W17
2026-06-29,2026-06-29T20:15:00+00:00,True,16:15,America/New_York,VIX,S&P 500 Volatility Index,volatility,index,,index_level,global,core,1,17.649999618530273,index_points,,,log_change,yahoo,^VIX,yfinance/yahoo-chart,raw/yahoo_VIX.csv,market-extract-4.2,2026-08-11T11:03:48+00:00,200,Adj Close|Close|High|Low|Open|Volume,,W18
2026-06-30,2026-06-30T20:15:00+00:00,True,16:15,America/New_York,VIX,S&P 500 Volatility Index,volatility,index,,index_level,global,core,1,16.450000762939453,index_points,,,log_change,yahoo,^VIX,yfinance/yahoo-chart,raw/yahoo_VIX.csv,market-extract-4.2,2026-08-11T11:03:48+00:00,200,Adj Close|Close|High|Low|Open|Volume,,W18
2026-07-01,2026-07-01T20:15:00+00:00,True,16:15,America/New_York,VIX,S&P 500 Volatility Index,volatility,index,,index_level,global,core,1,16.59000015258789,index_points,,,log_change,yahoo,^VIX,yfinance/yahoo-chart,raw/yahoo_VIX.csv,market-extract-4.2,2026-08-11T11:03:48+00:00,200,Adj Close|Close|High|Low|Open|Volume,,W18
2026-07-02,2026-07-02T20:15:00+00:00,True,16:15,America/New_York,VIX,S&P 500 Volatility Index,volatility,index,,index_level,global,core,1,16.149999618530273,index_points,,,log_change,yahoo,^VIX,yfinance/yahoo-chart,raw/yahoo_VIX.csv,market-extract-4.2,2026-08-11T11:03:48+00:00,200,Adj Close|Close|High|Low|Open|Volume,,W18
2026-07-06,2026-07-06T20:15:00+00:00,True,16:15,America/New_York,VIX,S&P 500 Volatility Index,volatility,index,,index_level,global,core,1,15.569999694824219,index_points,,,log_change,yahoo,^VIX,yfinance/yahoo-chart,raw/yahoo_VIX.csv,market-extract-4.2,2026-08-11T11:03:48+00:00,200,Adj Close|Close|High|Low|Open|Volume,,W19
2026-07-07,2026-07-07T20:15:00+00:00,True,16:15,America/New_York,VIX,S&P 500 Volatility Index,volatility,index,,index_level,global,core,1,16.1299991607666,index_points,,,log_change,yahoo,^VIX,yfinance/yahoo-chart,raw/yahoo_VIX.csv,market-extract-4.2,2026-08-11T11:03:48+00:00,200,Adj Close|Close|High|Low|Open|Volume,,W19
2026-07-08,2026-07-08T20:15:00+00:00,True,16:15,America/New_York,VIX,S&P 500 Volatility Index,volatility,index,,index_level,global,core,1,16.899999618530273,index_points,,,log_change,yahoo,^VIX,yfinance/yahoo-chart,raw/yahoo_VIX.csv,market-extract-4.2,2026-08-11T11:03:48+00:00,200,Adj Close|Close|High|Low|Open|Volume,,W19
2026-07-09,2026-07-09T20:15:00+00:00,True,16:15,America/New_York,VIX,S&P 500 Volatility Index,volatility,index,,index_level,global,core,1,15.84000015258789,index_points,,,log_change,yahoo,^VIX,yfinance/yahoo-chart,raw/yahoo_VIX.csv,market-extract-4.2,2026-08-11T11:03:48+00:00,200,Adj Close|Close|High|Low|Open|Volume,,W19
2026-07-10,2026-07-10T20:15:00+00:00,True,16:15,America/New_York,VIX,S&P 500 Volatility Index,volatility,index,,index_level,global,core,1,15.029999732971191,index_points,,,log_change,yahoo,^VIX,yfinance/yahoo-chart,raw/yahoo_VIX.csv,market-extract-4.2,2026-08-11T11:03:48+00:00,200,Adj Close|Close|High|Low|Open|Volume,,W19
2026-07-13,2026-07-13T20:15:00+00:00,True,16:15,America/New_York,VIX,S&P 500 Volatility Index,volatility,index,,index_level,global,core,1,17.15999984741211,index_points,,,log_change,yahoo,^VIX,yfinance/yahoo-chart,raw/yahoo_VIX.csv,market-extract-4.2,2026-08-11T11:03:48+00:00,200,Adj Close|Close|High|Low|Open|Volume,,W20
2026-07-14,2026-07-14T20:15:00+00:00,True,16:15,America/New_York,VIX,S&P 500 Volatility Index,volatility,index,,index_level,global,core,1,16.5,index_points,,,log_change,yahoo,^VIX,yfinance/yahoo-chart,raw/yahoo_VIX.csv,market-extract-4.2,2026-08-11T11:03:48+00:00,200,Adj Close|Close|High|Low|Open|Volume,,W20
2026-07-15,2026-07-15T20:15:00+00:00,True,16:15,America/New_York,VIX,S&P 500 Volatility Index,volatility,index,,index_level,global,core,1,15.670000076293945,index_points,,,log_change,yahoo,^VIX,yfinance/yahoo-chart,raw/yahoo_VIX.csv,market-extract-4.2,2026-08-11T11:03:48+00:00,200,Adj Close|Close|High|Low|Open|Volume,,W20
2026-07-16,2026-07-16T20:15:00+00:00,True,16:15,America/New_York,VIX,S&P 500 Volatility Index,volatility,index,,index_level,global,core,1,16.729999542236328,index_points,,,log_change,yahoo,^VIX,yfinance/yahoo-chart,raw/yahoo_VIX.csv,market-extract-4.2,2026-08-11T11:03:48+00:00,200,Adj Close|Close|High|Low|Open|Volume,,W20
2026-07-17,2026-07-17T20:15:00+00:00,True,16:15,America/New_York,VIX,S&P 500 Volatility Index,volatility,index,,index_level,global,core,1,18.770000457763672,index_points,,,log_change,yahoo,^VIX,yfinance/yahoo-chart,raw/yahoo_VIX.csv,market-extract-4.2,2026-08-11T11:03:48+00:00,200,Adj Close|Close|High|Low|Open|Volume,,W20
2026-07-20,2026-07-20T20:15:00+00:00,True,16:15,America/New_York,VIX,S&P 500 Volatility Index,volatility,index,,index_level,global,core,1,18.649999618530273,index_points,,,log_change,yahoo,^VIX,yfinance/yahoo-chart,raw/yahoo_VIX.csv,market-extract-4.2,2026-08-11T11:03:48+00:00,200,Adj Close|Close|High|Low|Open|Volume,,W21
2026-07-21,2026-07-21T20:15:00+00:00,True,16:15,America/New_York,VIX,S&P 500 Volatility Index,volatility,index,,index_level,global,core,1,17.049999237060547,index_points,,,log_change,yahoo,^VIX,yfinance/yahoo-chart,raw/yahoo_VIX.csv,market-extract-4.2,2026-08-11T11:03:48+00:00,200,Adj Close|Close|High|Low|Open|Volume,,W21
2026-07-22,2026-07-22T20:15:00+00:00,True,16:15,America/New_York,VIX,S&P 500 Volatility Index,volatility,index,,index_level,global,core,1,16.639999389648438,index_points,,,log_change,yahoo,^VIX,yfinance/yahoo-chart,raw/yahoo_VIX.csv,market-extract-4.2,2026-08-11T11:03:48+00:00,200,Adj Close|Close|High|Low|Open|Volume,,W21
2026-03-02,2026-03-02T21:15:00+00:00,True,16:15,America/New_York,OVX,Oil Volatility Index,volatility,index,,index_level,global,core,1,68.9000015258789,index_points,,,log_change,yahoo,^OVX,yfinance/yahoo-chart,raw/yahoo_OVX.csv,market-extract-4.2,2026-08-11T11:03:48+00:00,200,Adj Close|Close|High|Low|Open|Volume,Oil-specific volatility measure; more relevant to Hormuz risk than broad VIX,W01
2026-03-03,2026-03-03T21:15:00+00:00,True,16:15,America/New_York,OVX,Oil Volatility Index,volatility,index,,index_level,global,core,1,73.98999786376953,index_points,,,log_change,yahoo,^OVX,yfinance/yahoo-chart,raw/yahoo_OVX.csv,market-extract-4.2,2026-08-11T11:03:48+00:00,200,Adj Close|Close|High|Low|Open|Volume,Oil-specific volatility measure; more relevant to Hormuz risk than broad VIX,W01
2026-03-04,2026-03-04T21:15:00+00:00,True,16:15,America/New_York,OVX,Oil Volatility Index,volatility,index,,index_level,global,core,1,75.19999694824219,index_points,,,log_change,yahoo,^OVX,yfinance/yahoo-chart,raw/yahoo_OVX.csv,market-extract-4.2,2026-08-11T11:03:48+00:00,200,Adj Close|Close|High|Low|Open|Volume,Oil-specific volatility measure; more relevant to Hormuz risk than broad VIX,W01
2026-03-05,2026-03-05T21:15:00+00:00,True,16:15,America/New_York,OVX,Oil Volatility Index,volatility,index,,index_level,global,core,1,83.83000183105469,index_points,,,log_change,yahoo,^OVX,yfinance/yahoo-chart,raw/yahoo_OVX.csv,market-extract-4.2,2026-08-11T11:03:48+00:00,200,Adj Close|Close|High|Low|Open|Volume,Oil-specific volatility measure; more relevant to Hormuz risk than broad VIX,W01
2026-03-06,2026-03-06T21:15:00+00:00,True,16:15,America/New_York,OVX,Oil Volatility Index,volatility,index,,index_level,global,core,1,103.5999984741211,index_points,,,log_change,yahoo,^OVX,yfinance/yahoo-chart,raw/yahoo_OVX.csv,market-extract-4.2,2026-08-11T11:03:48+00:00,200,Adj Close|Close|High|Low|Open|Volume,Oil-specific volatility measure; more relevant to Hormuz risk than broad VIX,W01
2026-03-09,2026-03-09T20:15:00+00:00,True,16:15,America/New_York,OVX,Oil Volatility Index,volatility,index,,index_level,global,core,1,100.52999877929688,index_points,,,log_change,yahoo,^OVX,yfinance/yahoo-chart,raw/yahoo_OVX.csv,market-extract-4.2,2026-08-11T11:03:48+00:00,200,Adj Close|Close|High|Low|Open|Volume,Oil-specific volatility measure; more relevant to Hormuz risk than broad VIX,W02
2026-03-10,2026-03-10T20:15:00+00:00,True,16:15,America/New_York,OVX,Oil Volatility Index,volatility,index,,index_level,global,core,1,108.19000244140625,index_points,,,log_change,yahoo,^OVX,yfinance/yahoo-chart,raw/yahoo_OVX.csv,market-extract-4.2,2026-08-11T11:03:48+00:00,200,Adj Close|Close|High|Low|Open|Volume,Oil-specific volatility measure; more relevant to Hormuz risk than broad VIX,W02
2026-03-11,2026-03-11T20:15:00+00:00,True,16:15,America/New_York,OVX,Oil Volatility Index,volatility,index,,index_level,global,core,1,120.91000366210938,index_points,,,log_change,yahoo,^OVX,yfinance/yahoo-chart,raw/yahoo_OVX.csv,market-extract-4.2,2026-08-11T11:03:48+00:00,200,Adj Close|Close|High|Low|Open|Volume,Oil-specific volatility measure; more relevant to Hormuz risk than broad VIX,W02
2026-03-12,2026-03-12T20:15:00+00:00,True,16:15,America/New_York,OVX,Oil Volatility Index,volatility,index,,index_level,global,core,1,120.22000122070312,index_points,,,log_change,yahoo,^OVX,yfinance/yahoo-chart,raw/yahoo_OVX.csv,market-extract-4.2,2026-08-11T11:03:48+00:00,200,Adj Close|Close|High|Low|Open|Volume,Oil-specific volatility measure; more relevant to Hormuz risk than broad VIX,W02
2026-03-13,2026-03-13T20:15:00+00:00,True,16:15,America/New_York,OVX,Oil Volatility Index,volatility,index,,index_level,global,core,1,119.0199966430664,index_points,,,log_change,yahoo,^OVX,yfinance/yahoo-chart,raw/yahoo_OVX.csv,market-extract-4.2,2026-08-11T11:03:48+00:00,200,Adj Close|Close|High|Low|Open|Volume,Oil-specific volatility measure; more relevant to Hormuz risk than broad VIX,W02
2026-03-16,2026-03-16T20:15:00+00:00,True,16:15,America/New_York,OVX,Oil Volatility Index,volatility,index,,index_level,global,core,1,101.97000122070312,index_points,,,log_change,yahoo,^OVX,yfinance/yahoo-chart,raw/yahoo_OVX.csv,market-extract-4.2,2026-08-11T11:03:48+00:00,200,Adj Close|Close|High|Low|Open|Volume,Oil-specific volatility measure; more relevant to Hormuz risk than broad VIX,W03
2026-03-17,2026-03-17T20:15:00+00:00,True,16:15,America/New_York,OVX,Oil Volatility Index,volatility,index,,index_level,global,core,1,95.91999816894531,index_points,,,log_change,yahoo,^OVX,yfinance/yahoo-chart,raw/yahoo_OVX.csv,market-extract-4.2,2026-08-11T11:03:48+00:00,200,Adj Close|Close|High|Low|Open|Volume,Oil-specific volatility measure; more relevant to Hormuz risk than broad VIX,W03
2026-03-18,2026-03-18T20:15:00+00:00,True,16:15,America/New_York,OVX,Oil Volatility Index,volatility,index,,index_level,global,core,1,97.27999877929688,index_points,,,log_change,yahoo,^OVX,yfinance/yahoo-chart,raw/yahoo_OVX.csv,market-extract-4.2,2026-08-11T11:03:48+00:00,200,Adj Close|Close|High|Low|Open|Volume,Oil-specific volatility measure; more relevant to Hormuz risk than broad VIX,W03
2026-03-19,2026-03-19T20:15:00+00:00,True,16:15,America/New_York,OVX,Oil Volatility Index,volatility,index,,index_level,global,core,1,92.68000030517578,index_points,,,log_change,yahoo,^OVX,yfinance/yahoo-chart,raw/yahoo_OVX.csv,market-extract-4.2,2026-08-11T11:03:48+00:00,200,Adj Close|Close|High|Low|Open|Volume,Oil-specific volatility measure; more relevant to Hormuz risk than broad VIX,W03
2026-03-20,2026-03-20T20:15:00+00:00,True,16:15,America/New_York,OVX,Oil Volatility Index,volatility,index,,index_level,global,core,1,91.8499984741211,index_points,,,log_change,yahoo,^OVX,yfinance/yahoo-chart,raw/yahoo_OVX.csv,market-extract-4.2,2026-08-11T11:03:48+00:00,200,Adj Close|Close|High|Low|Open|Volume,Oil-specific volatility measure; more relevant to Hormuz risk than broad VIX,W03
2026-03-23,2026-03-23T20:15:00+00:00,True,16:15,America/New_York,OVX,Oil Volatility Index,volatility,index,,index_level,global,core,1,89.77999877929688,index_points,,,log_change,yahoo,^OVX,yfinance/yahoo-chart,raw/yahoo_OVX.csv,market-extract-4.2,2026-08-11T11:03:48+00:00,200,Adj Close|Close|High|Low|Open|Volume,Oil-specific volatility measure; more relevant to Hormuz risk than broad VIX,W04
2026-03-24,2026-03-24T20:15:00+00:00,True,16:15,America/New_York,OVX,Oil Volatility Index,volatility,index,,index_level,global,core,1,89.33999633789062,index_points,,,log_change,yahoo,^OVX,yfinance/yahoo-chart,raw/yahoo_OVX.csv,market-extract-4.2,2026-08-11T11:03:48+00:00,200,Adj Close|Close|High|Low|Open|Volume,Oil-specific volatility measure; more relevant to Hormuz risk than broad VIX,W04
2026-03-25,2026-03-25T20:15:00+00:00,True,16:15,America/New_York,OVX,Oil Volatility Index,volatility,index,,index_level,global,core,1,90.16000366210938,index_points,,,log_change,yahoo,^OVX,yfinance/yahoo-chart,raw/yahoo_OVX.csv,market-extract-4.2,2026-08-11T11:03:48+00:00,200,Adj Close|Close|High|Low|Open|Volume,Oil-specific volatility measure; more relevant to Hormuz risk than broad VIX,W04
2026-03-26,2026-03-26T20:15:00+00:00,True,16:15,America/New_York,OVX,Oil Volatility Index,volatility,index,,index_level,global,core,1,92.37000274658203,index_points,,,log_change,yahoo,^OVX,yfinance/yahoo-chart,raw/yahoo_OVX.csv,market-extract-4.2,2026-08-11T11:03:48+00:00,200,Adj Close|Close|High|Low|Open|Volume,Oil-specific volatility measure; more relevant to Hormuz risk than broad VIX,W04
2026-03-27,2026-03-27T20:15:00+00:00,True,16:15,America/New_York,OVX,Oil Volatility Index,volatility,index,,index_level,global,core,1,96.63999938964844,index_points,,,log_change,yahoo,^OVX,yfinance/yahoo-chart,raw/yahoo_OVX.csv,market-extract-4.2,2026-08-11T11:03:48+00:00,200,Adj Close|Close|High|Low|Open|Volume,Oil-specific volatility measure; more relevant to Hormuz risk than broad VIX,W04
2026-03-30,2026-03-30T20:15:00+00:00,True,16:15,America/New_York,OVX,Oil Volatility Index,volatility,index,,index_level,global,core,1,95.83999633789062,index_points,,,log_change,yahoo,^OVX,yfinance/yahoo-chart,raw/yahoo_OVX.csv,market-extract-4.2,2026-08-11T11:03:48+00:00,200,Adj Close|Close|High|Low|Open|Volume,Oil-specific volatility measure; more relevant to Hormuz risk than broad VIX,W05
2026-03-31,2026-03-31T20:15:00+00:00,True,16:15,America/New_York,OVX,Oil Volatility Index,volatility,index,,index_level,global,core,1,89.38999938964844,index_points,,,log_change,yahoo,^OVX,yfinance/yahoo-chart,raw/yahoo_OVX.csv,market-extract-4.2,2026-08-11T11:03:48+00:00,200,Adj Close|Close|High|Low|Open|Volume,Oil-specific volatility measure; more relevant to Hormuz risk than broad VIX,W05
2026-04-01,2026-04-01T20:15:00+00:00,True,16:15,America/New_York,OVX,Oil Volatility Index,volatility,index,,index_level,global,core,1,91.80000305175781,index_points,,,log_change,yahoo,^OVX,yfinance/yahoo-chart,raw/yahoo_OVX.csv,market-extract-4.2,2026-08-11T11:03:48+00:00,200,Adj Close|Close|High|Low|Open|Volume,Oil-specific volatility measure; more relevant to Hormuz risk than broad VIX,W05
2026-04-02,2026-04-02T20:15:00+00:00,True,16:15,America/New_York,OVX,Oil Volatility Index,volatility,index,,index_level,global,core,1,93.13999938964844,index_points,,,log_change,yahoo,^OVX,yfinance/yahoo-chart,raw/yahoo_OVX.csv,market-extract-4.2,2026-08-11T11:03:48+00:00,200,Adj Close|Close|High|Low|Open|Volume,Oil-specific volatility measure; more relevant to Hormuz risk than broad VIX,W05
2026-04-06,2026-04-06T20:15:00+00:00,True,16:15,America/New_York,OVX,Oil Volatility Index,volatility,index,,index_level,global,core,1,96.13999938964844,index_points,,,log_change,yahoo,^OVX,yfinance/yahoo-chart,raw/yahoo_OVX.csv,market-extract-4.2,2026-08-11T11:03:48+00:00,200,Adj Close|Close|High|Low|Open|Volume,Oil-specific volatility measure; more relevant to Hormuz risk than broad VIX,W06
2026-04-07,2026-04-07T20:15:00+00:00,True,16:15,America/New_York,OVX,Oil Volatility Index,volatility,index,,index_level,global,core,1,98.79000091552734,index_points,,,log_change,yahoo,^OVX,yfinance/yahoo-chart,raw/yahoo_OVX.csv,market-extract-4.2,2026-08-11T11:03:48+00:00,200,Adj Close|Close|High|Low|Open|Volume,Oil-specific volatility measure; more relevant to Hormuz risk than broad VIX,W06
2026-04-08,2026-04-08T20:15:00+00:00,True,16:15,America/New_York,OVX,Oil Volatility Index,volatility,index,,index_level,global,core,1,83.91000366210938,index_points,,,log_change,yahoo,^OVX,yfinance/yahoo-chart,raw/yahoo_OVX.csv,market-extract-4.2,2026-08-11T11:03:48+00:00,200,Adj Close|Close|High|Low|Open|Volume,Oil-specific volatility measure; more relevant to Hormuz risk than broad VIX,W06
2026-04-09,2026-04-09T20:15:00+00:00,True,16:15,America/New_York,OVX,Oil Volatility Index,volatility,index,,index_level,global,core,1,81.73999786376953,index_points,,,log_change,yahoo,^OVX,yfinance/yahoo-chart,raw/yahoo_OVX.csv,market-extract-4.2,2026-08-11T11:03:48+00:00,200,Adj Close|Close|High|Low|Open|Volume,Oil-specific volatility measure; more relevant to Hormuz risk than broad VIX,W06
2026-04-10,2026-04-10T20:15:00+00:00,True,16:15,America/New_York,OVX,Oil Volatility Index,volatility,index,,index_level,global,core,1,78.01000213623047,index_points,,,log_change,yahoo,^OVX,yfinance/yahoo-chart,raw/yahoo_OVX.csv,market-extract-4.2,2026-08-11T11:03:48+00:00,200,Adj Close|Close|High|Low|Open|Volume,Oil-specific volatility measure; more relevant to Hormuz risk than broad VIX,W06
2026-04-13,2026-04-13T20:15:00+00:00,True,16:15,America/New_York,OVX,Oil Volatility Index,volatility,index,,index_level,global,core,1,80.55000305175781,index_points,,,log_change,yahoo,^OVX,yfinance/yahoo-chart,raw/yahoo_OVX.csv,market-extract-4.2,2026-08-11T11:03:48+00:00,200,Adj Close|Close|High|Low|Open|Volume,Oil-specific volatility measure; more relevant to Hormuz risk than broad VIX,W07
2026-04-14,2026-04-14T20:15:00+00:00,True,16:15,America/New_York,OVX,Oil Volatility Index,volatility,index,,index_level,global,core,1,75.3499984741211,index_points,,,log_change,yahoo,^OVX,yfinance/yahoo-chart,raw/yahoo_OVX.csv,market-extract-4.2,2026-08-11T11:03:48+00:00,200,Adj Close|Close|High|Low|Open|Volume,Oil-specific volatility measure; more relevant to Hormuz risk than broad VIX,W07
2026-04-15,2026-04-15T20:15:00+00:00,True,16:15,America/New_York,OVX,Oil Volatility Index,volatility,index,,index_level,global,core,1,72.2300033569336,index_points,,,log_change,yahoo,^OVX,yfinance/yahoo-chart,raw/yahoo_OVX.csv,market-extract-4.2,2026-08-11T11:03:48+00:00,200,Adj Close|Close|High|Low|Open|Volume,Oil-specific volatility measure; more relevant to Hormuz risk than broad VIX,W07
2026-04-16,2026-04-16T20:15:00+00:00,True,16:15,America/New_York,OVX,Oil Volatility Index,volatility,index,,index_level,global,core,1,73.04000091552734,index_points,,,log_change,yahoo,^OVX,yfinance/yahoo-chart,raw/yahoo_OVX.csv,market-extract-4.2,2026-08-11T11:03:48+00:00,200,Adj Close|Close|High|Low|Open|Volume,Oil-specific volatility measure; more relevant to Hormuz risk than broad VIX,W07
2026-04-17,2026-04-17T20:15:00+00:00,True,16:15,America/New_York,OVX,Oil Volatility Index,volatility,index,,index_level,global,core,1,69.01000213623047,index_points,,,log_change,yahoo,^OVX,yfinance/yahoo-chart,raw/yahoo_OVX.csv,market-extract-4.2,2026-08-11T11:03:48+00:00,200,Adj Close|Close|High|Low|Open|Volume,Oil-specific volatility measure; more relevant to Hormuz risk than broad VIX,W07
2026-04-20,2026-04-20T20:15:00+00:00,True,16:15,America/New_York,OVX,Oil Volatility Index,volatility,index,,index_level,global,core,1,73.79000091552734,index_points,,,log_change,yahoo,^OVX,yfinance/yahoo-chart,raw/yahoo_OVX.csv,market-extract-4.2,2026-08-11T11:03:48+00:00,200,Adj Close|Close|High|Low|Open|Volume,Oil-specific volatility measure; more relevant to Hormuz risk than broad VIX,W08
2026-04-21,2026-04-21T20:15:00+00:00,True,16:15,America/New_York,OVX,Oil Volatility Index,volatility,index,,index_level,global,core,1,85.56999969482422,index_points,,,log_change,yahoo,^OVX,yfinance/yahoo-chart,raw/yahoo_OVX.csv,market-extract-4.2,2026-08-11T11:03:48+00:00,200,Adj Close|Close|High|Low|Open|Volume,Oil-specific volatility measure; more relevant to Hormuz risk than broad VIX,W08
2026-04-22,2026-04-22T20:15:00+00:00,True,16:15,America/New_York,OVX,Oil Volatility Index,volatility,index,,index_level,global,core,1,76.7699966430664,index_points,,,log_change,yahoo,^OVX,yfinance/yahoo-chart,raw/yahoo_OVX.csv,market-extract-4.2,2026-08-11T11:03:48+00:00,200,Adj Close|Close|High|Low|Open|Volume,Oil-specific volatility measure; more relevant to Hormuz risk than broad VIX,W08
2026-04-23,2026-04-23T20:15:00+00:00,True,16:15,America/New_York,OVX,Oil Volatility Index,volatility,index,,index_level,global,core,1,78.66999816894531,index_points,,,log_change,yahoo,^OVX,yfinance/yahoo-chart,raw/yahoo_OVX.csv,market-extract-4.2,2026-08-11T11:03:48+00:00,200,Adj Close|Close|High|Low|Open|Volume,Oil-specific volatility measure; more relevant to Hormuz risk than broad VIX,W08
2026-04-24,2026-04-24T20:15:00+00:00,True,16:15,America/New_York,OVX,Oil Volatility Index,volatility,index,,index_level,global,core,1,75.83000183105469,index_points,,,log_change,yahoo,^OVX,yfinance/yahoo-chart,raw/yahoo_OVX.csv,market-extract-4.2,2026-08-11T11:03:48+00:00,200,Adj Close|Close|High|Low|Open|Volume,Oil-specific volatility measure; more relevant to Hormuz risk than broad VIX,W08
2026-04-27,2026-04-27T20:15:00+00:00,True,16:15,America/New_York,OVX,Oil Volatility Index,volatility,index,,index_level,global,core,1,73.11000061035156,index_points,,,log_change,yahoo,^OVX,yfinance/yahoo-chart,raw/yahoo_OVX.csv,market-extract-4.2,2026-08-11T11:03:48+00:00,200,Adj Close|Close|High|Low|Open|Volume,Oil-specific volatility measure; more relevant to Hormuz risk than broad VIX,W09
2026-04-28,2026-04-28T20:15:00+00:00,True,16:15,America/New_York,OVX,Oil Volatility Index,volatility,index,,index_level,global,core,1,70.5,index_points,,,log_change,yahoo,^OVX,yfinance/yahoo-chart,raw/yahoo_OVX.csv,market-extract-4.2,2026-08-11T11:03:48+00:00,200,Adj Close|Close|High|Low|Open|Volume,Oil-specific volatility measure; more relevant to Hormuz risk than broad VIX,W09
2026-04-29,2026-04-29T20:15:00+00:00,True,16:15,America/New_York,OVX,Oil Volatility Index,volatility,index,,index_level,global,core,1,75.95999908447266,index_points,,,log_change,yahoo,^OVX,yfinance/yahoo-chart,raw/yahoo_OVX.csv,market-extract-4.2,2026-08-11T11:03:48+00:00,200,Adj Close|Close|High|Low|Open|Volume,Oil-specific volatility measure; more relevant to Hormuz risk than broad VIX,W09
2026-04-30,2026-04-30T20:15:00+00:00,True,16:15,America/New_York,OVX,Oil Volatility Index,volatility,index,,index_level,global,core,1,75.08000183105469,index_points,,,log_change,yahoo,^OVX,yfinance/yahoo-chart,raw/yahoo_OVX.csv,market-extract-4.2,2026-08-11T11:03:48+00:00,200,Adj Close|Close|High|Low|Open|Volume,Oil-specific volatility measure; more relevant to Hormuz risk than broad VIX,W09
2026-05-01,2026-05-01T20:15:00+00:00,True,16:15,America/New_York,OVX,Oil Volatility Index,volatility,index,,index_level,global,core,1,75.4000015258789,index_points,,,log_change,yahoo,^OVX,yfinance/yahoo-chart,raw/yahoo_OVX.csv,market-extract-4.2,2026-08-11T11:03:48+00:00,200,Adj Close|Close|High|Low|Open|Volume,Oil-specific volatility measure; more relevant to Hormuz risk than broad VIX,W09
2026-05-04,2026-05-04T20:15:00+00:00,True,16:15,America/New_York,OVX,Oil Volatility Index,volatility,index,,index_level,global,core,1,78.62999725341797,index_points,,,log_change,yahoo,^OVX,yfinance/yahoo-chart,raw/yahoo_OVX.csv,market-extract-4.2,2026-08-11T11:03:48+00:00,200,Adj Close|Close|High|Low|Open|Volume,Oil-specific volatility measure; more relevant to Hormuz risk than broad VIX,W10
2026-05-05,2026-05-05T20:15:00+00:00,True,16:15,America/New_York,OVX,Oil Volatility Index,volatility,index,,index_level,global,core,1,74.7300033569336,index_points,,,log_change,yahoo,^OVX,yfinance/yahoo-chart,raw/yahoo_OVX.csv,market-extract-4.2,2026-08-11T11:03:48+00:00,200,Adj Close|Close|High|Low|Open|Volume,Oil-specific volatility measure; more relevant to Hormuz risk than broad VIX,W10
2026-05-06,2026-05-06T20:15:00+00:00,True,16:15,America/New_York,OVX,Oil Volatility Index,volatility,index,,index_level,global,core,1,72.33999633789062,index_points,,,log_change,yahoo,^OVX,yfinance/yahoo-chart,raw/yahoo_OVX.csv,market-extract-4.2,2026-08-11T11:03:48+00:00,200,Adj Close|Close|High|Low|Open|Volume,Oil-specific volatility measure; more relevant to Hormuz risk than broad VIX,W10
2026-05-07,2026-05-07T20:15:00+00:00,True,16:15,America/New_York,OVX,Oil Volatility Index,volatility,index,,index_level,global,core,1,72.25,index_points,,,log_change,yahoo,^OVX,yfinance/yahoo-chart,raw/yahoo_OVX.csv,market-extract-4.2,2026-08-11T11:03:48+00:00,200,Adj Close|Close|High|Low|Open|Volume,Oil-specific volatility measure; more relevant to Hormuz risk than broad VIX,W10
2026-05-08,2026-05-08T20:15:00+00:00,True,16:15,America/New_York,OVX,Oil Volatility Index,volatility,index,,index_level,global,core,1,72.1500015258789,index_points,,,log_change,yahoo,^OVX,yfinance/yahoo-chart,raw/yahoo_OVX.csv,market-extract-4.2,2026-08-11T11:03:48+00:00,200,Adj Close|Close|High|Low|Open|Volume,Oil-specific volatility measure; more relevant to Hormuz risk than broad VIX,W10
2026-05-11,2026-05-11T20:15:00+00:00,True,16:15,America/New_York,OVX,Oil Volatility Index,volatility,index,,index_level,global,core,1,75.66000366210938,index_points,,,log_change,yahoo,^OVX,yfinance/yahoo-chart,raw/yahoo_OVX.csv,market-extract-4.2,2026-08-11T11:03:48+00:00,200,Adj Close|Close|High|Low|Open|Volume,Oil-specific volatility measure; more relevant to Hormuz risk than broad VIX,W11
2026-05-12,2026-05-12T20:15:00+00:00,True,16:15,America/New_York,OVX,Oil Volatility Index,volatility,index,,index_level,global,core,1,75.69000244140625,index_points,,,log_change,yahoo,^OVX,yfinance/yahoo-chart,raw/yahoo_OVX.csv,market-extract-4.2,2026-08-11T11:03:48+00:00,200,Adj Close|Close|High|Low|Open|Volume,Oil-specific volatility measure; more relevant to Hormuz risk than broad VIX,W11
2026-05-13,2026-05-13T20:15:00+00:00,True,16:15,America/New_York,OVX,Oil Volatility Index,volatility,index,,index_level,global,core,1,70.94000244140625,index_points,,,log_change,yahoo,^OVX,yfinance/yahoo-chart,raw/yahoo_OVX.csv,market-extract-4.2,2026-08-11T11:03:48+00:00,200,Adj Close|Close|High|Low|Open|Volume,Oil-specific volatility measure; more relevant to Hormuz risk than broad VIX,W11
2026-05-14,2026-05-14T20:15:00+00:00,True,16:15,America/New_York,OVX,Oil Volatility Index,volatility,index,,index_level,global,core,1,68.91999816894531,index_points,,,log_change,yahoo,^OVX,yfinance/yahoo-chart,raw/yahoo_OVX.csv,market-extract-4.2,2026-08-11T11:03:48+00:00,200,Adj Close|Close|High|Low|Open|Volume,Oil-specific volatility measure; more relevant to Hormuz risk than broad VIX,W11
2026-05-15,2026-05-15T20:15:00+00:00,True,16:15,America/New_York,OVX,Oil Volatility Index,volatility,index,,index_level,global,core,1,72.3499984741211,index_points,,,log_change,yahoo,^OVX,yfinance/yahoo-chart,raw/yahoo_OVX.csv,market-extract-4.2,2026-08-11T11:03:48+00:00,200,Adj Close|Close|High|Low|Open|Volume,Oil-specific volatility measure; more relevant to Hormuz risk than broad VIX,W11
2026-05-18,2026-05-18T20:15:00+00:00,True,16:15,America/New_York,OVX,Oil Volatility Index,volatility,index,,index_level,global,core,1,72.06999969482422,index_points,,,log_change,yahoo,^OVX,yfinance/yahoo-chart,raw/yahoo_OVX.csv,market-extract-4.2,2026-08-11T11:03:48+00:00,200,Adj Close|Close|High|Low|Open|Volume,Oil-specific volatility measure; more relevant to Hormuz risk than broad VIX,W12
2026-05-19,2026-05-19T20:15:00+00:00,True,16:15,America/New_York,OVX,Oil Volatility Index,volatility,index,,index_level,global,core,1,72.88999938964844,index_points,,,log_change,yahoo,^OVX,yfinance/yahoo-chart,raw/yahoo_OVX.csv,market-extract-4.2,2026-08-11T11:03:48+00:00,200,Adj Close|Close|High|Low|Open|Volume,Oil-specific volatility measure; more relevant to Hormuz risk than broad VIX,W12
2026-05-20,2026-05-20T20:15:00+00:00,True,16:15,America/New_York,OVX,Oil Volatility Index,volatility,index,,index_level,global,core,1,72.7699966430664,index_points,,,log_change,yahoo,^OVX,yfinance/yahoo-chart,raw/yahoo_OVX.csv,market-extract-4.2,2026-08-11T11:03:48+00:00,200,Adj Close|Close|High|Low|Open|Volume,Oil-specific volatility measure; more relevant to Hormuz risk than broad VIX,W12
2026-05-21,2026-05-21T20:15:00+00:00,True,16:15,America/New_York,OVX,Oil Volatility Index,volatility,index,,index_level,global,core,1,73.54000091552734,index_points,,,log_change,yahoo,^OVX,yfinance/yahoo-chart,raw/yahoo_OVX.csv,market-extract-4.2,2026-08-11T11:03:48+00:00,200,Adj Close|Close|High|Low|Open|Volume,Oil-specific volatility measure; more relevant to Hormuz risk than broad VIX,W12
2026-05-22,2026-05-22T20:15:00+00:00,True,16:15,America/New_York,OVX,Oil Volatility Index,volatility,index,,index_level,global,core,1,75.97000122070312,index_points,,,log_change,yahoo,^OVX,yfinance/yahoo-chart,raw/yahoo_OVX.csv,market-extract-4.2,2026-08-11T11:03:48+00:00,200,Adj Close|Close|High|Low|Open|Volume,Oil-specific volatility measure; more relevant to Hormuz risk than broad VIX,W12
2026-05-26,2026-05-26T20:15:00+00:00,True,16:15,America/New_York,OVX,Oil Volatility Index,volatility,index,,index_level,global,core,1,65.05999755859375,index_points,,,log_change,yahoo,^OVX,yfinance/yahoo-chart,raw/yahoo_OVX.csv,market-extract-4.2,2026-08-11T11:03:48+00:00,200,Adj Close|Close|High|Low|Open|Volume,Oil-specific volatility measure; more relevant to Hormuz risk than broad VIX,W13
2026-05-27,2026-05-27T20:15:00+00:00,True,16:15,America/New_York,OVX,Oil Volatility Index,volatility,index,,index_level,global,core,1,59.970001220703125,index_points,,,log_change,yahoo,^OVX,yfinance/yahoo-chart,raw/yahoo_OVX.csv,market-extract-4.2,2026-08-11T11:03:48+00:00,200,Adj Close|Close|High|Low|Open|Volume,Oil-specific volatility measure; more relevant to Hormuz risk than broad VIX,W13
2026-05-28,2026-05-28T20:15:00+00:00,True,16:15,America/New_York,OVX,Oil Volatility Index,volatility,index,,index_level,global,core,1,58.29999923706055,index_points,,,log_change,yahoo,^OVX,yfinance/yahoo-chart,raw/yahoo_OVX.csv,market-extract-4.2,2026-08-11T11:03:48+00:00,200,Adj Close|Close|High|Low|Open|Volume,Oil-specific volatility measure; more relevant to Hormuz risk than broad VIX,W13
2026-05-29,2026-05-29T20:15:00+00:00,True,16:15,America/New_York,OVX,Oil Volatility Index,volatility,index,,index_level,global,core,1,57.84000015258789,index_points,,,log_change,yahoo,^OVX,yfinance/yahoo-chart,raw/yahoo_OVX.csv,market-extract-4.2,2026-08-11T11:03:48+00:00,200,Adj Close|Close|High|Low|Open|Volume,Oil-specific volatility measure; more relevant to Hormuz risk than broad VIX,W13
2026-06-01,2026-06-01T20:15:00+00:00,True,16:15,America/New_York,OVX,Oil Volatility Index,volatility,index,,index_level,global,core,1,61.2400016784668,index_points,,,log_change,yahoo,^OVX,yfinance/yahoo-chart,raw/yahoo_OVX.csv,market-extract-4.2,2026-08-11T11:03:48+00:00,200,Adj Close|Close|High|Low|Open|Volume,Oil-specific volatility measure; more relevant to Hormuz risk than broad VIX,W14
2026-06-02,2026-06-02T20:15:00+00:00,True,16:15,America/New_York,OVX,Oil Volatility Index,volatility,index,,index_level,global,core,1,59.529998779296875,index_points,,,log_change,yahoo,^OVX,yfinance/yahoo-chart,raw/yahoo_OVX.csv,market-extract-4.2,2026-08-11T11:03:48+00:00,200,Adj Close|Close|High|Low|Open|Volume,Oil-specific volatility measure; more relevant to Hormuz risk than broad VIX,W14
2026-06-03,2026-06-03T20:15:00+00:00,True,16:15,America/New_York,OVX,Oil Volatility Index,volatility,index,,index_level,global,core,1,60.52000045776367,index_points,,,log_change,yahoo,^OVX,yfinance/yahoo-chart,raw/yahoo_OVX.csv,market-extract-4.2,2026-08-11T11:03:48+00:00,200,Adj Close|Close|High|Low|Open|Volume,Oil-specific volatility measure; more relevant to Hormuz risk than broad VIX,W14
2026-06-04,2026-06-04T20:15:00+00:00,True,16:15,America/New_York,OVX,Oil Volatility Index,volatility,index,,index_level,global,core,1,59.790000915527344,index_points,,,log_change,yahoo,^OVX,yfinance/yahoo-chart,raw/yahoo_OVX.csv,market-extract-4.2,2026-08-11T11:03:48+00:00,200,Adj Close|Close|High|Low|Open|Volume,Oil-specific volatility measure; more relevant to Hormuz risk than broad VIX,W14
2026-06-05,2026-06-05T20:15:00+00:00,True,16:15,America/New_York,OVX,Oil Volatility Index,volatility,index,,index_level,global,core,1,57.75,index_points,,,log_change,yahoo,^OVX,yfinance/yahoo-chart,raw/yahoo_OVX.csv,market-extract-4.2,2026-08-11T11:03:48+00:00,200,Adj Close|Close|High|Low|Open|Volume,Oil-specific volatility measure; more relevant to Hormuz risk than broad VIX,W14
2026-06-08,2026-06-08T20:15:00+00:00,True,16:15,America/New_York,OVX,Oil Volatility Index,volatility,index,,index_level,global,core,1,58.36000061035156,index_points,,,log_change,yahoo,^OVX,yfinance/yahoo-chart,raw/yahoo_OVX.csv,market-extract-4.2,2026-08-11T11:03:48+00:00,200,Adj Close|Close|High|Low|Open|Volume,Oil-specific volatility measure; more relevant to Hormuz risk than broad VIX,W15
2026-06-09,2026-06-09T20:15:00+00:00,True,16:15,America/New_York,OVX,Oil Volatility Index,volatility,index,,index_level,global,core,1,57.630001068115234,index_points,,,log_change,yahoo,^OVX,yfinance/yahoo-chart,raw/yahoo_OVX.csv,market-extract-4.2,2026-08-11T11:03:48+00:00,200,Adj Close|Close|High|Low|Open|Volume,Oil-specific volatility measure; more relevant to Hormuz risk than broad VIX,W15
2026-06-10,2026-06-10T20:15:00+00:00,True,16:15,America/New_York,OVX,Oil Volatility Index,volatility,index,,index_level,global,core,1,60.279998779296875,index_points,,,log_change,yahoo,^OVX,yfinance/yahoo-chart,raw/yahoo_OVX.csv,market-extract-4.2,2026-08-11T11:03:48+00:00,200,Adj Close|Close|High|Low|Open|Volume,Oil-specific volatility measure; more relevant to Hormuz risk than broad VIX,W15
2026-06-11,2026-06-11T20:15:00+00:00,True,16:15,America/New_York,OVX,Oil Volatility Index,volatility,index,,index_level,global,core,1,56.29999923706055,index_points,,,log_change,yahoo,^OVX,yfinance/yahoo-chart,raw/yahoo_OVX.csv,market-extract-4.2,2026-08-11T11:03:48+00:00,200,Adj Close|Close|High|Low|Open|Volume,Oil-specific volatility measure; more relevant to Hormuz risk than broad VIX,W15
2026-06-12,2026-06-12T20:15:00+00:00,True,16:15,America/New_York,OVX,Oil Volatility Index,volatility,index,,index_level,global,core,1,54.099998474121094,index_points,,,log_change,yahoo,^OVX,yfinance/yahoo-chart,raw/yahoo_OVX.csv,market-extract-4.2,2026-08-11T11:03:48+00:00,200,Adj Close|Close|High|Low|Open|Volume,Oil-specific volatility measure; more relevant to Hormuz risk than broad VIX,W15
2026-06-15,2026-06-15T20:15:00+00:00,True,16:15,America/New_York,OVX,Oil Volatility Index,volatility,index,,index_level,global,core,1,47.75,index_points,,,log_change,yahoo,^OVX,yfinance/yahoo-chart,raw/yahoo_OVX.csv,market-extract-4.2,2026-08-11T11:03:48+00:00,200,Adj Close|Close|High|Low|Open|Volume,Oil-specific volatility measure; more relevant to Hormuz risk than broad VIX,W16
2026-06-16,2026-06-16T20:15:00+00:00,True,16:15,America/New_York,OVX,Oil Volatility Index,volatility,index,,index_level,global,core,1,53.099998474121094,index_points,,,log_change,yahoo,^OVX,yfinance/yahoo-chart,raw/yahoo_OVX.csv,market-extract-4.2,2026-08-11T11:03:48+00:00,200,Adj Close|Close|High|Low|Open|Volume,Oil-specific volatility measure; more relevant to Hormuz risk than broad VIX,W16
2026-06-17,2026-06-17T20:15:00+00:00,True,16:15,America/New_York,OVX,Oil Volatility Index,volatility,index,,index_level,global,core,1,53.650001525878906,index_points,,,log_change,yahoo,^OVX,yfinance/yahoo-chart,raw/yahoo_OVX.csv,market-extract-4.2,2026-08-11T11:03:48+00:00,200,Adj Close|Close|High|Low|Open|Volume,Oil-specific volatility measure; more relevant to Hormuz risk than broad VIX,W16
2026-06-18,2026-06-18T20:15:00+00:00,True,16:15,America/New_York,OVX,Oil Volatility Index,volatility,index,,index_level,global,core,1,51.540000915527344,index_points,,,log_change,yahoo,^OVX,yfinance/yahoo-chart,raw/yahoo_OVX.csv,market-extract-4.2,2026-08-11T11:03:48+00:00,200,Adj Close|Close|High|Low|Open|Volume,Oil-specific volatility measure; more relevant to Hormuz risk than broad VIX,W16
2026-06-22,2026-06-22T20:15:00+00:00,True,16:15,America/New_York,OVX,Oil Volatility Index,volatility,index,,index_level,global,core,1,50.70000076293945,index_points,,,log_change,yahoo,^OVX,yfinance/yahoo-chart,raw/yahoo_OVX.csv,market-extract-4.2,2026-08-11T11:03:48+00:00,200,Adj Close|Close|High|Low|Open|Volume,Oil-specific volatility measure; more relevant to Hormuz risk than broad VIX,W17
2026-06-23,2026-06-23T20:15:00+00:00,True,16:15,America/New_York,OVX,Oil Volatility Index,volatility,index,,index_level,global,core,1,46.599998474121094,index_points,,,log_change,yahoo,^OVX,yfinance/yahoo-chart,raw/yahoo_OVX.csv,market-extract-4.2,2026-08-11T11:03:48+00:00,200,Adj Close|Close|High|Low|Open|Volume,Oil-specific volatility measure; more relevant to Hormuz risk than broad VIX,W17
2026-06-24,2026-06-24T20:15:00+00:00,True,16:15,America/New_York,OVX,Oil Volatility Index,volatility,index,,index_level,global,core,1,47.61000061035156,index_points,,,log_change,yahoo,^OVX,yfinance/yahoo-chart,raw/yahoo_OVX.csv,market-extract-4.2,2026-08-11T11:03:48+00:00,200,Adj Close|Close|High|Low|Open|Volume,Oil-specific volatility measure; more relevant to Hormuz risk than broad VIX,W17
2026-06-25,2026-06-25T20:15:00+00:00,True,16:15,America/New_York,OVX,Oil Volatility Index,volatility,index,,index_level,global,core,1,46.959999084472656,index_points,,,log_change,yahoo,^OVX,yfinance/yahoo-chart,raw/yahoo_OVX.csv,market-extract-4.2,2026-08-11T11:03:48+00:00,200,Adj Close|Close|High|Low|Open|Volume,Oil-specific volatility measure; more relevant to Hormuz risk than broad VIX,W17
2026-06-26,2026-06-26T20:15:00+00:00,True,16:15,America/New_York,OVX,Oil Volatility Index,volatility,index,,index_level,global,core,1,46.459999084472656,index_points,,,log_change,yahoo,^OVX,yfinance/yahoo-chart,raw/yahoo_OVX.csv,market-extract-4.2,2026-08-11T11:03:48+00:00,200,Adj Close|Close|High|Low|Open|Volume,Oil-specific volatility measure; more relevant to Hormuz risk than broad VIX,W17
2026-06-29,2026-06-29T20:15:00+00:00,True,16:15,America/New_York,OVX,Oil Volatility Index,volatility,index,,index_level,global,core,1,45.06999969482422,index_points,,,log_change,yahoo,^OVX,yfinance/yahoo-chart,raw/yahoo_OVX.csv,market-extract-4.2,2026-08-11T11:03:48+00:00,200,Adj Close|Close|High|Low|Open|Volume,Oil-specific volatility measure; more relevant to Hormuz risk than broad VIX,W18
2026-06-30,2026-06-30T20:15:00+00:00,True,16:15,America/New_York,OVX,Oil Volatility Index,volatility,index,,index_level,global,core,1,43.16999816894531,index_points,,,log_change,yahoo,^OVX,yfinance/yahoo-chart,raw/yahoo_OVX.csv,market-extract-4.2,2026-08-11T11:03:48+00:00,200,Adj Close|Close|High|Low|Open|Volume,Oil-specific volatility measure; more relevant to Hormuz risk than broad VIX,W18
2026-07-01,2026-07-01T20:15:00+00:00,True,16:15,America/New_York,OVX,Oil Volatility Index,volatility,index,,index_level,global,core,1,40.7599983215332,index_points,,,log_change,yahoo,^OVX,yfinance/yahoo-chart,raw/yahoo_OVX.csv,market-extract-4.2,2026-08-11T11:03:48+00:00,200,Adj Close|Close|High|Low|Open|Volume,Oil-specific volatility measure; more relevant to Hormuz risk than broad VIX,W18
2026-07-02,2026-07-02T20:15:00+00:00,True,16:15,America/New_York,OVX,Oil Volatility Index,volatility,index,,index_level,global,core,1,41.619998931884766,index_points,,,log_change,yahoo,^OVX,yfinance/yahoo-chart,raw/yahoo_OVX.csv,market-extract-4.2,2026-08-11T11:03:48+00:00,200,Adj Close|Close|High|Low|Open|Volume,Oil-specific volatility measure; more relevant to Hormuz risk than broad VIX,W18
2026-07-06,2026-07-06T20:15:00+00:00,True,16:15,America/New_York,OVX,Oil Volatility Index,volatility,index,,index_level,global,core,1,40.33000183105469,index_points,,,log_change,yahoo,^OVX,yfinance/yahoo-chart,raw/yahoo_OVX.csv,market-extract-4.2,2026-08-11T11:03:48+00:00,200,Adj Close|Close|High|Low|Open|Volume,Oil-specific volatility measure; more relevant to Hormuz risk than broad VIX,W19
2026-07-07,2026-07-07T20:15:00+00:00,True,16:15,America/New_York,OVX,Oil Volatility Index,volatility,index,,index_level,global,core,1,47.59000015258789,index_points,,,log_change,yahoo,^OVX,yfinance/yahoo-chart,raw/yahoo_OVX.csv,market-extract-4.2,2026-08-11T11:03:48+00:00,200,Adj Close|Close|High|Low|Open|Volume,Oil-specific volatility measure; more relevant to Hormuz risk than broad VIX,W19
2026-07-08,2026-07-08T20:15:00+00:00,True,16:15,America/New_York,OVX,Oil Volatility Index,volatility,index,,index_level,global,core,1,50.45000076293945,index_points,,,log_change,yahoo,^OVX,yfinance/yahoo-chart,raw/yahoo_OVX.csv,market-extract-4.2,2026-08-11T11:03:48+00:00,200,Adj Close|Close|High|Low|Open|Volume,Oil-specific volatility measure; more relevant to Hormuz risk than broad VIX,W19
2026-07-09,2026-07-09T20:15:00+00:00,True,16:15,America/New_York,OVX,Oil Volatility Index,volatility,index,,index_level,global,core,1,45.9900016784668,index_points,,,log_change,yahoo,^OVX,yfinance/yahoo-chart,raw/yahoo_OVX.csv,market-extract-4.2,2026-08-11T11:03:48+00:00,200,Adj Close|Close|High|Low|Open|Volume,Oil-specific volatility measure; more relevant to Hormuz risk than broad VIX,W19
2026-07-10,2026-07-10T20:15:00+00:00,True,16:15,America/New_York,OVX,Oil Volatility Index,volatility,index,,index_level,global,core,1,44.66999816894531,index_points,,,log_change,yahoo,^OVX,yfinance/yahoo-chart,raw/yahoo_OVX.csv,market-extract-4.2,2026-08-11T11:03:48+00:00,200,Adj Close|Close|High|Low|Open|Volume,Oil-specific volatility measure; more relevant to Hormuz risk than broad VIX,W19
2026-07-13,2026-07-13T20:15:00+00:00,True,16:15,America/New_York,OVX,Oil Volatility Index,volatility,index,,index_level,global,core,1,60.25,index_points,,,log_change,yahoo,^OVX,yfinance/yahoo-chart,raw/yahoo_OVX.csv,market-extract-4.2,2026-08-11T11:03:48+00:00,200,Adj Close|Close|High|Low|Open|Volume,Oil-specific volatility measure; more relevant to Hormuz risk than broad VIX,W20
2026-07-14,2026-07-14T20:15:00+00:00,True,16:15,America/New_York,OVX,Oil Volatility Index,volatility,index,,index_level,global,core,1,59.88999938964844,index_points,,,log_change,yahoo,^OVX,yfinance/yahoo-chart,raw/yahoo_OVX.csv,market-extract-4.2,2026-08-11T11:03:48+00:00,200,Adj Close|Close|High|Low|Open|Volume,Oil-specific volatility measure; more relevant to Hormuz risk than broad VIX,W20
2026-07-15,2026-07-15T20:15:00+00:00,True,16:15,America/New_York,OVX,Oil Volatility Index,volatility,index,,index_level,global,core,1,58.959999084472656,index_points,,,log_change,yahoo,^OVX,yfinance/yahoo-chart,raw/yahoo_OVX.csv,market-extract-4.2,2026-08-11T11:03:48+00:00,200,Adj Close|Close|High|Low|Open|Volume,Oil-specific volatility measure; more relevant to Hormuz risk than broad VIX,W20
2026-07-16,2026-07-16T20:15:00+00:00,True,16:15,America/New_York,OVX,Oil Volatility Index,volatility,index,,index_level,global,core,1,55.90999984741211,index_points,,,log_change,yahoo,^OVX,yfinance/yahoo-chart,raw/yahoo_OVX.csv,market-extract-4.2,2026-08-11T11:03:48+00:00,200,Adj Close|Close|High|Low|Open|Volume,Oil-specific volatility measure; more relevant to Hormuz risk than broad VIX,W20
2026-07-17,2026-07-17T20:15:00+00:00,True,16:15,America/New_York,OVX,Oil Volatility Index,volatility,index,,index_level,global,core,1,60.02000045776367,index_points,,,log_change,yahoo,^OVX,yfinance/yahoo-chart,raw/yahoo_OVX.csv,market-extract-4.2,2026-08-11T11:03:48+00:00,200,Adj Close|Close|High|Low|Open|Volume,Oil-specific volatility measure; more relevant to Hormuz risk than broad VIX,W20
2026-07-20,2026-07-20T20:15:00+00:00,True,16:15,America/New_York,OVX,Oil Volatility Index,volatility,index,,index_level,global,core,1,62.06999969482422,index_points,,,log_change,yahoo,^OVX,yfinance/yahoo-chart,raw/yahoo_OVX.csv,market-extract-4.2,2026-08-11T11:03:48+00:00,200,Adj Close|Close|High|Low|Open|Volume,Oil-specific volatility measure; more relevant to Hormuz risk than broad VIX,W21
2026-07-21,2026-07-21T20:15:00+00:00,True,16:15,America/New_York,OVX,Oil Volatility Index,volatility,index,,index_level,global,core,1,63.779998779296875,index_points,,,log_change,yahoo,^OVX,yfinance/yahoo-chart,raw/yahoo_OVX.csv,market-extract-4.2,2026-08-11T11:03:48+00:00,200,Adj Close|Close|High|Low|Open|Volume,Oil-specific volatility measure; more relevant to Hormuz risk than broad VIX,W21
2026-07-22,2026-07-22T20:15:00+00:00,True,16:15,America/New_York,OVX,Oil Volatility Index,volatility,index,,index_level,global,core,1,65.30999755859375,index_points,,,log_change,yahoo,^OVX,yfinance/yahoo-chart,raw/yahoo_OVX.csv,market-extract-4.2,2026-08-11T11:03:48+00:00,200,Adj Close|Close|High|Low|Open|Volume,Oil-specific volatility measure; more relevant to Hormuz risk than broad VIX,W21
2026-03-02,2026-03-02T21:00:00+00:00,True,16:00,America/New_York,UST10Y,U.S. 10-Year Treasury Yield,economic,yield,,yield,global,secondary,3,4.047999858856201,percent,,,first_diff,yahoo,^TNX,yfinance/yahoo-chart,raw/yahoo_UST10Y.csv,market-extract-4.2,2026-08-11T11:03:48+00:00,200,Adj Close|Close|High|Low|Open|Volume," This is a percentage yield, not a price; use first difference, not log return",W01
2026-03-03,2026-03-03T21:00:00+00:00,True,16:00,America/New_York,UST10Y,U.S. 10-Year Treasury Yield,economic,yield,,yield,global,secondary,3,4.056000232696533,percent,,,first_diff,yahoo,^TNX,yfinance/yahoo-chart,raw/yahoo_UST10Y.csv,market-extract-4.2,2026-08-11T11:03:48+00:00,200,Adj Close|Close|High|Low|Open|Volume," This is a percentage yield, not a price; use first difference, not log return",W01
2026-03-04,2026-03-04T21:00:00+00:00,True,16:00,America/New_York,UST10Y,U.S. 10-Year Treasury Yield,economic,yield,,yield,global,secondary,3,4.079999923706055,percent,,,first_diff,yahoo,^TNX,yfinance/yahoo-chart,raw/yahoo_UST10Y.csv,market-extract-4.2,2026-08-11T11:03:48+00:00,200,Adj Close|Close|High|Low|Open|Volume," This is a percentage yield, not a price; use first difference, not log return",W01
2026-03-05,2026-03-05T21:00:00+00:00,True,16:00,America/New_York,UST10Y,U.S. 10-Year Treasury Yield,economic,yield,,yield,global,secondary,3,4.145999908447266,percent,,,first_diff,yahoo,^TNX,yfinance/yahoo-chart,raw/yahoo_UST10Y.csv,market-extract-4.2,2026-08-11T11:03:48+00:00,200,Adj Close|Close|High|Low|Open|Volume," This is a percentage yield, not a price; use first difference, not log return",W01
2026-03-06,2026-03-06T21:00:00+00:00,True,16:00,America/New_York,UST10Y,U.S. 10-Year Treasury Yield,economic,yield,,yield,global,secondary,3,4.132999897003174,percent,,,first_diff,yahoo,^TNX,yfinance/yahoo-chart,raw/yahoo_UST10Y.csv,market-extract-4.2,2026-08-11T11:03:48+00:00,200,Adj Close|Close|High|Low|Open|Volume," This is a percentage yield, not a price; use first difference, not log return",W01
2026-03-09,2026-03-09T20:00:00+00:00,True,16:00,America/New_York,UST10Y,U.S. 10-Year Treasury Yield,economic,yield,,yield,global,secondary,3,4.136000156402588,percent,,,first_diff,yahoo,^TNX,yfinance/yahoo-chart,raw/yahoo_UST10Y.csv,market-extract-4.2,2026-08-11T11:03:48+00:00,200,Adj Close|Close|High|Low|Open|Volume," This is a percentage yield, not a price; use first difference, not log return",W02
2026-03-10,2026-03-10T20:00:00+00:00,True,16:00,America/New_York,UST10Y,U.S. 10-Year Treasury Yield,economic,yield,,yield,global,secondary,3,4.136000156402588,percent,,,first_diff,yahoo,^TNX,yfinance/yahoo-chart,raw/yahoo_UST10Y.csv,market-extract-4.2,2026-08-11T11:03:48+00:00,200,Adj Close|Close|High|Low|Open|Volume," This is a percentage yield, not a price; use first difference, not log return",W02
2026-03-11,2026-03-11T20:00:00+00:00,True,16:00,America/New_York,UST10Y,U.S. 10-Year Treasury Yield,economic,yield,,yield,global,secondary,3,4.208000183105469,percent,,,first_diff,yahoo,^TNX,yfinance/yahoo-chart,raw/yahoo_UST10Y.csv,market-extract-4.2,2026-08-11T11:03:48+00:00,200,Adj Close|Close|High|Low|Open|Volume," This is a percentage yield, not a price; use first difference, not log return",W02
2026-03-12,2026-03-12T20:00:00+00:00,True,16:00,America/New_York,UST10Y,U.S. 10-Year Treasury Yield,economic,yield,,yield,global,secondary,3,4.2729997634887695,percent,,,first_diff,yahoo,^TNX,yfinance/yahoo-chart,raw/yahoo_UST10Y.csv,market-extract-4.2,2026-08-11T11:03:48+00:00,200,Adj Close|Close|High|Low|Open|Volume," This is a percentage yield, not a price; use first difference, not log return",W02
2026-03-13,2026-03-13T20:00:00+00:00,True,16:00,America/New_York,UST10Y,U.S. 10-Year Treasury Yield,economic,yield,,yield,global,secondary,3,4.284999847412109,percent,,,first_diff,yahoo,^TNX,yfinance/yahoo-chart,raw/yahoo_UST10Y.csv,market-extract-4.2,2026-08-11T11:03:48+00:00,200,Adj Close|Close|High|Low|Open|Volume," This is a percentage yield, not a price; use first difference, not log return",W02
2026-03-16,2026-03-16T20:00:00+00:00,True,16:00,America/New_York,UST10Y,U.S. 10-Year Treasury Yield,economic,yield,,yield,global,secondary,3,4.21999979019165,percent,,,first_diff,yahoo,^TNX,yfinance/yahoo-chart,raw/yahoo_UST10Y.csv,market-extract-4.2,2026-08-11T11:03:48+00:00,200,Adj Close|Close|High|Low|Open|Volume," This is a percentage yield, not a price; use first difference, not log return",W03
2026-03-17,2026-03-17T20:00:00+00:00,True,16:00,America/New_York,UST10Y,U.S. 10-Year Treasury Yield,economic,yield,,yield,global,secondary,3,4.202000141143799,percent,,,first_diff,yahoo,^TNX,yfinance/yahoo-chart,raw/yahoo_UST10Y.csv,market-extract-4.2,2026-08-11T11:03:48+00:00,200,Adj Close|Close|High|Low|Open|Volume," This is a percentage yield, not a price; use first difference, not log return",W03
2026-03-18,2026-03-18T20:00:00+00:00,True,16:00,America/New_York,UST10Y,U.S. 10-Year Treasury Yield,economic,yield,,yield,global,secondary,3,4.258999824523926,percent,,,first_diff,yahoo,^TNX,yfinance/yahoo-chart,raw/yahoo_UST10Y.csv,market-extract-4.2,2026-08-11T11:03:48+00:00,200,Adj Close|Close|High|Low|Open|Volume," This is a percentage yield, not a price; use first difference, not log return",W03
2026-03-19,2026-03-19T20:00:00+00:00,True,16:00,America/New_York,UST10Y,U.S. 10-Year Treasury Yield,economic,yield,,yield,global,secondary,3,4.281000137329102,percent,,,first_diff,yahoo,^TNX,yfinance/yahoo-chart,raw/yahoo_UST10Y.csv,market-extract-4.2,2026-08-11T11:03:48+00:00,200,Adj Close|Close|High|Low|Open|Volume," This is a percentage yield, not a price; use first difference, not log return",W03
2026-03-20,2026-03-20T20:00:00+00:00,True,16:00,America/New_York,UST10Y,U.S. 10-Year Treasury Yield,economic,yield,,yield,global,secondary,3,4.390999794006348,percent,,,first_diff,yahoo,^TNX,yfinance/yahoo-chart,raw/yahoo_UST10Y.csv,market-extract-4.2,2026-08-11T11:03:48+00:00,200,Adj Close|Close|High|Low|Open|Volume," This is a percentage yield, not a price; use first difference, not log return",W03
2026-03-23,2026-03-23T20:00:00+00:00,True,16:00,America/New_York,UST10Y,U.S. 10-Year Treasury Yield,economic,yield,,yield,global,secondary,3,4.334000110626221,percent,,,first_diff,yahoo,^TNX,yfinance/yahoo-chart,raw/yahoo_UST10Y.csv,market-extract-4.2,2026-08-11T11:03:48+00:00,200,Adj Close|Close|High|Low|Open|Volume," This is a percentage yield, not a price; use first difference, not log return",W04
2026-03-24,2026-03-24T20:00:00+00:00,True,16:00,America/New_York,UST10Y,U.S. 10-Year Treasury Yield,economic,yield,,yield,global,secondary,3,4.392000198364258,percent,,,first_diff,yahoo,^TNX,yfinance/yahoo-chart,raw/yahoo_UST10Y.csv,market-extract-4.2,2026-08-11T11:03:48+00:00,200,Adj Close|Close|High|Low|Open|Volume," This is a percentage yield, not a price; use first difference, not log return",W04
2026-03-25,2026-03-25T20:00:00+00:00,True,16:00,America/New_York,UST10Y,U.S. 10-Year Treasury Yield,economic,yield,,yield,global,secondary,3,4.328000068664551,percent,,,first_diff,yahoo,^TNX,yfinance/yahoo-chart,raw/yahoo_UST10Y.csv,market-extract-4.2,2026-08-11T11:03:48+00:00,200,Adj Close|Close|High|Low|Open|Volume," This is a percentage yield, not a price; use first difference, not log return",W04
2026-03-26,2026-03-26T20:00:00+00:00,True,16:00,America/New_York,UST10Y,U.S. 10-Year Treasury Yield,economic,yield,,yield,global,secondary,3,4.415999889373779,percent,,,first_diff,yahoo,^TNX,yfinance/yahoo-chart,raw/yahoo_UST10Y.csv,market-extract-4.2,2026-08-11T11:03:48+00:00,200,Adj Close|Close|High|Low|Open|Volume," This is a percentage yield, not a price; use first difference, not log return",W04
2026-03-27,2026-03-27T20:00:00+00:00,True,16:00,America/New_York,UST10Y,U.S. 10-Year Treasury Yield,economic,yield,,yield,global,secondary,3,4.440000057220459,percent,,,first_diff,yahoo,^TNX,yfinance/yahoo-chart,raw/yahoo_UST10Y.csv,market-extract-4.2,2026-08-11T11:03:48+00:00,200,Adj Close|Close|High|Low|Open|Volume," This is a percentage yield, not a price; use first difference, not log return",W04
2026-03-30,2026-03-30T20:00:00+00:00,True,16:00,America/New_York,UST10Y,U.S. 10-Year Treasury Yield,economic,yield,,yield,global,secondary,3,4.3420000076293945,percent,,,first_diff,yahoo,^TNX,yfinance/yahoo-chart,raw/yahoo_UST10Y.csv,market-extract-4.2,2026-08-11T11:03:48+00:00,200,Adj Close|Close|High|Low|Open|Volume," This is a percentage yield, not a price; use first difference, not log return",W05
2026-03-31,2026-03-31T20:00:00+00:00,True,16:00,America/New_York,UST10Y,U.S. 10-Year Treasury Yield,economic,yield,,yield,global,secondary,3,4.310999870300293,percent,,,first_diff,yahoo,^TNX,yfinance/yahoo-chart,raw/yahoo_UST10Y.csv,market-extract-4.2,2026-08-11T11:03:48+00:00,200,Adj Close|Close|High|Low|Open|Volume," This is a percentage yield, not a price; use first difference, not log return",W05
2026-04-01,2026-04-01T20:00:00+00:00,True,16:00,America/New_York,UST10Y,U.S. 10-Year Treasury Yield,economic,yield,,yield,global,secondary,3,4.318999767303467,percent,,,first_diff,yahoo,^TNX,yfinance/yahoo-chart,raw/yahoo_UST10Y.csv,market-extract-4.2,2026-08-11T11:03:48+00:00,200,Adj Close|Close|High|Low|Open|Volume," This is a percentage yield, not a price; use first difference, not log return",W05
2026-04-02,2026-04-02T20:00:00+00:00,True,16:00,America/New_York,UST10Y,U.S. 10-Year Treasury Yield,economic,yield,,yield,global,secondary,3,4.313000202178955,percent,,,first_diff,yahoo,^TNX,yfinance/yahoo-chart,raw/yahoo_UST10Y.csv,market-extract-4.2,2026-08-11T11:03:48+00:00,200,Adj Close|Close|High|Low|Open|Volume," This is a percentage yield, not a price; use first difference, not log return",W05
2026-04-06,2026-04-06T20:00:00+00:00,True,16:00,America/New_York,UST10Y,U.S. 10-Year Treasury Yield,economic,yield,,yield,global,secondary,3,4.335000038146973,percent,,,first_diff,yahoo,^TNX,yfinance/yahoo-chart,raw/yahoo_UST10Y.csv,market-extract-4.2,2026-08-11T11:03:48+00:00,200,Adj Close|Close|High|Low|Open|Volume," This is a percentage yield, not a price; use first difference, not log return",W06
2026-04-07,2026-04-07T20:00:00+00:00,True,16:00,America/New_York,UST10Y,U.S. 10-Year Treasury Yield,economic,yield,,yield,global,secondary,3,4.3429999351501465,percent,,,first_diff,yahoo,^TNX,yfinance/yahoo-chart,raw/yahoo_UST10Y.csv,market-extract-4.2,2026-08-11T11:03:48+00:00,200,Adj Close|Close|High|Low|Open|Volume," This is a percentage yield, not a price; use first difference, not log return",W06
2026-04-08,2026-04-08T20:00:00+00:00,True,16:00,America/New_York,UST10Y,U.S. 10-Year Treasury Yield,economic,yield,,yield,global,secondary,3,4.290999889373779,percent,,,first_diff,yahoo,^TNX,yfinance/yahoo-chart,raw/yahoo_UST10Y.csv,market-extract-4.2,2026-08-11T11:03:48+00:00,200,Adj Close|Close|High|Low|Open|Volume," This is a percentage yield, not a price; use first difference, not log return",W06
2026-04-09,2026-04-09T20:00:00+00:00,True,16:00,America/New_York,UST10Y,U.S. 10-Year Treasury Yield,economic,yield,,yield,global,secondary,3,4.293000221252441,percent,,,first_diff,yahoo,^TNX,yfinance/yahoo-chart,raw/yahoo_UST10Y.csv,market-extract-4.2,2026-08-11T11:03:48+00:00,200,Adj Close|Close|High|Low|Open|Volume," This is a percentage yield, not a price; use first difference, not log return",W06
2026-04-10,2026-04-10T20:00:00+00:00,True,16:00,America/New_York,UST10Y,U.S. 10-Year Treasury Yield,economic,yield,,yield,global,secondary,3,4.316999912261963,percent,,,first_diff,yahoo,^TNX,yfinance/yahoo-chart,raw/yahoo_UST10Y.csv,market-extract-4.2,2026-08-11T11:03:48+00:00,200,Adj Close|Close|High|Low|Open|Volume," This is a percentage yield, not a price; use first difference, not log return",W06
2026-04-13,2026-04-13T20:00:00+00:00,True,16:00,America/New_York,UST10Y,U.S. 10-Year Treasury Yield,economic,yield,,yield,global,secondary,3,4.296999931335449,percent,,,first_diff,yahoo,^TNX,yfinance/yahoo-chart,raw/yahoo_UST10Y.csv,market-extract-4.2,2026-08-11T11:03:48+00:00,200,Adj Close|Close|High|Low|Open|Volume," This is a percentage yield, not a price; use first difference, not log return",W07
2026-04-14,2026-04-14T20:00:00+00:00,True,16:00,America/New_York,UST10Y,U.S. 10-Year Treasury Yield,economic,yield,,yield,global,secondary,3,4.25600004196167,percent,,,first_diff,yahoo,^TNX,yfinance/yahoo-chart,raw/yahoo_UST10Y.csv,market-extract-4.2,2026-08-11T11:03:48+00:00,200,Adj Close|Close|High|Low|Open|Volume," This is a percentage yield, not a price; use first difference, not log return",W07
2026-04-15,2026-04-15T20:00:00+00:00,True,16:00,America/New_York,UST10Y,U.S. 10-Year Treasury Yield,economic,yield,,yield,global,secondary,3,4.2820000648498535,percent,,,first_diff,yahoo,^TNX,yfinance/yahoo-chart,raw/yahoo_UST10Y.csv,market-extract-4.2,2026-08-11T11:03:48+00:00,200,Adj Close|Close|High|Low|Open|Volume," This is a percentage yield, not a price; use first difference, not log return",W07
2026-04-16,2026-04-16T20:00:00+00:00,True,16:00,America/New_York,UST10Y,U.S. 10-Year Treasury Yield,economic,yield,,yield,global,secondary,3,4.309000015258789,percent,,,first_diff,yahoo,^TNX,yfinance/yahoo-chart,raw/yahoo_UST10Y.csv,market-extract-4.2,2026-08-11T11:03:48+00:00,200,Adj Close|Close|High|Low|Open|Volume," This is a percentage yield, not a price; use first difference, not log return",W07
2026-04-17,2026-04-17T20:00:00+00:00,True,16:00,America/New_York,UST10Y,U.S. 10-Year Treasury Yield,economic,yield,,yield,global,secondary,3,4.245999813079834,percent,,,first_diff,yahoo,^TNX,yfinance/yahoo-chart,raw/yahoo_UST10Y.csv,market-extract-4.2,2026-08-11T11:03:48+00:00,200,Adj Close|Close|High|Low|Open|Volume," This is a percentage yield, not a price; use first difference, not log return",W07
2026-04-20,2026-04-20T20:00:00+00:00,True,16:00,America/New_York,UST10Y,U.S. 10-Year Treasury Yield,economic,yield,,yield,global,secondary,3,4.25,percent,,,first_diff,yahoo,^TNX,yfinance/yahoo-chart,raw/yahoo_UST10Y.csv,market-extract-4.2,2026-08-11T11:03:48+00:00,200,Adj Close|Close|High|Low|Open|Volume," This is a percentage yield, not a price; use first difference, not log return",W08
2026-04-21,2026-04-21T20:00:00+00:00,True,16:00,America/New_York,UST10Y,U.S. 10-Year Treasury Yield,economic,yield,,yield,global,secondary,3,4.291999816894531,percent,,,first_diff,yahoo,^TNX,yfinance/yahoo-chart,raw/yahoo_UST10Y.csv,market-extract-4.2,2026-08-11T11:03:48+00:00,200,Adj Close|Close|High|Low|Open|Volume," This is a percentage yield, not a price; use first difference, not log return",W08
2026-04-22,2026-04-22T20:00:00+00:00,True,16:00,America/New_York,UST10Y,U.S. 10-Year Treasury Yield,economic,yield,,yield,global,secondary,3,4.294000148773193,percent,,,first_diff,yahoo,^TNX,yfinance/yahoo-chart,raw/yahoo_UST10Y.csv,market-extract-4.2,2026-08-11T11:03:48+00:00,200,Adj Close|Close|High|Low|Open|Volume," This is a percentage yield, not a price; use first difference, not log return",W08
2026-04-23,2026-04-23T20:00:00+00:00,True,16:00,America/New_York,UST10Y,U.S. 10-Year Treasury Yield,economic,yield,,yield,global,secondary,3,4.322999954223633,percent,,,first_diff,yahoo,^TNX,yfinance/yahoo-chart,raw/yahoo_UST10Y.csv,market-extract-4.2,2026-08-11T11:03:48+00:00,200,Adj Close|Close|High|Low|Open|Volume," This is a percentage yield, not a price; use first difference, not log return",W08
2026-04-24,2026-04-24T20:00:00+00:00,True,16:00,America/New_York,UST10Y,U.S. 10-Year Treasury Yield,economic,yield,,yield,global,secondary,3,4.309999942779541,percent,,,first_diff,yahoo,^TNX,yfinance/yahoo-chart,raw/yahoo_UST10Y.csv,market-extract-4.2,2026-08-11T11:03:48+00:00,200,Adj Close|Close|High|Low|Open|Volume," This is a percentage yield, not a price; use first difference, not log return",W08
2026-04-27,2026-04-27T20:00:00+00:00,True,16:00,America/New_York,UST10Y,U.S. 10-Year Treasury Yield,economic,yield,,yield,global,secondary,3,4.335999965667725,percent,,,first_diff,yahoo,^TNX,yfinance/yahoo-chart,raw/yahoo_UST10Y.csv,market-extract-4.2,2026-08-11T11:03:48+00:00,200,Adj Close|Close|High|Low|Open|Volume," This is a percentage yield, not a price; use first difference, not log return",W09
2026-04-28,2026-04-28T20:00:00+00:00,True,16:00,America/New_York,UST10Y,U.S. 10-Year Treasury Yield,economic,yield,,yield,global,secondary,3,4.354000091552734,percent,,,first_diff,yahoo,^TNX,yfinance/yahoo-chart,raw/yahoo_UST10Y.csv,market-extract-4.2,2026-08-11T11:03:48+00:00,200,Adj Close|Close|High|Low|Open|Volume," This is a percentage yield, not a price; use first difference, not log return",W09
2026-04-29,2026-04-29T20:00:00+00:00,True,16:00,America/New_York,UST10Y,U.S. 10-Year Treasury Yield,economic,yield,,yield,global,secondary,3,4.418000221252441,percent,,,first_diff,yahoo,^TNX,yfinance/yahoo-chart,raw/yahoo_UST10Y.csv,market-extract-4.2,2026-08-11T11:03:48+00:00,200,Adj Close|Close|High|Low|Open|Volume," This is a percentage yield, not a price; use first difference, not log return",W09
2026-04-30,2026-04-30T20:00:00+00:00,True,16:00,America/New_York,UST10Y,U.S. 10-Year Treasury Yield,economic,yield,,yield,global,secondary,3,4.389999866485596,percent,,,first_diff,yahoo,^TNX,yfinance/yahoo-chart,raw/yahoo_UST10Y.csv,market-extract-4.2,2026-08-11T11:03:48+00:00,200,Adj Close|Close|High|Low|Open|Volume," This is a percentage yield, not a price; use first difference, not log return",W09
2026-05-01,2026-05-01T20:00:00+00:00,True,16:00,America/New_York,UST10Y,U.S. 10-Year Treasury Yield,economic,yield,,yield,global,secondary,3,4.377999782562256,percent,,,first_diff,yahoo,^TNX,yfinance/yahoo-chart,raw/yahoo_UST10Y.csv,market-extract-4.2,2026-08-11T11:03:48+00:00,200,Adj Close|Close|High|Low|Open|Volume," This is a percentage yield, not a price; use first difference, not log return",W09
2026-05-04,2026-05-04T20:00:00+00:00,True,16:00,America/New_York,UST10Y,U.S. 10-Year Treasury Yield,economic,yield,,yield,global,secondary,3,4.446000099182129,percent,,,first_diff,yahoo,^TNX,yfinance/yahoo-chart,raw/yahoo_UST10Y.csv,market-extract-4.2,2026-08-11T11:03:48+00:00,200,Adj Close|Close|High|Low|Open|Volume," This is a percentage yield, not a price; use first difference, not log return",W10
2026-05-05,2026-05-05T20:00:00+00:00,True,16:00,America/New_York,UST10Y,U.S. 10-Year Treasury Yield,economic,yield,,yield,global,secondary,3,4.415999889373779,percent,,,first_diff,yahoo,^TNX,yfinance/yahoo-chart,raw/yahoo_UST10Y.csv,market-extract-4.2,2026-08-11T11:03:48+00:00,200,Adj Close|Close|High|Low|Open|Volume," This is a percentage yield, not a price; use first difference, not log return",W10
2026-05-06,2026-05-06T20:00:00+00:00,True,16:00,America/New_York,UST10Y,U.S. 10-Year Treasury Yield,economic,yield,,yield,global,secondary,3,4.355999946594238,percent,,,first_diff,yahoo,^TNX,yfinance/yahoo-chart,raw/yahoo_UST10Y.csv,market-extract-4.2,2026-08-11T11:03:48+00:00,200,Adj Close|Close|High|Low|Open|Volume," This is a percentage yield, not a price; use first difference, not log return",W10
2026-05-07,2026-05-07T20:00:00+00:00,True,16:00,America/New_York,UST10Y,U.S. 10-Year Treasury Yield,economic,yield,,yield,global,secondary,3,4.392000198364258,percent,,,first_diff,yahoo,^TNX,yfinance/yahoo-chart,raw/yahoo_UST10Y.csv,market-extract-4.2,2026-08-11T11:03:48+00:00,200,Adj Close|Close|High|Low|Open|Volume," This is a percentage yield, not a price; use first difference, not log return",W10
2026-05-08,2026-05-08T20:00:00+00:00,True,16:00,America/New_York,UST10Y,U.S. 10-Year Treasury Yield,economic,yield,,yield,global,secondary,3,4.363999843597412,percent,,,first_diff,yahoo,^TNX,yfinance/yahoo-chart,raw/yahoo_UST10Y.csv,market-extract-4.2,2026-08-11T11:03:48+00:00,200,Adj Close|Close|High|Low|Open|Volume," This is a percentage yield, not a price; use first difference, not log return",W10
2026-05-11,2026-05-11T20:00:00+00:00,True,16:00,America/New_York,UST10Y,U.S. 10-Year Treasury Yield,economic,yield,,yield,global,secondary,3,4.409999847412109,percent,,,first_diff,yahoo,^TNX,yfinance/yahoo-chart,raw/yahoo_UST10Y.csv,market-extract-4.2,2026-08-11T11:03:48+00:00,200,Adj Close|Close|High|Low|Open|Volume," This is a percentage yield, not a price; use first difference, not log return",W11
2026-05-12,2026-05-12T20:00:00+00:00,True,16:00,America/New_York,UST10Y,U.S. 10-Year Treasury Yield,economic,yield,,yield,global,secondary,3,4.4629998207092285,percent,,,first_diff,yahoo,^TNX,yfinance/yahoo-chart,raw/yahoo_UST10Y.csv,market-extract-4.2,2026-08-11T11:03:48+00:00,200,Adj Close|Close|High|Low|Open|Volume," This is a percentage yield, not a price; use first difference, not log return",W11
2026-05-13,2026-05-13T20:00:00+00:00,True,16:00,America/New_York,UST10Y,U.S. 10-Year Treasury Yield,economic,yield,,yield,global,secondary,3,4.480999946594238,percent,,,first_diff,yahoo,^TNX,yfinance/yahoo-chart,raw/yahoo_UST10Y.csv,market-extract-4.2,2026-08-11T11:03:48+00:00,200,Adj Close|Close|High|Low|Open|Volume," This is a percentage yield, not a price; use first difference, not log return",W11
2026-05-14,2026-05-14T20:00:00+00:00,True,16:00,America/New_York,UST10Y,U.S. 10-Year Treasury Yield,economic,yield,,yield,global,secondary,3,4.460999965667725,percent,,,first_diff,yahoo,^TNX,yfinance/yahoo-chart,raw/yahoo_UST10Y.csv,market-extract-4.2,2026-08-11T11:03:48+00:00,200,Adj Close|Close|High|Low|Open|Volume," This is a percentage yield, not a price; use first difference, not log return",W11
2026-05-15,2026-05-15T20:00:00+00:00,True,16:00,America/New_York,UST10Y,U.S. 10-Year Treasury Yield,economic,yield,,yield,global,secondary,3,4.59499979019165,percent,,,first_diff,yahoo,^TNX,yfinance/yahoo-chart,raw/yahoo_UST10Y.csv,market-extract-4.2,2026-08-11T11:03:48+00:00,200,Adj Close|Close|High|Low|Open|Volume," This is a percentage yield, not a price; use first difference, not log return",W11
2026-05-18,2026-05-18T20:00:00+00:00,True,16:00,America/New_York,UST10Y,U.S. 10-Year Treasury Yield,economic,yield,,yield,global,secondary,3,4.623000144958496,percent,,,first_diff,yahoo,^TNX,yfinance/yahoo-chart,raw/yahoo_UST10Y.csv,market-extract-4.2,2026-08-11T11:03:48+00:00,200,Adj Close|Close|High|Low|Open|Volume," This is a percentage yield, not a price; use first difference, not log return",W12
2026-05-19,2026-05-19T20:00:00+00:00,True,16:00,America/New_York,UST10Y,U.S. 10-Year Treasury Yield,economic,yield,,yield,global,secondary,3,4.666999816894531,percent,,,first_diff,yahoo,^TNX,yfinance/yahoo-chart,raw/yahoo_UST10Y.csv,market-extract-4.2,2026-08-11T11:03:48+00:00,200,Adj Close|Close|High|Low|Open|Volume," This is a percentage yield, not a price; use first difference, not log return",W12
2026-05-20,2026-05-20T20:00:00+00:00,True,16:00,America/New_York,UST10Y,U.S. 10-Year Treasury Yield,economic,yield,,yield,global,secondary,3,4.572000026702881,percent,,,first_diff,yahoo,^TNX,yfinance/yahoo-chart,raw/yahoo_UST10Y.csv,market-extract-4.2,2026-08-11T11:03:48+00:00,200,Adj Close|Close|High|Low|Open|Volume," This is a percentage yield, not a price; use first difference, not log return",W12
2026-05-21,2026-05-21T20:00:00+00:00,True,16:00,America/New_York,UST10Y,U.S. 10-Year Treasury Yield,economic,yield,,yield,global,secondary,3,4.585999965667725,percent,,,first_diff,yahoo,^TNX,yfinance/yahoo-chart,raw/yahoo_UST10Y.csv,market-extract-4.2,2026-08-11T11:03:48+00:00,200,Adj Close|Close|High|Low|Open|Volume," This is a percentage yield, not a price; use first difference, not log return",W12
2026-05-22,2026-05-22T20:00:00+00:00,True,16:00,America/New_York,UST10Y,U.S. 10-Year Treasury Yield,economic,yield,,yield,global,secondary,3,4.558000087738037,percent,,,first_diff,yahoo,^TNX,yfinance/yahoo-chart,raw/yahoo_UST10Y.csv,market-extract-4.2,2026-08-11T11:03:48+00:00,200,Adj Close|Close|High|Low|Open|Volume," This is a percentage yield, not a price; use first difference, not log return",W12
2026-05-26,2026-05-26T20:00:00+00:00,True,16:00,America/New_York,UST10Y,U.S. 10-Year Treasury Yield,economic,yield,,yield,global,secondary,3,4.493000030517578,percent,,,first_diff,yahoo,^TNX,yfinance/yahoo-chart,raw/yahoo_UST10Y.csv,market-extract-4.2,2026-08-11T11:03:48+00:00,200,Adj Close|Close|High|Low|Open|Volume," This is a percentage yield, not a price; use first difference, not log return",W13
2026-05-27,2026-05-27T20:00:00+00:00,True,16:00,America/New_York,UST10Y,U.S. 10-Year Treasury Yield,economic,yield,,yield,global,secondary,3,4.480999946594238,percent,,,first_diff,yahoo,^TNX,yfinance/yahoo-chart,raw/yahoo_UST10Y.csv,market-extract-4.2,2026-08-11T11:03:48+00:00,200,Adj Close|Close|High|Low|Open|Volume," This is a percentage yield, not a price; use first difference, not log return",W13
2026-05-28,2026-05-28T20:00:00+00:00,True,16:00,America/New_York,UST10Y,U.S. 10-Year Treasury Yield,economic,yield,,yield,global,secondary,3,4.454999923706055,percent,,,first_diff,yahoo,^TNX,yfinance/yahoo-chart,raw/yahoo_UST10Y.csv,market-extract-4.2,2026-08-11T11:03:48+00:00,200,Adj Close|Close|High|Low|Open|Volume," This is a percentage yield, not a price; use first difference, not log return",W13
2026-05-29,2026-05-29T20:00:00+00:00,True,16:00,America/New_York,UST10Y,U.S. 10-Year Treasury Yield,economic,yield,,yield,global,secondary,3,4.453000068664551,percent,,,first_diff,yahoo,^TNX,yfinance/yahoo-chart,raw/yahoo_UST10Y.csv,market-extract-4.2,2026-08-11T11:03:48+00:00,200,Adj Close|Close|High|Low|Open|Volume," This is a percentage yield, not a price; use first difference, not log return",W13
2026-06-01,2026-06-01T20:00:00+00:00,True,16:00,America/New_York,UST10Y,U.S. 10-Year Treasury Yield,economic,yield,,yield,global,secondary,3,4.474999904632568,percent,,,first_diff,yahoo,^TNX,yfinance/yahoo-chart,raw/yahoo_UST10Y.csv,market-extract-4.2,2026-08-11T11:03:48+00:00,200,Adj Close|Close|High|Low|Open|Volume," This is a percentage yield, not a price; use first difference, not log return",W14
2026-06-02,2026-06-02T20:00:00+00:00,True,16:00,America/New_York,UST10Y,U.S. 10-Year Treasury Yield,economic,yield,,yield,global,secondary,3,4.454999923706055,percent,,,first_diff,yahoo,^TNX,yfinance/yahoo-chart,raw/yahoo_UST10Y.csv,market-extract-4.2,2026-08-11T11:03:48+00:00,200,Adj Close|Close|High|Low|Open|Volume," This is a percentage yield, not a price; use first difference, not log return",W14
2026-06-03,2026-06-03T20:00:00+00:00,True,16:00,America/New_York,UST10Y,U.S. 10-Year Treasury Yield,economic,yield,,yield,global,secondary,3,4.491000175476074,percent,,,first_diff,yahoo,^TNX,yfinance/yahoo-chart,raw/yahoo_UST10Y.csv,market-extract-4.2,2026-08-11T11:03:48+00:00,200,Adj Close|Close|High|Low|Open|Volume," This is a percentage yield, not a price; use first difference, not log return",W14
2026-06-04,2026-06-04T20:00:00+00:00,True,16:00,America/New_York,UST10Y,U.S. 10-Year Treasury Yield,economic,yield,,yield,global,secondary,3,4.4770002365112305,percent,,,first_diff,yahoo,^TNX,yfinance/yahoo-chart,raw/yahoo_UST10Y.csv,market-extract-4.2,2026-08-11T11:03:48+00:00,200,Adj Close|Close|High|Low|Open|Volume," This is a percentage yield, not a price; use first difference, not log return",W14
2026-06-05,2026-06-05T20:00:00+00:00,True,16:00,America/New_York,UST10Y,U.S. 10-Year Treasury Yield,economic,yield,,yield,global,secondary,3,4.535999774932861,percent,,,first_diff,yahoo,^TNX,yfinance/yahoo-chart,raw/yahoo_UST10Y.csv,market-extract-4.2,2026-08-11T11:03:48+00:00,200,Adj Close|Close|High|Low|Open|Volume," This is a percentage yield, not a price; use first difference, not log return",W14
2026-06-08,2026-06-08T20:00:00+00:00,True,16:00,America/New_York,UST10Y,U.S. 10-Year Treasury Yield,economic,yield,,yield,global,secondary,3,4.552000045776367,percent,,,first_diff,yahoo,^TNX,yfinance/yahoo-chart,raw/yahoo_UST10Y.csv,market-extract-4.2,2026-08-11T11:03:48+00:00,200,Adj Close|Close|High|Low|Open|Volume," This is a percentage yield, not a price; use first difference, not log return",W15
2026-06-09,2026-06-09T20:00:00+00:00,True,16:00,America/New_York,UST10Y,U.S. 10-Year Treasury Yield,economic,yield,,yield,global,secondary,3,4.5279998779296875,percent,,,first_diff,yahoo,^TNX,yfinance/yahoo-chart,raw/yahoo_UST10Y.csv,market-extract-4.2,2026-08-11T11:03:48+00:00,200,Adj Close|Close|High|Low|Open|Volume," This is a percentage yield, not a price; use first difference, not log return",W15
2026-06-10,2026-06-10T20:00:00+00:00,True,16:00,America/New_York,UST10Y,U.S. 10-Year Treasury Yield,economic,yield,,yield,global,secondary,3,4.541999816894531,percent,,,first_diff,yahoo,^TNX,yfinance/yahoo-chart,raw/yahoo_UST10Y.csv,market-extract-4.2,2026-08-11T11:03:48+00:00,200,Adj Close|Close|High|Low|Open|Volume," This is a percentage yield, not a price; use first difference, not log return",W15
2026-06-11,2026-06-11T20:00:00+00:00,True,16:00,America/New_York,UST10Y,U.S. 10-Year Treasury Yield,economic,yield,,yield,global,secondary,3,4.4629998207092285,percent,,,first_diff,yahoo,^TNX,yfinance/yahoo-chart,raw/yahoo_UST10Y.csv,market-extract-4.2,2026-08-11T11:03:48+00:00,200,Adj Close|Close|High|Low|Open|Volume," This is a percentage yield, not a price; use first difference, not log return",W15
2026-06-12,2026-06-12T20:00:00+00:00,True,16:00,America/New_York,UST10Y,U.S. 10-Year Treasury Yield,economic,yield,,yield,global,secondary,3,4.486999988555908,percent,,,first_diff,yahoo,^TNX,yfinance/yahoo-chart,raw/yahoo_UST10Y.csv,market-extract-4.2,2026-08-11T11:03:48+00:00,200,Adj Close|Close|High|Low|Open|Volume," This is a percentage yield, not a price; use first difference, not log return",W15
2026-06-15,2026-06-15T20:00:00+00:00,True,16:00,America/New_York,UST10Y,U.S. 10-Year Treasury Yield,economic,yield,,yield,global,secondary,3,4.468999862670898,percent,,,first_diff,yahoo,^TNX,yfinance/yahoo-chart,raw/yahoo_UST10Y.csv,market-extract-4.2,2026-08-11T11:03:48+00:00,200,Adj Close|Close|High|Low|Open|Volume," This is a percentage yield, not a price; use first difference, not log return",W16
2026-06-16,2026-06-16T20:00:00+00:00,True,16:00,America/New_York,UST10Y,U.S. 10-Year Treasury Yield,economic,yield,,yield,global,secondary,3,4.427999973297119,percent,,,first_diff,yahoo,^TNX,yfinance/yahoo-chart,raw/yahoo_UST10Y.csv,market-extract-4.2,2026-08-11T11:03:48+00:00,200,Adj Close|Close|High|Low|Open|Volume," This is a percentage yield, not a price; use first difference, not log return",W16
2026-06-17,2026-06-17T20:00:00+00:00,True,16:00,America/New_York,UST10Y,U.S. 10-Year Treasury Yield,economic,yield,,yield,global,secondary,3,4.4629998207092285,percent,,,first_diff,yahoo,^TNX,yfinance/yahoo-chart,raw/yahoo_UST10Y.csv,market-extract-4.2,2026-08-11T11:03:48+00:00,200,Adj Close|Close|High|Low|Open|Volume," This is a percentage yield, not a price; use first difference, not log return",W16
2026-06-18,2026-06-18T20:00:00+00:00,True,16:00,America/New_York,UST10Y,U.S. 10-Year Treasury Yield,economic,yield,,yield,global,secondary,3,4.451000213623047,percent,,,first_diff,yahoo,^TNX,yfinance/yahoo-chart,raw/yahoo_UST10Y.csv,market-extract-4.2,2026-08-11T11:03:48+00:00,200,Adj Close|Close|High|Low|Open|Volume," This is a percentage yield, not a price; use first difference, not log return",W16
2026-06-22,2026-06-22T20:00:00+00:00,True,16:00,America/New_York,UST10Y,U.S. 10-Year Treasury Yield,economic,yield,,yield,global,secondary,3,4.508999824523926,percent,,,first_diff,yahoo,^TNX,yfinance/yahoo-chart,raw/yahoo_UST10Y.csv,market-extract-4.2,2026-08-11T11:03:48+00:00,200,Adj Close|Close|High|Low|Open|Volume," This is a percentage yield, not a price; use first difference, not log return",W17
2026-06-23,2026-06-23T20:00:00+00:00,True,16:00,America/New_York,UST10Y,U.S. 10-Year Treasury Yield,economic,yield,,yield,global,secondary,3,4.493000030517578,percent,,,first_diff,yahoo,^TNX,yfinance/yahoo-chart,raw/yahoo_UST10Y.csv,market-extract-4.2,2026-08-11T11:03:48+00:00,200,Adj Close|Close|High|Low|Open|Volume," This is a percentage yield, not a price; use first difference, not log return",W17
2026-06-24,2026-06-24T20:00:00+00:00,True,16:00,America/New_York,UST10Y,U.S. 10-Year Treasury Yield,economic,yield,,yield,global,secondary,3,4.4019999504089355,percent,,,first_diff,yahoo,^TNX,yfinance/yahoo-chart,raw/yahoo_UST10Y.csv,market-extract-4.2,2026-08-11T11:03:48+00:00,200,Adj Close|Close|High|Low|Open|Volume," This is a percentage yield, not a price; use first difference, not log return",W17
2026-06-25,2026-06-25T20:00:00+00:00,True,16:00,America/New_York,UST10Y,U.S. 10-Year Treasury Yield,economic,yield,,yield,global,secondary,3,4.392000198364258,percent,,,first_diff,yahoo,^TNX,yfinance/yahoo-chart,raw/yahoo_UST10Y.csv,market-extract-4.2,2026-08-11T11:03:48+00:00,200,Adj Close|Close|High|Low|Open|Volume," This is a percentage yield, not a price; use first difference, not log return",W17
2026-06-26,2026-06-26T20:00:00+00:00,True,16:00,America/New_York,UST10Y,U.S. 10-Year Treasury Yield,economic,yield,,yield,global,secondary,3,4.372000217437744,percent,,,first_diff,yahoo,^TNX,yfinance/yahoo-chart,raw/yahoo_UST10Y.csv,market-extract-4.2,2026-08-11T11:03:48+00:00,200,Adj Close|Close|High|Low|Open|Volume," This is a percentage yield, not a price; use first difference, not log return",W17
2026-06-29,2026-06-29T20:00:00+00:00,True,16:00,America/New_York,UST10Y,U.S. 10-Year Treasury Yield,economic,yield,,yield,global,secondary,3,4.374000072479248,percent,,,first_diff,yahoo,^TNX,yfinance/yahoo-chart,raw/yahoo_UST10Y.csv,market-extract-4.2,2026-08-11T11:03:48+00:00,200,Adj Close|Close|High|Low|Open|Volume," This is a percentage yield, not a price; use first difference, not log return",W18
2026-06-30,2026-06-30T20:00:00+00:00,True,16:00,America/New_York,UST10Y,U.S. 10-Year Treasury Yield,economic,yield,,yield,global,secondary,3,4.418000221252441,percent,,,first_diff,yahoo,^TNX,yfinance/yahoo-chart,raw/yahoo_UST10Y.csv,market-extract-4.2,2026-08-11T11:03:48+00:00,200,Adj Close|Close|High|Low|Open|Volume," This is a percentage yield, not a price; use first difference, not log return",W18
2026-07-01,2026-07-01T20:00:00+00:00,True,16:00,America/New_York,UST10Y,U.S. 10-Year Treasury Yield,economic,yield,,yield,global,secondary,3,4.474999904632568,percent,,,first_diff,yahoo,^TNX,yfinance/yahoo-chart,raw/yahoo_UST10Y.csv,market-extract-4.2,2026-08-11T11:03:48+00:00,200,Adj Close|Close|High|Low|Open|Volume," This is a percentage yield, not a price; use first difference, not log return",W18
2026-07-02,2026-07-02T20:00:00+00:00,True,16:00,America/New_York,UST10Y,U.S. 10-Year Treasury Yield,economic,yield,,yield,global,secondary,3,4.485000133514404,percent,,,first_diff,yahoo,^TNX,yfinance/yahoo-chart,raw/yahoo_UST10Y.csv,market-extract-4.2,2026-08-11T11:03:48+00:00,200,Adj Close|Close|High|Low|Open|Volume," This is a percentage yield, not a price; use first difference, not log return",W18
2026-07-06,2026-07-06T20:00:00+00:00,True,16:00,America/New_York,UST10Y,U.S. 10-Year Treasury Yield,economic,yield,,yield,global,secondary,3,4.479000091552734,percent,,,first_diff,yahoo,^TNX,yfinance/yahoo-chart,raw/yahoo_UST10Y.csv,market-extract-4.2,2026-08-11T11:03:48+00:00,200,Adj Close|Close|High|Low|Open|Volume," This is a percentage yield, not a price; use first difference, not log return",W19
2026-07-07,2026-07-07T20:00:00+00:00,True,16:00,America/New_York,UST10Y,U.S. 10-Year Treasury Yield,economic,yield,,yield,global,secondary,3,4.5289998054504395,percent,,,first_diff,yahoo,^TNX,yfinance/yahoo-chart,raw/yahoo_UST10Y.csv,market-extract-4.2,2026-08-11T11:03:48+00:00,200,Adj Close|Close|High|Low|Open|Volume," This is a percentage yield, not a price; use first difference, not log return",W19
2026-07-08,2026-07-08T20:00:00+00:00,True,16:00,America/New_York,UST10Y,U.S. 10-Year Treasury Yield,economic,yield,,yield,global,secondary,3,4.568999767303467,percent,,,first_diff,yahoo,^TNX,yfinance/yahoo-chart,raw/yahoo_UST10Y.csv,market-extract-4.2,2026-08-11T11:03:48+00:00,200,Adj Close|Close|High|Low|Open|Volume," This is a percentage yield, not a price; use first difference, not log return",W19
2026-07-09,2026-07-09T20:00:00+00:00,True,16:00,America/New_York,UST10Y,U.S. 10-Year Treasury Yield,economic,yield,,yield,global,secondary,3,4.539000034332275,percent,,,first_diff,yahoo,^TNX,yfinance/yahoo-chart,raw/yahoo_UST10Y.csv,market-extract-4.2,2026-08-11T11:03:48+00:00,200,Adj Close|Close|High|Low|Open|Volume," This is a percentage yield, not a price; use first difference, not log return",W19
2026-07-10,2026-07-10T20:00:00+00:00,True,16:00,America/New_York,UST10Y,U.S. 10-Year Treasury Yield,economic,yield,,yield,global,secondary,3,4.568999767303467,percent,,,first_diff,yahoo,^TNX,yfinance/yahoo-chart,raw/yahoo_UST10Y.csv,market-extract-4.2,2026-08-11T11:03:48+00:00,200,Adj Close|Close|High|Low|Open|Volume," This is a percentage yield, not a price; use first difference, not log return",W19
2026-07-13,2026-07-13T20:00:00+00:00,True,16:00,America/New_York,UST10Y,U.S. 10-Year Treasury Yield,economic,yield,,yield,global,secondary,3,4.609000205993652,percent,,,first_diff,yahoo,^TNX,yfinance/yahoo-chart,raw/yahoo_UST10Y.csv,market-extract-4.2,2026-08-11T11:03:48+00:00,200,Adj Close|Close|High|Low|Open|Volume," This is a percentage yield, not a price; use first difference, not log return",W20
2026-07-14,2026-07-14T20:00:00+00:00,True,16:00,America/New_York,UST10Y,U.S. 10-Year Treasury Yield,economic,yield,,yield,global,secondary,3,4.585000038146973,percent,,,first_diff,yahoo,^TNX,yfinance/yahoo-chart,raw/yahoo_UST10Y.csv,market-extract-4.2,2026-08-11T11:03:48+00:00,200,Adj Close|Close|High|Low|Open|Volume," This is a percentage yield, not a price; use first difference, not log return",W20
2026-07-15,2026-07-15T20:00:00+00:00,True,16:00,America/New_York,UST10Y,U.S. 10-Year Treasury Yield,economic,yield,,yield,global,secondary,3,4.545000076293945,percent,,,first_diff,yahoo,^TNX,yfinance/yahoo-chart,raw/yahoo_UST10Y.csv,market-extract-4.2,2026-08-11T11:03:48+00:00,200,Adj Close|Close|High|Low|Open|Volume," This is a percentage yield, not a price; use first difference, not log return",W20
2026-07-16,2026-07-16T20:00:00+00:00,True,16:00,America/New_York,UST10Y,U.S. 10-Year Treasury Yield,economic,yield,,yield,global,secondary,3,4.568999767303467,percent,,,first_diff,yahoo,^TNX,yfinance/yahoo-chart,raw/yahoo_UST10Y.csv,market-extract-4.2,2026-08-11T11:03:48+00:00,200,Adj Close|Close|High|Low|Open|Volume," This is a percentage yield, not a price; use first difference, not log return",W20
2026-07-17,2026-07-17T20:00:00+00:00,True,16:00,America/New_York,UST10Y,U.S. 10-Year Treasury Yield,economic,yield,,yield,global,secondary,3,4.540999889373779,percent,,,first_diff,yahoo,^TNX,yfinance/yahoo-chart,raw/yahoo_UST10Y.csv,market-extract-4.2,2026-08-11T11:03:48+00:00,200,Adj Close|Close|High|Low|Open|Volume," This is a percentage yield, not a price; use first difference, not log return",W20
2026-07-20,2026-07-20T20:00:00+00:00,True,16:00,America/New_York,UST10Y,U.S. 10-Year Treasury Yield,economic,yield,,yield,global,secondary,3,4.5980000495910645,percent,,,first_diff,yahoo,^TNX,yfinance/yahoo-chart,raw/yahoo_UST10Y.csv,market-extract-4.2,2026-08-11T11:03:48+00:00,200,Adj Close|Close|High|Low|Open|Volume," This is a percentage yield, not a price; use first difference, not log return",W21
2026-07-21,2026-07-21T20:00:00+00:00,True,16:00,America/New_York,UST10Y,U.S. 10-Year Treasury Yield,economic,yield,,yield,global,secondary,3,4.627999782562256,percent,,,first_diff,yahoo,^TNX,yfinance/yahoo-chart,raw/yahoo_UST10Y.csv,market-extract-4.2,2026-08-11T11:03:48+00:00,200,Adj Close|Close|High|Low|Open|Volume," This is a percentage yield, not a price; use first difference, not log return",W21
2026-07-22,2026-07-22T20:00:00+00:00,True,16:00,America/New_York,UST10Y,U.S. 10-Year Treasury Yield,economic,yield,,yield,global,secondary,3,4.6570000648498535,percent,,,first_diff,yahoo,^TNX,yfinance/yahoo-chart,raw/yahoo_UST10Y.csv,market-extract-4.2,2026-08-11T11:03:48+00:00,200,Adj Close|Close|High|Low|Open|Volume," This is a percentage yield, not a price; use first difference, not log return",W21
2026-03-02,2026-03-02T19:30:00+00:00,True,14:30,America/New_York,GAS_NG,Natural gas futures,economic,futures,,vendor_close,global,secondary,2,2.9600000381469727,USD_per_MMBtu,USD,174543.0,log_return,yahoo,NG=F,yfinance/yahoo-chart,raw/yahoo_GAS_NG.csv,market-extract-4.2,2026-08-11T11:03:48+00:00,200,Adj Close|Close|High|Low|Open|Volume,,W01
2026-03-03,2026-03-03T19:30:00+00:00,True,14:30,America/New_York,GAS_NG,Natural gas futures,economic,futures,,vendor_close,global,secondary,2,3.053999900817871,USD_per_MMBtu,USD,225190.0,log_return,yahoo,NG=F,yfinance/yahoo-chart,raw/yahoo_GAS_NG.csv,market-extract-4.2,2026-08-11T11:03:48+00:00,200,Adj Close|Close|High|Low|Open|Volume,,W01
2026-03-04,2026-03-04T19:30:00+00:00,True,14:30,America/New_York,GAS_NG,Natural gas futures,economic,futures,,vendor_close,global,secondary,2,2.9170000553131104,USD_per_MMBtu,USD,155742.0,log_return,yahoo,NG=F,yfinance/yahoo-chart,raw/yahoo_GAS_NG.csv,market-extract-4.2,2026-08-11T11:03:48+00:00,200,Adj Close|Close|High|Low|Open|Volume,,W01
2026-03-05,2026-03-05T19:30:00+00:00,True,14:30,America/New_York,GAS_NG,Natural gas futures,economic,futures,,vendor_close,global,secondary,2,3.003000020980835,USD_per_MMBtu,USD,148177.0,log_return,yahoo,NG=F,yfinance/yahoo-chart,raw/yahoo_GAS_NG.csv,market-extract-4.2,2026-08-11T11:03:48+00:00,200,Adj Close|Close|High|Low|Open|Volume,,W01
2026-03-06,2026-03-06T19:30:00+00:00,True,14:30,America/New_York,GAS_NG,Natural gas futures,economic,futures,,vendor_close,global,secondary,2,3.186000108718872,USD_per_MMBtu,USD,196840.0,log_return,yahoo,NG=F,yfinance/yahoo-chart,raw/yahoo_GAS_NG.csv,market-extract-4.2,2026-08-11T11:03:48+00:00,200,Adj Close|Close|High|Low|Open|Volume,,W01
2026-03-09,2026-03-09T18:30:00+00:00,True,14:30,America/New_York,GAS_NG,Natural gas futures,economic,futures,,vendor_close,global,secondary,2,3.119999885559082,USD_per_MMBtu,USD,233306.0,log_return,yahoo,NG=F,yfinance/yahoo-chart,raw/yahoo_GAS_NG.csv,market-extract-4.2,2026-08-11T11:03:48+00:00,200,Adj Close|Close|High|Low|Open|Volume,,W02
2026-03-10,2026-03-10T18:30:00+00:00,True,14:30,America/New_York,GAS_NG,Natural gas futures,economic,futures,,vendor_close,global,secondary,2,3.0199999809265137,USD_per_MMBtu,USD,205911.0,log_return,yahoo,NG=F,yfinance/yahoo-chart,raw/yahoo_GAS_NG.csv,market-extract-4.2,2026-08-11T11:03:48+00:00,200,Adj Close|Close|High|Low|Open|Volume,,W02
2026-03-11,2026-03-11T18:30:00+00:00,True,14:30,America/New_York,GAS_NG,Natural gas futures,economic,futures,,vendor_close,global,secondary,2,3.2090001106262207,USD_per_MMBtu,USD,141651.0,log_return,yahoo,NG=F,yfinance/yahoo-chart,raw/yahoo_GAS_NG.csv,market-extract-4.2,2026-08-11T11:03:48+00:00,200,Adj Close|Close|High|Low|Open|Volume,,W02
2026-03-12,2026-03-12T18:30:00+00:00,True,14:30,America/New_York,GAS_NG,Natural gas futures,economic,futures,,vendor_close,global,secondary,2,3.2330000400543213,USD_per_MMBtu,USD,150134.0,log_return,yahoo,NG=F,yfinance/yahoo-chart,raw/yahoo_GAS_NG.csv,market-extract-4.2,2026-08-11T11:03:48+00:00,200,Adj Close|Close|High|Low|Open|Volume,,W02
2026-03-13,2026-03-13T18:30:00+00:00,True,14:30,America/New_York,GAS_NG,Natural gas futures,economic,futures,,vendor_close,global,secondary,2,3.13100004196167,USD_per_MMBtu,USD,129471.0,log_return,yahoo,NG=F,yfinance/yahoo-chart,raw/yahoo_GAS_NG.csv,market-extract-4.2,2026-08-11T11:03:48+00:00,200,Adj Close|Close|High|Low|Open|Volume,,W02
2026-03-16,2026-03-16T18:30:00+00:00,True,14:30,America/New_York,GAS_NG,Natural gas futures,economic,futures,,vendor_close,global,secondary,2,3.0230000019073486,USD_per_MMBtu,USD,130165.0,log_return,yahoo,NG=F,yfinance/yahoo-chart,raw/yahoo_GAS_NG.csv,market-extract-4.2,2026-08-11T11:03:48+00:00,200,Adj Close|Close|High|Low|Open|Volume,,W03
2026-03-17,2026-03-17T18:30:00+00:00,True,14:30,America/New_York,GAS_NG,Natural gas futures,economic,futures,,vendor_close,global,secondary,2,3.0329999923706055,USD_per_MMBtu,USD,101786.0,log_return,yahoo,NG=F,yfinance/yahoo-chart,raw/yahoo_GAS_NG.csv,market-extract-4.2,2026-08-11T11:03:48+00:00,200,Adj Close|Close|High|Low|Open|Volume,,W03
2026-03-18,2026-03-18T18:30:00+00:00,True,14:30,America/New_York,GAS_NG,Natural gas futures,economic,futures,,vendor_close,global,secondary,2,3.065000057220459,USD_per_MMBtu,USD,141167.0,log_return,yahoo,NG=F,yfinance/yahoo-chart,raw/yahoo_GAS_NG.csv,market-extract-4.2,2026-08-11T11:03:48+00:00,200,Adj Close|Close|High|Low|Open|Volume,,W03
2026-03-19,2026-03-19T18:30:00+00:00,True,14:30,America/New_York,GAS_NG,Natural gas futures,economic,futures,,vendor_close,global,secondary,2,3.1659998893737793,USD_per_MMBtu,USD,154492.0,log_return,yahoo,NG=F,yfinance/yahoo-chart,raw/yahoo_GAS_NG.csv,market-extract-4.2,2026-08-11T11:03:48+00:00,200,Adj Close|Close|High|Low|Open|Volume,,W03
2026-03-20,2026-03-20T18:30:00+00:00,True,14:30,America/New_York,GAS_NG,Natural gas futures,economic,futures,,vendor_close,global,secondary,2,3.0950000286102295,USD_per_MMBtu,USD,106682.0,log_return,yahoo,NG=F,yfinance/yahoo-chart,raw/yahoo_GAS_NG.csv,market-extract-4.2,2026-08-11T11:03:48+00:00,200,Adj Close|Close|High|Low|Open|Volume,,W03
2026-03-23,2026-03-23T18:30:00+00:00,True,14:30,America/New_York,GAS_NG,Natural gas futures,economic,futures,,vendor_close,global,secondary,2,2.8910000324249268,USD_per_MMBtu,USD,119426.0,log_return,yahoo,NG=F,yfinance/yahoo-chart,raw/yahoo_GAS_NG.csv,market-extract-4.2,2026-08-11T11:03:48+00:00,200,Adj Close|Close|High|Low|Open|Volume,,W04
2026-03-24,2026-03-24T18:30:00+00:00,True,14:30,America/New_York,GAS_NG,Natural gas futures,economic,futures,,vendor_close,global,secondary,2,2.943000078201294,USD_per_MMBtu,USD,52369.0,log_return,yahoo,NG=F,yfinance/yahoo-chart,raw/yahoo_GAS_NG.csv,market-extract-4.2,2026-08-11T11:03:48+00:00,200,Adj Close|Close|High|Low|Open|Volume,,W04
2026-03-25,2026-03-25T18:30:00+00:00,True,14:30,America/New_York,GAS_NG,Natural gas futures,economic,futures,,vendor_close,global,secondary,2,2.9519999027252197,USD_per_MMBtu,USD,30840.0,log_return,yahoo,NG=F,yfinance/yahoo-chart,raw/yahoo_GAS_NG.csv,market-extract-4.2,2026-08-11T11:03:48+00:00,200,Adj Close|Close|High|Low|Open|Volume,,W04
2026-03-26,2026-03-26T18:30:00+00:00,True,14:30,America/New_York,GAS_NG,Natural gas futures,economic,futures,,vendor_close,global,secondary,2,2.999000072479248,USD_per_MMBtu,USD,61382.0,log_return,yahoo,NG=F,yfinance/yahoo-chart,raw/yahoo_GAS_NG.csv,market-extract-4.2,2026-08-11T11:03:48+00:00,200,Adj Close|Close|High|Low|Open|Volume,,W04
2026-03-27,2026-03-27T18:30:00+00:00,True,14:30,America/New_York,GAS_NG,Natural gas futures,economic,futures,,vendor_close,global,secondary,2,3.0950000286102295,USD_per_MMBtu,USD,132398.0,log_return,yahoo,NG=F,yfinance/yahoo-chart,raw/yahoo_GAS_NG.csv,market-extract-4.2,2026-08-11T11:03:48+00:00,200,Adj Close|Close|High|Low|Open|Volume,,W04
2026-03-30,2026-03-30T18:30:00+00:00,True,14:30,America/New_York,GAS_NG,Natural gas futures,economic,futures,,vendor_close,global,secondary,2,2.88700008392334,USD_per_MMBtu,USD,126193.0,log_return,yahoo,NG=F,yfinance/yahoo-chart,raw/yahoo_GAS_NG.csv,market-extract-4.2,2026-08-11T11:03:48+00:00,200,Adj Close|Close|High|Low|Open|Volume,,W05
2026-03-31,2026-03-31T18:30:00+00:00,True,14:30,America/New_York,GAS_NG,Natural gas futures,economic,futures,,vendor_close,global,secondary,2,2.884000062942505,USD_per_MMBtu,USD,154156.0,log_return,yahoo,NG=F,yfinance/yahoo-chart,raw/yahoo_GAS_NG.csv,market-extract-4.2,2026-08-11T11:03:48+00:00,200,Adj Close|Close|High|Low|Open|Volume,,W05
2026-04-01,2026-04-01T18:30:00+00:00,True,14:30,America/New_York,GAS_NG,Natural gas futures,economic,futures,,vendor_close,global,secondary,2,2.819000005722046,USD_per_MMBtu,USD,126772.0,log_return,yahoo,NG=F,yfinance/yahoo-chart,raw/yahoo_GAS_NG.csv,market-extract-4.2,2026-08-11T11:03:48+00:00,200,Adj Close|Close|High|Low|Open|Volume,,W05
2026-04-02,2026-04-02T18:30:00+00:00,True,14:30,America/New_York,GAS_NG,Natural gas futures,economic,futures,,vendor_close,global,secondary,2,2.799999952316284,USD_per_MMBtu,USD,,log_return,yahoo,NG=F,yfinance/yahoo-chart,raw/yahoo_GAS_NG.csv,market-extract-4.2,2026-08-11T11:03:48+00:00,200,Adj Close|Close|High|Low|Open|Volume,,W05
2026-04-06,2026-04-06T18:30:00+00:00,True,14:30,America/New_York,GAS_NG,Natural gas futures,economic,futures,,vendor_close,global,secondary,2,2.811000108718872,USD_per_MMBtu,USD,100084.0,log_return,yahoo,NG=F,yfinance/yahoo-chart,raw/yahoo_GAS_NG.csv,market-extract-4.2,2026-08-11T11:03:48+00:00,200,Adj Close|Close|High|Low|Open|Volume,,W06
2026-04-07,2026-04-07T18:30:00+00:00,True,14:30,America/New_York,GAS_NG,Natural gas futures,economic,futures,,vendor_close,global,secondary,2,2.869999885559082,USD_per_MMBtu,USD,135271.0,log_return,yahoo,NG=F,yfinance/yahoo-chart,raw/yahoo_GAS_NG.csv,market-extract-4.2,2026-08-11T11:03:48+00:00,200,Adj Close|Close|High|Low|Open|Volume,,W06
2026-04-08,2026-04-08T18:30:00+00:00,True,14:30,America/New_York,GAS_NG,Natural gas futures,economic,futures,,vendor_close,global,secondary,2,2.7239999771118164,USD_per_MMBtu,USD,223335.0,log_return,yahoo,NG=F,yfinance/yahoo-chart,raw/yahoo_GAS_NG.csv,market-extract-4.2,2026-08-11T11:03:48+00:00,200,Adj Close|Close|High|Low|Open|Volume,,W06
2026-04-09,2026-04-09T18:30:00+00:00,True,14:30,America/New_York,GAS_NG,Natural gas futures,economic,futures,,vendor_close,global,secondary,2,2.6700000762939453,USD_per_MMBtu,USD,170766.0,log_return,yahoo,NG=F,yfinance/yahoo-chart,raw/yahoo_GAS_NG.csv,market-extract-4.2,2026-08-11T11:03:48+00:00,200,Adj Close|Close|High|Low|Open|Volume,,W06
2026-04-10,2026-04-10T18:30:00+00:00,True,14:30,America/New_York,GAS_NG,Natural gas futures,economic,futures,,vendor_close,global,secondary,2,2.6480000019073486,USD_per_MMBtu,USD,151051.0,log_return,yahoo,NG=F,yfinance/yahoo-chart,raw/yahoo_GAS_NG.csv,market-extract-4.2,2026-08-11T11:03:48+00:00,200,Adj Close|Close|High|Low|Open|Volume,,W06
2026-04-13,2026-04-13T18:30:00+00:00,True,14:30,America/New_York,GAS_NG,Natural gas futures,economic,futures,,vendor_close,global,secondary,2,2.627000093460083,USD_per_MMBtu,USD,155024.0,log_return,yahoo,NG=F,yfinance/yahoo-chart,raw/yahoo_GAS_NG.csv,market-extract-4.2,2026-08-11T11:03:48+00:00,200,Adj Close|Close|High|Low|Open|Volume,,W07
2026-04-14,2026-04-14T18:30:00+00:00,True,14:30,America/New_York,GAS_NG,Natural gas futures,economic,futures,,vendor_close,global,secondary,2,2.5989999771118164,USD_per_MMBtu,USD,174530.0,log_return,yahoo,NG=F,yfinance/yahoo-chart,raw/yahoo_GAS_NG.csv,market-extract-4.2,2026-08-11T11:03:48+00:00,200,Adj Close|Close|High|Low|Open|Volume,,W07
2026-04-15,2026-04-15T18:30:00+00:00,True,14:30,America/New_York,GAS_NG,Natural gas futures,economic,futures,,vendor_close,global,secondary,2,2.609999895095825,USD_per_MMBtu,USD,114648.0,log_return,yahoo,NG=F,yfinance/yahoo-chart,raw/yahoo_GAS_NG.csv,market-extract-4.2,2026-08-11T11:03:48+00:00,200,Adj Close|Close|High|Low|Open|Volume,,W07
2026-04-16,2026-04-16T18:30:00+00:00,True,14:30,America/New_York,GAS_NG,Natural gas futures,economic,futures,,vendor_close,global,secondary,2,2.6470000743865967,USD_per_MMBtu,USD,108047.0,log_return,yahoo,NG=F,yfinance/yahoo-chart,raw/yahoo_GAS_NG.csv,market-extract-4.2,2026-08-11T11:03:48+00:00,200,Adj Close|Close|High|Low|Open|Volume,,W07
2026-04-17,2026-04-17T18:30:00+00:00,True,14:30,America/New_York,GAS_NG,Natural gas futures,economic,futures,,vendor_close,global,secondary,2,2.6740000247955322,USD_per_MMBtu,USD,109843.0,log_return,yahoo,NG=F,yfinance/yahoo-chart,raw/yahoo_GAS_NG.csv,market-extract-4.2,2026-08-11T11:03:48+00:00,200,Adj Close|Close|High|Low|Open|Volume,,W07
2026-04-20,2026-04-20T18:30:00+00:00,True,14:30,America/New_York,GAS_NG,Natural gas futures,economic,futures,,vendor_close,global,secondary,2,2.688999891281128,USD_per_MMBtu,USD,92530.0,log_return,yahoo,NG=F,yfinance/yahoo-chart,raw/yahoo_GAS_NG.csv,market-extract-4.2,2026-08-11T11:03:48+00:00,200,Adj Close|Close|High|Low|Open|Volume,,W08
2026-04-21,2026-04-21T18:30:00+00:00,True,14:30,America/New_York,GAS_NG,Natural gas futures,economic,futures,,vendor_close,global,secondary,2,2.697000026702881,USD_per_MMBtu,USD,94189.0,log_return,yahoo,NG=F,yfinance/yahoo-chart,raw/yahoo_GAS_NG.csv,market-extract-4.2,2026-08-11T11:03:48+00:00,200,Adj Close|Close|High|Low|Open|Volume,,W08
2026-04-22,2026-04-22T18:30:00+00:00,True,14:30,America/New_York,GAS_NG,Natural gas futures,economic,futures,,vendor_close,global,secondary,2,2.7219998836517334,USD_per_MMBtu,USD,78929.0,log_return,yahoo,NG=F,yfinance/yahoo-chart,raw/yahoo_GAS_NG.csv,market-extract-4.2,2026-08-11T11:03:48+00:00,200,Adj Close|Close|High|Low|Open|Volume,,W08
2026-04-23,2026-04-23T18:30:00+00:00,True,14:30,America/New_York,GAS_NG,Natural gas futures,economic,futures,,vendor_close,global,secondary,2,2.614000082015991,USD_per_MMBtu,USD,79279.0,log_return,yahoo,NG=F,yfinance/yahoo-chart,raw/yahoo_GAS_NG.csv,market-extract-4.2,2026-08-11T11:03:48+00:00,200,Adj Close|Close|High|Low|Open|Volume,,W08
2026-04-24,2026-04-24T18:30:00+00:00,True,14:30,America/New_York,GAS_NG,Natural gas futures,economic,futures,,vendor_close,global,secondary,2,2.5230000019073486,USD_per_MMBtu,USD,50988.0,log_return,yahoo,NG=F,yfinance/yahoo-chart,raw/yahoo_GAS_NG.csv,market-extract-4.2,2026-08-11T11:03:48+00:00,200,Adj Close|Close|High|Low|Open|Volume,,W08
2026-04-27,2026-04-27T18:30:00+00:00,True,14:30,America/New_York,GAS_NG,Natural gas futures,economic,futures,,vendor_close,global,secondary,2,2.549999952316284,USD_per_MMBtu,USD,65552.0,log_return,yahoo,NG=F,yfinance/yahoo-chart,raw/yahoo_GAS_NG.csv,market-extract-4.2,2026-08-11T11:03:48+00:00,200,Adj Close|Close|High|Low|Open|Volume,,W09
2026-04-28,2026-04-28T18:30:00+00:00,True,14:30,America/New_York,GAS_NG,Natural gas futures,economic,futures,,vendor_close,global,secondary,2,2.559000015258789,USD_per_MMBtu,USD,102074.0,log_return,yahoo,NG=F,yfinance/yahoo-chart,raw/yahoo_GAS_NG.csv,market-extract-4.2,2026-08-11T11:03:48+00:00,200,Adj Close|Close|High|Low|Open|Volume,,W09
2026-04-29,2026-04-29T18:30:00+00:00,True,14:30,America/New_York,GAS_NG,Natural gas futures,economic,futures,,vendor_close,global,secondary,2,2.6470000743865967,USD_per_MMBtu,USD,98371.0,log_return,yahoo,NG=F,yfinance/yahoo-chart,raw/yahoo_GAS_NG.csv,market-extract-4.2,2026-08-11T11:03:48+00:00,200,Adj Close|Close|High|Low|Open|Volume,,W09
2026-04-30,2026-04-30T18:30:00+00:00,True,14:30,America/New_York,GAS_NG,Natural gas futures,economic,futures,,vendor_close,global,secondary,2,2.7669999599456787,USD_per_MMBtu,USD,172760.0,log_return,yahoo,NG=F,yfinance/yahoo-chart,raw/yahoo_GAS_NG.csv,market-extract-4.2,2026-08-11T11:03:48+00:00,200,Adj Close|Close|High|Low|Open|Volume,,W09
2026-05-01,2026-05-01T18:30:00+00:00,True,14:30,America/New_York,GAS_NG,Natural gas futures,economic,futures,,vendor_close,global,secondary,2,2.7799999713897705,USD_per_MMBtu,USD,111530.0,log_return,yahoo,NG=F,yfinance/yahoo-chart,raw/yahoo_GAS_NG.csv,market-extract-4.2,2026-08-11T11:03:48+00:00,200,Adj Close|Close|High|Low|Open|Volume,,W09
2026-05-04,2026-05-04T18:30:00+00:00,True,14:30,America/New_York,GAS_NG,Natural gas futures,economic,futures,,vendor_close,global,secondary,2,2.867000102996826,USD_per_MMBtu,USD,125100.0,log_return,yahoo,NG=F,yfinance/yahoo-chart,raw/yahoo_GAS_NG.csv,market-extract-4.2,2026-08-11T11:03:48+00:00,200,Adj Close|Close|High|Low|Open|Volume,,W10
2026-05-05,2026-05-05T18:30:00+00:00,True,14:30,America/New_York,GAS_NG,Natural gas futures,economic,futures,,vendor_close,global,secondary,2,2.7880001068115234,USD_per_MMBtu,USD,115367.0,log_return,yahoo,NG=F,yfinance/yahoo-chart,raw/yahoo_GAS_NG.csv,market-extract-4.2,2026-08-11T11:03:48+00:00,200,Adj Close|Close|High|Low|Open|Volume,,W10
2026-05-06,2026-05-06T18:30:00+00:00,True,14:30,America/New_York,GAS_NG,Natural gas futures,economic,futures,,vendor_close,global,secondary,2,2.7300000190734863,USD_per_MMBtu,USD,107146.0,log_return,yahoo,NG=F,yfinance/yahoo-chart,raw/yahoo_GAS_NG.csv,market-extract-4.2,2026-08-11T11:03:48+00:00,200,Adj Close|Close|High|Low|Open|Volume,,W10
2026-05-07,2026-05-07T18:30:00+00:00,True,14:30,America/New_York,GAS_NG,Natural gas futures,economic,futures,,vendor_close,global,secondary,2,2.7690000534057617,USD_per_MMBtu,USD,166306.0,log_return,yahoo,NG=F,yfinance/yahoo-chart,raw/yahoo_GAS_NG.csv,market-extract-4.2,2026-08-11T11:03:48+00:00,200,Adj Close|Close|High|Low|Open|Volume,,W10
2026-05-08,2026-05-08T18:30:00+00:00,True,14:30,America/New_York,GAS_NG,Natural gas futures,economic,futures,,vendor_close,global,secondary,2,2.756999969482422,USD_per_MMBtu,USD,124590.0,log_return,yahoo,NG=F,yfinance/yahoo-chart,raw/yahoo_GAS_NG.csv,market-extract-4.2,2026-08-11T11:03:48+00:00,200,Adj Close|Close|High|Low|Open|Volume,,W10
2026-05-11,2026-05-11T18:30:00+00:00,True,14:30,America/New_York,GAS_NG,Natural gas futures,economic,futures,,vendor_close,global,secondary,2,2.9100000858306885,USD_per_MMBtu,USD,162409.0,log_return,yahoo,NG=F,yfinance/yahoo-chart,raw/yahoo_GAS_NG.csv,market-extract-4.2,2026-08-11T11:03:48+00:00,200,Adj Close|Close|High|Low|Open|Volume,,W11
2026-05-12,2026-05-12T18:30:00+00:00,True,14:30,America/New_York,GAS_NG,Natural gas futures,economic,futures,,vendor_close,global,secondary,2,2.8429999351501465,USD_per_MMBtu,USD,140080.0,log_return,yahoo,NG=F,yfinance/yahoo-chart,raw/yahoo_GAS_NG.csv,market-extract-4.2,2026-08-11T11:03:48+00:00,200,Adj Close|Close|High|Low|Open|Volume,,W11
2026-05-13,2026-05-13T18:30:00+00:00,True,14:30,America/New_York,GAS_NG,Natural gas futures,economic,futures,,vendor_close,global,secondary,2,2.864000082015991,USD_per_MMBtu,USD,132794.0,log_return,yahoo,NG=F,yfinance/yahoo-chart,raw/yahoo_GAS_NG.csv,market-extract-4.2,2026-08-11T11:03:48+00:00,200,Adj Close|Close|High|Low|Open|Volume,,W11
2026-05-14,2026-05-14T18:30:00+00:00,True,14:30,America/New_York,GAS_NG,Natural gas futures,economic,futures,,vendor_close,global,secondary,2,2.8940000534057617,USD_per_MMBtu,USD,144509.0,log_return,yahoo,NG=F,yfinance/yahoo-chart,raw/yahoo_GAS_NG.csv,market-extract-4.2,2026-08-11T11:03:48+00:00,200,Adj Close|Close|High|Low|Open|Volume,,W11
2026-05-15,2026-05-15T18:30:00+00:00,True,14:30,America/New_York,GAS_NG,Natural gas futures,economic,futures,,vendor_close,global,secondary,2,2.9600000381469727,USD_per_MMBtu,USD,144038.0,log_return,yahoo,NG=F,yfinance/yahoo-chart,raw/yahoo_GAS_NG.csv,market-extract-4.2,2026-08-11T11:03:48+00:00,200,Adj Close|Close|High|Low|Open|Volume,,W11
2026-05-18,2026-05-18T18:30:00+00:00,True,14:30,America/New_York,GAS_NG,Natural gas futures,economic,futures,,vendor_close,global,secondary,2,3.0239999294281006,USD_per_MMBtu,USD,149997.0,log_return,yahoo,NG=F,yfinance/yahoo-chart,raw/yahoo_GAS_NG.csv,market-extract-4.2,2026-08-11T11:03:48+00:00,200,Adj Close|Close|High|Low|Open|Volume,,W12
2026-05-19,2026-05-19T18:30:00+00:00,True,14:30,America/New_York,GAS_NG,Natural gas futures,economic,futures,,vendor_close,global,secondary,2,3.114000082015991,USD_per_MMBtu,USD,144723.0,log_return,yahoo,NG=F,yfinance/yahoo-chart,raw/yahoo_GAS_NG.csv,market-extract-4.2,2026-08-11T11:03:48+00:00,200,Adj Close|Close|High|Low|Open|Volume,,W12
2026-05-20,2026-05-20T18:30:00+00:00,True,14:30,America/New_York,GAS_NG,Natural gas futures,economic,futures,,vendor_close,global,secondary,2,3.003999948501587,USD_per_MMBtu,USD,149151.0,log_return,yahoo,NG=F,yfinance/yahoo-chart,raw/yahoo_GAS_NG.csv,market-extract-4.2,2026-08-11T11:03:48+00:00,200,Adj Close|Close|High|Low|Open|Volume,,W12
2026-05-21,2026-05-21T18:30:00+00:00,True,14:30,America/New_York,GAS_NG,Natural gas futures,economic,futures,,vendor_close,global,secondary,2,3.0179998874664307,USD_per_MMBtu,USD,73478.0,log_return,yahoo,NG=F,yfinance/yahoo-chart,raw/yahoo_GAS_NG.csv,market-extract-4.2,2026-08-11T11:03:48+00:00,200,Adj Close|Close|High|Low|Open|Volume,,W12
2026-05-22,2026-05-22T18:30:00+00:00,True,14:30,America/New_York,GAS_NG,Natural gas futures,economic,futures,,vendor_close,global,secondary,2,2.9070000648498535,USD_per_MMBtu,USD,63029.0,log_return,yahoo,NG=F,yfinance/yahoo-chart,raw/yahoo_GAS_NG.csv,market-extract-4.2,2026-08-11T11:03:48+00:00,200,Adj Close|Close|High|Low|Open|Volume,,W12
2026-05-26,2026-05-26T18:30:00+00:00,True,14:30,America/New_York,GAS_NG,Natural gas futures,economic,futures,,vendor_close,global,secondary,2,2.8940000534057617,USD_per_MMBtu,USD,55626.0,log_return,yahoo,NG=F,yfinance/yahoo-chart,raw/yahoo_GAS_NG.csv,market-extract-4.2,2026-08-11T11:03:48+00:00,200,Adj Close|Close|High|Low|Open|Volume,,W13
2026-05-27,2026-05-27T18:30:00+00:00,True,14:30,America/New_York,GAS_NG,Natural gas futures,economic,futures,,vendor_close,global,secondary,2,3.0399999618530273,USD_per_MMBtu,USD,188474.0,log_return,yahoo,NG=F,yfinance/yahoo-chart,raw/yahoo_GAS_NG.csv,market-extract-4.2,2026-08-11T11:03:48+00:00,200,Adj Close|Close|High|Low|Open|Volume,,W13
2026-05-28,2026-05-28T18:30:00+00:00,True,14:30,America/New_York,GAS_NG,Natural gas futures,economic,futures,,vendor_close,global,secondary,2,3.2850000858306885,USD_per_MMBtu,USD,200655.0,log_return,yahoo,NG=F,yfinance/yahoo-chart,raw/yahoo_GAS_NG.csv,market-extract-4.2,2026-08-11T11:03:48+00:00,200,Adj Close|Close|High|Low|Open|Volume,,W13
2026-05-29,2026-05-29T18:30:00+00:00,True,14:30,America/New_York,GAS_NG,Natural gas futures,economic,futures,,vendor_close,global,secondary,2,3.2899999618530273,USD_per_MMBtu,USD,167682.0,log_return,yahoo,NG=F,yfinance/yahoo-chart,raw/yahoo_GAS_NG.csv,market-extract-4.2,2026-08-11T11:03:48+00:00,200,Adj Close|Close|High|Low|Open|Volume,,W13
2026-06-01,2026-06-01T18:30:00+00:00,True,14:30,America/New_York,GAS_NG,Natural gas futures,economic,futures,,vendor_close,global,secondary,2,3.178999900817871,USD_per_MMBtu,USD,171269.0,log_return,yahoo,NG=F,yfinance/yahoo-chart,raw/yahoo_GAS_NG.csv,market-extract-4.2,2026-08-11T11:03:48+00:00,200,Adj Close|Close|High|Low|Open|Volume,,W14
2026-06-02,2026-06-02T18:30:00+00:00,True,14:30,America/New_York,GAS_NG,Natural gas futures,economic,futures,,vendor_close,global,secondary,2,3.1670000553131104,USD_per_MMBtu,USD,140767.0,log_return,yahoo,NG=F,yfinance/yahoo-chart,raw/yahoo_GAS_NG.csv,market-extract-4.2,2026-08-11T11:03:48+00:00,200,Adj Close|Close|High|Low|Open|Volume,,W14
2026-06-03,2026-06-03T18:30:00+00:00,True,14:30,America/New_York,GAS_NG,Natural gas futures,economic,futures,,vendor_close,global,secondary,2,3.2139999866485596,USD_per_MMBtu,USD,135015.0,log_return,yahoo,NG=F,yfinance/yahoo-chart,raw/yahoo_GAS_NG.csv,market-extract-4.2,2026-08-11T11:03:48+00:00,200,Adj Close|Close|High|Low|Open|Volume,,W14
2026-06-04,2026-06-04T18:30:00+00:00,True,14:30,America/New_York,GAS_NG,Natural gas futures,economic,futures,,vendor_close,global,secondary,2,3.3359999656677246,USD_per_MMBtu,USD,194709.0,log_return,yahoo,NG=F,yfinance/yahoo-chart,raw/yahoo_GAS_NG.csv,market-extract-4.2,2026-08-11T11:03:48+00:00,200,Adj Close|Close|High|Low|Open|Volume,,W14
2026-06-05,2026-06-05T18:30:00+00:00,True,14:30,America/New_York,GAS_NG,Natural gas futures,economic,futures,,vendor_close,global,secondary,2,3.2290000915527344,USD_per_MMBtu,USD,181904.0,log_return,yahoo,NG=F,yfinance/yahoo-chart,raw/yahoo_GAS_NG.csv,market-extract-4.2,2026-08-11T11:03:48+00:00,200,Adj Close|Close|High|Low|Open|Volume,,W14
2026-06-08,2026-06-08T18:30:00+00:00,True,14:30,America/New_York,GAS_NG,Natural gas futures,economic,futures,,vendor_close,global,secondary,2,3.1470000743865967,USD_per_MMBtu,USD,199640.0,log_return,yahoo,NG=F,yfinance/yahoo-chart,raw/yahoo_GAS_NG.csv,market-extract-4.2,2026-08-11T11:03:48+00:00,200,Adj Close|Close|High|Low|Open|Volume,,W15
2026-06-09,2026-06-09T18:30:00+00:00,True,14:30,America/New_York,GAS_NG,Natural gas futures,economic,futures,,vendor_close,global,secondary,2,3.140000104904175,USD_per_MMBtu,USD,179403.0,log_return,yahoo,NG=F,yfinance/yahoo-chart,raw/yahoo_GAS_NG.csv,market-extract-4.2,2026-08-11T11:03:48+00:00,200,Adj Close|Close|High|Low|Open|Volume,,W15
2026-06-10,2026-06-10T18:30:00+00:00,True,14:30,America/New_York,GAS_NG,Natural gas futures,economic,futures,,vendor_close,global,secondary,2,3.184999942779541,USD_per_MMBtu,USD,194341.0,log_return,yahoo,NG=F,yfinance/yahoo-chart,raw/yahoo_GAS_NG.csv,market-extract-4.2,2026-08-11T11:03:48+00:00,200,Adj Close|Close|High|Low|Open|Volume,,W15
2026-06-11,2026-06-11T18:30:00+00:00,True,14:30,America/New_York,GAS_NG,Natural gas futures,economic,futures,,vendor_close,global,secondary,2,3.0869998931884766,USD_per_MMBtu,USD,206797.0,log_return,yahoo,NG=F,yfinance/yahoo-chart,raw/yahoo_GAS_NG.csv,market-extract-4.2,2026-08-11T11:03:48+00:00,200,Adj Close|Close|High|Low|Open|Volume,,W15
2026-06-12,2026-06-12T18:30:00+00:00,True,14:30,America/New_York,GAS_NG,Natural gas futures,economic,futures,,vendor_close,global,secondary,2,3.119999885559082,USD_per_MMBtu,USD,138859.0,log_return,yahoo,NG=F,yfinance/yahoo-chart,raw/yahoo_GAS_NG.csv,market-extract-4.2,2026-08-11T11:03:48+00:00,200,Adj Close|Close|High|Low|Open|Volume,,W15
2026-06-15,2026-06-15T18:30:00+00:00,True,14:30,America/New_York,GAS_NG,Natural gas futures,economic,futures,,vendor_close,global,secondary,2,3.1470000743865967,USD_per_MMBtu,USD,139274.0,log_return,yahoo,NG=F,yfinance/yahoo-chart,raw/yahoo_GAS_NG.csv,market-extract-4.2,2026-08-11T11:03:48+00:00,200,Adj Close|Close|High|Low|Open|Volume,,W16
2026-06-16,2026-06-16T18:30:00+00:00,True,14:30,America/New_York,GAS_NG,Natural gas futures,economic,futures,,vendor_close,global,secondary,2,3.239000082015991,USD_per_MMBtu,USD,148973.0,log_return,yahoo,NG=F,yfinance/yahoo-chart,raw/yahoo_GAS_NG.csv,market-extract-4.2,2026-08-11T11:03:48+00:00,200,Adj Close|Close|High|Low|Open|Volume,,W16
2026-06-17,2026-06-17T18:30:00+00:00,True,14:30,America/New_York,GAS_NG,Natural gas futures,economic,futures,,vendor_close,global,secondary,2,3.1449999809265137,USD_per_MMBtu,USD,170489.0,log_return,yahoo,NG=F,yfinance/yahoo-chart,raw/yahoo_GAS_NG.csv,market-extract-4.2,2026-08-11T11:03:48+00:00,200,Adj Close|Close|High|Low|Open|Volume,,W16
2026-06-18,2026-06-18T18:30:00+00:00,True,14:30,America/New_York,GAS_NG,Natural gas futures,economic,futures,,vendor_close,global,secondary,2,3.2330000400543213,USD_per_MMBtu,USD,147984.0,log_return,yahoo,NG=F,yfinance/yahoo-chart,raw/yahoo_GAS_NG.csv,market-extract-4.2,2026-08-11T11:03:48+00:00,200,Adj Close|Close|High|Low|Open|Volume,,W16
2026-06-22,2026-06-22T18:30:00+00:00,True,14:30,America/New_York,GAS_NG,Natural gas futures,economic,futures,,vendor_close,global,secondary,2,3.253000020980835,USD_per_MMBtu,USD,151751.0,log_return,yahoo,NG=F,yfinance/yahoo-chart,raw/yahoo_GAS_NG.csv,market-extract-4.2,2026-08-11T11:03:48+00:00,200,Adj Close|Close|High|Low|Open|Volume,,W17
2026-06-23,2026-06-23T18:30:00+00:00,True,14:30,America/New_York,GAS_NG,Natural gas futures,economic,futures,,vendor_close,global,secondary,2,3.1470000743865967,USD_per_MMBtu,USD,76512.0,log_return,yahoo,NG=F,yfinance/yahoo-chart,raw/yahoo_GAS_NG.csv,market-extract-4.2,2026-08-11T11:03:48+00:00,200,Adj Close|Close|High|Low|Open|Volume,,W17
2026-06-24,2026-06-24T18:30:00+00:00,True,14:30,America/New_York,GAS_NG,Natural gas futures,economic,futures,,vendor_close,global,secondary,2,3.2209999561309814,USD_per_MMBtu,USD,39410.0,log_return,yahoo,NG=F,yfinance/yahoo-chart,raw/yahoo_GAS_NG.csv,market-extract-4.2,2026-08-11T11:03:48+00:00,200,Adj Close|Close|High|Low|Open|Volume,,W17
2026-06-25,2026-06-25T18:30:00+00:00,True,14:30,America/New_York,GAS_NG,Natural gas futures,economic,futures,,vendor_close,global,secondary,2,3.3429999351501465,USD_per_MMBtu,USD,106506.0,log_return,yahoo,NG=F,yfinance/yahoo-chart,raw/yahoo_GAS_NG.csv,market-extract-4.2,2026-08-11T11:03:48+00:00,200,Adj Close|Close|High|Low|Open|Volume,,W17
2026-06-26,2026-06-26T18:30:00+00:00,True,14:30,America/New_York,GAS_NG,Natural gas futures,economic,futures,,vendor_close,global,secondary,2,3.2309999465942383,USD_per_MMBtu,USD,171611.0,log_return,yahoo,NG=F,yfinance/yahoo-chart,raw/yahoo_GAS_NG.csv,market-extract-4.2,2026-08-11T11:03:48+00:00,200,Adj Close|Close|High|Low|Open|Volume,,W17
2026-06-29,2026-06-29T18:30:00+00:00,True,14:30,America/New_York,GAS_NG,Natural gas futures,economic,futures,,vendor_close,global,secondary,2,3.180999994277954,USD_per_MMBtu,USD,153806.0,log_return,yahoo,NG=F,yfinance/yahoo-chart,raw/yahoo_GAS_NG.csv,market-extract-4.2,2026-08-11T11:03:48+00:00,200,Adj Close|Close|High|Low|Open|Volume,,W18
2026-06-30,2026-06-30T18:30:00+00:00,True,14:30,America/New_York,GAS_NG,Natural gas futures,economic,futures,,vendor_close,global,secondary,2,3.2750000953674316,USD_per_MMBtu,USD,207986.0,log_return,yahoo,NG=F,yfinance/yahoo-chart,raw/yahoo_GAS_NG.csv,market-extract-4.2,2026-08-11T11:03:48+00:00,200,Adj Close|Close|High|Low|Open|Volume,,W18
2026-07-01,2026-07-01T18:30:00+00:00,True,14:30,America/New_York,GAS_NG,Natural gas futures,economic,futures,,vendor_close,global,secondary,2,3.2200000286102295,USD_per_MMBtu,USD,122894.0,log_return,yahoo,NG=F,yfinance/yahoo-chart,raw/yahoo_GAS_NG.csv,market-extract-4.2,2026-08-11T11:03:48+00:00,200,Adj Close|Close|High|Low|Open|Volume,,W18
2026-07-02,2026-07-02T18:30:00+00:00,True,14:30,America/New_York,GAS_NG,Natural gas futures,economic,futures,,vendor_close,global,secondary,2,3.196000099182129,USD_per_MMBtu,USD,137589.0,log_return,yahoo,NG=F,yfinance/yahoo-chart,raw/yahoo_GAS_NG.csv,market-extract-4.2,2026-08-11T11:03:48+00:00,200,Adj Close|Close|High|Low|Open|Volume,,W18
2026-07-06,2026-07-06T18:30:00+00:00,True,14:30,America/New_York,GAS_NG,Natural gas futures,economic,futures,,vendor_close,global,secondary,2,3.244999885559082,USD_per_MMBtu,USD,205853.0,log_return,yahoo,NG=F,yfinance/yahoo-chart,raw/yahoo_GAS_NG.csv,market-extract-4.2,2026-08-11T11:03:48+00:00,200,Adj Close|Close|High|Low|Open|Volume,,W19
2026-07-07,2026-07-07T18:30:00+00:00,True,14:30,America/New_York,GAS_NG,Natural gas futures,economic,futures,,vendor_close,global,secondary,2,3.265000104904175,USD_per_MMBtu,USD,172662.0,log_return,yahoo,NG=F,yfinance/yahoo-chart,raw/yahoo_GAS_NG.csv,market-extract-4.2,2026-08-11T11:03:48+00:00,200,Adj Close|Close|High|Low|Open|Volume,,W19
2026-07-08,2026-07-08T18:30:00+00:00,True,14:30,America/New_York,GAS_NG,Natural gas futures,economic,futures,,vendor_close,global,secondary,2,3.2119998931884766,USD_per_MMBtu,USD,158732.0,log_return,yahoo,NG=F,yfinance/yahoo-chart,raw/yahoo_GAS_NG.csv,market-extract-4.2,2026-08-11T11:03:48+00:00,200,Adj Close|Close|High|Low|Open|Volume,,W19
2026-07-09,2026-07-09T18:30:00+00:00,True,14:30,America/New_York,GAS_NG,Natural gas futures,economic,futures,,vendor_close,global,secondary,2,3.01200008392334,USD_per_MMBtu,USD,240595.0,log_return,yahoo,NG=F,yfinance/yahoo-chart,raw/yahoo_GAS_NG.csv,market-extract-4.2,2026-08-11T11:03:48+00:00,200,Adj Close|Close|High|Low|Open|Volume,,W19
2026-07-10,2026-07-10T18:30:00+00:00,True,14:30,America/New_York,GAS_NG,Natural gas futures,economic,futures,,vendor_close,global,secondary,2,2.940000057220459,USD_per_MMBtu,USD,187170.0,log_return,yahoo,NG=F,yfinance/yahoo-chart,raw/yahoo_GAS_NG.csv,market-extract-4.2,2026-08-11T11:03:48+00:00,200,Adj Close|Close|High|Low|Open|Volume,,W19
2026-07-13,2026-07-13T18:30:00+00:00,True,14:30,America/New_York,GAS_NG,Natural gas futures,economic,futures,,vendor_close,global,secondary,2,2.8970000743865967,USD_per_MMBtu,USD,137746.0,log_return,yahoo,NG=F,yfinance/yahoo-chart,raw/yahoo_GAS_NG.csv,market-extract-4.2,2026-08-11T11:03:48+00:00,200,Adj Close|Close|High|Low|Open|Volume,,W20
2026-07-14,2026-07-14T18:30:00+00:00,True,14:30,America/New_York,GAS_NG,Natural gas futures,economic,futures,,vendor_close,global,secondary,2,2.9040000438690186,USD_per_MMBtu,USD,113702.0,log_return,yahoo,NG=F,yfinance/yahoo-chart,raw/yahoo_GAS_NG.csv,market-extract-4.2,2026-08-11T11:03:48+00:00,200,Adj Close|Close|High|Low|Open|Volume,,W20
2026-07-15,2026-07-15T18:30:00+00:00,True,14:30,America/New_York,GAS_NG,Natural gas futures,economic,futures,,vendor_close,global,secondary,2,2.9240000247955322,USD_per_MMBtu,USD,114040.0,log_return,yahoo,NG=F,yfinance/yahoo-chart,raw/yahoo_GAS_NG.csv,market-extract-4.2,2026-08-11T11:03:48+00:00,200,Adj Close|Close|High|Low|Open|Volume,,W20
2026-07-16,2026-07-16T18:30:00+00:00,True,14:30,America/New_York,GAS_NG,Natural gas futures,economic,futures,,vendor_close,global,secondary,2,2.8580000400543213,USD_per_MMBtu,USD,141791.0,log_return,yahoo,NG=F,yfinance/yahoo-chart,raw/yahoo_GAS_NG.csv,market-extract-4.2,2026-08-11T11:03:48+00:00,200,Adj Close|Close|High|Low|Open|Volume,,W20
2026-07-17,2026-07-17T18:30:00+00:00,True,14:30,America/New_York,GAS_NG,Natural gas futures,economic,futures,,vendor_close,global,secondary,2,2.9110000133514404,USD_per_MMBtu,USD,106995.0,log_return,yahoo,NG=F,yfinance/yahoo-chart,raw/yahoo_GAS_NG.csv,market-extract-4.2,2026-08-11T11:03:48+00:00,200,Adj Close|Close|High|Low|Open|Volume,,W20
2026-07-20,2026-07-20T18:30:00+00:00,True,14:30,America/New_York,GAS_NG,Natural gas futures,economic,futures,,vendor_close,global,secondary,2,2.859999895095825,USD_per_MMBtu,USD,131706.0,log_return,yahoo,NG=F,yfinance/yahoo-chart,raw/yahoo_GAS_NG.csv,market-extract-4.2,2026-08-11T11:03:48+00:00,200,Adj Close|Close|High|Low|Open|Volume,,W21
2026-07-21,2026-07-21T18:30:00+00:00,True,14:30,America/New_York,GAS_NG,Natural gas futures,economic,futures,,vendor_close,global,secondary,2,2.865000009536743,USD_per_MMBtu,USD,105685.0,log_return,yahoo,NG=F,yfinance/yahoo-chart,raw/yahoo_GAS_NG.csv,market-extract-4.2,2026-08-11T11:03:48+00:00,200,Adj Close|Close|High|Low|Open|Volume,,W21
2026-07-22,2026-07-22T18:30:00+00:00,True,14:30,America/New_York,GAS_NG,Natural gas futures,economic,futures,,vendor_close,global,secondary,2,2.924999952316284,USD_per_MMBtu,USD,127528.0,log_return,yahoo,NG=F,yfinance/yahoo-chart,raw/yahoo_GAS_NG.csv,market-extract-4.2,2026-08-11T11:03:48+00:00,200,Adj Close|Close|High|Low|Open|Volume,,W21
2026-03-02,2026-03-02T21:00:00+00:00,True,16:00,America/New_York,TANKER_FRO,Frontline,economic,equity,,adjusted_close,global,secondary,2,36.79874038696289,USD_per_share,USD,10286800.0,log_return,yahoo,FRO,yfinance/yahoo-chart,raw/yahoo_TANKER_FRO.csv,market-extract-4.2,2026-08-11T11:03:48+00:00,200,Close|High|Low|Open|Volume,auto_adjust is required because variable dividends can be material,W01
2026-03-03,2026-03-03T21:00:00+00:00,True,16:00,America/New_York,TANKER_FRO,Frontline,economic,equity,,adjusted_close,global,secondary,2,34.49533462524414,USD_per_share,USD,9128000.0,log_return,yahoo,FRO,yfinance/yahoo-chart,raw/yahoo_TANKER_FRO.csv,market-extract-4.2,2026-08-11T11:03:48+00:00,200,Close|High|Low|Open|Volume,auto_adjust is required because variable dividends can be material,W01
2026-03-04,2026-03-04T21:00:00+00:00,True,16:00,America/New_York,TANKER_FRO,Frontline,economic,equity,,adjusted_close,global,secondary,2,33.69657516479492,USD_per_share,USD,5319200.0,log_return,yahoo,FRO,yfinance/yahoo-chart,raw/yahoo_TANKER_FRO.csv,market-extract-4.2,2026-08-11T11:03:48+00:00,200,Close|High|Low|Open|Volume,auto_adjust is required because variable dividends can be material,W01
2026-03-05,2026-03-05T21:00:00+00:00,True,16:00,America/New_York,TANKER_FRO,Frontline,economic,equity,,adjusted_close,global,secondary,2,32.433414459228516,USD_per_share,USD,7412200.0,log_return,yahoo,FRO,yfinance/yahoo-chart,raw/yahoo_TANKER_FRO.csv,market-extract-4.2,2026-08-11T11:03:48+00:00,200,Close|High|Low|Open|Volume,auto_adjust is required because variable dividends can be material,W01
2026-03-06,2026-03-06T21:00:00+00:00,True,16:00,America/New_York,TANKER_FRO,Frontline,economic,equity,,adjusted_close,global,secondary,2,32.09905242919922,USD_per_share,USD,6349800.0,log_return,yahoo,FRO,yfinance/yahoo-chart,raw/yahoo_TANKER_FRO.csv,market-extract-4.2,2026-08-11T11:03:48+00:00,200,Close|High|Low|Open|Volume,auto_adjust is required because variable dividends can be material,W01
2026-03-09,2026-03-09T20:00:00+00:00,True,16:00,America/New_York,TANKER_FRO,Frontline,economic,equity,,adjusted_close,global,secondary,2,32.96282958984375,USD_per_share,USD,6671100.0,log_return,yahoo,FRO,yfinance/yahoo-chart,raw/yahoo_TANKER_FRO.csv,market-extract-4.2,2026-08-11T11:03:48+00:00,200,Close|High|Low|Open|Volume,auto_adjust is required because variable dividends can be material,W02
2026-03-10,2026-03-10T20:00:00+00:00,True,16:00,America/New_York,TANKER_FRO,Frontline,economic,equity,,adjusted_close,global,secondary,2,32.73063278198242,USD_per_share,USD,4592700.0,log_return,yahoo,FRO,yfinance/yahoo-chart,raw/yahoo_TANKER_FRO.csv,market-extract-4.2,2026-08-11T11:03:48+00:00,200,Close|High|Low|Open|Volume,auto_adjust is required because variable dividends can be material,W02
2026-03-11,2026-03-11T20:00:00+00:00,True,16:00,America/New_York,TANKER_FRO,Frontline,economic,equity,,adjusted_close,global,secondary,2,31.114534378051758,USD_per_share,USD,5149700.0,log_return,yahoo,FRO,yfinance/yahoo-chart,raw/yahoo_TANKER_FRO.csv,market-extract-4.2,2026-08-11T11:03:48+00:00,200,Close|High|Low|Open|Volume,auto_adjust is required because variable dividends can be material,W02
2026-03-12,2026-03-12T20:00:00+00:00,True,16:00,America/New_York,TANKER_FRO,Frontline,economic,equity,,adjusted_close,global,secondary,2,29.48550033569336,USD_per_share,USD,5309700.0,log_return,yahoo,FRO,yfinance/yahoo-chart,raw/yahoo_TANKER_FRO.csv,market-extract-4.2,2026-08-11T11:03:48+00:00,200,Close|High|Low|Open|Volume,auto_adjust is required because variable dividends can be material,W02
2026-03-13,2026-03-13T20:00:00+00:00,True,16:00,America/New_York,TANKER_FRO,Frontline,economic,equity,,adjusted_close,global,secondary,2,28.920129776000977,USD_per_share,USD,4572600.0,log_return,yahoo,FRO,yfinance/yahoo-chart,raw/yahoo_TANKER_FRO.csv,market-extract-4.2,2026-08-11T11:03:48+00:00,200,Close|High|Low|Open|Volume,auto_adjust is required because variable dividends can be material,W02
2026-03-16,2026-03-16T20:00:00+00:00,True,16:00,America/New_York,TANKER_FRO,Frontline,economic,equity,,adjusted_close,global,secondary,2,30.501251220703125,USD_per_share,USD,5113800.0,log_return,yahoo,FRO,yfinance/yahoo-chart,raw/yahoo_TANKER_FRO.csv,market-extract-4.2,2026-08-11T11:03:48+00:00,200,Close|High|Low|Open|Volume,auto_adjust is required because variable dividends can be material,W03
2026-03-17,2026-03-17T20:00:00+00:00,True,16:00,America/New_York,TANKER_FRO,Frontline,economic,equity,,adjusted_close,global,secondary,2,29.993375778198242,USD_per_share,USD,3623500.0,log_return,yahoo,FRO,yfinance/yahoo-chart,raw/yahoo_TANKER_FRO.csv,market-extract-4.2,2026-08-11T11:03:48+00:00,200,Close|High|Low|Open|Volume,auto_adjust is required because variable dividends can be material,W03
2026-03-18,2026-03-18T20:00:00+00:00,True,16:00,America/New_York,TANKER_FRO,Frontline,economic,equity,,adjusted_close,global,secondary,2,30.817474365234375,USD_per_share,USD,3754100.0,log_return,yahoo,FRO,yfinance/yahoo-chart,raw/yahoo_TANKER_FRO.csv,market-extract-4.2,2026-08-11T11:03:48+00:00,200,Close|High|Low|Open|Volume,auto_adjust is required because variable dividends can be material,W03
2026-03-19,2026-03-19T20:00:00+00:00,True,16:00,America/New_York,TANKER_FRO,Frontline,economic,equity,,adjusted_close,global,secondary,2,31.50741958618164,USD_per_share,USD,3578800.0,log_return,yahoo,FRO,yfinance/yahoo-chart,raw/yahoo_TANKER_FRO.csv,market-extract-4.2,2026-08-11T11:03:48+00:00,200,Close|High|Low|Open|Volume,auto_adjust is required because variable dividends can be material,W03
2026-03-20,2026-03-20T20:00:00+00:00,True,16:00,America/New_York,TANKER_FRO,Frontline,economic,equity,,adjusted_close,global,secondary,2,30.827054977416992,USD_per_share,USD,4089000.0,log_return,yahoo,FRO,yfinance/yahoo-chart,raw/yahoo_TANKER_FRO.csv,market-extract-4.2,2026-08-11T11:03:48+00:00,200,Close|High|Low|Open|Volume,auto_adjust is required because variable dividends can be material,W03
2026-03-23,2026-03-23T20:00:00+00:00,True,16:00,America/New_York,TANKER_FRO,Frontline,economic,equity,,adjusted_close,global,secondary,2,32.417762756347656,USD_per_share,USD,3992000.0,log_return,yahoo,FRO,yfinance/yahoo-chart,raw/yahoo_TANKER_FRO.csv,market-extract-4.2,2026-08-11T11:03:48+00:00,200,Close|High|Low|Open|Volume,auto_adjust is required because variable dividends can be material,W04
2026-03-24,2026-03-24T20:00:00+00:00,True,16:00,America/New_York,TANKER_FRO,Frontline,economic,equity,,adjusted_close,global,secondary,2,33.960548400878906,USD_per_share,USD,5696400.0,log_return,yahoo,FRO,yfinance/yahoo-chart,raw/yahoo_TANKER_FRO.csv,market-extract-4.2,2026-08-11T11:03:48+00:00,200,Close|High|Low|Open|Volume,auto_adjust is required because variable dividends can be material,W04
2026-03-25,2026-03-25T20:00:00+00:00,True,16:00,America/New_York,TANKER_FRO,Frontline,economic,equity,,adjusted_close,global,secondary,2,32.34109878540039,USD_per_share,USD,3810200.0,log_return,yahoo,FRO,yfinance/yahoo-chart,raw/yahoo_TANKER_FRO.csv,market-extract-4.2,2026-08-11T11:03:48+00:00,200,Close|High|Low|Open|Volume,auto_adjust is required because variable dividends can be material,W04
2026-03-26,2026-03-26T20:00:00+00:00,True,16:00,America/New_York,TANKER_FRO,Frontline,economic,equity,,adjusted_close,global,secondary,2,32.16861343383789,USD_per_share,USD,3949600.0,log_return,yahoo,FRO,yfinance/yahoo-chart,raw/yahoo_TANKER_FRO.csv,market-extract-4.2,2026-08-11T11:03:48+00:00,200,Close|High|Low|Open|Volume,auto_adjust is required because variable dividends can be material,W04
2026-03-27,2026-03-27T20:00:00+00:00,True,16:00,America/New_York,TANKER_FRO,Frontline,economic,equity,,adjusted_close,global,secondary,2,32.245277404785156,USD_per_share,USD,2826700.0,log_return,yahoo,FRO,yfinance/yahoo-chart,raw/yahoo_TANKER_FRO.csv,market-extract-4.2,2026-08-11T11:03:48+00:00,200,Close|High|Low|Open|Volume,auto_adjust is required because variable dividends can be material,W04
2026-03-30,2026-03-30T20:00:00+00:00,True,16:00,America/New_York,TANKER_FRO,Frontline,economic,equity,,adjusted_close,global,secondary,2,31.99612808227539,USD_per_share,USD,2923800.0,log_return,yahoo,FRO,yfinance/yahoo-chart,raw/yahoo_TANKER_FRO.csv,market-extract-4.2,2026-08-11T11:03:48+00:00,200,Close|High|Low|Open|Volume,auto_adjust is required because variable dividends can be material,W05
2026-03-31,2026-03-31T20:00:00+00:00,True,16:00,America/New_York,TANKER_FRO,Frontline,economic,equity,,adjusted_close,global,secondary,2,33.404762268066406,USD_per_share,USD,4124600.0,log_return,yahoo,FRO,yfinance/yahoo-chart,raw/yahoo_TANKER_FRO.csv,market-extract-4.2,2026-08-11T11:03:48+00:00,200,Close|High|Low|Open|Volume,auto_adjust is required because variable dividends can be material,W05
2026-04-01,2026-04-01T20:00:00+00:00,True,16:00,America/New_York,TANKER_FRO,Frontline,economic,equity,,adjusted_close,global,secondary,2,33.37601852416992,USD_per_share,USD,3245600.0,log_return,yahoo,FRO,yfinance/yahoo-chart,raw/yahoo_TANKER_FRO.csv,market-extract-4.2,2026-08-11T11:03:48+00:00,200,Close|High|Low|Open|Volume,auto_adjust is required because variable dividends can be material,W05
2026-04-02,2026-04-02T20:00:00+00:00,True,16:00,America/New_York,TANKER_FRO,Frontline,economic,equity,,adjusted_close,global,secondary,2,35.07212448120117,USD_per_share,USD,4190700.0,log_return,yahoo,FRO,yfinance/yahoo-chart,raw/yahoo_TANKER_FRO.csv,market-extract-4.2,2026-08-11T11:03:48+00:00,200,Close|High|Low|Open|Volume,auto_adjust is required because variable dividends can be material,W05
2026-04-06,2026-04-06T20:00:00+00:00,True,16:00,America/New_York,TANKER_FRO,Frontline,economic,equity,,adjusted_close,global,secondary,2,34.95713424682617,USD_per_share,USD,3278300.0,log_return,yahoo,FRO,yfinance/yahoo-chart,raw/yahoo_TANKER_FRO.csv,market-extract-4.2,2026-08-11T11:03:48+00:00,200,Close|High|Low|Open|Volume,auto_adjust is required because variable dividends can be material,W06
2026-04-07,2026-04-07T20:00:00+00:00,True,16:00,America/New_York,TANKER_FRO,Frontline,economic,equity,,adjusted_close,global,secondary,2,33.519752502441406,USD_per_share,USD,3821400.0,log_return,yahoo,FRO,yfinance/yahoo-chart,raw/yahoo_TANKER_FRO.csv,market-extract-4.2,2026-08-11T11:03:48+00:00,200,Close|High|Low|Open|Volume,auto_adjust is required because variable dividends can be material,W06
2026-04-08,2026-04-08T20:00:00+00:00,True,16:00,America/New_York,TANKER_FRO,Frontline,economic,equity,,adjusted_close,global,secondary,2,34.64091110229492,USD_per_share,USD,4201400.0,log_return,yahoo,FRO,yfinance/yahoo-chart,raw/yahoo_TANKER_FRO.csv,market-extract-4.2,2026-08-11T11:03:48+00:00,200,Close|High|Low|Open|Volume,auto_adjust is required because variable dividends can be material,W06
2026-04-09,2026-04-09T20:00:00+00:00,True,16:00,America/New_York,TANKER_FRO,Frontline,economic,equity,,adjusted_close,global,secondary,2,33.366432189941406,USD_per_share,USD,3224800.0,log_return,yahoo,FRO,yfinance/yahoo-chart,raw/yahoo_TANKER_FRO.csv,market-extract-4.2,2026-08-11T11:03:48+00:00,200,Close|High|Low|Open|Volume,auto_adjust is required because variable dividends can be material,W06
2026-04-10,2026-04-10T20:00:00+00:00,True,16:00,America/New_York,TANKER_FRO,Frontline,economic,equity,,adjusted_close,global,secondary,2,32.906471252441406,USD_per_share,USD,3072900.0,log_return,yahoo,FRO,yfinance/yahoo-chart,raw/yahoo_TANKER_FRO.csv,market-extract-4.2,2026-08-11T11:03:48+00:00,200,Close|High|Low|Open|Volume,auto_adjust is required because variable dividends can be material,W06
2026-04-13,2026-04-13T20:00:00+00:00,True,16:00,America/New_York,TANKER_FRO,Frontline,economic,equity,,adjusted_close,global,secondary,2,33.385597229003906,USD_per_share,USD,3188300.0,log_return,yahoo,FRO,yfinance/yahoo-chart,raw/yahoo_TANKER_FRO.csv,market-extract-4.2,2026-08-11T11:03:48+00:00,200,Close|High|Low|Open|Volume,auto_adjust is required because variable dividends can be material,W07
2026-04-14,2026-04-14T20:00:00+00:00,True,16:00,America/New_York,TANKER_FRO,Frontline,economic,equity,,adjusted_close,global,secondary,2,32.733985900878906,USD_per_share,USD,2799700.0,log_return,yahoo,FRO,yfinance/yahoo-chart,raw/yahoo_TANKER_FRO.csv,market-extract-4.2,2026-08-11T11:03:48+00:00,200,Close|High|Low|Open|Volume,auto_adjust is required because variable dividends can be material,W07
2026-04-15,2026-04-15T20:00:00+00:00,True,16:00,America/New_York,TANKER_FRO,Frontline,economic,equity,,adjusted_close,global,secondary,2,34.00846481323242,USD_per_share,USD,3275700.0,log_return,yahoo,FRO,yfinance/yahoo-chart,raw/yahoo_TANKER_FRO.csv,market-extract-4.2,2026-08-11T11:03:48+00:00,200,Close|High|Low|Open|Volume,auto_adjust is required because variable dividends can be material,W07
2026-04-16,2026-04-16T20:00:00+00:00,True,16:00,America/New_York,TANKER_FRO,Frontline,economic,equity,,adjusted_close,global,secondary,2,33.68265914916992,USD_per_share,USD,2134500.0,log_return,yahoo,FRO,yfinance/yahoo-chart,raw/yahoo_TANKER_FRO.csv,market-extract-4.2,2026-08-11T11:03:48+00:00,200,Close|High|Low|Open|Volume,auto_adjust is required because variable dividends can be material,W07
2026-04-17,2026-04-17T20:00:00+00:00,True,16:00,America/New_York,TANKER_FRO,Frontline,economic,equity,,adjusted_close,global,secondary,2,35.58000183105469,USD_per_share,USD,7193600.0,log_return,yahoo,FRO,yfinance/yahoo-chart,raw/yahoo_TANKER_FRO.csv,market-extract-4.2,2026-08-11T11:03:48+00:00,200,Close|High|Low|Open|Volume,auto_adjust is required because variable dividends can be material,W07
2026-04-20,2026-04-20T20:00:00+00:00,True,16:00,America/New_York,TANKER_FRO,Frontline,economic,equity,,adjusted_close,global,secondary,2,35.42668151855469,USD_per_share,USD,3671700.0,log_return,yahoo,FRO,yfinance/yahoo-chart,raw/yahoo_TANKER_FRO.csv,market-extract-4.2,2026-08-11T11:03:48+00:00,200,Close|High|Low|Open|Volume,auto_adjust is required because variable dividends can be material,W08
2026-04-21,2026-04-21T20:00:00+00:00,True,16:00,America/New_York,TANKER_FRO,Frontline,economic,equity,,adjusted_close,global,secondary,2,33.90305709838867,USD_per_share,USD,3940500.0,log_return,yahoo,FRO,yfinance/yahoo-chart,raw/yahoo_TANKER_FRO.csv,market-extract-4.2,2026-08-11T11:03:48+00:00,200,Close|High|Low|Open|Volume,auto_adjust is required because variable dividends can be material,W08
2026-04-22,2026-04-22T20:00:00+00:00,True,16:00,America/New_York,TANKER_FRO,Frontline,economic,equity,,adjusted_close,global,secondary,2,33.213111877441406,USD_per_share,USD,5146100.0,log_return,yahoo,FRO,yfinance/yahoo-chart,raw/yahoo_TANKER_FRO.csv,market-extract-4.2,2026-08-11T11:03:48+00:00,200,Close|High|Low|Open|Volume,auto_adjust is required because variable dividends can be material,W08
2026-04-23,2026-04-23T20:00:00+00:00,True,16:00,America/New_York,TANKER_FRO,Frontline,economic,equity,,adjusted_close,global,secondary,2,33.44309616088867,USD_per_share,USD,2083100.0,log_return,yahoo,FRO,yfinance/yahoo-chart,raw/yahoo_TANKER_FRO.csv,market-extract-4.2,2026-08-11T11:03:48+00:00,200,Close|High|Low|Open|Volume,auto_adjust is required because variable dividends can be material,W08
2026-04-24,2026-04-24T20:00:00+00:00,True,16:00,America/New_York,TANKER_FRO,Frontline,economic,equity,,adjusted_close,global,secondary,2,34.10429000854492,USD_per_share,USD,1357800.0,log_return,yahoo,FRO,yfinance/yahoo-chart,raw/yahoo_TANKER_FRO.csv,market-extract-4.2,2026-08-11T11:03:48+00:00,200,Close|High|Low|Open|Volume,auto_adjust is required because variable dividends can be material,W08
2026-04-27,2026-04-27T20:00:00+00:00,True,16:00,America/New_York,TANKER_FRO,Frontline,economic,equity,,adjusted_close,global,secondary,2,34.48759078979492,USD_per_share,USD,1879300.0,log_return,yahoo,FRO,yfinance/yahoo-chart,raw/yahoo_TANKER_FRO.csv,market-extract-4.2,2026-08-11T11:03:48+00:00,200,Close|High|Low|Open|Volume,auto_adjust is required because variable dividends can be material,W09
2026-04-28,2026-04-28T20:00:00+00:00,True,16:00,America/New_York,TANKER_FRO,Frontline,economic,equity,,adjusted_close,global,secondary,2,34.60258102416992,USD_per_share,USD,1860300.0,log_return,yahoo,FRO,yfinance/yahoo-chart,raw/yahoo_TANKER_FRO.csv,market-extract-4.2,2026-08-11T11:03:48+00:00,200,Close|High|Low|Open|Volume,auto_adjust is required because variable dividends can be material,W09
2026-04-29,2026-04-29T20:00:00+00:00,True,16:00,America/New_York,TANKER_FRO,Frontline,economic,equity,,adjusted_close,global,secondary,2,34.76548385620117,USD_per_share,USD,1615700.0,log_return,yahoo,FRO,yfinance/yahoo-chart,raw/yahoo_TANKER_FRO.csv,market-extract-4.2,2026-08-11T11:03:48+00:00,200,Close|High|Low|Open|Volume,auto_adjust is required because variable dividends can be material,W09
2026-04-30,2026-04-30T20:00:00+00:00,True,16:00,America/New_York,TANKER_FRO,Frontline,economic,equity,,adjusted_close,global,secondary,2,34.96672058105469,USD_per_share,USD,2070700.0,log_return,yahoo,FRO,yfinance/yahoo-chart,raw/yahoo_TANKER_FRO.csv,market-extract-4.2,2026-08-11T11:03:48+00:00,200,Close|High|Low|Open|Volume,auto_adjust is required because variable dividends can be material,W09
2026-05-01,2026-05-01T20:00:00+00:00,True,16:00,America/New_York,TANKER_FRO,Frontline,economic,equity,,adjusted_close,global,secondary,2,35.46500778198242,USD_per_share,USD,1717700.0,log_return,yahoo,FRO,yfinance/yahoo-chart,raw/yahoo_TANKER_FRO.csv,market-extract-4.2,2026-08-11T11:03:48+00:00,200,Close|High|Low|Open|Volume,auto_adjust is required because variable dividends can be material,W09
2026-05-04,2026-05-04T20:00:00+00:00,True,16:00,America/New_York,TANKER_FRO,Frontline,economic,equity,,adjusted_close,global,secondary,2,35.51292419433594,USD_per_share,USD,1590000.0,log_return,yahoo,FRO,yfinance/yahoo-chart,raw/yahoo_TANKER_FRO.csv,market-extract-4.2,2026-08-11T11:03:48+00:00,200,Close|High|Low|Open|Volume,auto_adjust is required because variable dividends can be material,W10
2026-05-05,2026-05-05T20:00:00+00:00,True,16:00,America/New_York,TANKER_FRO,Frontline,economic,equity,,adjusted_close,global,secondary,2,36.50950622558594,USD_per_share,USD,2086800.0,log_return,yahoo,FRO,yfinance/yahoo-chart,raw/yahoo_TANKER_FRO.csv,market-extract-4.2,2026-08-11T11:03:48+00:00,200,Close|High|Low|Open|Volume,auto_adjust is required because variable dividends can be material,W10
2026-05-06,2026-05-06T20:00:00+00:00,True,16:00,America/New_York,TANKER_FRO,Frontline,economic,equity,,adjusted_close,global,secondary,2,36.12620544433594,USD_per_share,USD,3100400.0,log_return,yahoo,FRO,yfinance/yahoo-chart,raw/yahoo_TANKER_FRO.csv,market-extract-4.2,2026-08-11T11:03:48+00:00,200,Close|High|Low|Open|Volume,auto_adjust is required because variable dividends can be material,W10
2026-05-07,2026-05-07T20:00:00+00:00,True,16:00,America/New_York,TANKER_FRO,Frontline,economic,equity,,adjusted_close,global,secondary,2,36.52867126464844,USD_per_share,USD,2189600.0,log_return,yahoo,FRO,yfinance/yahoo-chart,raw/yahoo_TANKER_FRO.csv,market-extract-4.2,2026-08-11T11:03:48+00:00,200,Close|High|Low|Open|Volume,auto_adjust is required because variable dividends can be material,W10
2026-05-08,2026-05-08T20:00:00+00:00,True,16:00,America/New_York,TANKER_FRO,Frontline,economic,equity,,adjusted_close,global,secondary,2,37.86064529418945,USD_per_share,USD,2578800.0,log_return,yahoo,FRO,yfinance/yahoo-chart,raw/yahoo_TANKER_FRO.csv,market-extract-4.2,2026-08-11T11:03:48+00:00,200,Close|High|Low|Open|Volume,auto_adjust is required because variable dividends can be material,W10
2026-05-11,2026-05-11T20:00:00+00:00,True,16:00,America/New_York,TANKER_FRO,Frontline,economic,equity,,adjusted_close,global,secondary,2,36.55742263793945,USD_per_share,USD,3095400.0,log_return,yahoo,FRO,yfinance/yahoo-chart,raw/yahoo_TANKER_FRO.csv,market-extract-4.2,2026-08-11T11:03:48+00:00,200,Close|High|Low|Open|Volume,auto_adjust is required because variable dividends can be material,W11
2026-05-12,2026-05-12T20:00:00+00:00,True,16:00,America/New_York,TANKER_FRO,Frontline,economic,equity,,adjusted_close,global,secondary,2,36.92155838012695,USD_per_share,USD,2548600.0,log_return,yahoo,FRO,yfinance/yahoo-chart,raw/yahoo_TANKER_FRO.csv,market-extract-4.2,2026-08-11T11:03:48+00:00,200,Close|High|Low|Open|Volume,auto_adjust is required because variable dividends can be material,W11
2026-05-13,2026-05-13T20:00:00+00:00,True,16:00,America/New_York,TANKER_FRO,Frontline,economic,equity,,adjusted_close,global,secondary,2,35.63749694824219,USD_per_share,USD,3863300.0,log_return,yahoo,FRO,yfinance/yahoo-chart,raw/yahoo_TANKER_FRO.csv,market-extract-4.2,2026-08-11T11:03:48+00:00,200,Close|High|Low|Open|Volume,auto_adjust is required because variable dividends can be material,W11
2026-05-14,2026-05-14T20:00:00+00:00,True,16:00,America/New_York,TANKER_FRO,Frontline,economic,equity,,adjusted_close,global,secondary,2,35.52250671386719,USD_per_share,USD,1250400.0,log_return,yahoo,FRO,yfinance/yahoo-chart,raw/yahoo_TANKER_FRO.csv,market-extract-4.2,2026-08-11T11:03:48+00:00,200,Close|High|Low|Open|Volume,auto_adjust is required because variable dividends can be material,W11
2026-05-15,2026-05-15T20:00:00+00:00,True,16:00,America/New_York,TANKER_FRO,Frontline,economic,equity,,adjusted_close,global,secondary,2,35.12961959838867,USD_per_share,USD,1795700.0,log_return,yahoo,FRO,yfinance/yahoo-chart,raw/yahoo_TANKER_FRO.csv,market-extract-4.2,2026-08-11T11:03:48+00:00,200,Close|High|Low|Open|Volume,auto_adjust is required because variable dividends can be material,W11
2026-05-18,2026-05-18T20:00:00+00:00,True,16:00,America/New_York,TANKER_FRO,Frontline,economic,equity,,adjusted_close,global,secondary,2,36.1645393371582,USD_per_share,USD,2025200.0,log_return,yahoo,FRO,yfinance/yahoo-chart,raw/yahoo_TANKER_FRO.csv,market-extract-4.2,2026-08-11T11:03:48+00:00,200,Close|High|Low|Open|Volume,auto_adjust is required because variable dividends can be material,W12
2026-05-19,2026-05-19T20:00:00+00:00,True,16:00,America/New_York,TANKER_FRO,Frontline,economic,equity,,adjusted_close,global,secondary,2,35.87705993652344,USD_per_share,USD,2331400.0,log_return,yahoo,FRO,yfinance/yahoo-chart,raw/yahoo_TANKER_FRO.csv,market-extract-4.2,2026-08-11T11:03:48+00:00,200,Close|High|Low|Open|Volume,auto_adjust is required because variable dividends can be material,W12
2026-05-20,2026-05-20T20:00:00+00:00,True,16:00,America/New_York,TANKER_FRO,Frontline,economic,equity,,adjusted_close,global,secondary,2,37.3144416809082,USD_per_share,USD,2806900.0,log_return,yahoo,FRO,yfinance/yahoo-chart,raw/yahoo_TANKER_FRO.csv,market-extract-4.2,2026-08-11T11:03:48+00:00,200,Close|High|Low|Open|Volume,auto_adjust is required because variable dividends can be material,W12
2026-05-21,2026-05-21T20:00:00+00:00,True,16:00,America/New_York,TANKER_FRO,Frontline,economic,equity,,adjusted_close,global,secondary,2,36.83531188964844,USD_per_share,USD,4526000.0,log_return,yahoo,FRO,yfinance/yahoo-chart,raw/yahoo_TANKER_FRO.csv,market-extract-4.2,2026-08-11T11:03:48+00:00,200,Close|High|Low|Open|Volume,auto_adjust is required because variable dividends can be material,W12
2026-05-22,2026-05-22T20:00:00+00:00,True,16:00,America/New_York,TANKER_FRO,Frontline,economic,equity,,adjusted_close,global,secondary,2,35.57041931152344,USD_per_share,USD,4349600.0,log_return,yahoo,FRO,yfinance/yahoo-chart,raw/yahoo_TANKER_FRO.csv,market-extract-4.2,2026-08-11T11:03:48+00:00,200,Close|High|Low|Open|Volume,auto_adjust is required because variable dividends can be material,W12
2026-05-26,2026-05-26T20:00:00+00:00,True,16:00,America/New_York,TANKER_FRO,Frontline,economic,equity,,adjusted_close,global,secondary,2,35.04337692260742,USD_per_share,USD,4636500.0,log_return,yahoo,FRO,yfinance/yahoo-chart,raw/yahoo_TANKER_FRO.csv,market-extract-4.2,2026-08-11T11:03:48+00:00,200,Close|High|Low|Open|Volume,auto_adjust is required because variable dividends can be material,W13
2026-05-27,2026-05-27T20:00:00+00:00,True,16:00,America/New_York,TANKER_FRO,Frontline,economic,equity,,adjusted_close,global,secondary,2,33.979713439941406,USD_per_share,USD,3328000.0,log_return,yahoo,FRO,yfinance/yahoo-chart,raw/yahoo_TANKER_FRO.csv,market-extract-4.2,2026-08-11T11:03:48+00:00,200,Close|High|Low|Open|Volume,auto_adjust is required because variable dividends can be material,W13
2026-05-28,2026-05-28T20:00:00+00:00,True,16:00,America/New_York,TANKER_FRO,Frontline,economic,equity,,adjusted_close,global,secondary,2,33.098121643066406,USD_per_share,USD,4468900.0,log_return,yahoo,FRO,yfinance/yahoo-chart,raw/yahoo_TANKER_FRO.csv,market-extract-4.2,2026-08-11T11:03:48+00:00,200,Close|High|Low|Open|Volume,auto_adjust is required because variable dividends can be material,W13
2026-05-29,2026-05-29T20:00:00+00:00,True,16:00,America/New_York,TANKER_FRO,Frontline,economic,equity,,adjusted_close,global,secondary,2,33.222694396972656,USD_per_share,USD,3130800.0,log_return,yahoo,FRO,yfinance/yahoo-chart,raw/yahoo_TANKER_FRO.csv,market-extract-4.2,2026-08-11T11:03:48+00:00,200,Close|High|Low|Open|Volume,auto_adjust is required because variable dividends can be material,W13
2026-06-01,2026-06-01T20:00:00+00:00,True,16:00,America/New_York,TANKER_FRO,Frontline,economic,equity,,adjusted_close,global,secondary,2,33.395179748535156,USD_per_share,USD,2753200.0,log_return,yahoo,FRO,yfinance/yahoo-chart,raw/yahoo_TANKER_FRO.csv,market-extract-4.2,2026-08-11T11:03:48+00:00,200,Close|High|Low|Open|Volume,auto_adjust is required because variable dividends can be material,W14
2026-06-02,2026-06-02T20:00:00+00:00,True,16:00,America/New_York,TANKER_FRO,Frontline,economic,equity,,adjusted_close,global,secondary,2,33.232276916503906,USD_per_share,USD,2361300.0,log_return,yahoo,FRO,yfinance/yahoo-chart,raw/yahoo_TANKER_FRO.csv,market-extract-4.2,2026-08-11T11:03:48+00:00,200,Close|High|Low|Open|Volume,auto_adjust is required because variable dividends can be material,W14
2026-06-03,2026-06-03T20:00:00+00:00,True,16:00,America/New_York,TANKER_FRO,Frontline,economic,equity,,adjusted_close,global,secondary,2,33.021461486816406,USD_per_share,USD,1644300.0,log_return,yahoo,FRO,yfinance/yahoo-chart,raw/yahoo_TANKER_FRO.csv,market-extract-4.2,2026-08-11T11:03:48+00:00,200,Close|High|Low|Open|Volume,auto_adjust is required because variable dividends can be material,W14
2026-06-04,2026-06-04T20:00:00+00:00,True,16:00,America/New_York,TANKER_FRO,Frontline,economic,equity,,adjusted_close,global,secondary,2,32.733985900878906,USD_per_share,USD,2188200.0,log_return,yahoo,FRO,yfinance/yahoo-chart,raw/yahoo_TANKER_FRO.csv,market-extract-4.2,2026-08-11T11:03:48+00:00,200,Close|High|Low|Open|Volume,auto_adjust is required because variable dividends can be material,W14
2026-06-05,2026-06-05T20:00:00+00:00,True,16:00,America/New_York,TANKER_FRO,Frontline,economic,equity,,adjusted_close,global,secondary,2,33.701820373535156,USD_per_share,USD,4081200.0,log_return,yahoo,FRO,yfinance/yahoo-chart,raw/yahoo_TANKER_FRO.csv,market-extract-4.2,2026-08-11T11:03:48+00:00,200,Close|High|Low|Open|Volume,auto_adjust is required because variable dividends can be material,W14
2026-06-08,2026-06-08T20:00:00+00:00,True,16:00,America/New_York,TANKER_FRO,Frontline,economic,equity,,adjusted_close,global,secondary,2,33.548500061035156,USD_per_share,USD,2082300.0,log_return,yahoo,FRO,yfinance/yahoo-chart,raw/yahoo_TANKER_FRO.csv,market-extract-4.2,2026-08-11T11:03:48+00:00,200,Close|High|Low|Open|Volume,auto_adjust is required because variable dividends can be material,W15
2026-06-09,2026-06-09T20:00:00+00:00,True,16:00,America/New_York,TANKER_FRO,Frontline,economic,equity,,adjusted_close,global,secondary,2,34.75590133666992,USD_per_share,USD,3151900.0,log_return,yahoo,FRO,yfinance/yahoo-chart,raw/yahoo_TANKER_FRO.csv,market-extract-4.2,2026-08-11T11:03:48+00:00,200,Close|High|Low|Open|Volume,auto_adjust is required because variable dividends can be material,W15
2026-06-10,2026-06-10T20:00:00+00:00,True,16:00,America/New_York,TANKER_FRO,Frontline,economic,equity,,adjusted_close,global,secondary,2,34.76548385620117,USD_per_share,USD,2821800.0,log_return,yahoo,FRO,yfinance/yahoo-chart,raw/yahoo_TANKER_FRO.csv,market-extract-4.2,2026-08-11T11:03:48+00:00,200,Close|High|Low|Open|Volume,auto_adjust is required because variable dividends can be material,W15
2026-06-11,2026-06-11T20:00:00+00:00,True,16:00,America/New_York,TANKER_FRO,Frontline,economic,equity,,adjusted_close,global,secondary,2,35.58000183105469,USD_per_share,USD,3240300.0,log_return,yahoo,FRO,yfinance/yahoo-chart,raw/yahoo_TANKER_FRO.csv,market-extract-4.2,2026-08-11T11:03:48+00:00,200,Close|High|Low|Open|Volume,auto_adjust is required because variable dividends can be material,W15
2026-06-12,2026-06-12T20:00:00+00:00,True,16:00,America/New_York,TANKER_FRO,Frontline,economic,equity,,adjusted_close,global,secondary,2,39.06999969482422,USD_per_share,USD,4350300.0,log_return,yahoo,FRO,yfinance/yahoo-chart,raw/yahoo_TANKER_FRO.csv,market-extract-4.2,2026-08-11T11:03:48+00:00,200,Close|High|Low|Open|Volume,auto_adjust is required because variable dividends can be material,W15
2026-06-15,2026-06-15T20:00:00+00:00,True,16:00,America/New_York,TANKER_FRO,Frontline,economic,equity,,adjusted_close,global,secondary,2,39.43000030517578,USD_per_share,USD,6663100.0,log_return,yahoo,FRO,yfinance/yahoo-chart,raw/yahoo_TANKER_FRO.csv,market-extract-4.2,2026-08-11T11:03:48+00:00,200,Close|High|Low|Open|Volume,auto_adjust is required because variable dividends can be material,W16
2026-06-16,2026-06-16T20:00:00+00:00,True,16:00,America/New_York,TANKER_FRO,Frontline,economic,equity,,adjusted_close,global,secondary,2,39.41999816894531,USD_per_share,USD,3306000.0,log_return,yahoo,FRO,yfinance/yahoo-chart,raw/yahoo_TANKER_FRO.csv,market-extract-4.2,2026-08-11T11:03:48+00:00,200,Close|High|Low|Open|Volume,auto_adjust is required because variable dividends can be material,W16
2026-06-17,2026-06-17T20:00:00+00:00,True,16:00,America/New_York,TANKER_FRO,Frontline,economic,equity,,adjusted_close,global,secondary,2,38.849998474121094,USD_per_share,USD,3016100.0,log_return,yahoo,FRO,yfinance/yahoo-chart,raw/yahoo_TANKER_FRO.csv,market-extract-4.2,2026-08-11T11:03:48+00:00,200,Close|High|Low|Open|Volume,auto_adjust is required because variable dividends can be material,W16
2026-06-18,2026-06-18T20:00:00+00:00,True,16:00,America/New_York,TANKER_FRO,Frontline,economic,equity,,adjusted_close,global,secondary,2,40.93000030517578,USD_per_share,USD,5123100.0,log_return,yahoo,FRO,yfinance/yahoo-chart,raw/yahoo_TANKER_FRO.csv,market-extract-4.2,2026-08-11T11:03:48+00:00,200,Close|High|Low|Open|Volume,auto_adjust is required because variable dividends can be material,W16
2026-06-22,2026-06-22T20:00:00+00:00,True,16:00,America/New_York,TANKER_FRO,Frontline,economic,equity,,adjusted_close,global,secondary,2,41.58000183105469,USD_per_share,USD,5032000.0,log_return,yahoo,FRO,yfinance/yahoo-chart,raw/yahoo_TANKER_FRO.csv,market-extract-4.2,2026-08-11T11:03:48+00:00,200,Close|High|Low|Open|Volume,auto_adjust is required because variable dividends can be material,W17
2026-06-23,2026-06-23T20:00:00+00:00,True,16:00,America/New_York,TANKER_FRO,Frontline,economic,equity,,adjusted_close,global,secondary,2,42.880001068115234,USD_per_share,USD,3886100.0,log_return,yahoo,FRO,yfinance/yahoo-chart,raw/yahoo_TANKER_FRO.csv,market-extract-4.2,2026-08-11T11:03:48+00:00,200,Close|High|Low|Open|Volume,auto_adjust is required because variable dividends can be material,W17
2026-06-24,2026-06-24T20:00:00+00:00,True,16:00,America/New_York,TANKER_FRO,Frontline,economic,equity,,adjusted_close,global,secondary,2,40.720001220703125,USD_per_share,USD,3996300.0,log_return,yahoo,FRO,yfinance/yahoo-chart,raw/yahoo_TANKER_FRO.csv,market-extract-4.2,2026-08-11T11:03:48+00:00,200,Close|High|Low|Open|Volume,auto_adjust is required because variable dividends can be material,W17
2026-06-25,2026-06-25T20:00:00+00:00,True,16:00,America/New_York,TANKER_FRO,Frontline,economic,equity,,adjusted_close,global,secondary,2,38.470001220703125,USD_per_share,USD,3987300.0,log_return,yahoo,FRO,yfinance/yahoo-chart,raw/yahoo_TANKER_FRO.csv,market-extract-4.2,2026-08-11T11:03:48+00:00,200,Close|High|Low|Open|Volume,auto_adjust is required because variable dividends can be material,W17
2026-06-26,2026-06-26T20:00:00+00:00,True,16:00,America/New_York,TANKER_FRO,Frontline,economic,equity,,adjusted_close,global,secondary,2,35.52000045776367,USD_per_share,USD,4686500.0,log_return,yahoo,FRO,yfinance/yahoo-chart,raw/yahoo_TANKER_FRO.csv,market-extract-4.2,2026-08-11T11:03:48+00:00,200,Close|High|Low|Open|Volume,auto_adjust is required because variable dividends can be material,W17
2026-06-29,2026-06-29T20:00:00+00:00,True,16:00,America/New_York,TANKER_FRO,Frontline,economic,equity,,adjusted_close,global,secondary,2,35.439998626708984,USD_per_share,USD,3937900.0,log_return,yahoo,FRO,yfinance/yahoo-chart,raw/yahoo_TANKER_FRO.csv,market-extract-4.2,2026-08-11T11:03:48+00:00,200,Close|High|Low|Open|Volume,auto_adjust is required because variable dividends can be material,W18
2026-06-30,2026-06-30T20:00:00+00:00,True,16:00,America/New_York,TANKER_FRO,Frontline,economic,equity,,adjusted_close,global,secondary,2,34.790000915527344,USD_per_share,USD,3655100.0,log_return,yahoo,FRO,yfinance/yahoo-chart,raw/yahoo_TANKER_FRO.csv,market-extract-4.2,2026-08-11T11:03:48+00:00,200,Close|High|Low|Open|Volume,auto_adjust is required because variable dividends can be material,W18
2026-07-01,2026-07-01T20:00:00+00:00,True,16:00,America/New_York,TANKER_FRO,Frontline,economic,equity,,adjusted_close,global,secondary,2,34.70000076293945,USD_per_share,USD,1704800.0,log_return,yahoo,FRO,yfinance/yahoo-chart,raw/yahoo_TANKER_FRO.csv,market-extract-4.2,2026-08-11T11:03:48+00:00,200,Close|High|Low|Open|Volume,auto_adjust is required because variable dividends can be material,W18
2026-07-02,2026-07-02T20:00:00+00:00,True,16:00,America/New_York,TANKER_FRO,Frontline,economic,equity,,adjusted_close,global,secondary,2,36.75,USD_per_share,USD,2232500.0,log_return,yahoo,FRO,yfinance/yahoo-chart,raw/yahoo_TANKER_FRO.csv,market-extract-4.2,2026-08-11T11:03:48+00:00,200,Close|High|Low|Open|Volume,auto_adjust is required because variable dividends can be material,W18
2026-07-06,2026-07-06T20:00:00+00:00,True,16:00,America/New_York,TANKER_FRO,Frontline,economic,equity,,adjusted_close,global,secondary,2,36.869998931884766,USD_per_share,USD,1992200.0,log_return,yahoo,FRO,yfinance/yahoo-chart,raw/yahoo_TANKER_FRO.csv,market-extract-4.2,2026-08-11T11:03:48+00:00,200,Close|High|Low|Open|Volume,auto_adjust is required because variable dividends can be material,W19
2026-07-07,2026-07-07T20:00:00+00:00,True,16:00,America/New_York,TANKER_FRO,Frontline,economic,equity,,adjusted_close,global,secondary,2,37.65999984741211,USD_per_share,USD,2620000.0,log_return,yahoo,FRO,yfinance/yahoo-chart,raw/yahoo_TANKER_FRO.csv,market-extract-4.2,2026-08-11T11:03:48+00:00,200,Close|High|Low|Open|Volume,auto_adjust is required because variable dividends can be material,W19
2026-07-08,2026-07-08T20:00:00+00:00,True,16:00,America/New_York,TANKER_FRO,Frontline,economic,equity,,adjusted_close,global,secondary,2,38.459999084472656,USD_per_share,USD,2278500.0,log_return,yahoo,FRO,yfinance/yahoo-chart,raw/yahoo_TANKER_FRO.csv,market-extract-4.2,2026-08-11T11:03:48+00:00,200,Close|High|Low|Open|Volume,auto_adjust is required because variable dividends can be material,W19
2026-07-09,2026-07-09T20:00:00+00:00,True,16:00,America/New_York,TANKER_FRO,Frontline,economic,equity,,adjusted_close,global,secondary,2,36.560001373291016,USD_per_share,USD,4100900.0,log_return,yahoo,FRO,yfinance/yahoo-chart,raw/yahoo_TANKER_FRO.csv,market-extract-4.2,2026-08-11T11:03:48+00:00,200,Close|High|Low|Open|Volume,auto_adjust is required because variable dividends can be material,W19
2026-07-10,2026-07-10T20:00:00+00:00,True,16:00,America/New_York,TANKER_FRO,Frontline,economic,equity,,adjusted_close,global,secondary,2,38.130001068115234,USD_per_share,USD,1908500.0,log_return,yahoo,FRO,yfinance/yahoo-chart,raw/yahoo_TANKER_FRO.csv,market-extract-4.2,2026-08-11T11:03:48+00:00,200,Close|High|Low|Open|Volume,auto_adjust is required because variable dividends can be material,W19
2026-07-13,2026-07-13T20:00:00+00:00,True,16:00,America/New_York,TANKER_FRO,Frontline,economic,equity,,adjusted_close,global,secondary,2,36.91999816894531,USD_per_share,USD,2303400.0,log_return,yahoo,FRO,yfinance/yahoo-chart,raw/yahoo_TANKER_FRO.csv,market-extract-4.2,2026-08-11T11:03:48+00:00,200,Close|High|Low|Open|Volume,auto_adjust is required because variable dividends can be material,W20
2026-07-14,2026-07-14T20:00:00+00:00,True,16:00,America/New_York,TANKER_FRO,Frontline,economic,equity,,adjusted_close,global,secondary,2,38.380001068115234,USD_per_share,USD,2745300.0,log_return,yahoo,FRO,yfinance/yahoo-chart,raw/yahoo_TANKER_FRO.csv,market-extract-4.2,2026-08-11T11:03:48+00:00,200,Close|High|Low|Open|Volume,auto_adjust is required because variable dividends can be material,W20
2026-07-15,2026-07-15T20:00:00+00:00,True,16:00,America/New_York,TANKER_FRO,Frontline,economic,equity,,adjusted_close,global,secondary,2,37.900001525878906,USD_per_share,USD,2202900.0,log_return,yahoo,FRO,yfinance/yahoo-chart,raw/yahoo_TANKER_FRO.csv,market-extract-4.2,2026-08-11T11:03:48+00:00,200,Close|High|Low|Open|Volume,auto_adjust is required because variable dividends can be material,W20
2026-07-16,2026-07-16T20:00:00+00:00,True,16:00,America/New_York,TANKER_FRO,Frontline,economic,equity,,adjusted_close,global,secondary,2,37.16999816894531,USD_per_share,USD,1540600.0,log_return,yahoo,FRO,yfinance/yahoo-chart,raw/yahoo_TANKER_FRO.csv,market-extract-4.2,2026-08-11T11:03:48+00:00,200,Close|High|Low|Open|Volume,auto_adjust is required because variable dividends can be material,W20
2026-07-17,2026-07-17T20:00:00+00:00,True,16:00,America/New_York,TANKER_FRO,Frontline,economic,equity,,adjusted_close,global,secondary,2,36.4900016784668,USD_per_share,USD,2006500.0,log_return,yahoo,FRO,yfinance/yahoo-chart,raw/yahoo_TANKER_FRO.csv,market-extract-4.2,2026-08-11T11:03:48+00:00,200,Close|High|Low|Open|Volume,auto_adjust is required because variable dividends can be material,W20
2026-07-20,2026-07-20T20:00:00+00:00,True,16:00,America/New_York,TANKER_FRO,Frontline,economic,equity,,adjusted_close,global,secondary,2,36.93000030517578,USD_per_share,USD,1526000.0,log_return,yahoo,FRO,yfinance/yahoo-chart,raw/yahoo_TANKER_FRO.csv,market-extract-4.2,2026-08-11T11:03:48+00:00,200,Close|High|Low|Open|Volume,auto_adjust is required because variable dividends can be material,W21
2026-07-21,2026-07-21T20:00:00+00:00,True,16:00,America/New_York,TANKER_FRO,Frontline,economic,equity,,adjusted_close,global,secondary,2,38.45000076293945,USD_per_share,USD,2020300.0,log_return,yahoo,FRO,yfinance/yahoo-chart,raw/yahoo_TANKER_FRO.csv,market-extract-4.2,2026-08-11T11:03:48+00:00,200,Close|High|Low|Open|Volume,auto_adjust is required because variable dividends can be material,W21
2026-07-22,2026-07-22T20:00:00+00:00,True,16:00,America/New_York,TANKER_FRO,Frontline,economic,equity,,adjusted_close,global,secondary,2,37.959999084472656,USD_per_share,USD,1483900.0,log_return,yahoo,FRO,yfinance/yahoo-chart,raw/yahoo_TANKER_FRO.csv,market-extract-4.2,2026-08-11T11:03:48+00:00,200,Close|High|Low|Open|Volume,auto_adjust is required because variable dividends can be material,W21
2026-03-02,2026-03-02T21:00:00+00:00,True,16:00,America/New_York,TANKER_STNG,Scorpio Tankers,economic,equity,,adjusted_close,global,secondary,2,77.3630142211914,USD_per_share,USD,1575600.0,log_return,yahoo,STNG,yfinance/yahoo-chart,raw/yahoo_TANKER_STNG.csv,market-extract-4.2,2026-08-11T11:03:48+00:00,200,Close|High|Low|Open|Volume,,W01
2026-03-03,2026-03-03T21:00:00+00:00,True,16:00,America/New_York,TANKER_STNG,Scorpio Tankers,economic,equity,,adjusted_close,global,secondary,2,78.47978973388672,USD_per_share,USD,2559400.0,log_return,yahoo,STNG,yfinance/yahoo-chart,raw/yahoo_TANKER_STNG.csv,market-extract-4.2,2026-08-11T11:03:48+00:00,200,Close|High|Low|Open|Volume,,W01
2026-03-04,2026-03-04T21:00:00+00:00,True,16:00,America/New_York,TANKER_STNG,Scorpio Tankers,economic,equity,,adjusted_close,global,secondary,2,79.25064086914062,USD_per_share,USD,1275200.0,log_return,yahoo,STNG,yfinance/yahoo-chart,raw/yahoo_TANKER_STNG.csv,market-extract-4.2,2026-08-11T11:03:48+00:00,200,Close|High|Low|Open|Volume,,W01
2026-03-05,2026-03-05T21:00:00+00:00,True,16:00,America/New_York,TANKER_STNG,Scorpio Tankers,economic,equity,,adjusted_close,global,secondary,2,77.79786682128906,USD_per_share,USD,1200900.0,log_return,yahoo,STNG,yfinance/yahoo-chart,raw/yahoo_TANKER_STNG.csv,market-extract-4.2,2026-08-11T11:03:48+00:00,200,Close|High|Low|Open|Volume,,W01
2026-03-06,2026-03-06T21:00:00+00:00,True,16:00,America/New_York,TANKER_STNG,Scorpio Tankers,economic,equity,,adjusted_close,global,secondary,2,76.38642883300781,USD_per_share,USD,1029400.0,log_return,yahoo,STNG,yfinance/yahoo-chart,raw/yahoo_TANKER_STNG.csv,market-extract-4.2,2026-08-11T11:03:48+00:00,200,Close|High|Low|Open|Volume,,W01
2026-03-09,2026-03-09T20:00:00+00:00,True,16:00,America/New_York,TANKER_STNG,Scorpio Tankers,economic,equity,,adjusted_close,global,secondary,2,75.81986236572266,USD_per_share,USD,1543500.0,log_return,yahoo,STNG,yfinance/yahoo-chart,raw/yahoo_TANKER_STNG.csv,market-extract-4.2,2026-08-11T11:03:48+00:00,200,Close|High|Low|Open|Volume,,W02
2026-03-10,2026-03-10T20:00:00+00:00,True,16:00,America/New_York,TANKER_STNG,Scorpio Tankers,economic,equity,,adjusted_close,global,secondary,2,74.8358383178711,USD_per_share,USD,1306800.0,log_return,yahoo,STNG,yfinance/yahoo-chart,raw/yahoo_TANKER_STNG.csv,market-extract-4.2,2026-08-11T11:03:48+00:00,200,Close|High|Low|Open|Volume,,W02
2026-03-11,2026-03-11T20:00:00+00:00,True,16:00,America/New_York,TANKER_STNG,Scorpio Tankers,economic,equity,,adjusted_close,global,secondary,2,72.81808471679688,USD_per_share,USD,774400.0,log_return,yahoo,STNG,yfinance/yahoo-chart,raw/yahoo_TANKER_STNG.csv,market-extract-4.2,2026-08-11T11:03:48+00:00,200,Close|High|Low|Open|Volume,,W02
2026-03-12,2026-03-12T20:00:00+00:00,True,16:00,America/New_York,TANKER_STNG,Scorpio Tankers,economic,equity,,adjusted_close,global,secondary,2,67.0133056640625,USD_per_share,USD,1949700.0,log_return,yahoo,STNG,yfinance/yahoo-chart,raw/yahoo_TANKER_STNG.csv,market-extract-4.2,2026-08-11T11:03:48+00:00,200,Close|High|Low|Open|Volume,,W02
2026-03-13,2026-03-13T20:00:00+00:00,True,16:00,America/New_York,TANKER_STNG,Scorpio Tankers,economic,equity,,adjusted_close,global,secondary,2,65.9895248413086,USD_per_share,USD,1675600.0,log_return,yahoo,STNG,yfinance/yahoo-chart,raw/yahoo_TANKER_STNG.csv,market-extract-4.2,2026-08-11T11:03:48+00:00,200,Close|High|Low|Open|Volume,,W02
2026-03-16,2026-03-16T20:00:00+00:00,True,16:00,America/New_York,TANKER_STNG,Scorpio Tankers,economic,equity,,adjusted_close,global,secondary,2,68.00727844238281,USD_per_share,USD,1423500.0,log_return,yahoo,STNG,yfinance/yahoo-chart,raw/yahoo_TANKER_STNG.csv,market-extract-4.2,2026-08-11T11:03:48+00:00,200,Close|High|Low|Open|Volume,,W03
2026-03-17,2026-03-17T20:00:00+00:00,True,16:00,America/New_York,TANKER_STNG,Scorpio Tankers,economic,equity,,adjusted_close,global,secondary,2,65.90007019042969,USD_per_share,USD,1812100.0,log_return,yahoo,STNG,yfinance/yahoo-chart,raw/yahoo_TANKER_STNG.csv,market-extract-4.2,2026-08-11T11:03:48+00:00,200,Close|High|Low|Open|Volume,,W03
2026-03-18,2026-03-18T20:00:00+00:00,True,16:00,America/New_York,TANKER_STNG,Scorpio Tankers,economic,equity,,adjusted_close,global,secondary,2,68.14643096923828,USD_per_share,USD,1939700.0,log_return,yahoo,STNG,yfinance/yahoo-chart,raw/yahoo_TANKER_STNG.csv,market-extract-4.2,2026-08-11T11:03:48+00:00,200,Close|High|Low|Open|Volume,,W03
2026-03-19,2026-03-19T20:00:00+00:00,True,16:00,America/New_York,TANKER_STNG,Scorpio Tankers,economic,equity,,adjusted_close,global,secondary,2,68.7428207397461,USD_per_share,USD,1752400.0,log_return,yahoo,STNG,yfinance/yahoo-chart,raw/yahoo_TANKER_STNG.csv,market-extract-4.2,2026-08-11T11:03:48+00:00,200,Close|High|Low|Open|Volume,,W03
2026-03-20,2026-03-20T20:00:00+00:00,True,16:00,America/New_York,TANKER_STNG,Scorpio Tankers,economic,equity,,adjusted_close,global,secondary,2,67.56993865966797,USD_per_share,USD,1920300.0,log_return,yahoo,STNG,yfinance/yahoo-chart,raw/yahoo_TANKER_STNG.csv,market-extract-4.2,2026-08-11T11:03:48+00:00,200,Close|High|Low|Open|Volume,,W03
2026-03-23,2026-03-23T20:00:00+00:00,True,16:00,America/New_York,TANKER_STNG,Scorpio Tankers,economic,equity,,adjusted_close,global,secondary,2,70.25364685058594,USD_per_share,USD,2015600.0,log_return,yahoo,STNG,yfinance/yahoo-chart,raw/yahoo_TANKER_STNG.csv,market-extract-4.2,2026-08-11T11:03:48+00:00,200,Close|High|Low|Open|Volume,,W04
2026-03-24,2026-03-24T20:00:00+00:00,True,16:00,America/New_York,TANKER_STNG,Scorpio Tankers,economic,equity,,adjusted_close,global,secondary,2,74.66686248779297,USD_per_share,USD,1265100.0,log_return,yahoo,STNG,yfinance/yahoo-chart,raw/yahoo_TANKER_STNG.csv,market-extract-4.2,2026-08-11T11:03:48+00:00,200,Close|High|Low|Open|Volume,,W04
2026-03-25,2026-03-25T20:00:00+00:00,True,16:00,America/New_York,TANKER_STNG,Scorpio Tankers,economic,equity,,adjusted_close,global,secondary,2,71.95333099365234,USD_per_share,USD,987100.0,log_return,yahoo,STNG,yfinance/yahoo-chart,raw/yahoo_TANKER_STNG.csv,market-extract-4.2,2026-08-11T11:03:48+00:00,200,Close|High|Low|Open|Volume,,W04
2026-03-26,2026-03-26T20:00:00+00:00,True,16:00,America/New_York,TANKER_STNG,Scorpio Tankers,economic,equity,,adjusted_close,global,secondary,2,73.46416473388672,USD_per_share,USD,1215800.0,log_return,yahoo,STNG,yfinance/yahoo-chart,raw/yahoo_TANKER_STNG.csv,market-extract-4.2,2026-08-11T11:03:48+00:00,200,Close|High|Low|Open|Volume,,W04
2026-03-27,2026-03-27T20:00:00+00:00,True,16:00,America/New_York,TANKER_STNG,Scorpio Tankers,economic,equity,,adjusted_close,global,secondary,2,75.25330352783203,USD_per_share,USD,755300.0,log_return,yahoo,STNG,yfinance/yahoo-chart,raw/yahoo_TANKER_STNG.csv,market-extract-4.2,2026-08-11T11:03:48+00:00,200,Close|High|Low|Open|Volume,,W04
2026-03-30,2026-03-30T20:00:00+00:00,True,16:00,America/New_York,TANKER_STNG,Scorpio Tankers,economic,equity,,adjusted_close,global,secondary,2,73.2156753540039,USD_per_share,USD,860400.0,log_return,yahoo,STNG,yfinance/yahoo-chart,raw/yahoo_TANKER_STNG.csv,market-extract-4.2,2026-08-11T11:03:48+00:00,200,Close|High|Low|Open|Volume,,W05
2026-03-31,2026-03-31T20:00:00+00:00,True,16:00,America/New_York,TANKER_STNG,Scorpio Tankers,economic,equity,,adjusted_close,global,secondary,2,74.20964050292969,USD_per_share,USD,978200.0,log_return,yahoo,STNG,yfinance/yahoo-chart,raw/yahoo_TANKER_STNG.csv,market-extract-4.2,2026-08-11T11:03:48+00:00,200,Close|High|Low|Open|Volume,,W05
2026-04-01,2026-04-01T20:00:00+00:00,True,16:00,America/New_York,TANKER_STNG,Scorpio Tankers,economic,equity,,adjusted_close,global,secondary,2,73.65301513671875,USD_per_share,USD,834600.0,log_return,yahoo,STNG,yfinance/yahoo-chart,raw/yahoo_TANKER_STNG.csv,market-extract-4.2,2026-08-11T11:03:48+00:00,200,Close|High|Low|Open|Volume,,W05
2026-04-02,2026-04-02T20:00:00+00:00,True,16:00,America/New_York,TANKER_STNG,Scorpio Tankers,economic,equity,,adjusted_close,global,secondary,2,75.96896362304688,USD_per_share,USD,1019000.0,log_return,yahoo,STNG,yfinance/yahoo-chart,raw/yahoo_TANKER_STNG.csv,market-extract-4.2,2026-08-11T11:03:48+00:00,200,Close|High|Low|Open|Volume,,W05
2026-04-06,2026-04-06T20:00:00+00:00,True,16:00,America/New_York,TANKER_STNG,Scorpio Tankers,economic,equity,,adjusted_close,global,secondary,2,76.07830047607422,USD_per_share,USD,444300.0,log_return,yahoo,STNG,yfinance/yahoo-chart,raw/yahoo_TANKER_STNG.csv,market-extract-4.2,2026-08-11T11:03:48+00:00,200,Close|High|Low|Open|Volume,,W06
2026-04-07,2026-04-07T20:00:00+00:00,True,16:00,America/New_York,TANKER_STNG,Scorpio Tankers,economic,equity,,adjusted_close,global,secondary,2,73.91144561767578,USD_per_share,USD,2543400.0,log_return,yahoo,STNG,yfinance/yahoo-chart,raw/yahoo_TANKER_STNG.csv,market-extract-4.2,2026-08-11T11:03:48+00:00,200,Close|High|Low|Open|Volume,,W06
2026-04-08,2026-04-08T20:00:00+00:00,True,16:00,America/New_York,TANKER_STNG,Scorpio Tankers,economic,equity,,adjusted_close,global,secondary,2,76.34666442871094,USD_per_share,USD,2572100.0,log_return,yahoo,STNG,yfinance/yahoo-chart,raw/yahoo_TANKER_STNG.csv,market-extract-4.2,2026-08-11T11:03:48+00:00,200,Close|High|Low|Open|Volume,,W06
2026-04-09,2026-04-09T20:00:00+00:00,True,16:00,America/New_York,TANKER_STNG,Scorpio Tankers,economic,equity,,adjusted_close,global,secondary,2,75.55149841308594,USD_per_share,USD,1360800.0,log_return,yahoo,STNG,yfinance/yahoo-chart,raw/yahoo_TANKER_STNG.csv,market-extract-4.2,2026-08-11T11:03:48+00:00,200,Close|High|Low|Open|Volume,,W06
2026-04-10,2026-04-10T20:00:00+00:00,True,16:00,America/New_York,TANKER_STNG,Scorpio Tankers,economic,equity,,adjusted_close,global,secondary,2,74.060546875,USD_per_share,USD,1178400.0,log_return,yahoo,STNG,yfinance/yahoo-chart,raw/yahoo_TANKER_STNG.csv,market-extract-4.2,2026-08-11T11:03:48+00:00,200,Close|High|Low|Open|Volume,,W06
2026-04-13,2026-04-13T20:00:00+00:00,True,16:00,America/New_York,TANKER_STNG,Scorpio Tankers,economic,equity,,adjusted_close,global,secondary,2,75.98883819580078,USD_per_share,USD,971800.0,log_return,yahoo,STNG,yfinance/yahoo-chart,raw/yahoo_TANKER_STNG.csv,market-extract-4.2,2026-08-11T11:03:48+00:00,200,Close|High|Low|Open|Volume,,W07
2026-04-14,2026-04-14T20:00:00+00:00,True,16:00,America/New_York,TANKER_STNG,Scorpio Tankers,economic,equity,,adjusted_close,global,secondary,2,73.10633850097656,USD_per_share,USD,1059800.0,log_return,yahoo,STNG,yfinance/yahoo-chart,raw/yahoo_TANKER_STNG.csv,market-extract-4.2,2026-08-11T11:03:48+00:00,200,Close|High|Low|Open|Volume,,W07
2026-04-15,2026-04-15T20:00:00+00:00,True,16:00,America/New_York,TANKER_STNG,Scorpio Tankers,economic,equity,,adjusted_close,global,secondary,2,73.51386260986328,USD_per_share,USD,989600.0,log_return,yahoo,STNG,yfinance/yahoo-chart,raw/yahoo_TANKER_STNG.csv,market-extract-4.2,2026-08-11T11:03:48+00:00,200,Close|High|Low|Open|Volume,,W07
2026-04-16,2026-04-16T20:00:00+00:00,True,16:00,America/New_York,TANKER_STNG,Scorpio Tankers,economic,equity,,adjusted_close,global,secondary,2,73.57349395751953,USD_per_share,USD,758000.0,log_return,yahoo,STNG,yfinance/yahoo-chart,raw/yahoo_TANKER_STNG.csv,market-extract-4.2,2026-08-11T11:03:48+00:00,200,Close|High|Low|Open|Volume,,W07
2026-04-17,2026-04-17T20:00:00+00:00,True,16:00,America/New_York,TANKER_STNG,Scorpio Tankers,economic,equity,,adjusted_close,global,secondary,2,74.75631713867188,USD_per_share,USD,1143200.0,log_return,yahoo,STNG,yfinance/yahoo-chart,raw/yahoo_TANKER_STNG.csv,market-extract-4.2,2026-08-11T11:03:48+00:00,200,Close|High|Low|Open|Volume,,W07
2026-04-20,2026-04-20T20:00:00+00:00,True,16:00,America/New_York,TANKER_STNG,Scorpio Tankers,economic,equity,,adjusted_close,global,secondary,2,76.42618560791016,USD_per_share,USD,931700.0,log_return,yahoo,STNG,yfinance/yahoo-chart,raw/yahoo_TANKER_STNG.csv,market-extract-4.2,2026-08-11T11:03:48+00:00,200,Close|High|Low|Open|Volume,,W08
2026-04-21,2026-04-21T20:00:00+00:00,True,16:00,America/New_York,TANKER_STNG,Scorpio Tankers,economic,equity,,adjusted_close,global,secondary,2,74.16988372802734,USD_per_share,USD,1136400.0,log_return,yahoo,STNG,yfinance/yahoo-chart,raw/yahoo_TANKER_STNG.csv,market-extract-4.2,2026-08-11T11:03:48+00:00,200,Close|High|Low|Open|Volume,,W08
2026-04-22,2026-04-22T20:00:00+00:00,True,16:00,America/New_York,TANKER_STNG,Scorpio Tankers,economic,equity,,adjusted_close,global,secondary,2,75.51173400878906,USD_per_share,USD,789000.0,log_return,yahoo,STNG,yfinance/yahoo-chart,raw/yahoo_TANKER_STNG.csv,market-extract-4.2,2026-08-11T11:03:48+00:00,200,Close|High|Low|Open|Volume,,W08
2026-04-23,2026-04-23T20:00:00+00:00,True,16:00,America/New_York,TANKER_STNG,Scorpio Tankers,economic,equity,,adjusted_close,global,secondary,2,76.73431396484375,USD_per_share,USD,897300.0,log_return,yahoo,STNG,yfinance/yahoo-chart,raw/yahoo_TANKER_STNG.csv,market-extract-4.2,2026-08-11T11:03:48+00:00,200,Close|High|Low|Open|Volume,,W08
2026-04-24,2026-04-24T20:00:00+00:00,True,16:00,America/New_York,TANKER_STNG,Scorpio Tankers,economic,equity,,adjusted_close,global,secondary,2,77.89726257324219,USD_per_share,USD,751600.0,log_return,yahoo,STNG,yfinance/yahoo-chart,raw/yahoo_TANKER_STNG.csv,market-extract-4.2,2026-08-11T11:03:48+00:00,200,Close|High|Low|Open|Volume,,W08
2026-04-27,2026-04-27T20:00:00+00:00,True,16:00,America/New_York,TANKER_STNG,Scorpio Tankers,economic,equity,,adjusted_close,global,secondary,2,79.25899505615234,USD_per_share,USD,1013600.0,log_return,yahoo,STNG,yfinance/yahoo-chart,raw/yahoo_TANKER_STNG.csv,market-extract-4.2,2026-08-11T11:03:48+00:00,200,Close|High|Low|Open|Volume,,W09
2026-04-28,2026-04-28T20:00:00+00:00,True,16:00,America/New_York,TANKER_STNG,Scorpio Tankers,economic,equity,,adjusted_close,global,secondary,2,80.61078643798828,USD_per_share,USD,1182700.0,log_return,yahoo,STNG,yfinance/yahoo-chart,raw/yahoo_TANKER_STNG.csv,market-extract-4.2,2026-08-11T11:03:48+00:00,200,Close|High|Low|Open|Volume,,W09
2026-04-29,2026-04-29T20:00:00+00:00,True,16:00,America/New_York,TANKER_STNG,Scorpio Tankers,economic,equity,,adjusted_close,global,secondary,2,80.56109619140625,USD_per_share,USD,727300.0,log_return,yahoo,STNG,yfinance/yahoo-chart,raw/yahoo_TANKER_STNG.csv,market-extract-4.2,2026-08-11T11:03:48+00:00,200,Close|High|Low|Open|Volume,,W09
2026-04-30,2026-04-30T20:00:00+00:00,True,16:00,America/New_York,TANKER_STNG,Scorpio Tankers,economic,equity,,adjusted_close,global,secondary,2,80.83940887451172,USD_per_share,USD,976900.0,log_return,yahoo,STNG,yfinance/yahoo-chart,raw/yahoo_TANKER_STNG.csv,market-extract-4.2,2026-08-11T11:03:48+00:00,200,Close|High|Low|Open|Volume,,W09
2026-05-01,2026-05-01T20:00:00+00:00,True,16:00,America/New_York,TANKER_STNG,Scorpio Tankers,economic,equity,,adjusted_close,global,secondary,2,82.48938751220703,USD_per_share,USD,914900.0,log_return,yahoo,STNG,yfinance/yahoo-chart,raw/yahoo_TANKER_STNG.csv,market-extract-4.2,2026-08-11T11:03:48+00:00,200,Close|High|Low|Open|Volume,,W09
2026-05-04,2026-05-04T20:00:00+00:00,True,16:00,America/New_York,TANKER_STNG,Scorpio Tankers,economic,equity,,adjusted_close,global,secondary,2,82.7677001953125,USD_per_share,USD,987900.0,log_return,yahoo,STNG,yfinance/yahoo-chart,raw/yahoo_TANKER_STNG.csv,market-extract-4.2,2026-08-11T11:03:48+00:00,200,Close|High|Low|Open|Volume,,W10
2026-05-05,2026-05-05T20:00:00+00:00,True,16:00,America/New_York,TANKER_STNG,Scorpio Tankers,economic,equity,,adjusted_close,global,secondary,2,86.09749603271484,USD_per_share,USD,1898700.0,log_return,yahoo,STNG,yfinance/yahoo-chart,raw/yahoo_TANKER_STNG.csv,market-extract-4.2,2026-08-11T11:03:48+00:00,200,Close|High|Low|Open|Volume,,W10
2026-05-06,2026-05-06T20:00:00+00:00,True,16:00,America/New_York,TANKER_STNG,Scorpio Tankers,economic,equity,,adjusted_close,global,secondary,2,82.06198120117188,USD_per_share,USD,1171000.0,log_return,yahoo,STNG,yfinance/yahoo-chart,raw/yahoo_TANKER_STNG.csv,market-extract-4.2,2026-08-11T11:03:48+00:00,200,Close|High|Low|Open|Volume,,W10
2026-05-07,2026-05-07T20:00:00+00:00,True,16:00,America/New_York,TANKER_STNG,Scorpio Tankers,economic,equity,,adjusted_close,global,secondary,2,84.17913818359375,USD_per_share,USD,1760400.0,log_return,yahoo,STNG,yfinance/yahoo-chart,raw/yahoo_TANKER_STNG.csv,market-extract-4.2,2026-08-11T11:03:48+00:00,200,Close|High|Low|Open|Volume,,W10
2026-05-08,2026-05-08T20:00:00+00:00,True,16:00,America/New_York,TANKER_STNG,Scorpio Tankers,economic,equity,,adjusted_close,global,secondary,2,83.90082550048828,USD_per_share,USD,2689400.0,log_return,yahoo,STNG,yfinance/yahoo-chart,raw/yahoo_TANKER_STNG.csv,market-extract-4.2,2026-08-11T11:03:48+00:00,200,Close|High|Low|Open|Volume,,W10
2026-05-11,2026-05-11T20:00:00+00:00,True,16:00,America/New_York,TANKER_STNG,Scorpio Tankers,economic,equity,,adjusted_close,global,secondary,2,84.63636016845703,USD_per_share,USD,1654000.0,log_return,yahoo,STNG,yfinance/yahoo-chart,raw/yahoo_TANKER_STNG.csv,market-extract-4.2,2026-08-11T11:03:48+00:00,200,Close|High|Low|Open|Volume,,W11
2026-05-12,2026-05-12T20:00:00+00:00,True,16:00,America/New_York,TANKER_STNG,Scorpio Tankers,economic,equity,,adjusted_close,global,secondary,2,83.00625610351562,USD_per_share,USD,1055900.0,log_return,yahoo,STNG,yfinance/yahoo-chart,raw/yahoo_TANKER_STNG.csv,market-extract-4.2,2026-08-11T11:03:48+00:00,200,Close|High|Low|Open|Volume,,W11
2026-05-13,2026-05-13T20:00:00+00:00,True,16:00,America/New_York,TANKER_STNG,Scorpio Tankers,economic,equity,,adjusted_close,global,secondary,2,81.63457489013672,USD_per_share,USD,1215200.0,log_return,yahoo,STNG,yfinance/yahoo-chart,raw/yahoo_TANKER_STNG.csv,market-extract-4.2,2026-08-11T11:03:48+00:00,200,Close|High|Low|Open|Volume,,W11
2026-05-14,2026-05-14T20:00:00+00:00,True,16:00,America/New_York,TANKER_STNG,Scorpio Tankers,economic,equity,,adjusted_close,global,secondary,2,82.22102355957031,USD_per_share,USD,627200.0,log_return,yahoo,STNG,yfinance/yahoo-chart,raw/yahoo_TANKER_STNG.csv,market-extract-4.2,2026-08-11T11:03:48+00:00,200,Close|High|Low|Open|Volume,,W11
2026-05-15,2026-05-15T20:00:00+00:00,True,16:00,America/New_York,TANKER_STNG,Scorpio Tankers,economic,equity,,adjusted_close,global,secondary,2,81.62464141845703,USD_per_share,USD,558200.0,log_return,yahoo,STNG,yfinance/yahoo-chart,raw/yahoo_TANKER_STNG.csv,market-extract-4.2,2026-08-11T11:03:48+00:00,200,Close|High|Low|Open|Volume,,W11
2026-05-18,2026-05-18T20:00:00+00:00,True,16:00,America/New_York,TANKER_STNG,Scorpio Tankers,economic,equity,,adjusted_close,global,secondary,2,81.37615203857422,USD_per_share,USD,760000.0,log_return,yahoo,STNG,yfinance/yahoo-chart,raw/yahoo_TANKER_STNG.csv,market-extract-4.2,2026-08-11T11:03:48+00:00,200,Close|High|Low|Open|Volume,,W12
2026-05-19,2026-05-19T20:00:00+00:00,True,16:00,America/New_York,TANKER_STNG,Scorpio Tankers,economic,equity,,adjusted_close,global,secondary,2,79.9845962524414,USD_per_share,USD,729100.0,log_return,yahoo,STNG,yfinance/yahoo-chart,raw/yahoo_TANKER_STNG.csv,market-extract-4.2,2026-08-11T11:03:48+00:00,200,Close|High|Low|Open|Volume,,W12
2026-05-20,2026-05-20T20:00:00+00:00,True,16:00,America/New_York,TANKER_STNG,Scorpio Tankers,economic,equity,,adjusted_close,global,secondary,2,81.18729400634766,USD_per_share,USD,2105000.0,log_return,yahoo,STNG,yfinance/yahoo-chart,raw/yahoo_TANKER_STNG.csv,market-extract-4.2,2026-08-11T11:03:48+00:00,200,Close|High|Low|Open|Volume,,W12
2026-05-21,2026-05-21T20:00:00+00:00,True,16:00,America/New_York,TANKER_STNG,Scorpio Tankers,economic,equity,,adjusted_close,global,secondary,2,80.12374877929688,USD_per_share,USD,915000.0,log_return,yahoo,STNG,yfinance/yahoo-chart,raw/yahoo_TANKER_STNG.csv,market-extract-4.2,2026-08-11T11:03:48+00:00,200,Close|High|Low|Open|Volume,,W12
2026-05-22,2026-05-22T20:00:00+00:00,True,16:00,America/New_York,TANKER_STNG,Scorpio Tankers,economic,equity,,adjusted_close,global,secondary,2,79.72615814208984,USD_per_share,USD,700700.0,log_return,yahoo,STNG,yfinance/yahoo-chart,raw/yahoo_TANKER_STNG.csv,market-extract-4.2,2026-08-11T11:03:48+00:00,200,Close|High|Low|Open|Volume,,W12
2026-05-26,2026-05-26T20:00:00+00:00,True,16:00,America/New_York,TANKER_STNG,Scorpio Tankers,economic,equity,,adjusted_close,global,secondary,2,79.86531066894531,USD_per_share,USD,755400.0,log_return,yahoo,STNG,yfinance/yahoo-chart,raw/yahoo_TANKER_STNG.csv,market-extract-4.2,2026-08-11T11:03:48+00:00,200,Close|High|Low|Open|Volume,,W13
2026-05-27,2026-05-27T20:00:00+00:00,True,16:00,America/New_York,TANKER_STNG,Scorpio Tankers,economic,equity,,adjusted_close,global,secondary,2,77.2313003540039,USD_per_share,USD,1069900.0,log_return,yahoo,STNG,yfinance/yahoo-chart,raw/yahoo_TANKER_STNG.csv,market-extract-4.2,2026-08-11T11:03:48+00:00,200,Close|High|Low|Open|Volume,,W13
2026-05-28,2026-05-28T20:00:00+00:00,True,16:00,America/New_York,TANKER_STNG,Scorpio Tankers,economic,equity,,adjusted_close,global,secondary,2,74.1500015258789,USD_per_share,USD,1126300.0,log_return,yahoo,STNG,yfinance/yahoo-chart,raw/yahoo_TANKER_STNG.csv,market-extract-4.2,2026-08-11T11:03:48+00:00,200,Close|High|Low|Open|Volume,,W13
2026-05-29,2026-05-29T20:00:00+00:00,True,16:00,America/New_York,TANKER_STNG,Scorpio Tankers,economic,equity,,adjusted_close,global,secondary,2,74.51000213623047,USD_per_share,USD,904000.0,log_return,yahoo,STNG,yfinance/yahoo-chart,raw/yahoo_TANKER_STNG.csv,market-extract-4.2,2026-08-11T11:03:48+00:00,200,Close|High|Low|Open|Volume,,W13
2026-06-01,2026-06-01T20:00:00+00:00,True,16:00,America/New_York,TANKER_STNG,Scorpio Tankers,economic,equity,,adjusted_close,global,secondary,2,76.38999938964844,USD_per_share,USD,919300.0,log_return,yahoo,STNG,yfinance/yahoo-chart,raw/yahoo_TANKER_STNG.csv,market-extract-4.2,2026-08-11T11:03:48+00:00,200,Close|High|Low|Open|Volume,,W14
2026-06-02,2026-06-02T20:00:00+00:00,True,16:00,America/New_York,TANKER_STNG,Scorpio Tankers,economic,equity,,adjusted_close,global,secondary,2,75.04000091552734,USD_per_share,USD,493700.0,log_return,yahoo,STNG,yfinance/yahoo-chart,raw/yahoo_TANKER_STNG.csv,market-extract-4.2,2026-08-11T11:03:48+00:00,200,Close|High|Low|Open|Volume,,W14
2026-06-03,2026-06-03T20:00:00+00:00,True,16:00,America/New_York,TANKER_STNG,Scorpio Tankers,economic,equity,,adjusted_close,global,secondary,2,75.55000305175781,USD_per_share,USD,627600.0,log_return,yahoo,STNG,yfinance/yahoo-chart,raw/yahoo_TANKER_STNG.csv,market-extract-4.2,2026-08-11T11:03:48+00:00,200,Close|High|Low|Open|Volume,,W14
2026-06-04,2026-06-04T20:00:00+00:00,True,16:00,America/New_York,TANKER_STNG,Scorpio Tankers,economic,equity,,adjusted_close,global,secondary,2,75.08000183105469,USD_per_share,USD,512300.0,log_return,yahoo,STNG,yfinance/yahoo-chart,raw/yahoo_TANKER_STNG.csv,market-extract-4.2,2026-08-11T11:03:48+00:00,200,Close|High|Low|Open|Volume,,W14
2026-06-05,2026-06-05T20:00:00+00:00,True,16:00,America/New_York,TANKER_STNG,Scorpio Tankers,economic,equity,,adjusted_close,global,secondary,2,75.95999908447266,USD_per_share,USD,437000.0,log_return,yahoo,STNG,yfinance/yahoo-chart,raw/yahoo_TANKER_STNG.csv,market-extract-4.2,2026-08-11T11:03:48+00:00,200,Close|High|Low|Open|Volume,,W14
2026-06-08,2026-06-08T20:00:00+00:00,True,16:00,America/New_York,TANKER_STNG,Scorpio Tankers,economic,equity,,adjusted_close,global,secondary,2,76.12000274658203,USD_per_share,USD,567500.0,log_return,yahoo,STNG,yfinance/yahoo-chart,raw/yahoo_TANKER_STNG.csv,market-extract-4.2,2026-08-11T11:03:48+00:00,200,Close|High|Low|Open|Volume,,W15
2026-06-09,2026-06-09T20:00:00+00:00,True,16:00,America/New_York,TANKER_STNG,Scorpio Tankers,economic,equity,,adjusted_close,global,secondary,2,76.20999908447266,USD_per_share,USD,434300.0,log_return,yahoo,STNG,yfinance/yahoo-chart,raw/yahoo_TANKER_STNG.csv,market-extract-4.2,2026-08-11T11:03:48+00:00,200,Close|High|Low|Open|Volume,,W15
2026-06-10,2026-06-10T20:00:00+00:00,True,16:00,America/New_York,TANKER_STNG,Scorpio Tankers,economic,equity,,adjusted_close,global,secondary,2,76.45999908447266,USD_per_share,USD,516400.0,log_return,yahoo,STNG,yfinance/yahoo-chart,raw/yahoo_TANKER_STNG.csv,market-extract-4.2,2026-08-11T11:03:48+00:00,200,Close|High|Low|Open|Volume,,W15
2026-06-11,2026-06-11T20:00:00+00:00,True,16:00,America/New_York,TANKER_STNG,Scorpio Tankers,economic,equity,,adjusted_close,global,secondary,2,76.16999816894531,USD_per_share,USD,552700.0,log_return,yahoo,STNG,yfinance/yahoo-chart,raw/yahoo_TANKER_STNG.csv,market-extract-4.2,2026-08-11T11:03:48+00:00,200,Close|High|Low|Open|Volume,,W15
2026-06-12,2026-06-12T20:00:00+00:00,True,16:00,America/New_York,TANKER_STNG,Scorpio Tankers,economic,equity,,adjusted_close,global,secondary,2,79.05000305175781,USD_per_share,USD,518900.0,log_return,yahoo,STNG,yfinance/yahoo-chart,raw/yahoo_TANKER_STNG.csv,market-extract-4.2,2026-08-11T11:03:48+00:00,200,Close|High|Low|Open|Volume,,W15
2026-06-15,2026-06-15T20:00:00+00:00,True,16:00,America/New_York,TANKER_STNG,Scorpio Tankers,economic,equity,,adjusted_close,global,secondary,2,78.75,USD_per_share,USD,803900.0,log_return,yahoo,STNG,yfinance/yahoo-chart,raw/yahoo_TANKER_STNG.csv,market-extract-4.2,2026-08-11T11:03:48+00:00,200,Close|High|Low|Open|Volume,,W16
2026-06-16,2026-06-16T20:00:00+00:00,True,16:00,America/New_York,TANKER_STNG,Scorpio Tankers,economic,equity,,adjusted_close,global,secondary,2,78.5199966430664,USD_per_share,USD,598300.0,log_return,yahoo,STNG,yfinance/yahoo-chart,raw/yahoo_TANKER_STNG.csv,market-extract-4.2,2026-08-11T11:03:48+00:00,200,Close|High|Low|Open|Volume,,W16
2026-06-17,2026-06-17T20:00:00+00:00,True,16:00,America/New_York,TANKER_STNG,Scorpio Tankers,economic,equity,,adjusted_close,global,secondary,2,78.04000091552734,USD_per_share,USD,775700.0,log_return,yahoo,STNG,yfinance/yahoo-chart,raw/yahoo_TANKER_STNG.csv,market-extract-4.2,2026-08-11T11:03:48+00:00,200,Close|High|Low|Open|Volume,,W16
2026-06-18,2026-06-18T20:00:00+00:00,True,16:00,America/New_York,TANKER_STNG,Scorpio Tankers,economic,equity,,adjusted_close,global,secondary,2,80.58000183105469,USD_per_share,USD,1000700.0,log_return,yahoo,STNG,yfinance/yahoo-chart,raw/yahoo_TANKER_STNG.csv,market-extract-4.2,2026-08-11T11:03:48+00:00,200,Close|High|Low|Open|Volume,,W16
2026-06-22,2026-06-22T20:00:00+00:00,True,16:00,America/New_York,TANKER_STNG,Scorpio Tankers,economic,equity,,adjusted_close,global,secondary,2,82.44999694824219,USD_per_share,USD,1007700.0,log_return,yahoo,STNG,yfinance/yahoo-chart,raw/yahoo_TANKER_STNG.csv,market-extract-4.2,2026-08-11T11:03:48+00:00,200,Close|High|Low|Open|Volume,,W17
2026-06-23,2026-06-23T20:00:00+00:00,True,16:00,America/New_York,TANKER_STNG,Scorpio Tankers,economic,equity,,adjusted_close,global,secondary,2,81.69999694824219,USD_per_share,USD,1280200.0,log_return,yahoo,STNG,yfinance/yahoo-chart,raw/yahoo_TANKER_STNG.csv,market-extract-4.2,2026-08-11T11:03:48+00:00,200,Close|High|Low|Open|Volume,,W17
2026-06-24,2026-06-24T20:00:00+00:00,True,16:00,America/New_York,TANKER_STNG,Scorpio Tankers,economic,equity,,adjusted_close,global,secondary,2,78.38999938964844,USD_per_share,USD,843000.0,log_return,yahoo,STNG,yfinance/yahoo-chart,raw/yahoo_TANKER_STNG.csv,market-extract-4.2,2026-08-11T11:03:48+00:00,200,Close|High|Low|Open|Volume,,W17
2026-06-25,2026-06-25T20:00:00+00:00,True,16:00,America/New_York,TANKER_STNG,Scorpio Tankers,economic,equity,,adjusted_close,global,secondary,2,75.45999908447266,USD_per_share,USD,1116200.0,log_return,yahoo,STNG,yfinance/yahoo-chart,raw/yahoo_TANKER_STNG.csv,market-extract-4.2,2026-08-11T11:03:48+00:00,200,Close|High|Low|Open|Volume,,W17
2026-06-26,2026-06-26T20:00:00+00:00,True,16:00,America/New_York,TANKER_STNG,Scorpio Tankers,economic,equity,,adjusted_close,global,secondary,2,72.58000183105469,USD_per_share,USD,2193700.0,log_return,yahoo,STNG,yfinance/yahoo-chart,raw/yahoo_TANKER_STNG.csv,market-extract-4.2,2026-08-11T11:03:48+00:00,200,Close|High|Low|Open|Volume,,W17
2026-06-29,2026-06-29T20:00:00+00:00,True,16:00,America/New_York,TANKER_STNG,Scorpio Tankers,economic,equity,,adjusted_close,global,secondary,2,70.08999633789062,USD_per_share,USD,1102500.0,log_return,yahoo,STNG,yfinance/yahoo-chart,raw/yahoo_TANKER_STNG.csv,market-extract-4.2,2026-08-11T11:03:48+00:00,200,Close|High|Low|Open|Volume,,W18
2026-06-30,2026-06-30T20:00:00+00:00,True,16:00,America/New_York,TANKER_STNG,Scorpio Tankers,economic,equity,,adjusted_close,global,secondary,2,69.26000213623047,USD_per_share,USD,1481200.0,log_return,yahoo,STNG,yfinance/yahoo-chart,raw/yahoo_TANKER_STNG.csv,market-extract-4.2,2026-08-11T11:03:48+00:00,200,Close|High|Low|Open|Volume,,W18
2026-07-01,2026-07-01T20:00:00+00:00,True,16:00,America/New_York,TANKER_STNG,Scorpio Tankers,economic,equity,,adjusted_close,global,secondary,2,69.52999877929688,USD_per_share,USD,1113800.0,log_return,yahoo,STNG,yfinance/yahoo-chart,raw/yahoo_TANKER_STNG.csv,market-extract-4.2,2026-08-11T11:03:48+00:00,200,Close|High|Low|Open|Volume,,W18
2026-07-02,2026-07-02T20:00:00+00:00,True,16:00,America/New_York,TANKER_STNG,Scorpio Tankers,economic,equity,,adjusted_close,global,secondary,2,73.01000213623047,USD_per_share,USD,1324300.0,log_return,yahoo,STNG,yfinance/yahoo-chart,raw/yahoo_TANKER_STNG.csv,market-extract-4.2,2026-08-11T11:03:48+00:00,200,Close|High|Low|Open|Volume,,W18
2026-07-06,2026-07-06T20:00:00+00:00,True,16:00,America/New_York,TANKER_STNG,Scorpio Tankers,economic,equity,,adjusted_close,global,secondary,2,73.66999816894531,USD_per_share,USD,816900.0,log_return,yahoo,STNG,yfinance/yahoo-chart,raw/yahoo_TANKER_STNG.csv,market-extract-4.2,2026-08-11T11:03:48+00:00,200,Close|High|Low|Open|Volume,,W19
2026-07-07,2026-07-07T20:00:00+00:00,True,16:00,America/New_York,TANKER_STNG,Scorpio Tankers,economic,equity,,adjusted_close,global,secondary,2,74.31999969482422,USD_per_share,USD,641700.0,log_return,yahoo,STNG,yfinance/yahoo-chart,raw/yahoo_TANKER_STNG.csv,market-extract-4.2,2026-08-11T11:03:48+00:00,200,Close|High|Low|Open|Volume,,W19
2026-07-08,2026-07-08T20:00:00+00:00,True,16:00,America/New_York,TANKER_STNG,Scorpio Tankers,economic,equity,,adjusted_close,global,secondary,2,77.33000183105469,USD_per_share,USD,658500.0,log_return,yahoo,STNG,yfinance/yahoo-chart,raw/yahoo_TANKER_STNG.csv,market-extract-4.2,2026-08-11T11:03:48+00:00,200,Close|High|Low|Open|Volume,,W19
2026-07-09,2026-07-09T20:00:00+00:00,True,16:00,America/New_York,TANKER_STNG,Scorpio Tankers,economic,equity,,adjusted_close,global,secondary,2,76.25,USD_per_share,USD,1204400.0,log_return,yahoo,STNG,yfinance/yahoo-chart,raw/yahoo_TANKER_STNG.csv,market-extract-4.2,2026-08-11T11:03:48+00:00,200,Close|High|Low|Open|Volume,,W19
2026-07-10,2026-07-10T20:00:00+00:00,True,16:00,America/New_York,TANKER_STNG,Scorpio Tankers,economic,equity,,adjusted_close,global,secondary,2,79.31999969482422,USD_per_share,USD,963100.0,log_return,yahoo,STNG,yfinance/yahoo-chart,raw/yahoo_TANKER_STNG.csv,market-extract-4.2,2026-08-11T11:03:48+00:00,200,Close|High|Low|Open|Volume,,W19
2026-07-13,2026-07-13T20:00:00+00:00,True,16:00,America/New_York,TANKER_STNG,Scorpio Tankers,economic,equity,,adjusted_close,global,secondary,2,77.27999877929688,USD_per_share,USD,831500.0,log_return,yahoo,STNG,yfinance/yahoo-chart,raw/yahoo_TANKER_STNG.csv,market-extract-4.2,2026-08-11T11:03:48+00:00,200,Close|High|Low|Open|Volume,,W20
2026-07-14,2026-07-14T20:00:00+00:00,True,16:00,America/New_York,TANKER_STNG,Scorpio Tankers,economic,equity,,adjusted_close,global,secondary,2,77.87000274658203,USD_per_share,USD,570400.0,log_return,yahoo,STNG,yfinance/yahoo-chart,raw/yahoo_TANKER_STNG.csv,market-extract-4.2,2026-08-11T11:03:48+00:00,200,Close|High|Low|Open|Volume,,W20
2026-07-15,2026-07-15T20:00:00+00:00,True,16:00,America/New_York,TANKER_STNG,Scorpio Tankers,economic,equity,,adjusted_close,global,secondary,2,78.55000305175781,USD_per_share,USD,450500.0,log_return,yahoo,STNG,yfinance/yahoo-chart,raw/yahoo_TANKER_STNG.csv,market-extract-4.2,2026-08-11T11:03:48+00:00,200,Close|High|Low|Open|Volume,,W20
2026-07-16,2026-07-16T20:00:00+00:00,True,16:00,America/New_York,TANKER_STNG,Scorpio Tankers,economic,equity,,adjusted_close,global,secondary,2,77.94999694824219,USD_per_share,USD,381900.0,log_return,yahoo,STNG,yfinance/yahoo-chart,raw/yahoo_TANKER_STNG.csv,market-extract-4.2,2026-08-11T11:03:48+00:00,200,Close|High|Low|Open|Volume,,W20
2026-07-17,2026-07-17T20:00:00+00:00,True,16:00,America/New_York,TANKER_STNG,Scorpio Tankers,economic,equity,,adjusted_close,global,secondary,2,76.48999786376953,USD_per_share,USD,471200.0,log_return,yahoo,STNG,yfinance/yahoo-chart,raw/yahoo_TANKER_STNG.csv,market-extract-4.2,2026-08-11T11:03:48+00:00,200,Close|High|Low|Open|Volume,,W20
2026-07-20,2026-07-20T20:00:00+00:00,True,16:00,America/New_York,TANKER_STNG,Scorpio Tankers,economic,equity,,adjusted_close,global,secondary,2,77.9800033569336,USD_per_share,USD,423900.0,log_return,yahoo,STNG,yfinance/yahoo-chart,raw/yahoo_TANKER_STNG.csv,market-extract-4.2,2026-08-11T11:03:48+00:00,200,Close|High|Low|Open|Volume,,W21
2026-07-21,2026-07-21T20:00:00+00:00,True,16:00,America/New_York,TANKER_STNG,Scorpio Tankers,economic,equity,,adjusted_close,global,secondary,2,79.66000366210938,USD_per_share,USD,427500.0,log_return,yahoo,STNG,yfinance/yahoo-chart,raw/yahoo_TANKER_STNG.csv,market-extract-4.2,2026-08-11T11:03:48+00:00,200,Close|High|Low|Open|Volume,,W21
2026-07-22,2026-07-22T20:00:00+00:00,True,16:00,America/New_York,TANKER_STNG,Scorpio Tankers,economic,equity,,adjusted_close,global,secondary,2,78.45999908447266,USD_per_share,USD,397100.0,log_return,yahoo,STNG,yfinance/yahoo-chart,raw/yahoo_TANKER_STNG.csv,market-extract-4.2,2026-08-11T11:03:48+00:00,200,Close|High|Low|Open|Volume,,W21
2026-03-02,2026-03-02T21:00:00+00:00,True,16:00,America/New_York,TANKER_DHT,DHT Holdings,economic,equity,,adjusted_close,global,secondary,2,18.963537216186523,USD_per_share,USD,13063200.0,log_return,yahoo,DHT,yfinance/yahoo-chart,raw/yahoo_TANKER_DHT.csv,market-extract-4.2,2026-08-11T11:03:48+00:00,200,Close|High|Low|Open|Volume,,W01
2026-03-03,2026-03-03T21:00:00+00:00,True,16:00,America/New_York,TANKER_DHT,DHT Holdings,economic,equity,,adjusted_close,global,secondary,2,18.587162017822266,USD_per_share,USD,9717300.0,log_return,yahoo,DHT,yfinance/yahoo-chart,raw/yahoo_TANKER_DHT.csv,market-extract-4.2,2026-08-11T11:03:48+00:00,200,Close|High|Low|Open|Volume,,W01
2026-03-04,2026-03-04T21:00:00+00:00,True,16:00,America/New_York,TANKER_DHT,DHT Holdings,economic,equity,,adjusted_close,global,secondary,2,17.969520568847656,USD_per_share,USD,7310100.0,log_return,yahoo,DHT,yfinance/yahoo-chart,raw/yahoo_TANKER_DHT.csv,market-extract-4.2,2026-08-11T11:03:48+00:00,200,Close|High|Low|Open|Volume,,W01
2026-03-05,2026-03-05T21:00:00+00:00,True,16:00,America/New_York,TANKER_DHT,DHT Holdings,economic,equity,,adjusted_close,global,secondary,2,17.892314910888672,USD_per_share,USD,7701400.0,log_return,yahoo,DHT,yfinance/yahoo-chart,raw/yahoo_TANKER_DHT.csv,market-extract-4.2,2026-08-11T11:03:48+00:00,200,Close|High|Low|Open|Volume,,W01
2026-03-06,2026-03-06T21:00:00+00:00,True,16:00,America/New_York,TANKER_DHT,DHT Holdings,economic,equity,,adjusted_close,global,secondary,2,17.438732147216797,USD_per_share,USD,9383900.0,log_return,yahoo,DHT,yfinance/yahoo-chart,raw/yahoo_TANKER_DHT.csv,market-extract-4.2,2026-08-11T11:03:48+00:00,200,Close|High|Low|Open|Volume,,W01
2026-03-09,2026-03-09T20:00:00+00:00,True,16:00,America/New_York,TANKER_DHT,DHT Holdings,economic,equity,,adjusted_close,global,secondary,2,18.30729103088379,USD_per_share,USD,8519700.0,log_return,yahoo,DHT,yfinance/yahoo-chart,raw/yahoo_TANKER_DHT.csv,market-extract-4.2,2026-08-11T11:03:48+00:00,200,Close|High|Low|Open|Volume,,W02
2026-03-10,2026-03-10T20:00:00+00:00,True,16:00,America/New_York,TANKER_DHT,DHT Holdings,economic,equity,,adjusted_close,global,secondary,2,17.979169845581055,USD_per_share,USD,5757800.0,log_return,yahoo,DHT,yfinance/yahoo-chart,raw/yahoo_TANKER_DHT.csv,market-extract-4.2,2026-08-11T11:03:48+00:00,200,Close|High|Low|Open|Volume,,W02
2026-03-11,2026-03-11T20:00:00+00:00,True,16:00,America/New_York,TANKER_DHT,DHT Holdings,economic,equity,,adjusted_close,global,secondary,2,17.2457218170166,USD_per_share,USD,6651100.0,log_return,yahoo,DHT,yfinance/yahoo-chart,raw/yahoo_TANKER_DHT.csv,market-extract-4.2,2026-08-11T11:03:48+00:00,200,Close|High|Low|Open|Volume,,W02
2026-03-12,2026-03-12T20:00:00+00:00,True,16:00,America/New_York,TANKER_DHT,DHT Holdings,economic,equity,,adjusted_close,global,secondary,2,16.2517032623291,USD_per_share,USD,9197000.0,log_return,yahoo,DHT,yfinance/yahoo-chart,raw/yahoo_TANKER_DHT.csv,market-extract-4.2,2026-08-11T11:03:48+00:00,200,Close|High|Low|Open|Volume,,W02
2026-03-13,2026-03-13T20:00:00+00:00,True,16:00,America/New_York,TANKER_DHT,DHT Holdings,economic,equity,,adjusted_close,global,secondary,2,16.261354446411133,USD_per_share,USD,5190900.0,log_return,yahoo,DHT,yfinance/yahoo-chart,raw/yahoo_TANKER_DHT.csv,market-extract-4.2,2026-08-11T11:03:48+00:00,200,Close|High|Low|Open|Volume,,W02
2026-03-16,2026-03-16T20:00:00+00:00,True,16:00,America/New_York,TANKER_DHT,DHT Holdings,economic,equity,,adjusted_close,global,secondary,2,16.878995895385742,USD_per_share,USD,4604100.0,log_return,yahoo,DHT,yfinance/yahoo-chart,raw/yahoo_TANKER_DHT.csv,market-extract-4.2,2026-08-11T11:03:48+00:00,200,Close|High|Low|Open|Volume,,W03
2026-03-17,2026-03-17T20:00:00+00:00,True,16:00,America/New_York,TANKER_DHT,DHT Holdings,economic,equity,,adjusted_close,global,secondary,2,16.299955368041992,USD_per_share,USD,5335400.0,log_return,yahoo,DHT,yfinance/yahoo-chart,raw/yahoo_TANKER_DHT.csv,market-extract-4.2,2026-08-11T11:03:48+00:00,200,Close|High|Low|Open|Volume,,W03
2026-03-18,2026-03-18T20:00:00+00:00,True,16:00,America/New_York,TANKER_DHT,DHT Holdings,economic,equity,,adjusted_close,global,secondary,2,16.88864517211914,USD_per_share,USD,8439800.0,log_return,yahoo,DHT,yfinance/yahoo-chart,raw/yahoo_TANKER_DHT.csv,market-extract-4.2,2026-08-11T11:03:48+00:00,200,Close|High|Low|Open|Volume,,W03
2026-03-19,2026-03-19T20:00:00+00:00,True,16:00,America/New_York,TANKER_DHT,DHT Holdings,economic,equity,,adjusted_close,global,secondary,2,17.23607063293457,USD_per_share,USD,4720700.0,log_return,yahoo,DHT,yfinance/yahoo-chart,raw/yahoo_TANKER_DHT.csv,market-extract-4.2,2026-08-11T11:03:48+00:00,200,Close|High|Low|Open|Volume,,W03
2026-03-20,2026-03-20T20:00:00+00:00,True,16:00,America/New_York,TANKER_DHT,DHT Holdings,economic,equity,,adjusted_close,global,secondary,2,16.66668128967285,USD_per_share,USD,4583600.0,log_return,yahoo,DHT,yfinance/yahoo-chart,raw/yahoo_TANKER_DHT.csv,market-extract-4.2,2026-08-11T11:03:48+00:00,200,Close|High|Low|Open|Volume,,W03
2026-03-23,2026-03-23T20:00:00+00:00,True,16:00,America/New_York,TANKER_DHT,DHT Holdings,economic,equity,,adjusted_close,global,secondary,2,17.149213790893555,USD_per_share,USD,4092100.0,log_return,yahoo,DHT,yfinance/yahoo-chart,raw/yahoo_TANKER_DHT.csv,market-extract-4.2,2026-08-11T11:03:48+00:00,200,Close|High|Low|Open|Volume,,W04
2026-03-24,2026-03-24T20:00:00+00:00,True,16:00,America/New_York,TANKER_DHT,DHT Holdings,economic,equity,,adjusted_close,global,secondary,2,17.87301254272461,USD_per_share,USD,6494000.0,log_return,yahoo,DHT,yfinance/yahoo-chart,raw/yahoo_TANKER_DHT.csv,market-extract-4.2,2026-08-11T11:03:48+00:00,200,Close|High|Low|Open|Volume,,W04
2026-03-25,2026-03-25T20:00:00+00:00,True,16:00,America/New_York,TANKER_DHT,DHT Holdings,economic,equity,,adjusted_close,global,secondary,2,17.158864974975586,USD_per_share,USD,6026800.0,log_return,yahoo,DHT,yfinance/yahoo-chart,raw/yahoo_TANKER_DHT.csv,market-extract-4.2,2026-08-11T11:03:48+00:00,200,Close|High|Low|Open|Volume,,W04
2026-03-26,2026-03-26T20:00:00+00:00,True,16:00,America/New_York,TANKER_DHT,DHT Holdings,economic,equity,,adjusted_close,global,secondary,2,17.197465896606445,USD_per_share,USD,4166000.0,log_return,yahoo,DHT,yfinance/yahoo-chart,raw/yahoo_TANKER_DHT.csv,market-extract-4.2,2026-08-11T11:03:48+00:00,200,Close|High|Low|Open|Volume,,W04
2026-03-27,2026-03-27T20:00:00+00:00,True,16:00,America/New_York,TANKER_DHT,DHT Holdings,economic,equity,,adjusted_close,global,secondary,2,17.46768569946289,USD_per_share,USD,3391300.0,log_return,yahoo,DHT,yfinance/yahoo-chart,raw/yahoo_TANKER_DHT.csv,market-extract-4.2,2026-08-11T11:03:48+00:00,200,Close|High|Low|Open|Volume,,W04
2026-03-30,2026-03-30T20:00:00+00:00,True,16:00,America/New_York,TANKER_DHT,DHT Holdings,economic,equity,,adjusted_close,global,secondary,2,17.303625106811523,USD_per_share,USD,3170300.0,log_return,yahoo,DHT,yfinance/yahoo-chart,raw/yahoo_TANKER_DHT.csv,market-extract-4.2,2026-08-11T11:03:48+00:00,200,Close|High|Low|Open|Volume,,W05
2026-03-31,2026-03-31T20:00:00+00:00,True,16:00,America/New_York,TANKER_DHT,DHT Holdings,economic,equity,,adjusted_close,global,secondary,2,17.631746292114258,USD_per_share,USD,3392400.0,log_return,yahoo,DHT,yfinance/yahoo-chart,raw/yahoo_TANKER_DHT.csv,market-extract-4.2,2026-08-11T11:03:48+00:00,200,Close|High|Low|Open|Volume,,W05
2026-04-01,2026-04-01T20:00:00+00:00,True,16:00,America/New_York,TANKER_DHT,DHT Holdings,economic,equity,,adjusted_close,global,secondary,2,17.477336883544922,USD_per_share,USD,2783000.0,log_return,yahoo,DHT,yfinance/yahoo-chart,raw/yahoo_TANKER_DHT.csv,market-extract-4.2,2026-08-11T11:03:48+00:00,200,Close|High|Low|Open|Volume,,W05
2026-04-02,2026-04-02T20:00:00+00:00,True,16:00,America/New_York,TANKER_DHT,DHT Holdings,economic,equity,,adjusted_close,global,secondary,2,18.008121490478516,USD_per_share,USD,4581300.0,log_return,yahoo,DHT,yfinance/yahoo-chart,raw/yahoo_TANKER_DHT.csv,market-extract-4.2,2026-08-11T11:03:48+00:00,200,Close|High|Low|Open|Volume,,W05
2026-04-06,2026-04-06T20:00:00+00:00,True,16:00,America/New_York,TANKER_DHT,DHT Holdings,economic,equity,,adjusted_close,global,secondary,2,17.863361358642578,USD_per_share,USD,3906900.0,log_return,yahoo,DHT,yfinance/yahoo-chart,raw/yahoo_TANKER_DHT.csv,market-extract-4.2,2026-08-11T11:03:48+00:00,200,Close|High|Low|Open|Volume,,W06
2026-04-07,2026-04-07T20:00:00+00:00,True,16:00,America/New_York,TANKER_DHT,DHT Holdings,economic,equity,,adjusted_close,global,secondary,2,16.975502014160156,USD_per_share,USD,5223400.0,log_return,yahoo,DHT,yfinance/yahoo-chart,raw/yahoo_TANKER_DHT.csv,market-extract-4.2,2026-08-11T11:03:48+00:00,200,Close|High|Low|Open|Volume,,W06
2026-04-08,2026-04-08T20:00:00+00:00,True,16:00,America/New_York,TANKER_DHT,DHT Holdings,economic,equity,,adjusted_close,global,secondary,2,17.708951950073242,USD_per_share,USD,4444200.0,log_return,yahoo,DHT,yfinance/yahoo-chart,raw/yahoo_TANKER_DHT.csv,market-extract-4.2,2026-08-11T11:03:48+00:00,200,Close|High|Low|Open|Volume,,W06
2026-04-09,2026-04-09T20:00:00+00:00,True,16:00,America/New_York,TANKER_DHT,DHT Holdings,economic,equity,,adjusted_close,global,secondary,2,17.178165435791016,USD_per_share,USD,4358500.0,log_return,yahoo,DHT,yfinance/yahoo-chart,raw/yahoo_TANKER_DHT.csv,market-extract-4.2,2026-08-11T11:03:48+00:00,200,Close|High|Low|Open|Volume,,W06
2026-04-10,2026-04-10T20:00:00+00:00,True,16:00,America/New_York,TANKER_DHT,DHT Holdings,economic,equity,,adjusted_close,global,secondary,2,16.85004234313965,USD_per_share,USD,2815200.0,log_return,yahoo,DHT,yfinance/yahoo-chart,raw/yahoo_TANKER_DHT.csv,market-extract-4.2,2026-08-11T11:03:48+00:00,200,Close|High|Low|Open|Volume,,W06
2026-04-13,2026-04-13T20:00:00+00:00,True,16:00,America/New_York,TANKER_DHT,DHT Holdings,economic,equity,,adjusted_close,global,secondary,2,16.956199645996094,USD_per_share,USD,4710700.0,log_return,yahoo,DHT,yfinance/yahoo-chart,raw/yahoo_TANKER_DHT.csv,market-extract-4.2,2026-08-11T11:03:48+00:00,200,Close|High|Low|Open|Volume,,W07
2026-04-14,2026-04-14T20:00:00+00:00,True,16:00,America/New_York,TANKER_DHT,DHT Holdings,economic,equity,,adjusted_close,global,secondary,2,16.579824447631836,USD_per_share,USD,3001900.0,log_return,yahoo,DHT,yfinance/yahoo-chart,raw/yahoo_TANKER_DHT.csv,market-extract-4.2,2026-08-11T11:03:48+00:00,200,Close|High|Low|Open|Volume,,W07
2026-04-15,2026-04-15T20:00:00+00:00,True,16:00,America/New_York,TANKER_DHT,DHT Holdings,economic,equity,,adjusted_close,global,secondary,2,17.04305648803711,USD_per_share,USD,4174700.0,log_return,yahoo,DHT,yfinance/yahoo-chart,raw/yahoo_TANKER_DHT.csv,market-extract-4.2,2026-08-11T11:03:48+00:00,200,Close|High|Low|Open|Volume,,W07
2026-04-16,2026-04-16T20:00:00+00:00,True,16:00,America/New_York,TANKER_DHT,DHT Holdings,economic,equity,,adjusted_close,global,secondary,2,17.10095977783203,USD_per_share,USD,2590800.0,log_return,yahoo,DHT,yfinance/yahoo-chart,raw/yahoo_TANKER_DHT.csv,market-extract-4.2,2026-08-11T11:03:48+00:00,200,Close|High|Low|Open|Volume,,W07
2026-04-17,2026-04-17T20:00:00+00:00,True,16:00,America/New_York,TANKER_DHT,DHT Holdings,economic,equity,,adjusted_close,global,secondary,2,17.67999839782715,USD_per_share,USD,5692100.0,log_return,yahoo,DHT,yfinance/yahoo-chart,raw/yahoo_TANKER_DHT.csv,market-extract-4.2,2026-08-11T11:03:48+00:00,200,Close|High|Low|Open|Volume,,W07
2026-04-20,2026-04-20T20:00:00+00:00,True,16:00,America/New_York,TANKER_DHT,DHT Holdings,economic,equity,,adjusted_close,global,secondary,2,18.008121490478516,USD_per_share,USD,2987800.0,log_return,yahoo,DHT,yfinance/yahoo-chart,raw/yahoo_TANKER_DHT.csv,market-extract-4.2,2026-08-11T11:03:48+00:00,200,Close|High|Low|Open|Volume,,W08
2026-04-21,2026-04-21T20:00:00+00:00,True,16:00,America/New_York,TANKER_DHT,DHT Holdings,economic,equity,,adjusted_close,global,secondary,2,17.361528396606445,USD_per_share,USD,3086300.0,log_return,yahoo,DHT,yfinance/yahoo-chart,raw/yahoo_TANKER_DHT.csv,market-extract-4.2,2026-08-11T11:03:48+00:00,200,Close|High|Low|Open|Volume,,W08
2026-04-22,2026-04-22T20:00:00+00:00,True,16:00,America/New_York,TANKER_DHT,DHT Holdings,economic,equity,,adjusted_close,global,secondary,2,17.120262145996094,USD_per_share,USD,4535100.0,log_return,yahoo,DHT,yfinance/yahoo-chart,raw/yahoo_TANKER_DHT.csv,market-extract-4.2,2026-08-11T11:03:48+00:00,200,Close|High|Low|Open|Volume,,W08
2026-04-23,2026-04-23T20:00:00+00:00,True,16:00,America/New_York,TANKER_DHT,DHT Holdings,economic,equity,,adjusted_close,global,secondary,2,17.168516159057617,USD_per_share,USD,2151700.0,log_return,yahoo,DHT,yfinance/yahoo-chart,raw/yahoo_TANKER_DHT.csv,market-extract-4.2,2026-08-11T11:03:48+00:00,200,Close|High|Low|Open|Volume,,W08
2026-04-24,2026-04-24T20:00:00+00:00,True,16:00,America/New_York,TANKER_DHT,DHT Holdings,economic,equity,,adjusted_close,global,secondary,2,17.4290828704834,USD_per_share,USD,2150100.0,log_return,yahoo,DHT,yfinance/yahoo-chart,raw/yahoo_TANKER_DHT.csv,market-extract-4.2,2026-08-11T11:03:48+00:00,200,Close|High|Low|Open|Volume,,W08
2026-04-27,2026-04-27T20:00:00+00:00,True,16:00,America/New_York,TANKER_DHT,DHT Holdings,economic,equity,,adjusted_close,global,secondary,2,17.69930076599121,USD_per_share,USD,3729700.0,log_return,yahoo,DHT,yfinance/yahoo-chart,raw/yahoo_TANKER_DHT.csv,market-extract-4.2,2026-08-11T11:03:48+00:00,200,Close|High|Low|Open|Volume,,W09
2026-04-28,2026-04-28T20:00:00+00:00,True,16:00,America/New_York,TANKER_DHT,DHT Holdings,economic,equity,,adjusted_close,global,secondary,2,17.65104866027832,USD_per_share,USD,2444800.0,log_return,yahoo,DHT,yfinance/yahoo-chart,raw/yahoo_TANKER_DHT.csv,market-extract-4.2,2026-08-11T11:03:48+00:00,200,Close|High|Low|Open|Volume,,W09
2026-04-29,2026-04-29T20:00:00+00:00,True,16:00,America/New_York,TANKER_DHT,DHT Holdings,economic,equity,,adjusted_close,global,secondary,2,17.631746292114258,USD_per_share,USD,1939100.0,log_return,yahoo,DHT,yfinance/yahoo-chart,raw/yahoo_TANKER_DHT.csv,market-extract-4.2,2026-08-11T11:03:48+00:00,200,Close|High|Low|Open|Volume,,W09
2026-04-30,2026-04-30T20:00:00+00:00,True,16:00,America/New_York,TANKER_DHT,DHT Holdings,economic,equity,,adjusted_close,global,secondary,2,17.834409713745117,USD_per_share,USD,2386700.0,log_return,yahoo,DHT,yfinance/yahoo-chart,raw/yahoo_TANKER_DHT.csv,market-extract-4.2,2026-08-11T11:03:48+00:00,200,Close|High|Low|Open|Volume,,W09
2026-05-01,2026-05-01T20:00:00+00:00,True,16:00,America/New_York,TANKER_DHT,DHT Holdings,economic,equity,,adjusted_close,global,secondary,2,18.210786819458008,USD_per_share,USD,2122700.0,log_return,yahoo,DHT,yfinance/yahoo-chart,raw/yahoo_TANKER_DHT.csv,market-extract-4.2,2026-08-11T11:03:48+00:00,200,Close|High|Low|Open|Volume,,W09
2026-05-04,2026-05-04T20:00:00+00:00,True,16:00,America/New_York,TANKER_DHT,DHT Holdings,economic,equity,,adjusted_close,global,secondary,2,17.940567016601562,USD_per_share,USD,1960200.0,log_return,yahoo,DHT,yfinance/yahoo-chart,raw/yahoo_TANKER_DHT.csv,market-extract-4.2,2026-08-11T11:03:48+00:00,200,Close|High|Low|Open|Volume,,W10
2026-05-05,2026-05-05T20:00:00+00:00,True,16:00,America/New_York,TANKER_DHT,DHT Holdings,economic,equity,,adjusted_close,global,secondary,2,18.432750701904297,USD_per_share,USD,3390200.0,log_return,yahoo,DHT,yfinance/yahoo-chart,raw/yahoo_TANKER_DHT.csv,market-extract-4.2,2026-08-11T11:03:48+00:00,200,Close|High|Low|Open|Volume,,W10
2026-05-06,2026-05-06T20:00:00+00:00,True,16:00,America/New_York,TANKER_DHT,DHT Holdings,economic,equity,,adjusted_close,global,secondary,2,18.27834129333496,USD_per_share,USD,4876700.0,log_return,yahoo,DHT,yfinance/yahoo-chart,raw/yahoo_TANKER_DHT.csv,market-extract-4.2,2026-08-11T11:03:48+00:00,200,Close|High|Low|Open|Volume,,W10
2026-05-07,2026-05-07T20:00:00+00:00,True,16:00,America/New_York,TANKER_DHT,DHT Holdings,economic,equity,,adjusted_close,global,secondary,2,18.355545043945312,USD_per_share,USD,3661000.0,log_return,yahoo,DHT,yfinance/yahoo-chart,raw/yahoo_TANKER_DHT.csv,market-extract-4.2,2026-08-11T11:03:48+00:00,200,Close|High|Low|Open|Volume,,W10
2026-05-08,2026-05-08T20:00:00+00:00,True,16:00,America/New_York,TANKER_DHT,DHT Holdings,economic,equity,,adjusted_close,global,secondary,2,18.336244583129883,USD_per_share,USD,2915200.0,log_return,yahoo,DHT,yfinance/yahoo-chart,raw/yahoo_TANKER_DHT.csv,market-extract-4.2,2026-08-11T11:03:48+00:00,200,Close|High|Low|Open|Volume,,W10
2026-05-11,2026-05-11T20:00:00+00:00,True,16:00,America/New_York,TANKER_DHT,DHT Holdings,economic,equity,,adjusted_close,global,secondary,2,18.07567596435547,USD_per_share,USD,2962800.0,log_return,yahoo,DHT,yfinance/yahoo-chart,raw/yahoo_TANKER_DHT.csv,market-extract-4.2,2026-08-11T11:03:48+00:00,200,Close|High|Low|Open|Volume,,W11
2026-05-12,2026-05-12T20:00:00+00:00,True,16:00,America/New_York,TANKER_DHT,DHT Holdings,economic,equity,,adjusted_close,global,secondary,2,18.066024780273438,USD_per_share,USD,2188900.0,log_return,yahoo,DHT,yfinance/yahoo-chart,raw/yahoo_TANKER_DHT.csv,market-extract-4.2,2026-08-11T11:03:48+00:00,200,Close|High|Low|Open|Volume,,W11
2026-05-13,2026-05-13T20:00:00+00:00,True,16:00,America/New_York,TANKER_DHT,DHT Holdings,economic,equity,,adjusted_close,global,secondary,2,17.187816619873047,USD_per_share,USD,3692900.0,log_return,yahoo,DHT,yfinance/yahoo-chart,raw/yahoo_TANKER_DHT.csv,market-extract-4.2,2026-08-11T11:03:48+00:00,200,Close|High|Low|Open|Volume,,W11
2026-05-14,2026-05-14T20:00:00+00:00,True,16:00,America/New_York,TANKER_DHT,DHT Holdings,economic,equity,,adjusted_close,global,secondary,2,17.22641944885254,USD_per_share,USD,2792900.0,log_return,yahoo,DHT,yfinance/yahoo-chart,raw/yahoo_TANKER_DHT.csv,market-extract-4.2,2026-08-11T11:03:48+00:00,200,Close|High|Low|Open|Volume,,W11
2026-05-15,2026-05-15T20:00:00+00:00,True,16:00,America/New_York,TANKER_DHT,DHT Holdings,economic,equity,,adjusted_close,global,secondary,2,17.023754119873047,USD_per_share,USD,3212000.0,log_return,yahoo,DHT,yfinance/yahoo-chart,raw/yahoo_TANKER_DHT.csv,market-extract-4.2,2026-08-11T11:03:48+00:00,200,Close|High|Low|Open|Volume,,W11
2026-05-18,2026-05-18T20:00:00+00:00,True,16:00,America/New_York,TANKER_DHT,DHT Holdings,economic,equity,,adjusted_close,global,secondary,2,17.28432273864746,USD_per_share,USD,3288400.0,log_return,yahoo,DHT,yfinance/yahoo-chart,raw/yahoo_TANKER_DHT.csv,market-extract-4.2,2026-08-11T11:03:48+00:00,200,Close|High|Low|Open|Volume,,W12
2026-05-19,2026-05-19T20:00:00+00:00,True,16:00,America/New_York,TANKER_DHT,DHT Holdings,economic,equity,,adjusted_close,global,secondary,2,16.985153198242188,USD_per_share,USD,2887700.0,log_return,yahoo,DHT,yfinance/yahoo-chart,raw/yahoo_TANKER_DHT.csv,market-extract-4.2,2026-08-11T11:03:48+00:00,200,Close|High|Low|Open|Volume,,W12
2026-05-20,2026-05-20T20:00:00+00:00,True,16:00,America/New_York,TANKER_DHT,DHT Holdings,economic,equity,,adjusted_close,global,secondary,2,17.67999839782715,USD_per_share,USD,3682700.0,log_return,yahoo,DHT,yfinance/yahoo-chart,raw/yahoo_TANKER_DHT.csv,market-extract-4.2,2026-08-11T11:03:48+00:00,200,Close|High|Low|Open|Volume,,W12
2026-05-21,2026-05-21T20:00:00+00:00,True,16:00,America/New_York,TANKER_DHT,DHT Holdings,economic,equity,,adjusted_close,global,secondary,2,17.760000228881836,USD_per_share,USD,2021100.0,log_return,yahoo,DHT,yfinance/yahoo-chart,raw/yahoo_TANKER_DHT.csv,market-extract-4.2,2026-08-11T11:03:48+00:00,200,Close|High|Low|Open|Volume,,W12
2026-05-22,2026-05-22T20:00:00+00:00,True,16:00,America/New_York,TANKER_DHT,DHT Holdings,economic,equity,,adjusted_close,global,secondary,2,17.3799991607666,USD_per_share,USD,2403000.0,log_return,yahoo,DHT,yfinance/yahoo-chart,raw/yahoo_TANKER_DHT.csv,market-extract-4.2,2026-08-11T11:03:48+00:00,200,Close|High|Low|Open|Volume,,W12
2026-05-26,2026-05-26T20:00:00+00:00,True,16:00,America/New_York,TANKER_DHT,DHT Holdings,economic,equity,,adjusted_close,global,secondary,2,17.399999618530273,USD_per_share,USD,1920800.0,log_return,yahoo,DHT,yfinance/yahoo-chart,raw/yahoo_TANKER_DHT.csv,market-extract-4.2,2026-08-11T11:03:48+00:00,200,Close|High|Low|Open|Volume,,W13
2026-05-27,2026-05-27T20:00:00+00:00,True,16:00,America/New_York,TANKER_DHT,DHT Holdings,economic,equity,,adjusted_close,global,secondary,2,16.90999984741211,USD_per_share,USD,4408200.0,log_return,yahoo,DHT,yfinance/yahoo-chart,raw/yahoo_TANKER_DHT.csv,market-extract-4.2,2026-08-11T11:03:48+00:00,200,Close|High|Low|Open|Volume,,W13
2026-05-28,2026-05-28T20:00:00+00:00,True,16:00,America/New_York,TANKER_DHT,DHT Holdings,economic,equity,,adjusted_close,global,secondary,2,16.350000381469727,USD_per_share,USD,4115200.0,log_return,yahoo,DHT,yfinance/yahoo-chart,raw/yahoo_TANKER_DHT.csv,market-extract-4.2,2026-08-11T11:03:48+00:00,200,Close|High|Low|Open|Volume,,W13
2026-05-29,2026-05-29T20:00:00+00:00,True,16:00,America/New_York,TANKER_DHT,DHT Holdings,economic,equity,,adjusted_close,global,secondary,2,16.31999969482422,USD_per_share,USD,4327500.0,log_return,yahoo,DHT,yfinance/yahoo-chart,raw/yahoo_TANKER_DHT.csv,market-extract-4.2,2026-08-11T11:03:48+00:00,200,Close|High|Low|Open|Volume,,W13
2026-06-01,2026-06-01T20:00:00+00:00,True,16:00,America/New_York,TANKER_DHT,DHT Holdings,economic,equity,,adjusted_close,global,secondary,2,16.649999618530273,USD_per_share,USD,3512400.0,log_return,yahoo,DHT,yfinance/yahoo-chart,raw/yahoo_TANKER_DHT.csv,market-extract-4.2,2026-08-11T11:03:48+00:00,200,Close|High|Low|Open|Volume,,W14
2026-06-02,2026-06-02T20:00:00+00:00,True,16:00,America/New_York,TANKER_DHT,DHT Holdings,economic,equity,,adjusted_close,global,secondary,2,16.459999084472656,USD_per_share,USD,2233600.0,log_return,yahoo,DHT,yfinance/yahoo-chart,raw/yahoo_TANKER_DHT.csv,market-extract-4.2,2026-08-11T11:03:48+00:00,200,Close|High|Low|Open|Volume,,W14
2026-06-03,2026-06-03T20:00:00+00:00,True,16:00,America/New_York,TANKER_DHT,DHT Holdings,economic,equity,,adjusted_close,global,secondary,2,16.389999389648438,USD_per_share,USD,1812200.0,log_return,yahoo,DHT,yfinance/yahoo-chart,raw/yahoo_TANKER_DHT.csv,market-extract-4.2,2026-08-11T11:03:48+00:00,200,Close|High|Low|Open|Volume,,W14
2026-06-04,2026-06-04T20:00:00+00:00,True,16:00,America/New_York,TANKER_DHT,DHT Holdings,economic,equity,,adjusted_close,global,secondary,2,16.239999771118164,USD_per_share,USD,1796100.0,log_return,yahoo,DHT,yfinance/yahoo-chart,raw/yahoo_TANKER_DHT.csv,market-extract-4.2,2026-08-11T11:03:48+00:00,200,Close|High|Low|Open|Volume,,W14
2026-06-05,2026-06-05T20:00:00+00:00,True,16:00,America/New_York,TANKER_DHT,DHT Holdings,economic,equity,,adjusted_close,global,secondary,2,16.649999618530273,USD_per_share,USD,2273300.0,log_return,yahoo,DHT,yfinance/yahoo-chart,raw/yahoo_TANKER_DHT.csv,market-extract-4.2,2026-08-11T11:03:48+00:00,200,Close|High|Low|Open|Volume,,W14
2026-06-08,2026-06-08T20:00:00+00:00,True,16:00,America/New_York,TANKER_DHT,DHT Holdings,economic,equity,,adjusted_close,global,secondary,2,16.440000534057617,USD_per_share,USD,1729300.0,log_return,yahoo,DHT,yfinance/yahoo-chart,raw/yahoo_TANKER_DHT.csv,market-extract-4.2,2026-08-11T11:03:48+00:00,200,Close|High|Low|Open|Volume,,W15
2026-06-09,2026-06-09T20:00:00+00:00,True,16:00,America/New_York,TANKER_DHT,DHT Holdings,economic,equity,,adjusted_close,global,secondary,2,16.719999313354492,USD_per_share,USD,1877300.0,log_return,yahoo,DHT,yfinance/yahoo-chart,raw/yahoo_TANKER_DHT.csv,market-extract-4.2,2026-08-11T11:03:48+00:00,200,Close|High|Low|Open|Volume,,W15
2026-06-10,2026-06-10T20:00:00+00:00,True,16:00,America/New_York,TANKER_DHT,DHT Holdings,economic,equity,,adjusted_close,global,secondary,2,16.600000381469727,USD_per_share,USD,1972400.0,log_return,yahoo,DHT,yfinance/yahoo-chart,raw/yahoo_TANKER_DHT.csv,market-extract-4.2,2026-08-11T11:03:48+00:00,200,Close|High|Low|Open|Volume,,W15
2026-06-11,2026-06-11T20:00:00+00:00,True,16:00,America/New_York,TANKER_DHT,DHT Holdings,economic,equity,,adjusted_close,global,secondary,2,16.649999618530273,USD_per_share,USD,1882700.0,log_return,yahoo,DHT,yfinance/yahoo-chart,raw/yahoo_TANKER_DHT.csv,market-extract-4.2,2026-08-11T11:03:48+00:00,200,Close|High|Low|Open|Volume,,W15
2026-06-12,2026-06-12T20:00:00+00:00,True,16:00,America/New_York,TANKER_DHT,DHT Holdings,economic,equity,,adjusted_close,global,secondary,2,17.56999969482422,USD_per_share,USD,2334200.0,log_return,yahoo,DHT,yfinance/yahoo-chart,raw/yahoo_TANKER_DHT.csv,market-extract-4.2,2026-08-11T11:03:48+00:00,200,Close|High|Low|Open|Volume,,W15
2026-06-15,2026-06-15T20:00:00+00:00,True,16:00,America/New_York,TANKER_DHT,DHT Holdings,economic,equity,,adjusted_close,global,secondary,2,18.479999542236328,USD_per_share,USD,7853200.0,log_return,yahoo,DHT,yfinance/yahoo-chart,raw/yahoo_TANKER_DHT.csv,market-extract-4.2,2026-08-11T11:03:48+00:00,200,Close|High|Low|Open|Volume,,W16
2026-06-16,2026-06-16T20:00:00+00:00,True,16:00,America/New_York,TANKER_DHT,DHT Holdings,economic,equity,,adjusted_close,global,secondary,2,18.40999984741211,USD_per_share,USD,4786200.0,log_return,yahoo,DHT,yfinance/yahoo-chart,raw/yahoo_TANKER_DHT.csv,market-extract-4.2,2026-08-11T11:03:48+00:00,200,Close|High|Low|Open|Volume,,W16
2026-06-17,2026-06-17T20:00:00+00:00,True,16:00,America/New_York,TANKER_DHT,DHT Holdings,economic,equity,,adjusted_close,global,secondary,2,18.110000610351562,USD_per_share,USD,2390700.0,log_return,yahoo,DHT,yfinance/yahoo-chart,raw/yahoo_TANKER_DHT.csv,market-extract-4.2,2026-08-11T11:03:48+00:00,200,Close|High|Low|Open|Volume,,W16
2026-06-18,2026-06-18T20:00:00+00:00,True,16:00,America/New_York,TANKER_DHT,DHT Holdings,economic,equity,,adjusted_close,global,secondary,2,18.889999389648438,USD_per_share,USD,4726300.0,log_return,yahoo,DHT,yfinance/yahoo-chart,raw/yahoo_TANKER_DHT.csv,market-extract-4.2,2026-08-11T11:03:48+00:00,200,Close|High|Low|Open|Volume,,W16
2026-06-22,2026-06-22T20:00:00+00:00,True,16:00,America/New_York,TANKER_DHT,DHT Holdings,economic,equity,,adjusted_close,global,secondary,2,19.770000457763672,USD_per_share,USD,7640800.0,log_return,yahoo,DHT,yfinance/yahoo-chart,raw/yahoo_TANKER_DHT.csv,market-extract-4.2,2026-08-11T11:03:48+00:00,200,Close|High|Low|Open|Volume,,W17
2026-06-23,2026-06-23T20:00:00+00:00,True,16:00,America/New_York,TANKER_DHT,DHT Holdings,economic,equity,,adjusted_close,global,secondary,2,19.959999084472656,USD_per_share,USD,2847900.0,log_return,yahoo,DHT,yfinance/yahoo-chart,raw/yahoo_TANKER_DHT.csv,market-extract-4.2,2026-08-11T11:03:48+00:00,200,Close|High|Low|Open|Volume,,W17
2026-06-24,2026-06-24T20:00:00+00:00,True,16:00,America/New_York,TANKER_DHT,DHT Holdings,economic,equity,,adjusted_close,global,secondary,2,19.389999389648438,USD_per_share,USD,2985100.0,log_return,yahoo,DHT,yfinance/yahoo-chart,raw/yahoo_TANKER_DHT.csv,market-extract-4.2,2026-08-11T11:03:48+00:00,200,Close|High|Low|Open|Volume,,W17
2026-06-25,2026-06-25T20:00:00+00:00,True,16:00,America/New_York,TANKER_DHT,DHT Holdings,economic,equity,,adjusted_close,global,secondary,2,18.079999923706055,USD_per_share,USD,4925600.0,log_return,yahoo,DHT,yfinance/yahoo-chart,raw/yahoo_TANKER_DHT.csv,market-extract-4.2,2026-08-11T11:03:48+00:00,200,Close|High|Low|Open|Volume,,W17
2026-06-26,2026-06-26T20:00:00+00:00,True,16:00,America/New_York,TANKER_DHT,DHT Holdings,economic,equity,,adjusted_close,global,secondary,2,17.649999618530273,USD_per_share,USD,9984500.0,log_return,yahoo,DHT,yfinance/yahoo-chart,raw/yahoo_TANKER_DHT.csv,market-extract-4.2,2026-08-11T11:03:48+00:00,200,Close|High|Low|Open|Volume,,W17
2026-06-29,2026-06-29T20:00:00+00:00,True,16:00,America/New_York,TANKER_DHT,DHT Holdings,economic,equity,,adjusted_close,global,secondary,2,17.079999923706055,USD_per_share,USD,4784500.0,log_return,yahoo,DHT,yfinance/yahoo-chart,raw/yahoo_TANKER_DHT.csv,market-extract-4.2,2026-08-11T11:03:48+00:00,200,Close|High|Low|Open|Volume,,W18
2026-06-30,2026-06-30T20:00:00+00:00,True,16:00,America/New_York,TANKER_DHT,DHT Holdings,economic,equity,,adjusted_close,global,secondary,2,16.530000686645508,USD_per_share,USD,4523500.0,log_return,yahoo,DHT,yfinance/yahoo-chart,raw/yahoo_TANKER_DHT.csv,market-extract-4.2,2026-08-11T11:03:48+00:00,200,Close|High|Low|Open|Volume,,W18
2026-07-01,2026-07-01T20:00:00+00:00,True,16:00,America/New_York,TANKER_DHT,DHT Holdings,economic,equity,,adjusted_close,global,secondary,2,16.530000686645508,USD_per_share,USD,2677200.0,log_return,yahoo,DHT,yfinance/yahoo-chart,raw/yahoo_TANKER_DHT.csv,market-extract-4.2,2026-08-11T11:03:48+00:00,200,Close|High|Low|Open|Volume,,W18
2026-07-02,2026-07-02T20:00:00+00:00,True,16:00,America/New_York,TANKER_DHT,DHT Holdings,economic,equity,,adjusted_close,global,secondary,2,17.18000030517578,USD_per_share,USD,2801700.0,log_return,yahoo,DHT,yfinance/yahoo-chart,raw/yahoo_TANKER_DHT.csv,market-extract-4.2,2026-08-11T11:03:48+00:00,200,Close|High|Low|Open|Volume,,W18
2026-07-06,2026-07-06T20:00:00+00:00,True,16:00,America/New_York,TANKER_DHT,DHT Holdings,economic,equity,,adjusted_close,global,secondary,2,17.149999618530273,USD_per_share,USD,2896900.0,log_return,yahoo,DHT,yfinance/yahoo-chart,raw/yahoo_TANKER_DHT.csv,market-extract-4.2,2026-08-11T11:03:48+00:00,200,Close|High|Low|Open|Volume,,W19
2026-07-07,2026-07-07T20:00:00+00:00,True,16:00,America/New_York,TANKER_DHT,DHT Holdings,economic,equity,,adjusted_close,global,secondary,2,17.290000915527344,USD_per_share,USD,4192900.0,log_return,yahoo,DHT,yfinance/yahoo-chart,raw/yahoo_TANKER_DHT.csv,market-extract-4.2,2026-08-11T11:03:48+00:00,200,Close|High|Low|Open|Volume,,W19
2026-07-08,2026-07-08T20:00:00+00:00,True,16:00,America/New_York,TANKER_DHT,DHT Holdings,economic,equity,,adjusted_close,global,secondary,2,17.719999313354492,USD_per_share,USD,2809700.0,log_return,yahoo,DHT,yfinance/yahoo-chart,raw/yahoo_TANKER_DHT.csv,market-extract-4.2,2026-08-11T11:03:48+00:00,200,Close|High|Low|Open|Volume,,W19
2026-07-09,2026-07-09T20:00:00+00:00,True,16:00,America/New_York,TANKER_DHT,DHT Holdings,economic,equity,,adjusted_close,global,secondary,2,16.93000030517578,USD_per_share,USD,4028300.0,log_return,yahoo,DHT,yfinance/yahoo-chart,raw/yahoo_TANKER_DHT.csv,market-extract-4.2,2026-08-11T11:03:48+00:00,200,Close|High|Low|Open|Volume,,W19
2026-07-10,2026-07-10T20:00:00+00:00,True,16:00,America/New_York,TANKER_DHT,DHT Holdings,economic,equity,,adjusted_close,global,secondary,2,17.760000228881836,USD_per_share,USD,2332700.0,log_return,yahoo,DHT,yfinance/yahoo-chart,raw/yahoo_TANKER_DHT.csv,market-extract-4.2,2026-08-11T11:03:48+00:00,200,Close|High|Low|Open|Volume,,W19
2026-07-13,2026-07-13T20:00:00+00:00,True,16:00,America/New_York,TANKER_DHT,DHT Holdings,economic,equity,,adjusted_close,global,secondary,2,17.309999465942383,USD_per_share,USD,3415700.0,log_return,yahoo,DHT,yfinance/yahoo-chart,raw/yahoo_TANKER_DHT.csv,market-extract-4.2,2026-08-11T11:03:48+00:00,200,Close|High|Low|Open|Volume,,W20
2026-07-14,2026-07-14T20:00:00+00:00,True,16:00,America/New_York,TANKER_DHT,DHT Holdings,economic,equity,,adjusted_close,global,secondary,2,18.18000030517578,USD_per_share,USD,3478900.0,log_return,yahoo,DHT,yfinance/yahoo-chart,raw/yahoo_TANKER_DHT.csv,market-extract-4.2,2026-08-11T11:03:48+00:00,200,Close|High|Low|Open|Volume,,W20
2026-07-15,2026-07-15T20:00:00+00:00,True,16:00,America/New_York,TANKER_DHT,DHT Holdings,economic,equity,,adjusted_close,global,secondary,2,18.010000228881836,USD_per_share,USD,2455200.0,log_return,yahoo,DHT,yfinance/yahoo-chart,raw/yahoo_TANKER_DHT.csv,market-extract-4.2,2026-08-11T11:03:48+00:00,200,Close|High|Low|Open|Volume,,W20
2026-07-16,2026-07-16T20:00:00+00:00,True,16:00,America/New_York,TANKER_DHT,DHT Holdings,economic,equity,,adjusted_close,global,secondary,2,17.84000015258789,USD_per_share,USD,2463200.0,log_return,yahoo,DHT,yfinance/yahoo-chart,raw/yahoo_TANKER_DHT.csv,market-extract-4.2,2026-08-11T11:03:48+00:00,200,Close|High|Low|Open|Volume,,W20
2026-07-17,2026-07-17T20:00:00+00:00,True,16:00,America/New_York,TANKER_DHT,DHT Holdings,economic,equity,,adjusted_close,global,secondary,2,17.40999984741211,USD_per_share,USD,2530300.0,log_return,yahoo,DHT,yfinance/yahoo-chart,raw/yahoo_TANKER_DHT.csv,market-extract-4.2,2026-08-11T11:03:48+00:00,200,Close|High|Low|Open|Volume,,W20
2026-07-20,2026-07-20T20:00:00+00:00,True,16:00,America/New_York,TANKER_DHT,DHT Holdings,economic,equity,,adjusted_close,global,secondary,2,17.889999389648438,USD_per_share,USD,2621500.0,log_return,yahoo,DHT,yfinance/yahoo-chart,raw/yahoo_TANKER_DHT.csv,market-extract-4.2,2026-08-11T11:03:48+00:00,200,Close|High|Low|Open|Volume,,W21
2026-07-21,2026-07-21T20:00:00+00:00,True,16:00,America/New_York,TANKER_DHT,DHT Holdings,economic,equity,,adjusted_close,global,secondary,2,18.469999313354492,USD_per_share,USD,1926300.0,log_return,yahoo,DHT,yfinance/yahoo-chart,raw/yahoo_TANKER_DHT.csv,market-extract-4.2,2026-08-11T11:03:48+00:00,200,Close|High|Low|Open|Volume,,W21
2026-07-22,2026-07-22T20:00:00+00:00,True,16:00,America/New_York,TANKER_DHT,DHT Holdings,economic,equity,,adjusted_close,global,secondary,2,18.1299991607666,USD_per_share,USD,2235800.0,log_return,yahoo,DHT,yfinance/yahoo-chart,raw/yahoo_TANKER_DHT.csv,market-extract-4.2,2026-08-11T11:03:48+00:00,200,Close|High|Low|Open|Volume,,W21
2026-03-02,2026-03-02T21:00:00+00:00,True,16:00,America/New_York,DEFENSE,Defense industry ETF,economic,etf,,adjusted_close,global,secondary,3,250.24180603027344,USD_per_share,USD,2692100.0,log_return,yahoo,ITA,yfinance/yahoo-chart,raw/yahoo_DEFENSE.csv,market-extract-4.2,2026-08-11T11:03:48+00:00,200,Close|High|Low|Open|Volume,,W01
2026-03-03,2026-03-03T21:00:00+00:00,True,16:00,America/New_York,DEFENSE,Defense industry ETF,economic,etf,,adjusted_close,global,secondary,3,244.64935302734375,USD_per_share,USD,2110700.0,log_return,yahoo,ITA,yfinance/yahoo-chart,raw/yahoo_DEFENSE.csv,market-extract-4.2,2026-08-11T11:03:48+00:00,200,Close|High|Low|Open|Volume,,W01
2026-03-04,2026-03-04T21:00:00+00:00,True,16:00,America/New_York,DEFENSE,Defense industry ETF,economic,etf,,adjusted_close,global,secondary,3,246.6366729736328,USD_per_share,USD,1691000.0,log_return,yahoo,ITA,yfinance/yahoo-chart,raw/yahoo_DEFENSE.csv,market-extract-4.2,2026-08-11T11:03:48+00:00,200,Close|High|Low|Open|Volume,,W01
2026-03-05,2026-03-05T21:00:00+00:00,True,16:00,America/New_York,DEFENSE,Defense industry ETF,economic,etf,,adjusted_close,global,secondary,3,239.7160186767578,USD_per_share,USD,1879600.0,log_return,yahoo,ITA,yfinance/yahoo-chart,raw/yahoo_DEFENSE.csv,market-extract-4.2,2026-08-11T11:03:48+00:00,200,Close|High|Low|Open|Volume,,W01
2026-03-06,2026-03-06T21:00:00+00:00,True,16:00,America/New_York,DEFENSE,Defense industry ETF,economic,etf,,adjusted_close,global,secondary,3,241.8731231689453,USD_per_share,USD,2101400.0,log_return,yahoo,ITA,yfinance/yahoo-chart,raw/yahoo_DEFENSE.csv,market-extract-4.2,2026-08-11T11:03:48+00:00,200,Close|High|Low|Open|Volume,,W01
2026-03-09,2026-03-09T20:00:00+00:00,True,16:00,America/New_York,DEFENSE,Defense industry ETF,economic,etf,,adjusted_close,global,secondary,3,241.6634063720703,USD_per_share,USD,1292100.0,log_return,yahoo,ITA,yfinance/yahoo-chart,raw/yahoo_DEFENSE.csv,market-extract-4.2,2026-08-11T11:03:48+00:00,200,Close|High|Low|Open|Volume,,W02
2026-03-10,2026-03-10T20:00:00+00:00,True,16:00,America/New_York,DEFENSE,Defense industry ETF,economic,etf,,adjusted_close,global,secondary,3,239.39646911621094,USD_per_share,USD,907400.0,log_return,yahoo,ITA,yfinance/yahoo-chart,raw/yahoo_DEFENSE.csv,market-extract-4.2,2026-08-11T11:03:48+00:00,200,Close|High|Low|Open|Volume,,W02
2026-03-11,2026-03-11T20:00:00+00:00,True,16:00,America/New_York,DEFENSE,Defense industry ETF,economic,etf,,adjusted_close,global,secondary,3,238.35784912109375,USD_per_share,USD,780200.0,log_return,yahoo,ITA,yfinance/yahoo-chart,raw/yahoo_DEFENSE.csv,market-extract-4.2,2026-08-11T11:03:48+00:00,200,Close|High|Low|Open|Volume,,W02
2026-03-12,2026-03-12T20:00:00+00:00,True,16:00,America/New_York,DEFENSE,Defense industry ETF,economic,etf,,adjusted_close,global,secondary,3,231.17758178710938,USD_per_share,USD,10125700.0,log_return,yahoo,ITA,yfinance/yahoo-chart,raw/yahoo_DEFENSE.csv,market-extract-4.2,2026-08-11T11:03:48+00:00,200,Close|High|Low|Open|Volume,,W02
2026-03-13,2026-03-13T20:00:00+00:00,True,16:00,America/New_York,DEFENSE,Defense industry ETF,economic,etf,,adjusted_close,global,secondary,3,229.03045654296875,USD_per_share,USD,1750300.0,log_return,yahoo,ITA,yfinance/yahoo-chart,raw/yahoo_DEFENSE.csv,market-extract-4.2,2026-08-11T11:03:48+00:00,200,Close|High|Low|Open|Volume,,W02
2026-03-16,2026-03-16T20:00:00+00:00,True,16:00,America/New_York,DEFENSE,Defense industry ETF,economic,etf,,adjusted_close,global,secondary,3,232.49578857421875,USD_per_share,USD,1613800.0,log_return,yahoo,ITA,yfinance/yahoo-chart,raw/yahoo_DEFENSE.csv,market-extract-4.2,2026-08-11T11:03:48+00:00,200,Close|High|Low|Open|Volume,,W03
2026-03-17,2026-03-17T20:00:00+00:00,True,16:00,America/New_York,DEFENSE,Defense industry ETF,economic,etf,,adjusted_close,global,secondary,3,232.7366180419922,USD_per_share,USD,816100.0,log_return,yahoo,ITA,yfinance/yahoo-chart,raw/yahoo_DEFENSE.csv,market-extract-4.2,2026-08-11T11:03:48+00:00,200,Close|High|Low|Open|Volume,,W03
2026-03-18,2026-03-18T20:00:00+00:00,True,16:00,America/New_York,DEFENSE,Defense industry ETF,economic,etf,,adjusted_close,global,secondary,3,231.2676544189453,USD_per_share,USD,694400.0,log_return,yahoo,ITA,yfinance/yahoo-chart,raw/yahoo_DEFENSE.csv,market-extract-4.2,2026-08-11T11:03:48+00:00,200,Close|High|Low|Open|Volume,,W03
2026-03-19,2026-03-19T20:00:00+00:00,True,16:00,America/New_York,DEFENSE,Defense industry ETF,economic,etf,,adjusted_close,global,secondary,3,227.16053771972656,USD_per_share,USD,1319900.0,log_return,yahoo,ITA,yfinance/yahoo-chart,raw/yahoo_DEFENSE.csv,market-extract-4.2,2026-08-11T11:03:48+00:00,200,Close|High|Low|Open|Volume,,W03
2026-03-20,2026-03-20T20:00:00+00:00,True,16:00,America/New_York,DEFENSE,Defense industry ETF,economic,etf,,adjusted_close,global,secondary,3,222.40386962890625,USD_per_share,USD,1194000.0,log_return,yahoo,ITA,yfinance/yahoo-chart,raw/yahoo_DEFENSE.csv,market-extract-4.2,2026-08-11T11:03:48+00:00,200,Close|High|Low|Open|Volume,,W03
2026-03-23,2026-03-23T20:00:00+00:00,True,16:00,America/New_York,DEFENSE,Defense industry ETF,economic,etf,,adjusted_close,global,secondary,3,223.19332885742188,USD_per_share,USD,1126200.0,log_return,yahoo,ITA,yfinance/yahoo-chart,raw/yahoo_DEFENSE.csv,market-extract-4.2,2026-08-11T11:03:48+00:00,200,Close|High|Low|Open|Volume,,W04
2026-03-24,2026-03-24T20:00:00+00:00,True,16:00,America/New_York,DEFENSE,Defense industry ETF,economic,etf,,adjusted_close,global,secondary,3,222.48382568359375,USD_per_share,USD,1408100.0,log_return,yahoo,ITA,yfinance/yahoo-chart,raw/yahoo_DEFENSE.csv,market-extract-4.2,2026-08-11T11:03:48+00:00,200,Close|High|Low|Open|Volume,,W04
2026-03-25,2026-03-25T20:00:00+00:00,True,16:00,America/New_York,DEFENSE,Defense industry ETF,economic,etf,,adjusted_close,global,secondary,3,225.70156860351562,USD_per_share,USD,1350900.0,log_return,yahoo,ITA,yfinance/yahoo-chart,raw/yahoo_DEFENSE.csv,market-extract-4.2,2026-08-11T11:03:48+00:00,200,Close|High|Low|Open|Volume,,W04
2026-03-26,2026-03-26T20:00:00+00:00,True,16:00,America/New_York,DEFENSE,Defense industry ETF,economic,etf,,adjusted_close,global,secondary,3,219.965576171875,USD_per_share,USD,1212600.0,log_return,yahoo,ITA,yfinance/yahoo-chart,raw/yahoo_DEFENSE.csv,market-extract-4.2,2026-08-11T11:03:48+00:00,200,Close|High|Low|Open|Volume,,W04
2026-03-27,2026-03-27T20:00:00+00:00,True,16:00,America/New_York,DEFENSE,Defense industry ETF,economic,etf,,adjusted_close,global,secondary,3,215.88844299316406,USD_per_share,USD,718100.0,log_return,yahoo,ITA,yfinance/yahoo-chart,raw/yahoo_DEFENSE.csv,market-extract-4.2,2026-08-11T11:03:48+00:00,200,Close|High|Low|Open|Volume,,W04
2026-03-30,2026-03-30T20:00:00+00:00,True,16:00,America/New_York,DEFENSE,Defense industry ETF,economic,etf,,adjusted_close,global,secondary,3,210.64212036132812,USD_per_share,USD,1478700.0,log_return,yahoo,ITA,yfinance/yahoo-chart,raw/yahoo_DEFENSE.csv,market-extract-4.2,2026-08-11T11:03:48+00:00,200,Close|High|Low|Open|Volume,,W05
2026-03-31,2026-03-31T20:00:00+00:00,True,16:00,America/New_York,DEFENSE,Defense industry ETF,economic,etf,,adjusted_close,global,secondary,3,218.59654235839844,USD_per_share,USD,827600.0,log_return,yahoo,ITA,yfinance/yahoo-chart,raw/yahoo_DEFENSE.csv,market-extract-4.2,2026-08-11T11:03:48+00:00,200,Close|High|Low|Open|Volume,,W05
2026-04-01,2026-04-01T20:00:00+00:00,True,16:00,America/New_York,DEFENSE,Defense industry ETF,economic,etf,,adjusted_close,global,secondary,3,223.48312377929688,USD_per_share,USD,1367900.0,log_return,yahoo,ITA,yfinance/yahoo-chart,raw/yahoo_DEFENSE.csv,market-extract-4.2,2026-08-11T11:03:48+00:00,200,Close|High|Low|Open|Volume,,W05
2026-04-02,2026-04-02T20:00:00+00:00,True,16:00,America/New_York,DEFENSE,Defense industry ETF,economic,etf,,adjusted_close,global,secondary,3,221.75433349609375,USD_per_share,USD,800700.0,log_return,yahoo,ITA,yfinance/yahoo-chart,raw/yahoo_DEFENSE.csv,market-extract-4.2,2026-08-11T11:03:48+00:00,200,Close|High|Low|Open|Volume,,W05
2026-04-06,2026-04-06T20:00:00+00:00,True,16:00,America/New_York,DEFENSE,Defense industry ETF,economic,etf,,adjusted_close,global,secondary,3,225.04202270507812,USD_per_share,USD,787700.0,log_return,yahoo,ITA,yfinance/yahoo-chart,raw/yahoo_DEFENSE.csv,market-extract-4.2,2026-08-11T11:03:48+00:00,200,Close|High|Low|Open|Volume,,W06
2026-04-07,2026-04-07T20:00:00+00:00,True,16:00,America/New_York,DEFENSE,Defense industry ETF,economic,etf,,adjusted_close,global,secondary,3,223.1433563232422,USD_per_share,USD,593300.0,log_return,yahoo,ITA,yfinance/yahoo-chart,raw/yahoo_DEFENSE.csv,market-extract-4.2,2026-08-11T11:03:48+00:00,200,Close|High|Low|Open|Volume,,W06
2026-04-08,2026-04-08T20:00:00+00:00,True,16:00,America/New_York,DEFENSE,Defense industry ETF,economic,etf,,adjusted_close,global,secondary,3,232.00714111328125,USD_per_share,USD,691600.0,log_return,yahoo,ITA,yfinance/yahoo-chart,raw/yahoo_DEFENSE.csv,market-extract-4.2,2026-08-11T11:03:48+00:00,200,Close|High|Low|Open|Volume,,W06
2026-04-09,2026-04-09T20:00:00+00:00,True,16:00,America/New_York,DEFENSE,Defense industry ETF,economic,etf,,adjusted_close,global,secondary,3,231.597412109375,USD_per_share,USD,651400.0,log_return,yahoo,ITA,yfinance/yahoo-chart,raw/yahoo_DEFENSE.csv,market-extract-4.2,2026-08-11T11:03:48+00:00,200,Close|High|Low|Open|Volume,,W06
2026-04-10,2026-04-10T20:00:00+00:00,True,16:00,America/New_York,DEFENSE,Defense industry ETF,economic,etf,,adjusted_close,global,secondary,3,229.47891235351562,USD_per_share,USD,448000.0,log_return,yahoo,ITA,yfinance/yahoo-chart,raw/yahoo_DEFENSE.csv,market-extract-4.2,2026-08-11T11:03:48+00:00,200,Close|High|Low|Open|Volume,,W06
2026-04-13,2026-04-13T20:00:00+00:00,True,16:00,America/New_York,DEFENSE,Defense industry ETF,economic,etf,,adjusted_close,global,secondary,3,232.6466827392578,USD_per_share,USD,651200.0,log_return,yahoo,ITA,yfinance/yahoo-chart,raw/yahoo_DEFENSE.csv,market-extract-4.2,2026-08-11T11:03:48+00:00,200,Close|High|Low|Open|Volume,,W07
2026-04-14,2026-04-14T20:00:00+00:00,True,16:00,America/New_York,DEFENSE,Defense industry ETF,economic,etf,,adjusted_close,global,secondary,3,235.2648468017578,USD_per_share,USD,621600.0,log_return,yahoo,ITA,yfinance/yahoo-chart,raw/yahoo_DEFENSE.csv,market-extract-4.2,2026-08-11T11:03:48+00:00,200,Close|High|Low|Open|Volume,,W07
2026-04-15,2026-04-15T20:00:00+00:00,True,16:00,America/New_York,DEFENSE,Defense industry ETF,economic,etf,,adjusted_close,global,secondary,3,233.83584594726562,USD_per_share,USD,616600.0,log_return,yahoo,ITA,yfinance/yahoo-chart,raw/yahoo_DEFENSE.csv,market-extract-4.2,2026-08-11T11:03:48+00:00,200,Close|High|Low|Open|Volume,,W07
2026-04-16,2026-04-16T20:00:00+00:00,True,16:00,America/New_York,DEFENSE,Defense industry ETF,economic,etf,,adjusted_close,global,secondary,3,228.8693389892578,USD_per_share,USD,663500.0,log_return,yahoo,ITA,yfinance/yahoo-chart,raw/yahoo_DEFENSE.csv,market-extract-4.2,2026-08-11T11:03:48+00:00,200,Close|High|Low|Open|Volume,,W07
2026-04-17,2026-04-17T20:00:00+00:00,True,16:00,America/New_York,DEFENSE,Defense industry ETF,economic,etf,,adjusted_close,global,secondary,3,231.7772979736328,USD_per_share,USD,1162400.0,log_return,yahoo,ITA,yfinance/yahoo-chart,raw/yahoo_DEFENSE.csv,market-extract-4.2,2026-08-11T11:03:48+00:00,200,Close|High|Low|Open|Volume,,W07
2026-04-20,2026-04-20T20:00:00+00:00,True,16:00,America/New_York,DEFENSE,Defense industry ETF,economic,etf,,adjusted_close,global,secondary,3,231.68736267089844,USD_per_share,USD,392500.0,log_return,yahoo,ITA,yfinance/yahoo-chart,raw/yahoo_DEFENSE.csv,market-extract-4.2,2026-08-11T11:03:48+00:00,200,Close|High|Low|Open|Volume,,W08
2026-04-21,2026-04-21T20:00:00+00:00,True,16:00,America/New_York,DEFENSE,Defense industry ETF,economic,etf,,adjusted_close,global,secondary,3,222.93350219726562,USD_per_share,USD,955200.0,log_return,yahoo,ITA,yfinance/yahoo-chart,raw/yahoo_DEFENSE.csv,market-extract-4.2,2026-08-11T11:03:48+00:00,200,Close|High|Low|Open|Volume,,W08
2026-04-22,2026-04-22T20:00:00+00:00,True,16:00,America/New_York,DEFENSE,Defense industry ETF,economic,etf,,adjusted_close,global,secondary,3,218.9962615966797,USD_per_share,USD,1916800.0,log_return,yahoo,ITA,yfinance/yahoo-chart,raw/yahoo_DEFENSE.csv,market-extract-4.2,2026-08-11T11:03:48+00:00,200,Close|High|Low|Open|Volume,,W08
2026-04-23,2026-04-23T20:00:00+00:00,True,16:00,America/New_York,DEFENSE,Defense industry ETF,economic,etf,,adjusted_close,global,secondary,3,218.956298828125,USD_per_share,USD,1386700.0,log_return,yahoo,ITA,yfinance/yahoo-chart,raw/yahoo_DEFENSE.csv,market-extract-4.2,2026-08-11T11:03:48+00:00,200,Close|High|Low|Open|Volume,,W08
2026-04-24,2026-04-24T20:00:00+00:00,True,16:00,America/New_York,DEFENSE,Defense industry ETF,economic,etf,,adjusted_close,global,secondary,3,215.64862060546875,USD_per_share,USD,1435300.0,log_return,yahoo,ITA,yfinance/yahoo-chart,raw/yahoo_DEFENSE.csv,market-extract-4.2,2026-08-11T11:03:48+00:00,200,Close|High|Low|Open|Volume,,W08
2026-04-27,2026-04-27T20:00:00+00:00,True,16:00,America/New_York,DEFENSE,Defense industry ETF,economic,etf,,adjusted_close,global,secondary,3,215.88844299316406,USD_per_share,USD,692600.0,log_return,yahoo,ITA,yfinance/yahoo-chart,raw/yahoo_DEFENSE.csv,market-extract-4.2,2026-08-11T11:03:48+00:00,200,Close|High|Low|Open|Volume,,W09
2026-04-28,2026-04-28T20:00:00+00:00,True,16:00,America/New_York,DEFENSE,Defense industry ETF,economic,etf,,adjusted_close,global,secondary,3,216.05833435058594,USD_per_share,USD,1157700.0,log_return,yahoo,ITA,yfinance/yahoo-chart,raw/yahoo_DEFENSE.csv,market-extract-4.2,2026-08-11T11:03:48+00:00,200,Close|High|Low|Open|Volume,,W09
2026-04-29,2026-04-29T20:00:00+00:00,True,16:00,America/New_York,DEFENSE,Defense industry ETF,economic,etf,,adjusted_close,global,secondary,3,212.990478515625,USD_per_share,USD,1637400.0,log_return,yahoo,ITA,yfinance/yahoo-chart,raw/yahoo_DEFENSE.csv,market-extract-4.2,2026-08-11T11:03:48+00:00,200,Close|High|Low|Open|Volume,,W09
2026-04-30,2026-04-30T20:00:00+00:00,True,16:00,America/New_York,DEFENSE,Defense industry ETF,economic,etf,,adjusted_close,global,secondary,3,218.40667724609375,USD_per_share,USD,901000.0,log_return,yahoo,ITA,yfinance/yahoo-chart,raw/yahoo_DEFENSE.csv,market-extract-4.2,2026-08-11T11:03:48+00:00,200,Close|High|Low|Open|Volume,,W09
2026-05-01,2026-05-01T20:00:00+00:00,True,16:00,America/New_York,DEFENSE,Defense industry ETF,economic,etf,,adjusted_close,global,secondary,3,216.1182861328125,USD_per_share,USD,1026000.0,log_return,yahoo,ITA,yfinance/yahoo-chart,raw/yahoo_DEFENSE.csv,market-extract-4.2,2026-08-11T11:03:48+00:00,200,Close|High|Low|Open|Volume,,W09
2026-05-04,2026-05-04T20:00:00+00:00,True,16:00,America/New_York,DEFENSE,Defense industry ETF,economic,etf,,adjusted_close,global,secondary,3,214.17965698242188,USD_per_share,USD,1100300.0,log_return,yahoo,ITA,yfinance/yahoo-chart,raw/yahoo_DEFENSE.csv,market-extract-4.2,2026-08-11T11:03:48+00:00,200,Close|High|Low|Open|Volume,,W10
2026-05-05,2026-05-05T20:00:00+00:00,True,16:00,America/New_York,DEFENSE,Defense industry ETF,economic,etf,,adjusted_close,global,secondary,3,215.2189178466797,USD_per_share,USD,814000.0,log_return,yahoo,ITA,yfinance/yahoo-chart,raw/yahoo_DEFENSE.csv,market-extract-4.2,2026-08-11T11:03:48+00:00,200,Close|High|Low|Open|Volume,,W10
2026-05-06,2026-05-06T20:00:00+00:00,True,16:00,America/New_York,DEFENSE,Defense industry ETF,economic,etf,,adjusted_close,global,secondary,3,223.26327514648438,USD_per_share,USD,1126100.0,log_return,yahoo,ITA,yfinance/yahoo-chart,raw/yahoo_DEFENSE.csv,market-extract-4.2,2026-08-11T11:03:48+00:00,200,Close|High|Low|Open|Volume,,W10
2026-05-07,2026-05-07T20:00:00+00:00,True,16:00,America/New_York,DEFENSE,Defense industry ETF,economic,etf,,adjusted_close,global,secondary,3,222.35391235351562,USD_per_share,USD,773900.0,log_return,yahoo,ITA,yfinance/yahoo-chart,raw/yahoo_DEFENSE.csv,market-extract-4.2,2026-08-11T11:03:48+00:00,200,Close|High|Low|Open|Volume,,W10
2026-05-08,2026-05-08T20:00:00+00:00,True,16:00,America/New_York,DEFENSE,Defense industry ETF,economic,etf,,adjusted_close,global,secondary,3,223.33323669433594,USD_per_share,USD,709700.0,log_return,yahoo,ITA,yfinance/yahoo-chart,raw/yahoo_DEFENSE.csv,market-extract-4.2,2026-08-11T11:03:48+00:00,200,Close|High|Low|Open|Volume,,W10
2026-05-11,2026-05-11T20:00:00+00:00,True,16:00,America/New_York,DEFENSE,Defense industry ETF,economic,etf,,adjusted_close,global,secondary,3,225.83148193359375,USD_per_share,USD,811300.0,log_return,yahoo,ITA,yfinance/yahoo-chart,raw/yahoo_DEFENSE.csv,market-extract-4.2,2026-08-11T11:03:48+00:00,200,Close|High|Low|Open|Volume,,W11
2026-05-12,2026-05-12T20:00:00+00:00,True,16:00,America/New_York,DEFENSE,Defense industry ETF,economic,etf,,adjusted_close,global,secondary,3,225.2318878173828,USD_per_share,USD,661100.0,log_return,yahoo,ITA,yfinance/yahoo-chart,raw/yahoo_DEFENSE.csv,market-extract-4.2,2026-08-11T11:03:48+00:00,200,Close|High|Low|Open|Volume,,W11
2026-05-13,2026-05-13T20:00:00+00:00,True,16:00,America/New_York,DEFENSE,Defense industry ETF,economic,etf,,adjusted_close,global,secondary,3,225.5516815185547,USD_per_share,USD,474800.0,log_return,yahoo,ITA,yfinance/yahoo-chart,raw/yahoo_DEFENSE.csv,market-extract-4.2,2026-08-11T11:03:48+00:00,200,Close|High|Low|Open|Volume,,W11
2026-05-14,2026-05-14T20:00:00+00:00,True,16:00,America/New_York,DEFENSE,Defense industry ETF,economic,etf,,adjusted_close,global,secondary,3,224.30255126953125,USD_per_share,USD,614000.0,log_return,yahoo,ITA,yfinance/yahoo-chart,raw/yahoo_DEFENSE.csv,market-extract-4.2,2026-08-11T11:03:48+00:00,200,Close|High|Low|Open|Volume,,W11
2026-05-15,2026-05-15T20:00:00+00:00,True,16:00,America/New_York,DEFENSE,Defense industry ETF,economic,etf,,adjusted_close,global,secondary,3,217.1175994873047,USD_per_share,USD,733800.0,log_return,yahoo,ITA,yfinance/yahoo-chart,raw/yahoo_DEFENSE.csv,market-extract-4.2,2026-08-11T11:03:48+00:00,200,Close|High|Low|Open|Volume,,W11
2026-05-18,2026-05-18T20:00:00+00:00,True,16:00,America/New_York,DEFENSE,Defense industry ETF,economic,etf,,adjusted_close,global,secondary,3,220.07550048828125,USD_per_share,USD,820700.0,log_return,yahoo,ITA,yfinance/yahoo-chart,raw/yahoo_DEFENSE.csv,market-extract-4.2,2026-08-11T11:03:48+00:00,200,Close|High|Low|Open|Volume,,W12
2026-05-19,2026-05-19T20:00:00+00:00,True,16:00,America/New_York,DEFENSE,Defense industry ETF,economic,etf,,adjusted_close,global,secondary,3,218.16685485839844,USD_per_share,USD,988300.0,log_return,yahoo,ITA,yfinance/yahoo-chart,raw/yahoo_DEFENSE.csv,market-extract-4.2,2026-08-11T11:03:48+00:00,200,Close|High|Low|Open|Volume,,W12
2026-05-20,2026-05-20T20:00:00+00:00,True,16:00,America/New_York,DEFENSE,Defense industry ETF,economic,etf,,adjusted_close,global,secondary,3,223.1233673095703,USD_per_share,USD,880900.0,log_return,yahoo,ITA,yfinance/yahoo-chart,raw/yahoo_DEFENSE.csv,market-extract-4.2,2026-08-11T11:03:48+00:00,200,Close|High|Low|Open|Volume,,W12
2026-05-21,2026-05-21T20:00:00+00:00,True,16:00,America/New_York,DEFENSE,Defense industry ETF,economic,etf,,adjusted_close,global,secondary,3,222.9934539794922,USD_per_share,USD,486400.0,log_return,yahoo,ITA,yfinance/yahoo-chart,raw/yahoo_DEFENSE.csv,market-extract-4.2,2026-08-11T11:03:48+00:00,200,Close|High|Low|Open|Volume,,W12
2026-05-22,2026-05-22T20:00:00+00:00,True,16:00,America/New_York,DEFENSE,Defense industry ETF,economic,etf,,adjusted_close,global,secondary,3,225.21189880371094,USD_per_share,USD,459600.0,log_return,yahoo,ITA,yfinance/yahoo-chart,raw/yahoo_DEFENSE.csv,market-extract-4.2,2026-08-11T11:03:48+00:00,200,Close|High|Low|Open|Volume,,W12
2026-05-26,2026-05-26T20:00:00+00:00,True,16:00,America/New_York,DEFENSE,Defense industry ETF,economic,etf,,adjusted_close,global,secondary,3,229.3290252685547,USD_per_share,USD,1062300.0,log_return,yahoo,ITA,yfinance/yahoo-chart,raw/yahoo_DEFENSE.csv,market-extract-4.2,2026-08-11T11:03:48+00:00,200,Close|High|Low|Open|Volume,,W13
2026-05-27,2026-05-27T20:00:00+00:00,True,16:00,America/New_York,DEFENSE,Defense industry ETF,economic,etf,,adjusted_close,global,secondary,3,230.3183135986328,USD_per_share,USD,1151200.0,log_return,yahoo,ITA,yfinance/yahoo-chart,raw/yahoo_DEFENSE.csv,market-extract-4.2,2026-08-11T11:03:48+00:00,200,Close|High|Low|Open|Volume,,W13
2026-05-28,2026-05-28T20:00:00+00:00,True,16:00,America/New_York,DEFENSE,Defense industry ETF,economic,etf,,adjusted_close,global,secondary,3,235.40475463867188,USD_per_share,USD,1107100.0,log_return,yahoo,ITA,yfinance/yahoo-chart,raw/yahoo_DEFENSE.csv,market-extract-4.2,2026-08-11T11:03:48+00:00,200,Close|High|Low|Open|Volume,,W13
2026-05-29,2026-05-29T20:00:00+00:00,True,16:00,America/New_York,DEFENSE,Defense industry ETF,economic,etf,,adjusted_close,global,secondary,3,235.27484130859375,USD_per_share,USD,1427700.0,log_return,yahoo,ITA,yfinance/yahoo-chart,raw/yahoo_DEFENSE.csv,market-extract-4.2,2026-08-11T11:03:48+00:00,200,Close|High|Low|Open|Volume,,W13
2026-06-01,2026-06-01T20:00:00+00:00,True,16:00,America/New_York,DEFENSE,Defense industry ETF,economic,etf,,adjusted_close,global,secondary,3,229.74871826171875,USD_per_share,USD,993300.0,log_return,yahoo,ITA,yfinance/yahoo-chart,raw/yahoo_DEFENSE.csv,market-extract-4.2,2026-08-11T11:03:48+00:00,200,Close|High|Low|Open|Volume,,W14
2026-06-02,2026-06-02T20:00:00+00:00,True,16:00,America/New_York,DEFENSE,Defense industry ETF,economic,etf,,adjusted_close,global,secondary,3,228.16983032226562,USD_per_share,USD,974400.0,log_return,yahoo,ITA,yfinance/yahoo-chart,raw/yahoo_DEFENSE.csv,market-extract-4.2,2026-08-11T11:03:48+00:00,200,Close|High|Low|Open|Volume,,W14
2026-06-03,2026-06-03T20:00:00+00:00,True,16:00,America/New_York,DEFENSE,Defense industry ETF,economic,etf,,adjusted_close,global,secondary,3,224.73223876953125,USD_per_share,USD,941300.0,log_return,yahoo,ITA,yfinance/yahoo-chart,raw/yahoo_DEFENSE.csv,market-extract-4.2,2026-08-11T11:03:48+00:00,200,Close|High|Low|Open|Volume,,W14
2026-06-04,2026-06-04T20:00:00+00:00,True,16:00,America/New_York,DEFENSE,Defense industry ETF,economic,etf,,adjusted_close,global,secondary,3,231.40756225585938,USD_per_share,USD,1023300.0,log_return,yahoo,ITA,yfinance/yahoo-chart,raw/yahoo_DEFENSE.csv,market-extract-4.2,2026-08-11T11:03:48+00:00,200,Close|High|Low|Open|Volume,,W14
2026-06-05,2026-06-05T20:00:00+00:00,True,16:00,America/New_York,DEFENSE,Defense industry ETF,economic,etf,,adjusted_close,global,secondary,3,229.28904724121094,USD_per_share,USD,1018100.0,log_return,yahoo,ITA,yfinance/yahoo-chart,raw/yahoo_DEFENSE.csv,market-extract-4.2,2026-08-11T11:03:48+00:00,200,Close|High|Low|Open|Volume,,W14
2026-06-08,2026-06-08T20:00:00+00:00,True,16:00,America/New_York,DEFENSE,Defense industry ETF,economic,etf,,adjusted_close,global,secondary,3,227.10057067871094,USD_per_share,USD,722000.0,log_return,yahoo,ITA,yfinance/yahoo-chart,raw/yahoo_DEFENSE.csv,market-extract-4.2,2026-08-11T11:03:48+00:00,200,Close|High|Low|Open|Volume,,W15
2026-06-09,2026-06-09T20:00:00+00:00,True,16:00,America/New_York,DEFENSE,Defense industry ETF,economic,etf,,adjusted_close,global,secondary,3,230.28834533691406,USD_per_share,USD,866400.0,log_return,yahoo,ITA,yfinance/yahoo-chart,raw/yahoo_DEFENSE.csv,market-extract-4.2,2026-08-11T11:03:48+00:00,200,Close|High|Low|Open|Volume,,W15
2026-06-10,2026-06-10T20:00:00+00:00,True,16:00,America/New_York,DEFENSE,Defense industry ETF,economic,etf,,adjusted_close,global,secondary,3,224.71224975585938,USD_per_share,USD,651400.0,log_return,yahoo,ITA,yfinance/yahoo-chart,raw/yahoo_DEFENSE.csv,market-extract-4.2,2026-08-11T11:03:48+00:00,200,Close|High|Low|Open|Volume,,W15
2026-06-11,2026-06-11T20:00:00+00:00,True,16:00,America/New_York,DEFENSE,Defense industry ETF,economic,etf,,adjusted_close,global,secondary,3,235.87442016601562,USD_per_share,USD,1079600.0,log_return,yahoo,ITA,yfinance/yahoo-chart,raw/yahoo_DEFENSE.csv,market-extract-4.2,2026-08-11T11:03:48+00:00,200,Close|High|Low|Open|Volume,,W15
2026-06-12,2026-06-12T20:00:00+00:00,True,16:00,America/New_York,DEFENSE,Defense industry ETF,economic,etf,,adjusted_close,global,secondary,3,233.62599182128906,USD_per_share,USD,648500.0,log_return,yahoo,ITA,yfinance/yahoo-chart,raw/yahoo_DEFENSE.csv,market-extract-4.2,2026-08-11T11:03:48+00:00,200,Close|High|Low|Open|Volume,,W15
2026-06-15,2026-06-15T20:00:00+00:00,True,16:00,America/New_York,DEFENSE,Defense industry ETF,economic,etf,,adjusted_close,global,secondary,3,237.39999389648438,USD_per_share,USD,697800.0,log_return,yahoo,ITA,yfinance/yahoo-chart,raw/yahoo_DEFENSE.csv,market-extract-4.2,2026-08-11T11:03:48+00:00,200,Close|High|Low|Open|Volume,,W16
2026-06-16,2026-06-16T20:00:00+00:00,True,16:00,America/New_York,DEFENSE,Defense industry ETF,economic,etf,,adjusted_close,global,secondary,3,239.52000427246094,USD_per_share,USD,652400.0,log_return,yahoo,ITA,yfinance/yahoo-chart,raw/yahoo_DEFENSE.csv,market-extract-4.2,2026-08-11T11:03:48+00:00,200,Close|High|Low|Open|Volume,,W16
2026-06-17,2026-06-17T20:00:00+00:00,True,16:00,America/New_York,DEFENSE,Defense industry ETF,economic,etf,,adjusted_close,global,secondary,3,242.7899932861328,USD_per_share,USD,733600.0,log_return,yahoo,ITA,yfinance/yahoo-chart,raw/yahoo_DEFENSE.csv,market-extract-4.2,2026-08-11T11:03:48+00:00,200,Close|High|Low|Open|Volume,,W16
2026-06-18,2026-06-18T20:00:00+00:00,True,16:00,America/New_York,DEFENSE,Defense industry ETF,economic,etf,,adjusted_close,global,secondary,3,238.99000549316406,USD_per_share,USD,920700.0,log_return,yahoo,ITA,yfinance/yahoo-chart,raw/yahoo_DEFENSE.csv,market-extract-4.2,2026-08-11T11:03:48+00:00,200,Close|High|Low|Open|Volume,,W16
2026-06-22,2026-06-22T20:00:00+00:00,True,16:00,America/New_York,DEFENSE,Defense industry ETF,economic,etf,,adjusted_close,global,secondary,3,235.50999450683594,USD_per_share,USD,1046700.0,log_return,yahoo,ITA,yfinance/yahoo-chart,raw/yahoo_DEFENSE.csv,market-extract-4.2,2026-08-11T11:03:48+00:00,200,Close|High|Low|Open|Volume,,W17
2026-06-23,2026-06-23T20:00:00+00:00,True,16:00,America/New_York,DEFENSE,Defense industry ETF,economic,etf,,adjusted_close,global,secondary,3,235.92999267578125,USD_per_share,USD,553800.0,log_return,yahoo,ITA,yfinance/yahoo-chart,raw/yahoo_DEFENSE.csv,market-extract-4.2,2026-08-11T11:03:48+00:00,200,Close|High|Low|Open|Volume,,W17
2026-06-24,2026-06-24T20:00:00+00:00,True,16:00,America/New_York,DEFENSE,Defense industry ETF,economic,etf,,adjusted_close,global,secondary,3,236.19000244140625,USD_per_share,USD,840200.0,log_return,yahoo,ITA,yfinance/yahoo-chart,raw/yahoo_DEFENSE.csv,market-extract-4.2,2026-08-11T11:03:48+00:00,200,Close|High|Low|Open|Volume,,W17
2026-06-25,2026-06-25T20:00:00+00:00,True,16:00,America/New_York,DEFENSE,Defense industry ETF,economic,etf,,adjusted_close,global,secondary,3,237.3800048828125,USD_per_share,USD,786300.0,log_return,yahoo,ITA,yfinance/yahoo-chart,raw/yahoo_DEFENSE.csv,market-extract-4.2,2026-08-11T11:03:48+00:00,200,Close|High|Low|Open|Volume,,W17
2026-06-26,2026-06-26T20:00:00+00:00,True,16:00,America/New_York,DEFENSE,Defense industry ETF,economic,etf,,adjusted_close,global,secondary,3,236.77999877929688,USD_per_share,USD,524100.0,log_return,yahoo,ITA,yfinance/yahoo-chart,raw/yahoo_DEFENSE.csv,market-extract-4.2,2026-08-11T11:03:48+00:00,200,Close|High|Low|Open|Volume,,W17
2026-06-29,2026-06-29T20:00:00+00:00,True,16:00,America/New_York,DEFENSE,Defense industry ETF,economic,etf,,adjusted_close,global,secondary,3,239.1300048828125,USD_per_share,USD,527700.0,log_return,yahoo,ITA,yfinance/yahoo-chart,raw/yahoo_DEFENSE.csv,market-extract-4.2,2026-08-11T11:03:48+00:00,200,Close|High|Low|Open|Volume,,W18
2026-06-30,2026-06-30T20:00:00+00:00,True,16:00,America/New_York,DEFENSE,Defense industry ETF,economic,etf,,adjusted_close,global,secondary,3,242.4199981689453,USD_per_share,USD,643300.0,log_return,yahoo,ITA,yfinance/yahoo-chart,raw/yahoo_DEFENSE.csv,market-extract-4.2,2026-08-11T11:03:48+00:00,200,Close|High|Low|Open|Volume,,W18
2026-07-01,2026-07-01T20:00:00+00:00,True,16:00,America/New_York,DEFENSE,Defense industry ETF,economic,etf,,adjusted_close,global,secondary,3,243.86000061035156,USD_per_share,USD,858300.0,log_return,yahoo,ITA,yfinance/yahoo-chart,raw/yahoo_DEFENSE.csv,market-extract-4.2,2026-08-11T11:03:48+00:00,200,Close|High|Low|Open|Volume,,W18
2026-07-02,2026-07-02T20:00:00+00:00,True,16:00,America/New_York,DEFENSE,Defense industry ETF,economic,etf,,adjusted_close,global,secondary,3,248.19000244140625,USD_per_share,USD,731100.0,log_return,yahoo,ITA,yfinance/yahoo-chart,raw/yahoo_DEFENSE.csv,market-extract-4.2,2026-08-11T11:03:48+00:00,200,Close|High|Low|Open|Volume,,W18
2026-07-06,2026-07-06T20:00:00+00:00,True,16:00,America/New_York,DEFENSE,Defense industry ETF,economic,etf,,adjusted_close,global,secondary,3,250.77999877929688,USD_per_share,USD,1064300.0,log_return,yahoo,ITA,yfinance/yahoo-chart,raw/yahoo_DEFENSE.csv,market-extract-4.2,2026-08-11T11:03:48+00:00,200,Close|High|Low|Open|Volume,,W19
2026-07-07,2026-07-07T20:00:00+00:00,True,16:00,America/New_York,DEFENSE,Defense industry ETF,economic,etf,,adjusted_close,global,secondary,3,245.11000061035156,USD_per_share,USD,579300.0,log_return,yahoo,ITA,yfinance/yahoo-chart,raw/yahoo_DEFENSE.csv,market-extract-4.2,2026-08-11T11:03:48+00:00,200,Close|High|Low|Open|Volume,,W19
2026-07-08,2026-07-08T20:00:00+00:00,True,16:00,America/New_York,DEFENSE,Defense industry ETF,economic,etf,,adjusted_close,global,secondary,3,239.6300048828125,USD_per_share,USD,758600.0,log_return,yahoo,ITA,yfinance/yahoo-chart,raw/yahoo_DEFENSE.csv,market-extract-4.2,2026-08-11T11:03:48+00:00,200,Close|High|Low|Open|Volume,,W19
2026-07-09,2026-07-09T20:00:00+00:00,True,16:00,America/New_York,DEFENSE,Defense industry ETF,economic,etf,,adjusted_close,global,secondary,3,239.6199951171875,USD_per_share,USD,423700.0,log_return,yahoo,ITA,yfinance/yahoo-chart,raw/yahoo_DEFENSE.csv,market-extract-4.2,2026-08-11T11:03:48+00:00,200,Close|High|Low|Open|Volume,,W19
2026-07-10,2026-07-10T20:00:00+00:00,True,16:00,America/New_York,DEFENSE,Defense industry ETF,economic,etf,,adjusted_close,global,secondary,3,239.05999755859375,USD_per_share,USD,496200.0,log_return,yahoo,ITA,yfinance/yahoo-chart,raw/yahoo_DEFENSE.csv,market-extract-4.2,2026-08-11T11:03:48+00:00,200,Close|High|Low|Open|Volume,,W19
2026-07-13,2026-07-13T20:00:00+00:00,True,16:00,America/New_York,DEFENSE,Defense industry ETF,economic,etf,,adjusted_close,global,secondary,3,235.0500030517578,USD_per_share,USD,574200.0,log_return,yahoo,ITA,yfinance/yahoo-chart,raw/yahoo_DEFENSE.csv,market-extract-4.2,2026-08-11T11:03:48+00:00,200,Close|High|Low|Open|Volume,,W20
2026-07-14,2026-07-14T20:00:00+00:00,True,16:00,America/New_York,DEFENSE,Defense industry ETF,economic,etf,,adjusted_close,global,secondary,3,235.27000427246094,USD_per_share,USD,444500.0,log_return,yahoo,ITA,yfinance/yahoo-chart,raw/yahoo_DEFENSE.csv,market-extract-4.2,2026-08-11T11:03:48+00:00,200,Close|High|Low|Open|Volume,,W20
2026-07-15,2026-07-15T20:00:00+00:00,True,16:00,America/New_York,DEFENSE,Defense industry ETF,economic,etf,,adjusted_close,global,secondary,3,236.4199981689453,USD_per_share,USD,529000.0,log_return,yahoo,ITA,yfinance/yahoo-chart,raw/yahoo_DEFENSE.csv,market-extract-4.2,2026-08-11T11:03:48+00:00,200,Close|High|Low|Open|Volume,,W20
2026-07-16,2026-07-16T20:00:00+00:00,True,16:00,America/New_York,DEFENSE,Defense industry ETF,economic,etf,,adjusted_close,global,secondary,3,230.88999938964844,USD_per_share,USD,652400.0,log_return,yahoo,ITA,yfinance/yahoo-chart,raw/yahoo_DEFENSE.csv,market-extract-4.2,2026-08-11T11:03:48+00:00,200,Close|High|Low|Open|Volume,,W20
2026-07-17,2026-07-17T20:00:00+00:00,True,16:00,America/New_York,DEFENSE,Defense industry ETF,economic,etf,,adjusted_close,global,secondary,3,230.72999572753906,USD_per_share,USD,725000.0,log_return,yahoo,ITA,yfinance/yahoo-chart,raw/yahoo_DEFENSE.csv,market-extract-4.2,2026-08-11T11:03:48+00:00,200,Close|High|Low|Open|Volume,,W20
2026-07-20,2026-07-20T20:00:00+00:00,True,16:00,America/New_York,DEFENSE,Defense industry ETF,economic,etf,,adjusted_close,global,secondary,3,229.27000427246094,USD_per_share,USD,773200.0,log_return,yahoo,ITA,yfinance/yahoo-chart,raw/yahoo_DEFENSE.csv,market-extract-4.2,2026-08-11T11:03:48+00:00,200,Close|High|Low|Open|Volume,,W21
2026-07-21,2026-07-21T20:00:00+00:00,True,16:00,America/New_York,DEFENSE,Defense industry ETF,economic,etf,,adjusted_close,global,secondary,3,229.74000549316406,USD_per_share,USD,476100.0,log_return,yahoo,ITA,yfinance/yahoo-chart,raw/yahoo_DEFENSE.csv,market-extract-4.2,2026-08-11T11:03:48+00:00,200,Close|High|Low|Open|Volume,,W21
2026-07-22,2026-07-22T20:00:00+00:00,True,16:00,America/New_York,DEFENSE,Defense industry ETF,economic,etf,,adjusted_close,global,secondary,3,231.11000061035156,USD_per_share,USD,395600.0,log_return,yahoo,ITA,yfinance/yahoo-chart,raw/yahoo_DEFENSE.csv,market-extract-4.2,2026-08-11T11:03:48+00:00,200,Close|High|Low|Open|Volume,,W21
2026-02-28,2026-02-28T00:00:00+00:00,True,00:00,UTC,BTC,Bitcoin,economic,crypto,,close,crypto,secondary,3,66995.859375,USD_per_BTC,USD,42041497112.0,log_return,yahoo,BTC-USD,yfinance/yahoo-chart,raw/yahoo_BTC.csv,market-extract-4.2,2026-08-11T11:03:48+00:00,200,Adj Close|Close|High|Low|Open|Volume,24/7 market - covers weekend events,W01
2026-03-01,2026-03-01T00:00:00+00:00,True,00:00,UTC,BTC,Bitcoin,economic,crypto,,close,crypto,secondary,3,65738.1015625,USD_per_BTC,USD,40733141929.0,log_return,yahoo,BTC-USD,yfinance/yahoo-chart,raw/yahoo_BTC.csv,market-extract-4.2,2026-08-11T11:03:48+00:00,200,Adj Close|Close|High|Low|Open|Volume,24/7 market - covers weekend events,W01
2026-03-02,2026-03-02T00:00:00+00:00,True,00:00,UTC,BTC,Bitcoin,economic,crypto,,close,crypto,secondary,3,68775.8515625,USD_per_BTC,USD,56698092052.0,log_return,yahoo,BTC-USD,yfinance/yahoo-chart,raw/yahoo_BTC.csv,market-extract-4.2,2026-08-11T11:03:48+00:00,200,Adj Close|Close|High|Low|Open|Volume,24/7 market - covers weekend events,W01
2026-03-03,2026-03-03T00:00:00+00:00,True,00:00,UTC,BTC,Bitcoin,economic,crypto,,close,crypto,secondary,3,68293.6484375,USD_per_BTC,USD,47947999049.0,log_return,yahoo,BTC-USD,yfinance/yahoo-chart,raw/yahoo_BTC.csv,market-extract-4.2,2026-08-11T11:03:48+00:00,200,Adj Close|Close|High|Low|Open|Volume,24/7 market - covers weekend events,W01
2026-03-04,2026-03-04T00:00:00+00:00,True,00:00,UTC,BTC,Bitcoin,economic,crypto,,close,crypto,secondary,3,72710.578125,USD_per_BTC,USD,75073101274.0,log_return,yahoo,BTC-USD,yfinance/yahoo-chart,raw/yahoo_BTC.csv,market-extract-4.2,2026-08-11T11:03:48+00:00,200,Adj Close|Close|High|Low|Open|Volume,24/7 market - covers weekend events,W01
2026-03-05,2026-03-05T00:00:00+00:00,True,00:00,UTC,BTC,Bitcoin,economic,crypto,,close,crypto,secondary,3,70841.125,USD_per_BTC,USD,51172841727.0,log_return,yahoo,BTC-USD,yfinance/yahoo-chart,raw/yahoo_BTC.csv,market-extract-4.2,2026-08-11T11:03:48+00:00,200,Adj Close|Close|High|Low|Open|Volume,24/7 market - covers weekend events,W01
2026-03-06,2026-03-06T00:00:00+00:00,True,00:00,UTC,BTC,Bitcoin,economic,crypto,,close,crypto,secondary,3,68136.4921875,USD_per_BTC,USD,43776962871.0,log_return,yahoo,BTC-USD,yfinance/yahoo-chart,raw/yahoo_BTC.csv,market-extract-4.2,2026-08-11T11:03:48+00:00,200,Adj Close|Close|High|Low|Open|Volume,24/7 market - covers weekend events,W01
2026-03-07,2026-03-07T00:00:00+00:00,True,00:00,UTC,BTC,Bitcoin,economic,crypto,,close,crypto,secondary,3,67272.59375,USD_per_BTC,USD,23258701211.0,log_return,yahoo,BTC-USD,yfinance/yahoo-chart,raw/yahoo_BTC.csv,market-extract-4.2,2026-08-11T11:03:48+00:00,200,Adj Close|Close|High|Low|Open|Volume,24/7 market - covers weekend events,W02
2026-03-08,2026-03-08T00:00:00+00:00,True,00:00,UTC,BTC,Bitcoin,economic,crypto,,close,crypto,secondary,3,65969.78125,USD_per_BTC,USD,33195080116.0,log_return,yahoo,BTC-USD,yfinance/yahoo-chart,raw/yahoo_BTC.csv,market-extract-4.2,2026-08-11T11:03:48+00:00,200,Adj Close|Close|High|Low|Open|Volume,24/7 market - covers weekend events,W02
2026-03-09,2026-03-09T00:00:00+00:00,True,00:00,UTC,BTC,Bitcoin,economic,crypto,,close,crypto,secondary,3,68402.3828125,USD_per_BTC,USD,49499875378.0,log_return,yahoo,BTC-USD,yfinance/yahoo-chart,raw/yahoo_BTC.csv,market-extract-4.2,2026-08-11T11:03:48+00:00,200,Adj Close|Close|High|Low|Open|Volume,24/7 market - covers weekend events,W02
2026-03-10,2026-03-10T00:00:00+00:00,True,00:00,UTC,BTC,Bitcoin,economic,crypto,,close,crypto,secondary,3,69926.921875,USD_per_BTC,USD,54003996096.0,log_return,yahoo,BTC-USD,yfinance/yahoo-chart,raw/yahoo_BTC.csv,market-extract-4.2,2026-08-11T11:03:48+00:00,200,Adj Close|Close|High|Low|Open|Volume,24/7 market - covers weekend events,W02
2026-03-11,2026-03-11T00:00:00+00:00,True,00:00,UTC,BTC,Bitcoin,economic,crypto,,close,crypto,secondary,3,70204.8828125,USD_per_BTC,USD,45236859848.0,log_return,yahoo,BTC-USD,yfinance/yahoo-chart,raw/yahoo_BTC.csv,market-extract-4.2,2026-08-11T11:03:48+00:00,200,Adj Close|Close|High|Low|Open|Volume,24/7 market - covers weekend events,W02
2026-03-12,2026-03-12T00:00:00+00:00,True,00:00,UTC,BTC,Bitcoin,economic,crypto,,close,crypto,secondary,3,70493.4609375,USD_per_BTC,USD,40871848129.0,log_return,yahoo,BTC-USD,yfinance/yahoo-chart,raw/yahoo_BTC.csv,market-extract-4.2,2026-08-11T11:03:48+00:00,200,Adj Close|Close|High|Low|Open|Volume,24/7 market - covers weekend events,W02
2026-03-13,2026-03-13T00:00:00+00:00,True,00:00,UTC,BTC,Bitcoin,economic,crypto,,close,crypto,secondary,3,70968.265625,USD_per_BTC,USD,61167226505.0,log_return,yahoo,BTC-USD,yfinance/yahoo-chart,raw/yahoo_BTC.csv,market-extract-4.2,2026-08-11T11:03:48+00:00,200,Adj Close|Close|High|Low|Open|Volume,24/7 market - covers weekend events,W02
2026-03-14,2026-03-14T00:00:00+00:00,True,00:00,UTC,BTC,Bitcoin,economic,crypto,,close,crypto,secondary,3,71214.625,USD_per_BTC,USD,22283546496.0,log_return,yahoo,BTC-USD,yfinance/yahoo-chart,raw/yahoo_BTC.csv,market-extract-4.2,2026-08-11T11:03:48+00:00,200,Adj Close|Close|High|Low|Open|Volume,24/7 market - covers weekend events,W03
2026-03-15,2026-03-15T00:00:00+00:00,True,00:00,UTC,BTC,Bitcoin,economic,crypto,,close,crypto,secondary,3,72789.9140625,USD_per_BTC,USD,27991268669.0,log_return,yahoo,BTC-USD,yfinance/yahoo-chart,raw/yahoo_BTC.csv,market-extract-4.2,2026-08-11T11:03:48+00:00,200,Adj Close|Close|High|Low|Open|Volume,24/7 market - covers weekend events,W03
2026-03-16,2026-03-16T00:00:00+00:00,True,00:00,UTC,BTC,Bitcoin,economic,crypto,,close,crypto,secondary,3,74861.0859375,USD_per_BTC,USD,55572438409.0,log_return,yahoo,BTC-USD,yfinance/yahoo-chart,raw/yahoo_BTC.csv,market-extract-4.2,2026-08-11T11:03:48+00:00,200,Adj Close|Close|High|Low|Open|Volume,24/7 market - covers weekend events,W03
2026-03-17,2026-03-17T00:00:00+00:00,True,00:00,UTC,BTC,Bitcoin,economic,crypto,,close,crypto,secondary,3,73922.4765625,USD_per_BTC,USD,49500721728.0,log_return,yahoo,BTC-USD,yfinance/yahoo-chart,raw/yahoo_BTC.csv,market-extract-4.2,2026-08-11T11:03:48+00:00,200,Adj Close|Close|High|Low|Open|Volume,24/7 market - covers weekend events,W03
2026-03-18,2026-03-18T00:00:00+00:00,True,00:00,UTC,BTC,Bitcoin,economic,crypto,,close,crypto,secondary,3,71245.578125,USD_per_BTC,USD,46229011155.0,log_return,yahoo,BTC-USD,yfinance/yahoo-chart,raw/yahoo_BTC.csv,market-extract-4.2,2026-08-11T11:03:48+00:00,200,Adj Close|Close|High|Low|Open|Volume,24/7 market - covers weekend events,W03
2026-03-19,2026-03-19T00:00:00+00:00,True,00:00,UTC,BTC,Bitcoin,economic,crypto,,close,crypto,secondary,3,69912.7890625,USD_per_BTC,USD,44631433398.0,log_return,yahoo,BTC-USD,yfinance/yahoo-chart,raw/yahoo_BTC.csv,market-extract-4.2,2026-08-11T11:03:48+00:00,200,Adj Close|Close|High|Low|Open|Volume,24/7 market - covers weekend events,W03
2026-03-20,2026-03-20T00:00:00+00:00,True,00:00,UTC,BTC,Bitcoin,economic,crypto,,close,crypto,secondary,3,70522.5859375,USD_per_BTC,USD,38299078407.0,log_return,yahoo,BTC-USD,yfinance/yahoo-chart,raw/yahoo_BTC.csv,market-extract-4.2,2026-08-11T11:03:48+00:00,200,Adj Close|Close|High|Low|Open|Volume,24/7 market - covers weekend events,W03
2026-03-21,2026-03-21T00:00:00+00:00,True,00:00,UTC,BTC,Bitcoin,economic,crypto,,close,crypto,secondary,3,68711.5234375,USD_per_BTC,USD,21109354718.0,log_return,yahoo,BTC-USD,yfinance/yahoo-chart,raw/yahoo_BTC.csv,market-extract-4.2,2026-08-11T11:03:48+00:00,200,Adj Close|Close|High|Low|Open|Volume,24/7 market - covers weekend events,W04
2026-03-22,2026-03-22T00:00:00+00:00,True,00:00,UTC,BTC,Bitcoin,economic,crypto,,close,crypto,secondary,3,67845.2109375,USD_per_BTC,USD,30108051508.0,log_return,yahoo,BTC-USD,yfinance/yahoo-chart,raw/yahoo_BTC.csv,market-extract-4.2,2026-08-11T11:03:48+00:00,200,Adj Close|Close|High|Low|Open|Volume,24/7 market - covers weekend events,W04
2026-03-23,2026-03-23T00:00:00+00:00,True,00:00,UTC,BTC,Bitcoin,economic,crypto,,close,crypto,secondary,3,70914.859375,USD_per_BTC,USD,51508669357.0,log_return,yahoo,BTC-USD,yfinance/yahoo-chart,raw/yahoo_BTC.csv,market-extract-4.2,2026-08-11T11:03:48+00:00,200,Adj Close|Close|High|Low|Open|Volume,24/7 market - covers weekend events,W04
2026-03-24,2026-03-24T00:00:00+00:00,True,00:00,UTC,BTC,Bitcoin,economic,crypto,,close,crypto,secondary,3,70517.859375,USD_per_BTC,USD,40181522399.0,log_return,yahoo,BTC-USD,yfinance/yahoo-chart,raw/yahoo_BTC.csv,market-extract-4.2,2026-08-11T11:03:48+00:00,200,Adj Close|Close|High|Low|Open|Volume,24/7 market - covers weekend events,W04
2026-03-25,2026-03-25T00:00:00+00:00,True,00:00,UTC,BTC,Bitcoin,economic,crypto,,close,crypto,secondary,3,71309.8828125,USD_per_BTC,USD,35409791747.0,log_return,yahoo,BTC-USD,yfinance/yahoo-chart,raw/yahoo_BTC.csv,market-extract-4.2,2026-08-11T11:03:48+00:00,200,Adj Close|Close|High|Low|Open|Volume,24/7 market - covers weekend events,W04
2026-03-26,2026-03-26T00:00:00+00:00,True,00:00,UTC,BTC,Bitcoin,economic,crypto,,close,crypto,secondary,3,68791.625,USD_per_BTC,USD,38962070215.0,log_return,yahoo,BTC-USD,yfinance/yahoo-chart,raw/yahoo_BTC.csv,market-extract-4.2,2026-08-11T11:03:48+00:00,200,Adj Close|Close|High|Low|Open|Volume,24/7 market - covers weekend events,W04
2026-03-27,2026-03-27T00:00:00+00:00,True,00:00,UTC,BTC,Bitcoin,economic,crypto,,close,crypto,secondary,3,66338.375,USD_per_BTC,USD,46483453594.0,log_return,yahoo,BTC-USD,yfinance/yahoo-chart,raw/yahoo_BTC.csv,market-extract-4.2,2026-08-11T11:03:48+00:00,200,Adj Close|Close|High|Low|Open|Volume,24/7 market - covers weekend events,W04
2026-03-28,2026-03-28T00:00:00+00:00,True,00:00,UTC,BTC,Bitcoin,economic,crypto,,close,crypto,secondary,3,66319.6953125,USD_per_BTC,USD,20924883455.0,log_return,yahoo,BTC-USD,yfinance/yahoo-chart,raw/yahoo_BTC.csv,market-extract-4.2,2026-08-11T11:03:48+00:00,200,Adj Close|Close|High|Low|Open|Volume,24/7 market - covers weekend events,W05
2026-03-29,2026-03-29T00:00:00+00:00,True,00:00,UTC,BTC,Bitcoin,economic,crypto,,close,crypto,secondary,3,65954.921875,USD_per_BTC,USD,21645889785.0,log_return,yahoo,BTC-USD,yfinance/yahoo-chart,raw/yahoo_BTC.csv,market-extract-4.2,2026-08-11T11:03:48+00:00,200,Adj Close|Close|High|Low|Open|Volume,24/7 market - covers weekend events,W05
2026-03-30,2026-03-30T00:00:00+00:00,True,00:00,UTC,BTC,Bitcoin,economic,crypto,,close,crypto,secondary,3,66691.4453125,USD_per_BTC,USD,37694994180.0,log_return,yahoo,BTC-USD,yfinance/yahoo-chart,raw/yahoo_BTC.csv,market-extract-4.2,2026-08-11T11:03:48+00:00,200,Adj Close|Close|High|Low|Open|Volume,24/7 market - covers weekend events,W05
2026-03-31,2026-03-31T00:00:00+00:00,True,00:00,UTC,BTC,Bitcoin,economic,crypto,,close,crypto,secondary,3,68233.3125,USD_per_BTC,USD,42997691338.0,log_return,yahoo,BTC-USD,yfinance/yahoo-chart,raw/yahoo_BTC.csv,market-extract-4.2,2026-08-11T11:03:48+00:00,200,Adj Close|Close|High|Low|Open|Volume,24/7 market - covers weekend events,W05
2026-04-01,2026-04-01T00:00:00+00:00,True,00:00,UTC,BTC,Bitcoin,economic,crypto,,close,crypto,secondary,3,68078.5546875,USD_per_BTC,USD,36465393617.0,log_return,yahoo,BTC-USD,yfinance/yahoo-chart,raw/yahoo_BTC.csv,market-extract-4.2,2026-08-11T11:03:48+00:00,200,Adj Close|Close|High|Low|Open|Volume,24/7 market - covers weekend events,W05
2026-04-02,2026-04-02T00:00:00+00:00,True,00:00,UTC,BTC,Bitcoin,economic,crypto,,close,crypto,secondary,3,66888.5703125,USD_per_BTC,USD,39323384518.0,log_return,yahoo,BTC-USD,yfinance/yahoo-chart,raw/yahoo_BTC.csv,market-extract-4.2,2026-08-11T11:03:48+00:00,200,Adj Close|Close|High|Low|Open|Volume,24/7 market - covers weekend events,W05
2026-04-03,2026-04-03T00:00:00+00:00,True,00:00,UTC,BTC,Bitcoin,economic,crypto,,close,crypto,secondary,3,66931.1015625,USD_per_BTC,USD,22815543346.0,log_return,yahoo,BTC-USD,yfinance/yahoo-chart,raw/yahoo_BTC.csv,market-extract-4.2,2026-08-11T11:03:48+00:00,200,Adj Close|Close|High|Low|Open|Volume,24/7 market - covers weekend events,W05
2026-04-04,2026-04-04T00:00:00+00:00,True,00:00,UTC,BTC,Bitcoin,economic,crypto,,close,crypto,secondary,3,67290.515625,USD_per_BTC,USD,15878814963.0,log_return,yahoo,BTC-USD,yfinance/yahoo-chart,raw/yahoo_BTC.csv,market-extract-4.2,2026-08-11T11:03:48+00:00,200,Adj Close|Close|High|Low|Open|Volume,24/7 market - covers weekend events,W06
2026-04-05,2026-04-05T00:00:00+00:00,True,00:00,UTC,BTC,Bitcoin,economic,crypto,,close,crypto,secondary,3,68981.8984375,USD_per_BTC,USD,22972648674.0,log_return,yahoo,BTC-USD,yfinance/yahoo-chart,raw/yahoo_BTC.csv,market-extract-4.2,2026-08-11T11:03:48+00:00,200,Adj Close|Close|High|Low|Open|Volume,24/7 market - covers weekend events,W06
2026-04-06,2026-04-06T00:00:00+00:00,True,00:00,UTC,BTC,Bitcoin,economic,crypto,,close,crypto,secondary,3,68859.828125,USD_per_BTC,USD,39542143229.0,log_return,yahoo,BTC-USD,yfinance/yahoo-chart,raw/yahoo_BTC.csv,market-extract-4.2,2026-08-11T11:03:48+00:00,200,Adj Close|Close|High|Low|Open|Volume,24/7 market - covers weekend events,W06
2026-04-07,2026-04-07T00:00:00+00:00,True,00:00,UTC,BTC,Bitcoin,economic,crypto,,close,crypto,secondary,3,71940.703125,USD_per_BTC,USD,44650511480.0,log_return,yahoo,BTC-USD,yfinance/yahoo-chart,raw/yahoo_BTC.csv,market-extract-4.2,2026-08-11T11:03:48+00:00,200,Adj Close|Close|High|Low|Open|Volume,24/7 market - covers weekend events,W06
2026-04-08,2026-04-08T00:00:00+00:00,True,00:00,UTC,BTC,Bitcoin,economic,crypto,,close,crypto,secondary,3,71123.359375,USD_per_BTC,USD,42444631703.0,log_return,yahoo,BTC-USD,yfinance/yahoo-chart,raw/yahoo_BTC.csv,market-extract-4.2,2026-08-11T11:03:48+00:00,200,Adj Close|Close|High|Low|Open|Volume,24/7 market - covers weekend events,W06
2026-04-09,2026-04-09T00:00:00+00:00,True,00:00,UTC,BTC,Bitcoin,economic,crypto,,close,crypto,secondary,3,71767.828125,USD_per_BTC,USD,38799581473.0,log_return,yahoo,BTC-USD,yfinance/yahoo-chart,raw/yahoo_BTC.csv,market-extract-4.2,2026-08-11T11:03:48+00:00,200,Adj Close|Close|High|Low|Open|Volume,24/7 market - covers weekend events,W06
2026-04-10,2026-04-10T00:00:00+00:00,True,00:00,UTC,BTC,Bitcoin,economic,crypto,,close,crypto,secondary,3,72979.046875,USD_per_BTC,USD,37722595732.0,log_return,yahoo,BTC-USD,yfinance/yahoo-chart,raw/yahoo_BTC.csv,market-extract-4.2,2026-08-11T11:03:48+00:00,200,Adj Close|Close|High|Low|Open|Volume,24/7 market - covers weekend events,W06
2026-04-11,2026-04-11T00:00:00+00:00,True,00:00,UTC,BTC,Bitcoin,economic,crypto,,close,crypto,secondary,3,73054.2734375,USD_per_BTC,USD,23287073965.0,log_return,yahoo,BTC-USD,yfinance/yahoo-chart,raw/yahoo_BTC.csv,market-extract-4.2,2026-08-11T11:03:48+00:00,200,Adj Close|Close|High|Low|Open|Volume,24/7 market - covers weekend events,W07
2026-04-12,2026-04-12T00:00:00+00:00,True,00:00,UTC,BTC,Bitcoin,economic,crypto,,close,crypto,secondary,3,70753.40625,USD_per_BTC,USD,29882740487.0,log_return,yahoo,BTC-USD,yfinance/yahoo-chart,raw/yahoo_BTC.csv,market-extract-4.2,2026-08-11T11:03:48+00:00,200,Adj Close|Close|High|Low|Open|Volume,24/7 market - covers weekend events,W07
2026-04-13,2026-04-13T00:00:00+00:00,True,00:00,UTC,BTC,Bitcoin,economic,crypto,,close,crypto,secondary,3,74484.640625,USD_per_BTC,USD,52278211554.0,log_return,yahoo,BTC-USD,yfinance/yahoo-chart,raw/yahoo_BTC.csv,market-extract-4.2,2026-08-11T11:03:48+00:00,200,Adj Close|Close|High|Low|Open|Volume,24/7 market - covers weekend events,W07
2026-04-14,2026-04-14T00:00:00+00:00,True,00:00,UTC,BTC,Bitcoin,economic,crypto,,close,crypto,secondary,3,74181.609375,USD_per_BTC,USD,53540826530.0,log_return,yahoo,BTC-USD,yfinance/yahoo-chart,raw/yahoo_BTC.csv,market-extract-4.2,2026-08-11T11:03:48+00:00,200,Adj Close|Close|High|Low|Open|Volume,24/7 market - covers weekend events,W07
2026-04-15,2026-04-15T00:00:00+00:00,True,00:00,UTC,BTC,Bitcoin,economic,crypto,,close,crypto,secondary,3,74805.078125,USD_per_BTC,USD,38090174312.0,log_return,yahoo,BTC-USD,yfinance/yahoo-chart,raw/yahoo_BTC.csv,market-extract-4.2,2026-08-11T11:03:48+00:00,200,Adj Close|Close|High|Low|Open|Volume,24/7 market - covers weekend events,W07
2026-04-16,2026-04-16T00:00:00+00:00,True,00:00,UTC,BTC,Bitcoin,economic,crypto,,close,crypto,secondary,3,75152.1328125,USD_per_BTC,USD,41312783855.0,log_return,yahoo,BTC-USD,yfinance/yahoo-chart,raw/yahoo_BTC.csv,market-extract-4.2,2026-08-11T11:03:48+00:00,200,Adj Close|Close|High|Low|Open|Volume,24/7 market - covers weekend events,W07
2026-04-17,2026-04-17T00:00:00+00:00,True,00:00,UTC,BTC,Bitcoin,economic,crypto,,close,crypto,secondary,3,77126.875,USD_per_BTC,USD,54137194839.0,log_return,yahoo,BTC-USD,yfinance/yahoo-chart,raw/yahoo_BTC.csv,market-extract-4.2,2026-08-11T11:03:48+00:00,200,Adj Close|Close|High|Low|Open|Volume,24/7 market - covers weekend events,W07
2026-04-18,2026-04-18T00:00:00+00:00,True,00:00,UTC,BTC,Bitcoin,economic,crypto,,close,crypto,secondary,3,75726.2109375,USD_per_BTC,USD,26014416776.0,log_return,yahoo,BTC-USD,yfinance/yahoo-chart,raw/yahoo_BTC.csv,market-extract-4.2,2026-08-11T11:03:48+00:00,200,Adj Close|Close|High|Low|Open|Volume,24/7 market - covers weekend events,W08
2026-04-19,2026-04-19T00:00:00+00:00,True,00:00,UTC,BTC,Bitcoin,economic,crypto,,close,crypto,secondary,3,73856.3515625,USD_per_BTC,USD,30931515195.0,log_return,yahoo,BTC-USD,yfinance/yahoo-chart,raw/yahoo_BTC.csv,market-extract-4.2,2026-08-11T11:03:48+00:00,200,Adj Close|Close|High|Low|Open|Volume,24/7 market - covers weekend events,W08
2026-04-20,2026-04-20T00:00:00+00:00,True,00:00,UTC,BTC,Bitcoin,economic,crypto,,close,crypto,secondary,3,75872.5234375,USD_per_BTC,USD,39674447916.0,log_return,yahoo,BTC-USD,yfinance/yahoo-chart,raw/yahoo_BTC.csv,market-extract-4.2,2026-08-11T11:03:48+00:00,200,Adj Close|Close|High|Low|Open|Volume,24/7 market - covers weekend events,W08
2026-04-21,2026-04-21T00:00:00+00:00,True,00:00,UTC,BTC,Bitcoin,economic,crypto,,close,crypto,secondary,3,76352.7734375,USD_per_BTC,USD,36453522626.0,log_return,yahoo,BTC-USD,yfinance/yahoo-chart,raw/yahoo_BTC.csv,market-extract-4.2,2026-08-11T11:03:48+00:00,200,Adj Close|Close|High|Low|Open|Volume,24/7 market - covers weekend events,W08
2026-04-22,2026-04-22T00:00:00+00:00,True,00:00,UTC,BTC,Bitcoin,economic,crypto,,close,crypto,secondary,3,78203.1015625,USD_per_BTC,USD,48336654537.0,log_return,yahoo,BTC-USD,yfinance/yahoo-chart,raw/yahoo_BTC.csv,market-extract-4.2,2026-08-11T11:03:48+00:00,200,Adj Close|Close|High|Low|Open|Volume,24/7 market - covers weekend events,W08
2026-04-23,2026-04-23T00:00:00+00:00,True,00:00,UTC,BTC,Bitcoin,economic,crypto,,close,crypto,secondary,3,78268.953125,USD_per_BTC,USD,40354900916.0,log_return,yahoo,BTC-USD,yfinance/yahoo-chart,raw/yahoo_BTC.csv,market-extract-4.2,2026-08-11T11:03:48+00:00,200,Adj Close|Close|High|Low|Open|Volume,24/7 market - covers weekend events,W08
2026-04-24,2026-04-24T00:00:00+00:00,True,00:00,UTC,BTC,Bitcoin,economic,crypto,,close,crypto,secondary,3,77455.3125,USD_per_BTC,USD,32784213526.0,log_return,yahoo,BTC-USD,yfinance/yahoo-chart,raw/yahoo_BTC.csv,market-extract-4.2,2026-08-11T11:03:48+00:00,200,Adj Close|Close|High|Low|Open|Volume,24/7 market - covers weekend events,W08
2026-04-25,2026-04-25T00:00:00+00:00,True,00:00,UTC,BTC,Bitcoin,economic,crypto,,close,crypto,secondary,3,77612.015625,USD_per_BTC,USD,16702933134.0,log_return,yahoo,BTC-USD,yfinance/yahoo-chart,raw/yahoo_BTC.csv,market-extract-4.2,2026-08-11T11:03:48+00:00,200,Adj Close|Close|High|Low|Open|Volume,24/7 market - covers weekend events,W09
2026-04-26,2026-04-26T00:00:00+00:00,True,00:00,UTC,BTC,Bitcoin,economic,crypto,,close,crypto,secondary,3,78657.5390625,USD_per_BTC,USD,21482934750.0,log_return,yahoo,BTC-USD,yfinance/yahoo-chart,raw/yahoo_BTC.csv,market-extract-4.2,2026-08-11T11:03:48+00:00,200,Adj Close|Close|High|Low|Open|Volume,24/7 market - covers weekend events,W09
2026-04-27,2026-04-27T00:00:00+00:00,True,00:00,UTC,BTC,Bitcoin,economic,crypto,,close,crypto,secondary,3,77366.625,USD_per_BTC,USD,38135631927.0,log_return,yahoo,BTC-USD,yfinance/yahoo-chart,raw/yahoo_BTC.csv,market-extract-4.2,2026-08-11T11:03:48+00:00,200,Adj Close|Close|High|Low|Open|Volume,24/7 market - covers weekend events,W09
2026-04-28,2026-04-28T00:00:00+00:00,True,00:00,UTC,BTC,Bitcoin,economic,crypto,,close,crypto,secondary,3,76350.671875,USD_per_BTC,USD,32056900880.0,log_return,yahoo,BTC-USD,yfinance/yahoo-chart,raw/yahoo_BTC.csv,market-extract-4.2,2026-08-11T11:03:48+00:00,200,Adj Close|Close|High|Low|Open|Volume,24/7 market - covers weekend events,W09
2026-04-29,2026-04-29T00:00:00+00:00,True,00:00,UTC,BTC,Bitcoin,economic,crypto,,close,crypto,secondary,3,75776.1328125,USD_per_BTC,USD,41460907886.0,log_return,yahoo,BTC-USD,yfinance/yahoo-chart,raw/yahoo_BTC.csv,market-extract-4.2,2026-08-11T11:03:48+00:00,200,Adj Close|Close|High|Low|Open|Volume,24/7 market - covers weekend events,W09
2026-04-30,2026-04-30T00:00:00+00:00,True,00:00,UTC,BTC,Bitcoin,economic,crypto,,close,crypto,secondary,3,76304.3203125,USD_per_BTC,USD,29497862305.0,log_return,yahoo,BTC-USD,yfinance/yahoo-chart,raw/yahoo_BTC.csv,market-extract-4.2,2026-08-11T11:03:48+00:00,200,Adj Close|Close|High|Low|Open|Volume,24/7 market - covers weekend events,W09
2026-05-01,2026-05-01T00:00:00+00:00,True,00:00,UTC,BTC,Bitcoin,economic,crypto,,close,crypto,secondary,3,78179.0,USD_per_BTC,USD,39164328894.0,log_return,yahoo,BTC-USD,yfinance/yahoo-chart,raw/yahoo_BTC.csv,market-extract-4.2,2026-08-11T11:03:48+00:00,200,Adj Close|Close|High|Low|Open|Volume,24/7 market - covers weekend events,W09
2026-05-02,2026-05-02T00:00:00+00:00,True,00:00,UTC,BTC,Bitcoin,economic,crypto,,close,crypto,secondary,3,78657.25,USD_per_BTC,USD,16761531851.0,log_return,yahoo,BTC-USD,yfinance/yahoo-chart,raw/yahoo_BTC.csv,market-extract-4.2,2026-08-11T11:03:48+00:00,200,Adj Close|Close|High|Low|Open|Volume,24/7 market - covers weekend events,W10
2026-05-03,2026-05-03T00:00:00+00:00,True,00:00,UTC,BTC,Bitcoin,economic,crypto,,close,crypto,secondary,3,78538.2265625,USD_per_BTC,USD,20544392639.0,log_return,yahoo,BTC-USD,yfinance/yahoo-chart,raw/yahoo_BTC.csv,market-extract-4.2,2026-08-11T11:03:48+00:00,200,Adj Close|Close|High|Low|Open|Volume,24/7 market - covers weekend events,W10
2026-05-04,2026-05-04T00:00:00+00:00,True,00:00,UTC,BTC,Bitcoin,economic,crypto,,close,crypto,secondary,3,79827.90625,USD_per_BTC,USD,54325085296.0,log_return,yahoo,BTC-USD,yfinance/yahoo-chart,raw/yahoo_BTC.csv,market-extract-4.2,2026-08-11T11:03:48+00:00,200,Adj Close|Close|High|Low|Open|Volume,24/7 market - covers weekend events,W10
2026-05-05,2026-05-05T00:00:00+00:00,True,00:00,UTC,BTC,Bitcoin,economic,crypto,,close,crypto,secondary,3,80927.0546875,USD_per_BTC,USD,39700107376.0,log_return,yahoo,BTC-USD,yfinance/yahoo-chart,raw/yahoo_BTC.csv,market-extract-4.2,2026-08-11T11:03:48+00:00,200,Adj Close|Close|High|Low|Open|Volume,24/7 market - covers weekend events,W10
2026-05-06,2026-05-06T00:00:00+00:00,True,00:00,UTC,BTC,Bitcoin,economic,crypto,,close,crypto,secondary,3,81427.53125,USD_per_BTC,USD,41751540000.0,log_return,yahoo,BTC-USD,yfinance/yahoo-chart,raw/yahoo_BTC.csv,market-extract-4.2,2026-08-11T11:03:48+00:00,200,Adj Close|Close|High|Low|Open|Volume,24/7 market - covers weekend events,W10
2026-05-07,2026-05-07T00:00:00+00:00,True,00:00,UTC,BTC,Bitcoin,economic,crypto,,close,crypto,secondary,3,80009.9921875,USD_per_BTC,USD,36931193154.0,log_return,yahoo,BTC-USD,yfinance/yahoo-chart,raw/yahoo_BTC.csv,market-extract-4.2,2026-08-11T11:03:48+00:00,200,Adj Close|Close|High|Low|Open|Volume,24/7 market - covers weekend events,W10
2026-05-08,2026-05-08T00:00:00+00:00,True,00:00,UTC,BTC,Bitcoin,economic,crypto,,close,crypto,secondary,3,80186.765625,USD_per_BTC,USD,33789351540.0,log_return,yahoo,BTC-USD,yfinance/yahoo-chart,raw/yahoo_BTC.csv,market-extract-4.2,2026-08-11T11:03:48+00:00,200,Adj Close|Close|High|Low|Open|Volume,24/7 market - covers weekend events,W10
2026-05-09,2026-05-09T00:00:00+00:00,True,00:00,UTC,BTC,Bitcoin,economic,crypto,,close,crypto,secondary,3,80664.3671875,USD_per_BTC,USD,18102086996.0,log_return,yahoo,BTC-USD,yfinance/yahoo-chart,raw/yahoo_BTC.csv,market-extract-4.2,2026-08-11T11:03:48+00:00,200,Adj Close|Close|High|Low|Open|Volume,24/7 market - covers weekend events,W11
2026-05-10,2026-05-10T00:00:00+00:00,True,00:00,UTC,BTC,Bitcoin,economic,crypto,,close,crypto,secondary,3,82138.9296875,USD_per_BTC,USD,26965971077.0,log_return,yahoo,BTC-USD,yfinance/yahoo-chart,raw/yahoo_BTC.csv,market-extract-4.2,2026-08-11T11:03:48+00:00,200,Adj Close|Close|High|Low|Open|Volume,24/7 market - covers weekend events,W11
2026-05-11,2026-05-11T00:00:00+00:00,True,00:00,UTC,BTC,Bitcoin,economic,crypto,,close,crypto,secondary,3,81728.296875,USD_per_BTC,USD,32409774919.0,log_return,yahoo,BTC-USD,yfinance/yahoo-chart,raw/yahoo_BTC.csv,market-extract-4.2,2026-08-11T11:03:48+00:00,200,Adj Close|Close|High|Low|Open|Volume,24/7 market - covers weekend events,W11
2026-05-12,2026-05-12T00:00:00+00:00,True,00:00,UTC,BTC,Bitcoin,economic,crypto,,close,crypto,secondary,3,80477.4921875,USD_per_BTC,USD,32186688600.0,log_return,yahoo,BTC-USD,yfinance/yahoo-chart,raw/yahoo_BTC.csv,market-extract-4.2,2026-08-11T11:03:48+00:00,200,Adj Close|Close|High|Low|Open|Volume,24/7 market - covers weekend events,W11
2026-05-13,2026-05-13T00:00:00+00:00,True,00:00,UTC,BTC,Bitcoin,economic,crypto,,close,crypto,secondary,3,79277.1171875,USD_per_BTC,USD,34075428359.0,log_return,yahoo,BTC-USD,yfinance/yahoo-chart,raw/yahoo_BTC.csv,market-extract-4.2,2026-08-11T11:03:48+00:00,200,Adj Close|Close|High|Low|Open|Volume,24/7 market - covers weekend events,W11
2026-05-14,2026-05-14T00:00:00+00:00,True,00:00,UTC,BTC,Bitcoin,economic,crypto,,close,crypto,secondary,3,81051.25,USD_per_BTC,USD,43731663431.0,log_return,yahoo,BTC-USD,yfinance/yahoo-chart,raw/yahoo_BTC.csv,market-extract-4.2,2026-08-11T11:03:48+00:00,200,Adj Close|Close|High|Low|Open|Volume,24/7 market - covers weekend events,W11
2026-05-15,2026-05-15T00:00:00+00:00,True,00:00,UTC,BTC,Bitcoin,economic,crypto,,close,crypto,secondary,3,79065.6796875,USD_per_BTC,USD,38183347368.0,log_return,yahoo,BTC-USD,yfinance/yahoo-chart,raw/yahoo_BTC.csv,market-extract-4.2,2026-08-11T11:03:48+00:00,200,Adj Close|Close|High|Low|Open|Volume,24/7 market - covers weekend events,W11
2026-05-16,2026-05-16T00:00:00+00:00,True,00:00,UTC,BTC,Bitcoin,economic,crypto,,close,crypto,secondary,3,78131.4375,USD_per_BTC,USD,25895799905.0,log_return,yahoo,BTC-USD,yfinance/yahoo-chart,raw/yahoo_BTC.csv,market-extract-4.2,2026-08-11T11:03:48+00:00,200,Adj Close|Close|High|Low|Open|Volume,24/7 market - covers weekend events,W12
2026-05-17,2026-05-17T00:00:00+00:00,True,00:00,UTC,BTC,Bitcoin,economic,crypto,,close,crypto,secondary,3,77429.3515625,USD_per_BTC,USD,20900166465.0,log_return,yahoo,BTC-USD,yfinance/yahoo-chart,raw/yahoo_BTC.csv,market-extract-4.2,2026-08-11T11:03:48+00:00,200,Adj Close|Close|High|Low|Open|Volume,24/7 market - covers weekend events,W12
2026-05-18,2026-05-18T00:00:00+00:00,True,00:00,UTC,BTC,Bitcoin,economic,crypto,,close,crypto,secondary,3,76954.171875,USD_per_BTC,USD,41520471808.0,log_return,yahoo,BTC-USD,yfinance/yahoo-chart,raw/yahoo_BTC.csv,market-extract-4.2,2026-08-11T11:03:48+00:00,200,Adj Close|Close|High|Low|Open|Volume,24/7 market - covers weekend events,W12
2026-05-19,2026-05-19T00:00:00+00:00,True,00:00,UTC,BTC,Bitcoin,economic,crypto,,close,crypto,secondary,3,76750.90625,USD_per_BTC,USD,26031898332.0,log_return,yahoo,BTC-USD,yfinance/yahoo-chart,raw/yahoo_BTC.csv,market-extract-4.2,2026-08-11T11:03:48+00:00,200,Adj Close|Close|High|Low|Open|Volume,24/7 market - covers weekend events,W12
2026-05-20,2026-05-20T00:00:00+00:00,True,00:00,UTC,BTC,Bitcoin,economic,crypto,,close,crypto,secondary,3,77457.7734375,USD_per_BTC,USD,26668360936.0,log_return,yahoo,BTC-USD,yfinance/yahoo-chart,raw/yahoo_BTC.csv,market-extract-4.2,2026-08-11T11:03:48+00:00,200,Adj Close|Close|High|Low|Open|Volume,24/7 market - covers weekend events,W12
2026-05-21,2026-05-21T00:00:00+00:00,True,00:00,UTC,BTC,Bitcoin,economic,crypto,,close,crypto,secondary,3,77539.171875,USD_per_BTC,USD,27141485404.0,log_return,yahoo,BTC-USD,yfinance/yahoo-chart,raw/yahoo_BTC.csv,market-extract-4.2,2026-08-11T11:03:48+00:00,200,Adj Close|Close|High|Low|Open|Volume,24/7 market - covers weekend events,W12
2026-05-22,2026-05-22T00:00:00+00:00,True,00:00,UTC,BTC,Bitcoin,economic,crypto,,close,crypto,secondary,3,75488.2421875,USD_per_BTC,USD,27859040109.0,log_return,yahoo,BTC-USD,yfinance/yahoo-chart,raw/yahoo_BTC.csv,market-extract-4.2,2026-08-11T11:03:48+00:00,200,Adj Close|Close|High|Low|Open|Volume,24/7 market - covers weekend events,W12
2026-05-23,2026-05-23T00:00:00+00:00,True,00:00,UTC,BTC,Bitcoin,economic,crypto,,close,crypto,secondary,3,76673.3671875,USD_per_BTC,USD,29973220002.0,log_return,yahoo,BTC-USD,yfinance/yahoo-chart,raw/yahoo_BTC.csv,market-extract-4.2,2026-08-11T11:03:48+00:00,200,Adj Close|Close|High|Low|Open|Volume,24/7 market - covers weekend events,W13
2026-05-24,2026-05-24T00:00:00+00:00,True,00:00,UTC,BTC,Bitcoin,economic,crypto,,close,crypto,secondary,3,76981.125,USD_per_BTC,USD,20572738918.0,log_return,yahoo,BTC-USD,yfinance/yahoo-chart,raw/yahoo_BTC.csv,market-extract-4.2,2026-08-11T11:03:48+00:00,200,Adj Close|Close|High|Low|Open|Volume,24/7 market - covers weekend events,W13
2026-05-25,2026-05-25T00:00:00+00:00,True,00:00,UTC,BTC,Bitcoin,economic,crypto,,close,crypto,secondary,3,77279.9296875,USD_per_BTC,USD,19808387601.0,log_return,yahoo,BTC-USD,yfinance/yahoo-chart,raw/yahoo_BTC.csv,market-extract-4.2,2026-08-11T11:03:48+00:00,200,Adj Close|Close|High|Low|Open|Volume,24/7 market - covers weekend events,W13
2026-05-26,2026-05-26T00:00:00+00:00,True,00:00,UTC,BTC,Bitcoin,economic,crypto,,close,crypto,secondary,3,75825.734375,USD_per_BTC,USD,35999475458.0,log_return,yahoo,BTC-USD,yfinance/yahoo-chart,raw/yahoo_BTC.csv,market-extract-4.2,2026-08-11T11:03:48+00:00,200,Adj Close|Close|High|Low|Open|Volume,24/7 market - covers weekend events,W13
2026-05-27,2026-05-27T00:00:00+00:00,True,00:00,UTC,BTC,Bitcoin,economic,crypto,,close,crypto,secondary,3,74344.703125,USD_per_BTC,USD,33802172927.0,log_return,yahoo,BTC-USD,yfinance/yahoo-chart,raw/yahoo_BTC.csv,market-extract-4.2,2026-08-11T11:03:48+00:00,200,Adj Close|Close|High|Low|Open|Volume,24/7 market - covers weekend events,W13
2026-05-28,2026-05-28T00:00:00+00:00,True,00:00,UTC,BTC,Bitcoin,economic,crypto,,close,crypto,secondary,3,73536.5546875,USD_per_BTC,USD,40148145327.0,log_return,yahoo,BTC-USD,yfinance/yahoo-chart,raw/yahoo_BTC.csv,market-extract-4.2,2026-08-11T11:03:48+00:00,200,Adj Close|Close|High|Low|Open|Volume,24/7 market - covers weekend events,W13
2026-05-29,2026-05-29T00:00:00+00:00,True,00:00,UTC,BTC,Bitcoin,economic,crypto,,close,crypto,secondary,3,73372.5234375,USD_per_BTC,USD,34457929250.0,log_return,yahoo,BTC-USD,yfinance/yahoo-chart,raw/yahoo_BTC.csv,market-extract-4.2,2026-08-11T11:03:48+00:00,200,Adj Close|Close|High|Low|Open|Volume,24/7 market - covers weekend events,W13
2026-05-30,2026-05-30T00:00:00+00:00,True,00:00,UTC,BTC,Bitcoin,economic,crypto,,close,crypto,secondary,3,73754.8359375,USD_per_BTC,USD,19563589191.0,log_return,yahoo,BTC-USD,yfinance/yahoo-chart,raw/yahoo_BTC.csv,market-extract-4.2,2026-08-11T11:03:48+00:00,200,Adj Close|Close|High|Low|Open|Volume,24/7 market - covers weekend events,W14
2026-05-31,2026-05-31T00:00:00+00:00,True,00:00,UTC,BTC,Bitcoin,economic,crypto,,close,crypto,secondary,3,73579.6875,USD_per_BTC,USD,17445435650.0,log_return,yahoo,BTC-USD,yfinance/yahoo-chart,raw/yahoo_BTC.csv,market-extract-4.2,2026-08-11T11:03:48+00:00,200,Adj Close|Close|High|Low|Open|Volume,24/7 market - covers weekend events,W14
2026-06-01,2026-06-01T00:00:00+00:00,True,00:00,UTC,BTC,Bitcoin,economic,crypto,,close,crypto,secondary,3,71319.7734375,USD_per_BTC,USD,43378836121.0,log_return,yahoo,BTC-USD,yfinance/yahoo-chart,raw/yahoo_BTC.csv,market-extract-4.2,2026-08-11T11:03:48+00:00,200,Adj Close|Close|High|Low|Open|Volume,24/7 market - covers weekend events,W14
2026-06-02,2026-06-02T00:00:00+00:00,True,00:00,UTC,BTC,Bitcoin,economic,crypto,,close,crypto,secondary,3,66703.65625,USD_per_BTC,USD,54990073882.0,log_return,yahoo,BTC-USD,yfinance/yahoo-chart,raw/yahoo_BTC.csv,market-extract-4.2,2026-08-11T11:03:48+00:00,200,Adj Close|Close|High|Low|Open|Volume,24/7 market - covers weekend events,W14
2026-06-03,2026-06-03T00:00:00+00:00,True,00:00,UTC,BTC,Bitcoin,economic,crypto,,close,crypto,secondary,3,64014.3671875,USD_per_BTC,USD,47411556213.0,log_return,yahoo,BTC-USD,yfinance/yahoo-chart,raw/yahoo_BTC.csv,market-extract-4.2,2026-08-11T11:03:48+00:00,200,Adj Close|Close|High|Low|Open|Volume,24/7 market - covers weekend events,W14
2026-06-04,2026-06-04T00:00:00+00:00,True,00:00,UTC,BTC,Bitcoin,economic,crypto,,close,crypto,secondary,3,63801.57421875,USD_per_BTC,USD,63800151780.0,log_return,yahoo,BTC-USD,yfinance/yahoo-chart,raw/yahoo_BTC.csv,market-extract-4.2,2026-08-11T11:03:48+00:00,200,Adj Close|Close|High|Low|Open|Volume,24/7 market - covers weekend events,W14
2026-06-05,2026-06-05T00:00:00+00:00,True,00:00,UTC,BTC,Bitcoin,economic,crypto,,close,crypto,secondary,3,60922.66796875,USD_per_BTC,USD,71465606706.0,log_return,yahoo,BTC-USD,yfinance/yahoo-chart,raw/yahoo_BTC.csv,market-extract-4.2,2026-08-11T11:03:48+00:00,200,Adj Close|Close|High|Low|Open|Volume,24/7 market - covers weekend events,W14
2026-06-06,2026-06-06T00:00:00+00:00,True,00:00,UTC,BTC,Bitcoin,economic,crypto,,close,crypto,secondary,3,60867.4140625,USD_per_BTC,USD,30898464957.0,log_return,yahoo,BTC-USD,yfinance/yahoo-chart,raw/yahoo_BTC.csv,market-extract-4.2,2026-08-11T11:03:48+00:00,200,Adj Close|Close|High|Low|Open|Volume,24/7 market - covers weekend events,W15
2026-06-07,2026-06-07T00:00:00+00:00,True,00:00,UTC,BTC,Bitcoin,economic,crypto,,close,crypto,secondary,3,63239.51953125,USD_per_BTC,USD,36006496194.0,log_return,yahoo,BTC-USD,yfinance/yahoo-chart,raw/yahoo_BTC.csv,market-extract-4.2,2026-08-11T11:03:48+00:00,200,Adj Close|Close|High|Low|Open|Volume,24/7 market - covers weekend events,W15
2026-06-08,2026-06-08T00:00:00+00:00,True,00:00,UTC,BTC,Bitcoin,economic,crypto,,close,crypto,secondary,3,63090.58984375,USD_per_BTC,USD,34133252457.0,log_return,yahoo,BTC-USD,yfinance/yahoo-chart,raw/yahoo_BTC.csv,market-extract-4.2,2026-08-11T11:03:48+00:00,200,Adj Close|Close|High|Low|Open|Volume,24/7 market - covers weekend events,W15
2026-06-09,2026-06-09T00:00:00+00:00,True,00:00,UTC,BTC,Bitcoin,economic,crypto,,close,crypto,secondary,3,61643.78125,USD_per_BTC,USD,40144449754.0,log_return,yahoo,BTC-USD,yfinance/yahoo-chart,raw/yahoo_BTC.csv,market-extract-4.2,2026-08-11T11:03:48+00:00,200,Adj Close|Close|High|Low|Open|Volume,24/7 market - covers weekend events,W15
2026-06-10,2026-06-10T00:00:00+00:00,True,00:00,UTC,BTC,Bitcoin,economic,crypto,,close,crypto,secondary,3,61449.2890625,USD_per_BTC,USD,27493506779.0,log_return,yahoo,BTC-USD,yfinance/yahoo-chart,raw/yahoo_BTC.csv,market-extract-4.2,2026-08-11T11:03:48+00:00,200,Adj Close|Close|High|Low|Open|Volume,24/7 market - covers weekend events,W15
2026-06-11,2026-06-11T00:00:00+00:00,True,00:00,UTC,BTC,Bitcoin,economic,crypto,,close,crypto,secondary,3,63561.0546875,USD_per_BTC,USD,29316677897.0,log_return,yahoo,BTC-USD,yfinance/yahoo-chart,raw/yahoo_BTC.csv,market-extract-4.2,2026-08-11T11:03:48+00:00,200,Adj Close|Close|High|Low|Open|Volume,24/7 market - covers weekend events,W15
2026-06-12,2026-06-12T00:00:00+00:00,True,00:00,UTC,BTC,Bitcoin,economic,crypto,,close,crypto,secondary,3,63543.19921875,USD_per_BTC,USD,26881868307.0,log_return,yahoo,BTC-USD,yfinance/yahoo-chart,raw/yahoo_BTC.csv,market-extract-4.2,2026-08-11T11:03:48+00:00,200,Adj Close|Close|High|Low|Open|Volume,24/7 market - covers weekend events,W15
2026-06-13,2026-06-13T00:00:00+00:00,True,00:00,UTC,BTC,Bitcoin,economic,crypto,,close,crypto,secondary,3,64421.32421875,USD_per_BTC,USD,16956245530.0,log_return,yahoo,BTC-USD,yfinance/yahoo-chart,raw/yahoo_BTC.csv,market-extract-4.2,2026-08-11T11:03:48+00:00,200,Adj Close|Close|High|Low|Open|Volume,24/7 market - covers weekend events,W16
2026-06-14,2026-06-14T00:00:00+00:00,True,00:00,UTC,BTC,Bitcoin,economic,crypto,,close,crypto,secondary,3,65710.3984375,USD_per_BTC,USD,21572226975.0,log_return,yahoo,BTC-USD,yfinance/yahoo-chart,raw/yahoo_BTC.csv,market-extract-4.2,2026-08-11T11:03:48+00:00,200,Adj Close|Close|High|Low|Open|Volume,24/7 market - covers weekend events,W16
2026-06-15,2026-06-15T00:00:00+00:00,True,00:00,UTC,BTC,Bitcoin,economic,crypto,,close,crypto,secondary,3,66289.5,USD_per_BTC,USD,32927321950.0,log_return,yahoo,BTC-USD,yfinance/yahoo-chart,raw/yahoo_BTC.csv,market-extract-4.2,2026-08-11T11:03:48+00:00,200,Adj Close|Close|High|Low|Open|Volume,24/7 market - covers weekend events,W16
2026-06-16,2026-06-16T00:00:00+00:00,True,00:00,UTC,BTC,Bitcoin,economic,crypto,,close,crypto,secondary,3,65600.640625,USD_per_BTC,USD,25063963967.0,log_return,yahoo,BTC-USD,yfinance/yahoo-chart,raw/yahoo_BTC.csv,market-extract-4.2,2026-08-11T11:03:48+00:00,200,Adj Close|Close|High|Low|Open|Volume,24/7 market - covers weekend events,W16
2026-06-17,2026-06-17T00:00:00+00:00,True,00:00,UTC,BTC,Bitcoin,economic,crypto,,close,crypto,secondary,3,64418.4453125,USD_per_BTC,USD,31288885189.0,log_return,yahoo,BTC-USD,yfinance/yahoo-chart,raw/yahoo_BTC.csv,market-extract-4.2,2026-08-11T11:03:48+00:00,200,Adj Close|Close|High|Low|Open|Volume,24/7 market - covers weekend events,W16
2026-06-18,2026-06-18T00:00:00+00:00,True,00:00,UTC,BTC,Bitcoin,economic,crypto,,close,crypto,secondary,3,62896.47265625,USD_per_BTC,USD,30432454936.0,log_return,yahoo,BTC-USD,yfinance/yahoo-chart,raw/yahoo_BTC.csv,market-extract-4.2,2026-08-11T11:03:48+00:00,200,Adj Close|Close|High|Low|Open|Volume,24/7 market - covers weekend events,W16
2026-06-19,2026-06-19T00:00:00+00:00,True,00:00,UTC,BTC,Bitcoin,economic,crypto,,close,crypto,secondary,3,63540.8359375,USD_per_BTC,USD,22361931660.0,log_return,yahoo,BTC-USD,yfinance/yahoo-chart,raw/yahoo_BTC.csv,market-extract-4.2,2026-08-11T11:03:48+00:00,200,Adj Close|Close|High|Low|Open|Volume,24/7 market - covers weekend events,W16
2026-06-20,2026-06-20T00:00:00+00:00,True,00:00,UTC,BTC,Bitcoin,economic,crypto,,close,crypto,secondary,3,64239.67578125,USD_per_BTC,USD,17486384117.0,log_return,yahoo,BTC-USD,yfinance/yahoo-chart,raw/yahoo_BTC.csv,market-extract-4.2,2026-08-11T11:03:48+00:00,200,Adj Close|Close|High|Low|Open|Volume,24/7 market - covers weekend events,W17
2026-06-21,2026-06-21T00:00:00+00:00,True,00:00,UTC,BTC,Bitcoin,economic,crypto,,close,crypto,secondary,3,63237.5390625,USD_per_BTC,USD,15739619591.0,log_return,yahoo,BTC-USD,yfinance/yahoo-chart,raw/yahoo_BTC.csv,market-extract-4.2,2026-08-11T11:03:48+00:00,200,Adj Close|Close|High|Low|Open|Volume,24/7 market - covers weekend events,W17
2026-06-22,2026-06-22T00:00:00+00:00,True,00:00,UTC,BTC,Bitcoin,economic,crypto,,close,crypto,secondary,3,63952.10546875,USD_per_BTC,USD,26561496819.0,log_return,yahoo,BTC-USD,yfinance/yahoo-chart,raw/yahoo_BTC.csv,market-extract-4.2,2026-08-11T11:03:48+00:00,200,Adj Close|Close|High|Low|Open|Volume,24/7 market - covers weekend events,W17
2026-06-23,2026-06-23T00:00:00+00:00,True,00:00,UTC,BTC,Bitcoin,economic,crypto,,close,crypto,secondary,3,62668.01953125,USD_per_BTC,USD,29608942370.0,log_return,yahoo,BTC-USD,yfinance/yahoo-chart,raw/yahoo_BTC.csv,market-extract-4.2,2026-08-11T11:03:48+00:00,200,Adj Close|Close|High|Low|Open|Volume,24/7 market - covers weekend events,W17
2026-06-24,2026-06-24T00:00:00+00:00,True,00:00,UTC,BTC,Bitcoin,economic,crypto,,close,crypto,secondary,3,60995.1328125,USD_per_BTC,USD,42644106535.0,log_return,yahoo,BTC-USD,yfinance/yahoo-chart,raw/yahoo_BTC.csv,market-extract-4.2,2026-08-11T11:03:48+00:00,200,Adj Close|Close|High|Low|Open|Volume,24/7 market - covers weekend events,W17
2026-06-25,2026-06-25T00:00:00+00:00,True,00:00,UTC,BTC,Bitcoin,economic,crypto,,close,crypto,secondary,3,59721.67578125,USD_per_BTC,USD,40625024718.0,log_return,yahoo,BTC-USD,yfinance/yahoo-chart,raw/yahoo_BTC.csv,market-extract-4.2,2026-08-11T11:03:48+00:00,200,Adj Close|Close|High|Low|Open|Volume,24/7 market - covers weekend events,W17
2026-06-26,2026-06-26T00:00:00+00:00,True,00:00,UTC,BTC,Bitcoin,economic,crypto,,close,crypto,secondary,3,60016.4296875,USD_per_BTC,USD,41502864671.0,log_return,yahoo,BTC-USD,yfinance/yahoo-chart,raw/yahoo_BTC.csv,market-extract-4.2,2026-08-11T11:03:48+00:00,200,Adj Close|Close|High|Low|Open|Volume,24/7 market - covers weekend events,W17
2026-06-27,2026-06-27T00:00:00+00:00,True,00:00,UTC,BTC,Bitcoin,economic,crypto,,close,crypto,secondary,3,59940.09765625,USD_per_BTC,USD,15099836554.0,log_return,yahoo,BTC-USD,yfinance/yahoo-chart,raw/yahoo_BTC.csv,market-extract-4.2,2026-08-11T11:03:48+00:00,200,Adj Close|Close|High|Low|Open|Volume,24/7 market - covers weekend events,W18
2026-06-28,2026-06-28T00:00:00+00:00,True,00:00,UTC,BTC,Bitcoin,economic,crypto,,close,crypto,secondary,3,59532.33984375,USD_per_BTC,USD,16282230874.0,log_return,yahoo,BTC-USD,yfinance/yahoo-chart,raw/yahoo_BTC.csv,market-extract-4.2,2026-08-11T11:03:48+00:00,200,Adj Close|Close|High|Low|Open|Volume,24/7 market - covers weekend events,W18
2026-06-29,2026-06-29T00:00:00+00:00,True,00:00,UTC,BTC,Bitcoin,economic,crypto,,close,crypto,secondary,3,60138.37890625,USD_per_BTC,USD,30829983083.0,log_return,yahoo,BTC-USD,yfinance/yahoo-chart,raw/yahoo_BTC.csv,market-extract-4.2,2026-08-11T11:03:48+00:00,200,Adj Close|Close|High|Low|Open|Volume,24/7 market - covers weekend events,W18
2026-06-30,2026-06-30T00:00:00+00:00,True,00:00,UTC,BTC,Bitcoin,economic,crypto,,close,crypto,secondary,3,58558.859375,USD_per_BTC,USD,32747419391.0,log_return,yahoo,BTC-USD,yfinance/yahoo-chart,raw/yahoo_BTC.csv,market-extract-4.2,2026-08-11T11:03:48+00:00,200,Adj Close|Close|High|Low|Open|Volume,24/7 market - covers weekend events,W18
2026-07-01,2026-07-01T00:00:00+00:00,True,00:00,UTC,BTC,Bitcoin,economic,crypto,,close,crypto,secondary,3,60003.7578125,USD_per_BTC,USD,37904450118.0,log_return,yahoo,BTC-USD,yfinance/yahoo-chart,raw/yahoo_BTC.csv,market-extract-4.2,2026-08-11T11:03:48+00:00,200,Adj Close|Close|High|Low|Open|Volume,24/7 market - covers weekend events,W18
2026-07-02,2026-07-02T00:00:00+00:00,True,00:00,UTC,BTC,Bitcoin,economic,crypto,,close,crypto,secondary,3,61485.30078125,USD_per_BTC,USD,40109297349.0,log_return,yahoo,BTC-USD,yfinance/yahoo-chart,raw/yahoo_BTC.csv,market-extract-4.2,2026-08-11T11:03:48+00:00,200,Adj Close|Close|High|Low|Open|Volume,24/7 market - covers weekend events,W18
2026-07-03,2026-07-03T00:00:00+00:00,True,00:00,UTC,BTC,Bitcoin,economic,crypto,,close,crypto,secondary,3,62544.19921875,USD_per_BTC,USD,26131813598.0,log_return,yahoo,BTC-USD,yfinance/yahoo-chart,raw/yahoo_BTC.csv,market-extract-4.2,2026-08-11T11:03:48+00:00,200,Adj Close|Close|High|Low|Open|Volume,24/7 market - covers weekend events,W18
2026-07-04,2026-07-04T00:00:00+00:00,True,00:00,UTC,BTC,Bitcoin,economic,crypto,,close,crypto,secondary,3,63088.3046875,USD_per_BTC,USD,18608397613.0,log_return,yahoo,BTC-USD,yfinance/yahoo-chart,raw/yahoo_BTC.csv,market-extract-4.2,2026-08-11T11:03:48+00:00,200,Adj Close|Close|High|Low|Open|Volume,24/7 market - covers weekend events,W19
2026-07-05,2026-07-05T00:00:00+00:00,True,00:00,UTC,BTC,Bitcoin,economic,crypto,,close,crypto,secondary,3,63547.8828125,USD_per_BTC,USD,18267466154.0,log_return,yahoo,BTC-USD,yfinance/yahoo-chart,raw/yahoo_BTC.csv,market-extract-4.2,2026-08-11T11:03:48+00:00,200,Adj Close|Close|High|Low|Open|Volume,24/7 market - covers weekend events,W19
2026-07-06,2026-07-06T00:00:00+00:00,True,00:00,UTC,BTC,Bitcoin,economic,crypto,,close,crypto,secondary,3,63995.015625,USD_per_BTC,USD,36552222303.0,log_return,yahoo,BTC-USD,yfinance/yahoo-chart,raw/yahoo_BTC.csv,market-extract-4.2,2026-08-11T11:03:48+00:00,200,Adj Close|Close|High|Low|Open|Volume,24/7 market - covers weekend events,W19
2026-07-07,2026-07-07T00:00:00+00:00,True,00:00,UTC,BTC,Bitcoin,economic,crypto,,close,crypto,secondary,3,63297.39453125,USD_per_BTC,USD,31026493556.0,log_return,yahoo,BTC-USD,yfinance/yahoo-chart,raw/yahoo_BTC.csv,market-extract-4.2,2026-08-11T11:03:48+00:00,200,Adj Close|Close|High|Low|Open|Volume,24/7 market - covers weekend events,W19
2026-07-08,2026-07-08T00:00:00+00:00,True,00:00,UTC,BTC,Bitcoin,economic,crypto,,close,crypto,secondary,3,62257.57421875,USD_per_BTC,USD,27349235354.0,log_return,yahoo,BTC-USD,yfinance/yahoo-chart,raw/yahoo_BTC.csv,market-extract-4.2,2026-08-11T11:03:48+00:00,200,Adj Close|Close|High|Low|Open|Volume,24/7 market - covers weekend events,W19
2026-07-09,2026-07-09T00:00:00+00:00,True,00:00,UTC,BTC,Bitcoin,economic,crypto,,close,crypto,secondary,3,63193.1484375,USD_per_BTC,USD,26546256117.0,log_return,yahoo,BTC-USD,yfinance/yahoo-chart,raw/yahoo_BTC.csv,market-extract-4.2,2026-08-11T11:03:48+00:00,200,Adj Close|Close|High|Low|Open|Volume,24/7 market - covers weekend events,W19
2026-07-10,2026-07-10T00:00:00+00:00,True,00:00,UTC,BTC,Bitcoin,economic,crypto,,close,crypto,secondary,3,64127.140625,USD_per_BTC,USD,27450201269.0,log_return,yahoo,BTC-USD,yfinance/yahoo-chart,raw/yahoo_BTC.csv,market-extract-4.2,2026-08-11T11:03:48+00:00,200,Adj Close|Close|High|Low|Open|Volume,24/7 market - covers weekend events,W19
2026-07-11,2026-07-11T00:00:00+00:00,True,00:00,UTC,BTC,Bitcoin,economic,crypto,,close,crypto,secondary,3,63802.02734375,USD_per_BTC,USD,13954689047.0,log_return,yahoo,BTC-USD,yfinance/yahoo-chart,raw/yahoo_BTC.csv,market-extract-4.2,2026-08-11T11:03:48+00:00,200,Adj Close|Close|High|Low|Open|Volume,24/7 market - covers weekend events,W20
2026-07-12,2026-07-12T00:00:00+00:00,True,00:00,UTC,BTC,Bitcoin,economic,crypto,,close,crypto,secondary,3,63758.21875,USD_per_BTC,USD,19043437787.0,log_return,yahoo,BTC-USD,yfinance/yahoo-chart,raw/yahoo_BTC.csv,market-extract-4.2,2026-08-11T11:03:48+00:00,200,Adj Close|Close|High|Low|Open|Volume,24/7 market - covers weekend events,W20
2026-07-13,2026-07-13T00:00:00+00:00,True,00:00,UTC,BTC,Bitcoin,economic,crypto,,close,crypto,secondary,3,62239.12109375,USD_per_BTC,USD,37650044790.0,log_return,yahoo,BTC-USD,yfinance/yahoo-chart,raw/yahoo_BTC.csv,market-extract-4.2,2026-08-11T11:03:48+00:00,200,Adj Close|Close|High|Low|Open|Volume,24/7 market - covers weekend events,W20
2026-07-14,2026-07-14T00:00:00+00:00,True,00:00,UTC,BTC,Bitcoin,economic,crypto,,close,crypto,secondary,3,64956.11328125,USD_per_BTC,USD,29841287318.0,log_return,yahoo,BTC-USD,yfinance/yahoo-chart,raw/yahoo_BTC.csv,market-extract-4.2,2026-08-11T11:03:48+00:00,200,Adj Close|Close|High|Low|Open|Volume,24/7 market - covers weekend events,W20
2026-07-15,2026-07-15T00:00:00+00:00,True,00:00,UTC,BTC,Bitcoin,economic,crypto,,close,crypto,secondary,3,64712.375,USD_per_BTC,USD,27029791676.0,log_return,yahoo,BTC-USD,yfinance/yahoo-chart,raw/yahoo_BTC.csv,market-extract-4.2,2026-08-11T11:03:48+00:00,200,Adj Close|Close|High|Low|Open|Volume,24/7 market - covers weekend events,W20
2026-07-16,2026-07-16T00:00:00+00:00,True,00:00,UTC,BTC,Bitcoin,economic,crypto,,close,crypto,secondary,3,63789.28125,USD_per_BTC,USD,27232426674.0,log_return,yahoo,BTC-USD,yfinance/yahoo-chart,raw/yahoo_BTC.csv,market-extract-4.2,2026-08-11T11:03:48+00:00,200,Adj Close|Close|High|Low|Open|Volume,24/7 market - covers weekend events,W20
2026-07-17,2026-07-17T00:00:00+00:00,True,00:00,UTC,BTC,Bitcoin,economic,crypto,,close,crypto,secondary,3,63899.4609375,USD_per_BTC,USD,27280236800.0,log_return,yahoo,BTC-USD,yfinance/yahoo-chart,raw/yahoo_BTC.csv,market-extract-4.2,2026-08-11T11:03:48+00:00,200,Adj Close|Close|High|Low|Open|Volume,24/7 market - covers weekend events,W20
2026-07-18,2026-07-18T00:00:00+00:00,True,00:00,UTC,BTC,Bitcoin,economic,crypto,,close,crypto,secondary,3,64796.6015625,USD_per_BTC,USD,14162542470.0,log_return,yahoo,BTC-USD,yfinance/yahoo-chart,raw/yahoo_BTC.csv,market-extract-4.2,2026-08-11T11:03:48+00:00,200,Adj Close|Close|High|Low|Open|Volume,24/7 market - covers weekend events,W21
2026-07-19,2026-07-19T00:00:00+00:00,True,00:00,UTC,BTC,Bitcoin,economic,crypto,,close,crypto,secondary,3,64690.8046875,USD_per_BTC,USD,15000653941.0,log_return,yahoo,BTC-USD,yfinance/yahoo-chart,raw/yahoo_BTC.csv,market-extract-4.2,2026-08-11T11:03:48+00:00,200,Adj Close|Close|High|Low|Open|Volume,24/7 market - covers weekend events,W21
2026-07-20,2026-07-20T00:00:00+00:00,True,00:00,UTC,BTC,Bitcoin,economic,crypto,,close,crypto,secondary,3,65230.02734375,USD_per_BTC,USD,30988932408.0,log_return,yahoo,BTC-USD,yfinance/yahoo-chart,raw/yahoo_BTC.csv,market-extract-4.2,2026-08-11T11:03:48+00:00,200,Adj Close|Close|High|Low|Open|Volume,24/7 market - covers weekend events,W21
2026-07-21,2026-07-21T00:00:00+00:00,True,00:00,UTC,BTC,Bitcoin,economic,crypto,,close,crypto,secondary,3,66505.125,USD_per_BTC,USD,29554470321.0,log_return,yahoo,BTC-USD,yfinance/yahoo-chart,raw/yahoo_BTC.csv,market-extract-4.2,2026-08-11T11:03:48+00:00,200,Adj Close|Close|High|Low|Open|Volume,24/7 market - covers weekend events,W21
2026-07-22,2026-07-22T00:00:00+00:00,True,00:00,UTC,BTC,Bitcoin,economic,crypto,,close,crypto,secondary,3,66100.796875,USD_per_BTC,USD,28142272410.0,log_return,yahoo,BTC-USD,yfinance/yahoo-chart,raw/yahoo_BTC.csv,market-extract-4.2,2026-08-11T11:03:48+00:00,200,Adj Close|Close|High|Low|Open|Volume,24/7 market - covers weekend events,W21
2026-02-28,2026-02-28T00:00:00+00:00,True,00:00,UTC,ETH,Ethereum,economic,crypto,,close,crypto,secondary,3,1965.050537109375,USD_per_ETH,USD,21675923669.0,log_return,yahoo,ETH-USD,yfinance/yahoo-chart,raw/yahoo_ETH.csv,market-extract-4.2,2026-08-11T11:03:48+00:00,200,Adj Close|Close|High|Low|Open|Volume,24/7,W01
2026-03-01,2026-03-01T00:00:00+00:00,True,00:00,UTC,ETH,Ethereum,economic,crypto,,close,crypto,secondary,3,1939.066650390625,USD_per_ETH,USD,23649071468.0,log_return,yahoo,ETH-USD,yfinance/yahoo-chart,raw/yahoo_ETH.csv,market-extract-4.2,2026-08-11T11:03:48+00:00,200,Adj Close|Close|High|Low|Open|Volume,24/7,W01
2026-03-02,2026-03-02T00:00:00+00:00,True,00:00,UTC,ETH,Ethereum,economic,crypto,,close,crypto,secondary,3,2027.2689208984375,USD_per_ETH,USD,26235436166.0,log_return,yahoo,ETH-USD,yfinance/yahoo-chart,raw/yahoo_ETH.csv,market-extract-4.2,2026-08-11T11:03:48+00:00,200,Adj Close|Close|High|Low|Open|Volume,24/7,W01
2026-03-03,2026-03-03T00:00:00+00:00,True,00:00,UTC,ETH,Ethereum,economic,crypto,,close,crypto,secondary,3,1982.7689208984375,USD_per_ETH,USD,24100196312.0,log_return,yahoo,ETH-USD,yfinance/yahoo-chart,raw/yahoo_ETH.csv,market-extract-4.2,2026-08-11T11:03:48+00:00,200,Adj Close|Close|High|Low|Open|Volume,24/7,W01
2026-03-04,2026-03-04T00:00:00+00:00,True,00:00,UTC,ETH,Ethereum,economic,crypto,,close,crypto,secondary,3,2126.50537109375,USD_per_ETH,USD,33610946768.0,log_return,yahoo,ETH-USD,yfinance/yahoo-chart,raw/yahoo_ETH.csv,market-extract-4.2,2026-08-11T11:03:48+00:00,200,Adj Close|Close|High|Low|Open|Volume,24/7,W01
2026-03-05,2026-03-05T00:00:00+00:00,True,00:00,UTC,ETH,Ethereum,economic,crypto,,close,crypto,secondary,3,2071.60546875,USD_per_ETH,USD,22383576284.0,log_return,yahoo,ETH-USD,yfinance/yahoo-chart,raw/yahoo_ETH.csv,market-extract-4.2,2026-08-11T11:03:48+00:00,200,Adj Close|Close|High|Low|Open|Volume,24/7,W01
2026-03-06,2026-03-06T00:00:00+00:00,True,00:00,UTC,ETH,Ethereum,economic,crypto,,close,crypto,secondary,3,1978.751220703125,USD_per_ETH,USD,19733648079.0,log_return,yahoo,ETH-USD,yfinance/yahoo-chart,raw/yahoo_ETH.csv,market-extract-4.2,2026-08-11T11:03:48+00:00,200,Adj Close|Close|High|Low|Open|Volume,24/7,W01
2026-03-07,2026-03-07T00:00:00+00:00,True,00:00,UTC,ETH,Ethereum,economic,crypto,,close,crypto,secondary,3,1969.4554443359375,USD_per_ETH,USD,10236899078.0,log_return,yahoo,ETH-USD,yfinance/yahoo-chart,raw/yahoo_ETH.csv,market-extract-4.2,2026-08-11T11:03:48+00:00,200,Adj Close|Close|High|Low|Open|Volume,24/7,W02
2026-03-08,2026-03-08T00:00:00+00:00,True,00:00,UTC,ETH,Ethereum,economic,crypto,,close,crypto,secondary,3,1936.604736328125,USD_per_ETH,USD,16314032554.0,log_return,yahoo,ETH-USD,yfinance/yahoo-chart,raw/yahoo_ETH.csv,market-extract-4.2,2026-08-11T11:03:48+00:00,200,Adj Close|Close|High|Low|Open|Volume,24/7,W02
2026-03-09,2026-03-09T00:00:00+00:00,True,00:00,UTC,ETH,Ethereum,economic,crypto,,close,crypto,secondary,3,1992.938232421875,USD_per_ETH,USD,24015826480.0,log_return,yahoo,ETH-USD,yfinance/yahoo-chart,raw/yahoo_ETH.csv,market-extract-4.2,2026-08-11T11:03:48+00:00,200,Adj Close|Close|High|Low|Open|Volume,24/7,W02
2026-03-10,2026-03-10T00:00:00+00:00,True,00:00,UTC,ETH,Ethereum,economic,crypto,,close,crypto,secondary,3,2037.1204833984375,USD_per_ETH,USD,23552353781.0,log_return,yahoo,ETH-USD,yfinance/yahoo-chart,raw/yahoo_ETH.csv,market-extract-4.2,2026-08-11T11:03:48+00:00,200,Adj Close|Close|High|Low|Open|Volume,24/7,W02
2026-03-11,2026-03-11T00:00:00+00:00,True,00:00,UTC,ETH,Ethereum,economic,crypto,,close,crypto,secondary,3,2051.5732421875,USD_per_ETH,USD,19031715359.0,log_return,yahoo,ETH-USD,yfinance/yahoo-chart,raw/yahoo_ETH.csv,market-extract-4.2,2026-08-11T11:03:48+00:00,200,Adj Close|Close|High|Low|Open|Volume,24/7,W02
2026-03-12,2026-03-12T00:00:00+00:00,True,00:00,UTC,ETH,Ethereum,economic,crypto,,close,crypto,secondary,3,2073.13623046875,USD_per_ETH,USD,20624954899.0,log_return,yahoo,ETH-USD,yfinance/yahoo-chart,raw/yahoo_ETH.csv,market-extract-4.2,2026-08-11T11:03:48+00:00,200,Adj Close|Close|High|Low|Open|Volume,24/7,W02
2026-03-13,2026-03-13T00:00:00+00:00,True,00:00,UTC,ETH,Ethereum,economic,crypto,,close,crypto,secondary,3,2092.5634765625,USD_per_ETH,USD,29345212033.0,log_return,yahoo,ETH-USD,yfinance/yahoo-chart,raw/yahoo_ETH.csv,market-extract-4.2,2026-08-11T11:03:48+00:00,200,Adj Close|Close|High|Low|Open|Volume,24/7,W02
2026-03-14,2026-03-14T00:00:00+00:00,True,00:00,UTC,ETH,Ethereum,economic,crypto,,close,crypto,secondary,3,2097.086669921875,USD_per_ETH,USD,10073411269.0,log_return,yahoo,ETH-USD,yfinance/yahoo-chart,raw/yahoo_ETH.csv,market-extract-4.2,2026-08-11T11:03:48+00:00,200,Adj Close|Close|High|Low|Open|Volume,24/7,W03
2026-03-15,2026-03-15T00:00:00+00:00,True,00:00,UTC,ETH,Ethereum,economic,crypto,,close,crypto,secondary,3,2177.476318359375,USD_per_ETH,USD,15333885132.0,log_return,yahoo,ETH-USD,yfinance/yahoo-chart,raw/yahoo_ETH.csv,market-extract-4.2,2026-08-11T11:03:48+00:00,200,Adj Close|Close|High|Low|Open|Volume,24/7,W03
2026-03-16,2026-03-16T00:00:00+00:00,True,00:00,UTC,ETH,Ethereum,economic,crypto,,close,crypto,secondary,3,2351.176025390625,USD_per_ETH,USD,38938369545.0,log_return,yahoo,ETH-USD,yfinance/yahoo-chart,raw/yahoo_ETH.csv,market-extract-4.2,2026-08-11T11:03:48+00:00,200,Adj Close|Close|High|Low|Open|Volume,24/7,W03
2026-03-17,2026-03-17T00:00:00+00:00,True,00:00,UTC,ETH,Ethereum,economic,crypto,,close,crypto,secondary,3,2318.053466796875,USD_per_ETH,USD,26737564550.0,log_return,yahoo,ETH-USD,yfinance/yahoo-chart,raw/yahoo_ETH.csv,market-extract-4.2,2026-08-11T11:03:48+00:00,200,Adj Close|Close|High|Low|Open|Volume,24/7,W03
2026-03-18,2026-03-18T00:00:00+00:00,True,00:00,UTC,ETH,Ethereum,economic,crypto,,close,crypto,secondary,3,2203.671630859375,USD_per_ETH,USD,25617966362.0,log_return,yahoo,ETH-USD,yfinance/yahoo-chart,raw/yahoo_ETH.csv,market-extract-4.2,2026-08-11T11:03:48+00:00,200,Adj Close|Close|High|Low|Open|Volume,24/7,W03
2026-03-19,2026-03-19T00:00:00+00:00,True,00:00,UTC,ETH,Ethereum,economic,crypto,,close,crypto,secondary,3,2137.423828125,USD_per_ETH,USD,24090913749.0,log_return,yahoo,ETH-USD,yfinance/yahoo-chart,raw/yahoo_ETH.csv,market-extract-4.2,2026-08-11T11:03:48+00:00,200,Adj Close|Close|High|Low|Open|Volume,24/7,W03
2026-03-20,2026-03-20T00:00:00+00:00,True,00:00,UTC,ETH,Ethereum,economic,crypto,,close,crypto,secondary,3,2146.4970703125,USD_per_ETH,USD,17970488517.0,log_return,yahoo,ETH-USD,yfinance/yahoo-chart,raw/yahoo_ETH.csv,market-extract-4.2,2026-08-11T11:03:48+00:00,200,Adj Close|Close|High|Low|Open|Volume,24/7,W03
2026-03-21,2026-03-21T00:00:00+00:00,True,00:00,UTC,ETH,Ethereum,economic,crypto,,close,crypto,secondary,3,2076.68994140625,USD_per_ETH,USD,8654913047.0,log_return,yahoo,ETH-USD,yfinance/yahoo-chart,raw/yahoo_ETH.csv,market-extract-4.2,2026-08-11T11:03:48+00:00,200,Adj Close|Close|High|Low|Open|Volume,24/7,W04
2026-03-22,2026-03-22T00:00:00+00:00,True,00:00,UTC,ETH,Ethereum,economic,crypto,,close,crypto,secondary,3,2053.04833984375,USD_per_ETH,USD,16438149794.0,log_return,yahoo,ETH-USD,yfinance/yahoo-chart,raw/yahoo_ETH.csv,market-extract-4.2,2026-08-11T11:03:48+00:00,200,Adj Close|Close|High|Low|Open|Volume,24/7,W04
2026-03-23,2026-03-23T00:00:00+00:00,True,00:00,UTC,ETH,Ethereum,economic,crypto,,close,crypto,secondary,3,2152.14599609375,USD_per_ETH,USD,28509077302.0,log_return,yahoo,ETH-USD,yfinance/yahoo-chart,raw/yahoo_ETH.csv,market-extract-4.2,2026-08-11T11:03:48+00:00,200,Adj Close|Close|High|Low|Open|Volume,24/7,W04
2026-03-24,2026-03-24T00:00:00+00:00,True,00:00,UTC,ETH,Ethereum,economic,crypto,,close,crypto,secondary,3,2155.704345703125,USD_per_ETH,USD,18389631713.0,log_return,yahoo,ETH-USD,yfinance/yahoo-chart,raw/yahoo_ETH.csv,market-extract-4.2,2026-08-11T11:03:48+00:00,200,Adj Close|Close|High|Low|Open|Volume,24/7,W04
2026-03-25,2026-03-25T00:00:00+00:00,True,00:00,UTC,ETH,Ethereum,economic,crypto,,close,crypto,secondary,3,2168.021484375,USD_per_ETH,USD,17086301657.0,log_return,yahoo,ETH-USD,yfinance/yahoo-chart,raw/yahoo_ETH.csv,market-extract-4.2,2026-08-11T11:03:48+00:00,200,Adj Close|Close|High|Low|Open|Volume,24/7,W04
2026-03-26,2026-03-26T00:00:00+00:00,True,00:00,UTC,ETH,Ethereum,economic,crypto,,close,crypto,secondary,3,2059.578369140625,USD_per_ETH,USD,18628112246.0,log_return,yahoo,ETH-USD,yfinance/yahoo-chart,raw/yahoo_ETH.csv,market-extract-4.2,2026-08-11T11:03:48+00:00,200,Adj Close|Close|High|Low|Open|Volume,24/7,W04
2026-03-27,2026-03-27T00:00:00+00:00,True,00:00,UTC,ETH,Ethereum,economic,crypto,,close,crypto,secondary,3,1991.27197265625,USD_per_ETH,USD,19453998121.0,log_return,yahoo,ETH-USD,yfinance/yahoo-chart,raw/yahoo_ETH.csv,market-extract-4.2,2026-08-11T11:03:48+00:00,200,Adj Close|Close|High|Low|Open|Volume,24/7,W04
2026-03-28,2026-03-28T00:00:00+00:00,True,00:00,UTC,ETH,Ethereum,economic,crypto,,close,crypto,secondary,3,1992.694580078125,USD_per_ETH,USD,8641221084.0,log_return,yahoo,ETH-USD,yfinance/yahoo-chart,raw/yahoo_ETH.csv,market-extract-4.2,2026-08-11T11:03:48+00:00,200,Adj Close|Close|High|Low|Open|Volume,24/7,W05
2026-03-29,2026-03-29T00:00:00+00:00,True,00:00,UTC,ETH,Ethereum,economic,crypto,,close,crypto,secondary,3,1982.5596923828125,USD_per_ETH,USD,9451184647.0,log_return,yahoo,ETH-USD,yfinance/yahoo-chart,raw/yahoo_ETH.csv,market-extract-4.2,2026-08-11T11:03:48+00:00,200,Adj Close|Close|High|Low|Open|Volume,24/7,W05
2026-03-30,2026-03-30T00:00:00+00:00,True,00:00,UTC,ETH,Ethereum,economic,crypto,,close,crypto,secondary,3,2023.514892578125,USD_per_ETH,USD,17840662425.0,log_return,yahoo,ETH-USD,yfinance/yahoo-chart,raw/yahoo_ETH.csv,market-extract-4.2,2026-08-11T11:03:48+00:00,200,Adj Close|Close|High|Low|Open|Volume,24/7,W05
2026-03-31,2026-03-31T00:00:00+00:00,True,00:00,UTC,ETH,Ethereum,economic,crypto,,close,crypto,secondary,3,2104.708251953125,USD_per_ETH,USD,21278561395.0,log_return,yahoo,ETH-USD,yfinance/yahoo-chart,raw/yahoo_ETH.csv,market-extract-4.2,2026-08-11T11:03:48+00:00,200,Adj Close|Close|High|Low|Open|Volume,24/7,W05
2026-04-01,2026-04-01T00:00:00+00:00,True,00:00,UTC,ETH,Ethereum,economic,crypto,,close,crypto,secondary,3,2138.737060546875,USD_per_ETH,USD,19542997434.0,log_return,yahoo,ETH-USD,yfinance/yahoo-chart,raw/yahoo_ETH.csv,market-extract-4.2,2026-08-11T11:03:48+00:00,200,Adj Close|Close|High|Low|Open|Volume,24/7,W05
2026-04-02,2026-04-02T00:00:00+00:00,True,00:00,UTC,ETH,Ethereum,economic,crypto,,close,crypto,secondary,3,2056.8525390625,USD_per_ETH,USD,18847170816.0,log_return,yahoo,ETH-USD,yfinance/yahoo-chart,raw/yahoo_ETH.csv,market-extract-4.2,2026-08-11T11:03:48+00:00,200,Adj Close|Close|High|Low|Open|Volume,24/7,W05
2026-04-03,2026-04-03T00:00:00+00:00,True,00:00,UTC,ETH,Ethereum,economic,crypto,,close,crypto,secondary,3,2053.38525390625,USD_per_ETH,USD,9609678843.0,log_return,yahoo,ETH-USD,yfinance/yahoo-chart,raw/yahoo_ETH.csv,market-extract-4.2,2026-08-11T11:03:48+00:00,200,Adj Close|Close|High|Low|Open|Volume,24/7,W05
2026-04-04,2026-04-04T00:00:00+00:00,True,00:00,UTC,ETH,Ethereum,economic,crypto,,close,crypto,secondary,3,2065.3515625,USD_per_ETH,USD,6926913517.0,log_return,yahoo,ETH-USD,yfinance/yahoo-chart,raw/yahoo_ETH.csv,market-extract-4.2,2026-08-11T11:03:48+00:00,200,Adj Close|Close|High|Low|Open|Volume,24/7,W06
2026-04-05,2026-04-05T00:00:00+00:00,True,00:00,UTC,ETH,Ethereum,economic,crypto,,close,crypto,secondary,3,2108.99560546875,USD_per_ETH,USD,9928800793.0,log_return,yahoo,ETH-USD,yfinance/yahoo-chart,raw/yahoo_ETH.csv,market-extract-4.2,2026-08-11T11:03:48+00:00,200,Adj Close|Close|High|Low|Open|Volume,24/7,W06
2026-04-06,2026-04-06T00:00:00+00:00,True,00:00,UTC,ETH,Ethereum,economic,crypto,,close,crypto,secondary,3,2107.761474609375,USD_per_ETH,USD,19097527675.0,log_return,yahoo,ETH-USD,yfinance/yahoo-chart,raw/yahoo_ETH.csv,market-extract-4.2,2026-08-11T11:03:48+00:00,200,Adj Close|Close|High|Low|Open|Volume,24/7,W06
2026-04-07,2026-04-07T00:00:00+00:00,True,00:00,UTC,ETH,Ethereum,economic,crypto,,close,crypto,secondary,3,2241.806640625,USD_per_ETH,USD,22588914083.0,log_return,yahoo,ETH-USD,yfinance/yahoo-chart,raw/yahoo_ETH.csv,market-extract-4.2,2026-08-11T11:03:48+00:00,200,Adj Close|Close|High|Low|Open|Volume,24/7,W06
2026-04-08,2026-04-08T00:00:00+00:00,True,00:00,UTC,ETH,Ethereum,economic,crypto,,close,crypto,secondary,3,2190.33544921875,USD_per_ETH,USD,21469476310.0,log_return,yahoo,ETH-USD,yfinance/yahoo-chart,raw/yahoo_ETH.csv,market-extract-4.2,2026-08-11T11:03:48+00:00,200,Adj Close|Close|High|Low|Open|Volume,24/7,W06
2026-04-09,2026-04-09T00:00:00+00:00,True,00:00,UTC,ETH,Ethereum,economic,crypto,,close,crypto,secondary,3,2189.14404296875,USD_per_ETH,USD,17218638798.0,log_return,yahoo,ETH-USD,yfinance/yahoo-chart,raw/yahoo_ETH.csv,market-extract-4.2,2026-08-11T11:03:48+00:00,200,Adj Close|Close|High|Low|Open|Volume,24/7,W06
2026-04-10,2026-04-10T00:00:00+00:00,True,00:00,UTC,ETH,Ethereum,economic,crypto,,close,crypto,secondary,3,2245.148681640625,USD_per_ETH,USD,17131968712.0,log_return,yahoo,ETH-USD,yfinance/yahoo-chart,raw/yahoo_ETH.csv,market-extract-4.2,2026-08-11T11:03:48+00:00,200,Adj Close|Close|High|Low|Open|Volume,24/7,W06
2026-04-11,2026-04-11T00:00:00+00:00,True,00:00,UTC,ETH,Ethereum,economic,crypto,,close,crypto,secondary,3,2285.39013671875,USD_per_ETH,USD,12620960384.0,log_return,yahoo,ETH-USD,yfinance/yahoo-chart,raw/yahoo_ETH.csv,market-extract-4.2,2026-08-11T11:03:48+00:00,200,Adj Close|Close|High|Low|Open|Volume,24/7,W07
2026-04-12,2026-04-12T00:00:00+00:00,True,00:00,UTC,ETH,Ethereum,economic,crypto,,close,crypto,secondary,3,2192.201171875,USD_per_ETH,USD,15307071617.0,log_return,yahoo,ETH-USD,yfinance/yahoo-chart,raw/yahoo_ETH.csv,market-extract-4.2,2026-08-11T11:03:48+00:00,200,Adj Close|Close|High|Low|Open|Volume,24/7,W07
2026-04-13,2026-04-13T00:00:00+00:00,True,00:00,UTC,ETH,Ethereum,economic,crypto,,close,crypto,secondary,3,2370.71484375,USD_per_ETH,USD,23709131572.0,log_return,yahoo,ETH-USD,yfinance/yahoo-chart,raw/yahoo_ETH.csv,market-extract-4.2,2026-08-11T11:03:48+00:00,200,Adj Close|Close|High|Low|Open|Volume,24/7,W07
2026-04-14,2026-04-14T00:00:00+00:00,True,00:00,UTC,ETH,Ethereum,economic,crypto,,close,crypto,secondary,3,2323.30859375,USD_per_ETH,USD,25185167270.0,log_return,yahoo,ETH-USD,yfinance/yahoo-chart,raw/yahoo_ETH.csv,market-extract-4.2,2026-08-11T11:03:48+00:00,200,Adj Close|Close|High|Low|Open|Volume,24/7,W07
2026-04-15,2026-04-15T00:00:00+00:00,True,00:00,UTC,ETH,Ethereum,economic,crypto,,close,crypto,secondary,3,2359.43701171875,USD_per_ETH,USD,17004367348.0,log_return,yahoo,ETH-USD,yfinance/yahoo-chart,raw/yahoo_ETH.csv,market-extract-4.2,2026-08-11T11:03:48+00:00,200,Adj Close|Close|High|Low|Open|Volume,24/7,W07
2026-04-16,2026-04-16T00:00:00+00:00,True,00:00,UTC,ETH,Ethereum,economic,crypto,,close,crypto,secondary,3,2348.64501953125,USD_per_ETH,USD,20602833116.0,log_return,yahoo,ETH-USD,yfinance/yahoo-chart,raw/yahoo_ETH.csv,market-extract-4.2,2026-08-11T11:03:48+00:00,200,Adj Close|Close|High|Low|Open|Volume,24/7,W07
2026-04-17,2026-04-17T00:00:00+00:00,True,00:00,UTC,ETH,Ethereum,economic,crypto,,close,crypto,secondary,3,2421.07177734375,USD_per_ETH,USD,26467618336.0,log_return,yahoo,ETH-USD,yfinance/yahoo-chart,raw/yahoo_ETH.csv,market-extract-4.2,2026-08-11T11:03:48+00:00,200,Adj Close|Close|High|Low|Open|Volume,24/7,W07
2026-04-18,2026-04-18T00:00:00+00:00,True,00:00,UTC,ETH,Ethereum,economic,crypto,,close,crypto,secondary,3,2351.1005859375,USD_per_ETH,USD,14400085617.0,log_return,yahoo,ETH-USD,yfinance/yahoo-chart,raw/yahoo_ETH.csv,market-extract-4.2,2026-08-11T11:03:48+00:00,200,Adj Close|Close|High|Low|Open|Volume,24/7,W08
2026-04-19,2026-04-19T00:00:00+00:00,True,00:00,UTC,ETH,Ethereum,economic,crypto,,close,crypto,secondary,3,2264.9169921875,USD_per_ETH,USD,17083701612.0,log_return,yahoo,ETH-USD,yfinance/yahoo-chart,raw/yahoo_ETH.csv,market-extract-4.2,2026-08-11T11:03:48+00:00,200,Adj Close|Close|High|Low|Open|Volume,24/7,W08
2026-04-20,2026-04-20T00:00:00+00:00,True,00:00,UTC,ETH,Ethereum,economic,crypto,,close,crypto,secondary,3,2315.21240234375,USD_per_ETH,USD,19084768822.0,log_return,yahoo,ETH-USD,yfinance/yahoo-chart,raw/yahoo_ETH.csv,market-extract-4.2,2026-08-11T11:03:48+00:00,200,Adj Close|Close|High|Low|Open|Volume,24/7,W08
2026-04-21,2026-04-21T00:00:00+00:00,True,00:00,UTC,ETH,Ethereum,economic,crypto,,close,crypto,secondary,3,2327.970458984375,USD_per_ETH,USD,16107716719.0,log_return,yahoo,ETH-USD,yfinance/yahoo-chart,raw/yahoo_ETH.csv,market-extract-4.2,2026-08-11T11:03:48+00:00,200,Adj Close|Close|High|Low|Open|Volume,24/7,W08
2026-04-22,2026-04-22T00:00:00+00:00,True,00:00,UTC,ETH,Ethereum,economic,crypto,,close,crypto,secondary,3,2376.088134765625,USD_per_ETH,USD,22465555335.0,log_return,yahoo,ETH-USD,yfinance/yahoo-chart,raw/yahoo_ETH.csv,market-extract-4.2,2026-08-11T11:03:48+00:00,200,Adj Close|Close|High|Low|Open|Volume,24/7,W08
2026-04-23,2026-04-23T00:00:00+00:00,True,00:00,UTC,ETH,Ethereum,economic,crypto,,close,crypto,secondary,3,2331.513916015625,USD_per_ETH,USD,19909161913.0,log_return,yahoo,ETH-USD,yfinance/yahoo-chart,raw/yahoo_ETH.csv,market-extract-4.2,2026-08-11T11:03:48+00:00,200,Adj Close|Close|High|Low|Open|Volume,24/7,W08
2026-04-24,2026-04-24T00:00:00+00:00,True,00:00,UTC,ETH,Ethereum,economic,crypto,,close,crypto,secondary,3,2315.690185546875,USD_per_ETH,USD,13371168064.0,log_return,yahoo,ETH-USD,yfinance/yahoo-chart,raw/yahoo_ETH.csv,market-extract-4.2,2026-08-11T11:03:48+00:00,200,Adj Close|Close|High|Low|Open|Volume,24/7,W08
2026-04-25,2026-04-25T00:00:00+00:00,True,00:00,UTC,ETH,Ethereum,economic,crypto,,close,crypto,secondary,3,2318.8291015625,USD_per_ETH,USD,6545621782.0,log_return,yahoo,ETH-USD,yfinance/yahoo-chart,raw/yahoo_ETH.csv,market-extract-4.2,2026-08-11T11:03:48+00:00,200,Adj Close|Close|High|Low|Open|Volume,24/7,W09
2026-04-26,2026-04-26T00:00:00+00:00,True,00:00,UTC,ETH,Ethereum,economic,crypto,,close,crypto,secondary,3,2369.72900390625,USD_per_ETH,USD,10622966933.0,log_return,yahoo,ETH-USD,yfinance/yahoo-chart,raw/yahoo_ETH.csv,market-extract-4.2,2026-08-11T11:03:48+00:00,200,Adj Close|Close|High|Low|Open|Volume,24/7,W09
2026-04-27,2026-04-27T00:00:00+00:00,True,00:00,UTC,ETH,Ethereum,economic,crypto,,close,crypto,secondary,3,2303.06396484375,USD_per_ETH,USD,17879618684.0,log_return,yahoo,ETH-USD,yfinance/yahoo-chart,raw/yahoo_ETH.csv,market-extract-4.2,2026-08-11T11:03:48+00:00,200,Adj Close|Close|High|Low|Open|Volume,24/7,W09
2026-04-28,2026-04-28T00:00:00+00:00,True,00:00,UTC,ETH,Ethereum,economic,crypto,,close,crypto,secondary,3,2289.419677734375,USD_per_ETH,USD,12761522276.0,log_return,yahoo,ETH-USD,yfinance/yahoo-chart,raw/yahoo_ETH.csv,market-extract-4.2,2026-08-11T11:03:48+00:00,200,Adj Close|Close|High|Low|Open|Volume,24/7,W09
2026-04-29,2026-04-29T00:00:00+00:00,True,00:00,UTC,ETH,Ethereum,economic,crypto,,close,crypto,secondary,3,2253.415771484375,USD_per_ETH,USD,21884731493.0,log_return,yahoo,ETH-USD,yfinance/yahoo-chart,raw/yahoo_ETH.csv,market-extract-4.2,2026-08-11T11:03:48+00:00,200,Adj Close|Close|High|Low|Open|Volume,24/7,W09
2026-04-30,2026-04-30T00:00:00+00:00,True,00:00,UTC,ETH,Ethereum,economic,crypto,,close,crypto,secondary,3,2256.251220703125,USD_per_ETH,USD,12309496389.0,log_return,yahoo,ETH-USD,yfinance/yahoo-chart,raw/yahoo_ETH.csv,market-extract-4.2,2026-08-11T11:03:48+00:00,200,Adj Close|Close|High|Low|Open|Volume,24/7,W09
2026-05-01,2026-05-01T00:00:00+00:00,True,00:00,UTC,ETH,Ethereum,economic,crypto,,close,crypto,secondary,3,2295.09375,USD_per_ETH,USD,13243880777.0,log_return,yahoo,ETH-USD,yfinance/yahoo-chart,raw/yahoo_ETH.csv,market-extract-4.2,2026-08-11T11:03:48+00:00,200,Adj Close|Close|High|Low|Open|Volume,24/7,W09
2026-05-02,2026-05-02T00:00:00+00:00,True,00:00,UTC,ETH,Ethereum,economic,crypto,,close,crypto,secondary,3,2316.23193359375,USD_per_ETH,USD,6905015549.0,log_return,yahoo,ETH-USD,yfinance/yahoo-chart,raw/yahoo_ETH.csv,market-extract-4.2,2026-08-11T11:03:48+00:00,200,Adj Close|Close|High|Low|Open|Volume,24/7,W10
2026-05-03,2026-05-03T00:00:00+00:00,True,00:00,UTC,ETH,Ethereum,economic,crypto,,close,crypto,secondary,3,2321.6357421875,USD_per_ETH,USD,9861070993.0,log_return,yahoo,ETH-USD,yfinance/yahoo-chart,raw/yahoo_ETH.csv,market-extract-4.2,2026-08-11T11:03:48+00:00,200,Adj Close|Close|High|Low|Open|Volume,24/7,W10
2026-05-04,2026-05-04T00:00:00+00:00,True,00:00,UTC,ETH,Ethereum,economic,crypto,,close,crypto,secondary,3,2346.39697265625,USD_per_ETH,USD,25497505008.0,log_return,yahoo,ETH-USD,yfinance/yahoo-chart,raw/yahoo_ETH.csv,market-extract-4.2,2026-08-11T11:03:48+00:00,200,Adj Close|Close|High|Low|Open|Volume,24/7,W10
2026-05-05,2026-05-05T00:00:00+00:00,True,00:00,UTC,ETH,Ethereum,economic,crypto,,close,crypto,secondary,3,2361.1826171875,USD_per_ETH,USD,17739612383.0,log_return,yahoo,ETH-USD,yfinance/yahoo-chart,raw/yahoo_ETH.csv,market-extract-4.2,2026-08-11T11:03:48+00:00,200,Adj Close|Close|High|Low|Open|Volume,24/7,W10
2026-05-06,2026-05-06T00:00:00+00:00,True,00:00,UTC,ETH,Ethereum,economic,crypto,,close,crypto,secondary,3,2350.802001953125,USD_per_ETH,USD,22745786496.0,log_return,yahoo,ETH-USD,yfinance/yahoo-chart,raw/yahoo_ETH.csv,market-extract-4.2,2026-08-11T11:03:48+00:00,200,Adj Close|Close|High|Low|Open|Volume,24/7,W10
2026-05-07,2026-05-07T00:00:00+00:00,True,00:00,UTC,ETH,Ethereum,economic,crypto,,close,crypto,secondary,3,2291.107666015625,USD_per_ETH,USD,23409823896.0,log_return,yahoo,ETH-USD,yfinance/yahoo-chart,raw/yahoo_ETH.csv,market-extract-4.2,2026-08-11T11:03:48+00:00,200,Adj Close|Close|High|Low|Open|Volume,24/7,W10
2026-05-08,2026-05-08T00:00:00+00:00,True,00:00,UTC,ETH,Ethereum,economic,crypto,,close,crypto,secondary,3,2306.97216796875,USD_per_ETH,USD,20013463010.0,log_return,yahoo,ETH-USD,yfinance/yahoo-chart,raw/yahoo_ETH.csv,market-extract-4.2,2026-08-11T11:03:48+00:00,200,Adj Close|Close|High|Low|Open|Volume,24/7,W10
2026-05-09,2026-05-09T00:00:00+00:00,True,00:00,UTC,ETH,Ethereum,economic,crypto,,close,crypto,secondary,3,2326.727294921875,USD_per_ETH,USD,12217205123.0,log_return,yahoo,ETH-USD,yfinance/yahoo-chart,raw/yahoo_ETH.csv,market-extract-4.2,2026-08-11T11:03:48+00:00,200,Adj Close|Close|High|Low|Open|Volume,24/7,W11
2026-05-10,2026-05-10T00:00:00+00:00,True,00:00,UTC,ETH,Ethereum,economic,crypto,,close,crypto,secondary,3,2369.0439453125,USD_per_ETH,USD,19587186882.0,log_return,yahoo,ETH-USD,yfinance/yahoo-chart,raw/yahoo_ETH.csv,market-extract-4.2,2026-08-11T11:03:48+00:00,200,Adj Close|Close|High|Low|Open|Volume,24/7,W11
2026-05-11,2026-05-11T00:00:00+00:00,True,00:00,UTC,ETH,Ethereum,economic,crypto,,close,crypto,secondary,3,2339.36083984375,USD_per_ETH,USD,15525623296.0,log_return,yahoo,ETH-USD,yfinance/yahoo-chart,raw/yahoo_ETH.csv,market-extract-4.2,2026-08-11T11:03:48+00:00,200,Adj Close|Close|High|Low|Open|Volume,24/7,W11
2026-05-12,2026-05-12T00:00:00+00:00,True,00:00,UTC,ETH,Ethereum,economic,crypto,,close,crypto,secondary,3,2274.6435546875,USD_per_ETH,USD,16145394773.0,log_return,yahoo,ETH-USD,yfinance/yahoo-chart,raw/yahoo_ETH.csv,market-extract-4.2,2026-08-11T11:03:48+00:00,200,Adj Close|Close|High|Low|Open|Volume,24/7,W11
2026-05-13,2026-05-13T00:00:00+00:00,True,00:00,UTC,ETH,Ethereum,economic,crypto,,close,crypto,secondary,3,2257.576416015625,USD_per_ETH,USD,15193768365.0,log_return,yahoo,ETH-USD,yfinance/yahoo-chart,raw/yahoo_ETH.csv,market-extract-4.2,2026-08-11T11:03:48+00:00,200,Adj Close|Close|High|Low|Open|Volume,24/7,W11
2026-05-14,2026-05-14T00:00:00+00:00,True,00:00,UTC,ETH,Ethereum,economic,crypto,,close,crypto,secondary,3,2280.934814453125,USD_per_ETH,USD,17563432027.0,log_return,yahoo,ETH-USD,yfinance/yahoo-chart,raw/yahoo_ETH.csv,market-extract-4.2,2026-08-11T11:03:48+00:00,200,Adj Close|Close|High|Low|Open|Volume,24/7,W11
2026-05-15,2026-05-15T00:00:00+00:00,True,00:00,UTC,ETH,Ethereum,economic,crypto,,close,crypto,secondary,3,2223.328857421875,USD_per_ETH,USD,18146855938.0,log_return,yahoo,ETH-USD,yfinance/yahoo-chart,raw/yahoo_ETH.csv,market-extract-4.2,2026-08-11T11:03:48+00:00,200,Adj Close|Close|High|Low|Open|Volume,24/7,W11
2026-05-16,2026-05-16T00:00:00+00:00,True,00:00,UTC,ETH,Ethereum,economic,crypto,,close,crypto,secondary,3,2179.751953125,USD_per_ETH,USD,11451672017.0,log_return,yahoo,ETH-USD,yfinance/yahoo-chart,raw/yahoo_ETH.csv,market-extract-4.2,2026-08-11T11:03:48+00:00,200,Adj Close|Close|High|Low|Open|Volume,24/7,W12
2026-05-17,2026-05-17T00:00:00+00:00,True,00:00,UTC,ETH,Ethereum,economic,crypto,,close,crypto,secondary,3,2127.645263671875,USD_per_ETH,USD,10143205921.0,log_return,yahoo,ETH-USD,yfinance/yahoo-chart,raw/yahoo_ETH.csv,market-extract-4.2,2026-08-11T11:03:48+00:00,200,Adj Close|Close|High|Low|Open|Volume,24/7,W12
2026-05-18,2026-05-18T00:00:00+00:00,True,00:00,UTC,ETH,Ethereum,economic,crypto,,close,crypto,secondary,3,2128.51611328125,USD_per_ETH,USD,19890789125.0,log_return,yahoo,ETH-USD,yfinance/yahoo-chart,raw/yahoo_ETH.csv,market-extract-4.2,2026-08-11T11:03:48+00:00,200,Adj Close|Close|High|Low|Open|Volume,24/7,W12
2026-05-19,2026-05-19T00:00:00+00:00,True,00:00,UTC,ETH,Ethereum,economic,crypto,,close,crypto,secondary,3,2109.9638671875,USD_per_ETH,USD,12030742868.0,log_return,yahoo,ETH-USD,yfinance/yahoo-chart,raw/yahoo_ETH.csv,market-extract-4.2,2026-08-11T11:03:48+00:00,200,Adj Close|Close|High|Low|Open|Volume,24/7,W12
2026-05-20,2026-05-20T00:00:00+00:00,True,00:00,UTC,ETH,Ethereum,economic,crypto,,close,crypto,secondary,3,2126.9833984375,USD_per_ETH,USD,12076799234.0,log_return,yahoo,ETH-USD,yfinance/yahoo-chart,raw/yahoo_ETH.csv,market-extract-4.2,2026-08-11T11:03:48+00:00,200,Adj Close|Close|High|Low|Open|Volume,24/7,W12
2026-05-21,2026-05-21T00:00:00+00:00,True,00:00,UTC,ETH,Ethereum,economic,crypto,,close,crypto,secondary,3,2131.41064453125,USD_per_ETH,USD,14344389472.0,log_return,yahoo,ETH-USD,yfinance/yahoo-chart,raw/yahoo_ETH.csv,market-extract-4.2,2026-08-11T11:03:48+00:00,200,Adj Close|Close|High|Low|Open|Volume,24/7,W12
2026-05-22,2026-05-22T00:00:00+00:00,True,00:00,UTC,ETH,Ethereum,economic,crypto,,close,crypto,secondary,3,2064.636962890625,USD_per_ETH,USD,13229489284.0,log_return,yahoo,ETH-USD,yfinance/yahoo-chart,raw/yahoo_ETH.csv,market-extract-4.2,2026-08-11T11:03:48+00:00,200,Adj Close|Close|High|Low|Open|Volume,24/7,W12
2026-05-23,2026-05-23T00:00:00+00:00,True,00:00,UTC,ETH,Ethereum,economic,crypto,,close,crypto,secondary,3,2115.951416015625,USD_per_ETH,USD,16650709488.0,log_return,yahoo,ETH-USD,yfinance/yahoo-chart,raw/yahoo_ETH.csv,market-extract-4.2,2026-08-11T11:03:48+00:00,200,Adj Close|Close|High|Low|Open|Volume,24/7,W13
2026-05-24,2026-05-24T00:00:00+00:00,True,00:00,UTC,ETH,Ethereum,economic,crypto,,close,crypto,secondary,3,2097.993896484375,USD_per_ETH,USD,10602558120.0,log_return,yahoo,ETH-USD,yfinance/yahoo-chart,raw/yahoo_ETH.csv,market-extract-4.2,2026-08-11T11:03:48+00:00,200,Adj Close|Close|High|Low|Open|Volume,24/7,W13
2026-05-25,2026-05-25T00:00:00+00:00,True,00:00,UTC,ETH,Ethereum,economic,crypto,,close,crypto,secondary,3,2111.370361328125,USD_per_ETH,USD,10167436482.0,log_return,yahoo,ETH-USD,yfinance/yahoo-chart,raw/yahoo_ETH.csv,market-extract-4.2,2026-08-11T11:03:48+00:00,200,Adj Close|Close|High|Low|Open|Volume,24/7,W13
2026-05-26,2026-05-26T00:00:00+00:00,True,00:00,UTC,ETH,Ethereum,economic,crypto,,close,crypto,secondary,3,2070.858154296875,USD_per_ETH,USD,15924080901.0,log_return,yahoo,ETH-USD,yfinance/yahoo-chart,raw/yahoo_ETH.csv,market-extract-4.2,2026-08-11T11:03:48+00:00,200,Adj Close|Close|High|Low|Open|Volume,24/7,W13
2026-05-27,2026-05-27T00:00:00+00:00,True,00:00,UTC,ETH,Ethereum,economic,crypto,,close,crypto,secondary,3,2022.1982421875,USD_per_ETH,USD,14534289020.0,log_return,yahoo,ETH-USD,yfinance/yahoo-chart,raw/yahoo_ETH.csv,market-extract-4.2,2026-08-11T11:03:48+00:00,200,Adj Close|Close|High|Low|Open|Volume,24/7,W13
2026-05-28,2026-05-28T00:00:00+00:00,True,00:00,UTC,ETH,Ethereum,economic,crypto,,close,crypto,secondary,3,2007.552734375,USD_per_ETH,USD,18109844096.0,log_return,yahoo,ETH-USD,yfinance/yahoo-chart,raw/yahoo_ETH.csv,market-extract-4.2,2026-08-11T11:03:48+00:00,200,Adj Close|Close|High|Low|Open|Volume,24/7,W13
2026-05-29,2026-05-29T00:00:00+00:00,True,00:00,UTC,ETH,Ethereum,economic,crypto,,close,crypto,secondary,3,2011.978515625,USD_per_ETH,USD,14941194039.0,log_return,yahoo,ETH-USD,yfinance/yahoo-chart,raw/yahoo_ETH.csv,market-extract-4.2,2026-08-11T11:03:48+00:00,200,Adj Close|Close|High|Low|Open|Volume,24/7,W13
2026-05-30,2026-05-30T00:00:00+00:00,True,00:00,UTC,ETH,Ethereum,economic,crypto,,close,crypto,secondary,3,2019.458251953125,USD_per_ETH,USD,7478416074.0,log_return,yahoo,ETH-USD,yfinance/yahoo-chart,raw/yahoo_ETH.csv,market-extract-4.2,2026-08-11T11:03:48+00:00,200,Adj Close|Close|High|Low|Open|Volume,24/7,W14
2026-05-31,2026-05-31T00:00:00+00:00,True,00:00,UTC,ETH,Ethereum,economic,crypto,,close,crypto,secondary,3,2004.341552734375,USD_per_ETH,USD,9253505209.0,log_return,yahoo,ETH-USD,yfinance/yahoo-chart,raw/yahoo_ETH.csv,market-extract-4.2,2026-08-11T11:03:48+00:00,200,Adj Close|Close|High|Low|Open|Volume,24/7,W14
2026-06-01,2026-06-01T00:00:00+00:00,True,00:00,UTC,ETH,Ethereum,economic,crypto,,close,crypto,secondary,3,2003.22119140625,USD_per_ETH,USD,19458810001.0,log_return,yahoo,ETH-USD,yfinance/yahoo-chart,raw/yahoo_ETH.csv,market-extract-4.2,2026-08-11T11:03:48+00:00,200,Adj Close|Close|High|Low|Open|Volume,24/7,W14
2026-06-02,2026-06-02T00:00:00+00:00,True,00:00,UTC,ETH,Ethereum,economic,crypto,,close,crypto,secondary,3,1857.71630859375,USD_per_ETH,USD,25205401403.0,log_return,yahoo,ETH-USD,yfinance/yahoo-chart,raw/yahoo_ETH.csv,market-extract-4.2,2026-08-11T11:03:48+00:00,200,Adj Close|Close|High|Low|Open|Volume,24/7,W14
2026-06-03,2026-06-03T00:00:00+00:00,True,00:00,UTC,ETH,Ethereum,economic,crypto,,close,crypto,secondary,3,1811.7322998046875,USD_per_ETH,USD,24083350214.0,log_return,yahoo,ETH-USD,yfinance/yahoo-chart,raw/yahoo_ETH.csv,market-extract-4.2,2026-08-11T11:03:48+00:00,200,Adj Close|Close|High|Low|Open|Volume,24/7,W14
2026-06-04,2026-06-04T00:00:00+00:00,True,00:00,UTC,ETH,Ethereum,economic,crypto,,close,crypto,secondary,3,1769.58056640625,USD_per_ETH,USD,27112623897.0,log_return,yahoo,ETH-USD,yfinance/yahoo-chart,raw/yahoo_ETH.csv,market-extract-4.2,2026-08-11T11:03:48+00:00,200,Adj Close|Close|High|Low|Open|Volume,24/7,W14
2026-06-05,2026-06-05T00:00:00+00:00,True,00:00,UTC,ETH,Ethereum,economic,crypto,,close,crypto,secondary,3,1580.86083984375,USD_per_ETH,USD,39924177669.0,log_return,yahoo,ETH-USD,yfinance/yahoo-chart,raw/yahoo_ETH.csv,market-extract-4.2,2026-08-11T11:03:48+00:00,200,Adj Close|Close|High|Low|Open|Volume,24/7,W14
2026-06-06,2026-06-06T00:00:00+00:00,True,00:00,UTC,ETH,Ethereum,economic,crypto,,close,crypto,secondary,3,1568.7677001953125,USD_per_ETH,USD,18426248218.0,log_return,yahoo,ETH-USD,yfinance/yahoo-chart,raw/yahoo_ETH.csv,market-extract-4.2,2026-08-11T11:03:48+00:00,200,Adj Close|Close|High|Low|Open|Volume,24/7,W15
2026-06-07,2026-06-07T00:00:00+00:00,True,00:00,UTC,ETH,Ethereum,economic,crypto,,close,crypto,secondary,3,1686.396240234375,USD_per_ETH,USD,15172606860.0,log_return,yahoo,ETH-USD,yfinance/yahoo-chart,raw/yahoo_ETH.csv,market-extract-4.2,2026-08-11T11:03:48+00:00,200,Adj Close|Close|High|Low|Open|Volume,24/7,W15
2026-06-08,2026-06-08T00:00:00+00:00,True,00:00,UTC,ETH,Ethereum,economic,crypto,,close,crypto,secondary,3,1690.1485595703125,USD_per_ETH,USD,17427269148.0,log_return,yahoo,ETH-USD,yfinance/yahoo-chart,raw/yahoo_ETH.csv,market-extract-4.2,2026-08-11T11:03:48+00:00,200,Adj Close|Close|High|Low|Open|Volume,24/7,W15
2026-06-09,2026-06-09T00:00:00+00:00,True,00:00,UTC,ETH,Ethereum,economic,crypto,,close,crypto,secondary,3,1637.7066650390625,USD_per_ETH,USD,15196855528.0,log_return,yahoo,ETH-USD,yfinance/yahoo-chart,raw/yahoo_ETH.csv,market-extract-4.2,2026-08-11T11:03:48+00:00,200,Adj Close|Close|High|Low|Open|Volume,24/7,W15
2026-06-10,2026-06-10T00:00:00+00:00,True,00:00,UTC,ETH,Ethereum,economic,crypto,,close,crypto,secondary,3,1620.1376953125,USD_per_ETH,USD,12655731412.0,log_return,yahoo,ETH-USD,yfinance/yahoo-chart,raw/yahoo_ETH.csv,market-extract-4.2,2026-08-11T11:03:48+00:00,200,Adj Close|Close|High|Low|Open|Volume,24/7,W15
2026-06-11,2026-06-11T00:00:00+00:00,True,00:00,UTC,ETH,Ethereum,economic,crypto,,close,crypto,secondary,3,1672.2806396484375,USD_per_ETH,USD,12379882531.0,log_return,yahoo,ETH-USD,yfinance/yahoo-chart,raw/yahoo_ETH.csv,market-extract-4.2,2026-08-11T11:03:48+00:00,200,Adj Close|Close|High|Low|Open|Volume,24/7,W15
2026-06-12,2026-06-12T00:00:00+00:00,True,00:00,UTC,ETH,Ethereum,economic,crypto,,close,crypto,secondary,3,1665.1278076171875,USD_per_ETH,USD,9989137815.0,log_return,yahoo,ETH-USD,yfinance/yahoo-chart,raw/yahoo_ETH.csv,market-extract-4.2,2026-08-11T11:03:48+00:00,200,Adj Close|Close|High|Low|Open|Volume,24/7,W15
2026-06-13,2026-06-13T00:00:00+00:00,True,00:00,UTC,ETH,Ethereum,economic,crypto,,close,crypto,secondary,3,1680.214599609375,USD_per_ETH,USD,6101094488.0,log_return,yahoo,ETH-USD,yfinance/yahoo-chart,raw/yahoo_ETH.csv,market-extract-4.2,2026-08-11T11:03:48+00:00,200,Adj Close|Close|High|Low|Open|Volume,24/7,W16
2026-06-14,2026-06-14T00:00:00+00:00,True,00:00,UTC,ETH,Ethereum,economic,crypto,,close,crypto,secondary,3,1724.61328125,USD_per_ETH,USD,7804982667.0,log_return,yahoo,ETH-USD,yfinance/yahoo-chart,raw/yahoo_ETH.csv,market-extract-4.2,2026-08-11T11:03:48+00:00,200,Adj Close|Close|High|Low|Open|Volume,24/7,W16
2026-06-15,2026-06-15T00:00:00+00:00,True,00:00,UTC,ETH,Ethereum,economic,crypto,,close,crypto,secondary,3,1794.961181640625,USD_per_ETH,USD,17921331594.0,log_return,yahoo,ETH-USD,yfinance/yahoo-chart,raw/yahoo_ETH.csv,market-extract-4.2,2026-08-11T11:03:48+00:00,200,Adj Close|Close|High|Low|Open|Volume,24/7,W16
2026-06-16,2026-06-16T00:00:00+00:00,True,00:00,UTC,ETH,Ethereum,economic,crypto,,close,crypto,secondary,3,1790.398193359375,USD_per_ETH,USD,14698492893.0,log_return,yahoo,ETH-USD,yfinance/yahoo-chart,raw/yahoo_ETH.csv,market-extract-4.2,2026-08-11T11:03:48+00:00,200,Adj Close|Close|High|Low|Open|Volume,24/7,W16
2026-06-17,2026-06-17T00:00:00+00:00,True,00:00,UTC,ETH,Ethereum,economic,crypto,,close,crypto,secondary,3,1747.885498046875,USD_per_ETH,USD,14185457929.0,log_return,yahoo,ETH-USD,yfinance/yahoo-chart,raw/yahoo_ETH.csv,market-extract-4.2,2026-08-11T11:03:48+00:00,200,Adj Close|Close|High|Low|Open|Volume,24/7,W16
2026-06-18,2026-06-18T00:00:00+00:00,True,00:00,UTC,ETH,Ethereum,economic,crypto,,close,crypto,secondary,3,1709.533447265625,USD_per_ETH,USD,12942260783.0,log_return,yahoo,ETH-USD,yfinance/yahoo-chart,raw/yahoo_ETH.csv,market-extract-4.2,2026-08-11T11:03:48+00:00,200,Adj Close|Close|High|Low|Open|Volume,24/7,W16
2026-06-19,2026-06-19T00:00:00+00:00,True,00:00,UTC,ETH,Ethereum,economic,crypto,,close,crypto,secondary,3,1710.982421875,USD_per_ETH,USD,7855725190.0,log_return,yahoo,ETH-USD,yfinance/yahoo-chart,raw/yahoo_ETH.csv,market-extract-4.2,2026-08-11T11:03:48+00:00,200,Adj Close|Close|High|Low|Open|Volume,24/7,W16
2026-06-20,2026-06-20T00:00:00+00:00,True,00:00,UTC,ETH,Ethereum,economic,crypto,,close,crypto,secondary,3,1739.3013916015625,USD_per_ETH,USD,7773536600.0,log_return,yahoo,ETH-USD,yfinance/yahoo-chart,raw/yahoo_ETH.csv,market-extract-4.2,2026-08-11T11:03:48+00:00,200,Adj Close|Close|High|Low|Open|Volume,24/7,W17
2026-06-21,2026-06-21T00:00:00+00:00,True,00:00,UTC,ETH,Ethereum,economic,crypto,,close,crypto,secondary,3,1704.58056640625,USD_per_ETH,USD,8498711726.0,log_return,yahoo,ETH-USD,yfinance/yahoo-chart,raw/yahoo_ETH.csv,market-extract-4.2,2026-08-11T11:03:48+00:00,200,Adj Close|Close|High|Low|Open|Volume,24/7,W17
2026-06-22,2026-06-22T00:00:00+00:00,True,00:00,UTC,ETH,Ethereum,economic,crypto,,close,crypto,secondary,3,1726.5108642578125,USD_per_ETH,USD,13584368622.0,log_return,yahoo,ETH-USD,yfinance/yahoo-chart,raw/yahoo_ETH.csv,market-extract-4.2,2026-08-11T11:03:48+00:00,200,Adj Close|Close|High|Low|Open|Volume,24/7,W17
2026-06-23,2026-06-23T00:00:00+00:00,True,00:00,UTC,ETH,Ethereum,economic,crypto,,close,crypto,secondary,3,1665.436767578125,USD_per_ETH,USD,10431438278.0,log_return,yahoo,ETH-USD,yfinance/yahoo-chart,raw/yahoo_ETH.csv,market-extract-4.2,2026-08-11T11:03:48+00:00,200,Adj Close|Close|High|Low|Open|Volume,24/7,W17
2026-06-24,2026-06-24T00:00:00+00:00,True,00:00,UTC,ETH,Ethereum,economic,crypto,,close,crypto,secondary,3,1619.9249267578125,USD_per_ETH,USD,14059894232.0,log_return,yahoo,ETH-USD,yfinance/yahoo-chart,raw/yahoo_ETH.csv,market-extract-4.2,2026-08-11T11:03:48+00:00,200,Adj Close|Close|High|Low|Open|Volume,24/7,W17
2026-06-25,2026-06-25T00:00:00+00:00,True,00:00,UTC,ETH,Ethereum,economic,crypto,,close,crypto,secondary,3,1564.816650390625,USD_per_ETH,USD,15976182558.0,log_return,yahoo,ETH-USD,yfinance/yahoo-chart,raw/yahoo_ETH.csv,market-extract-4.2,2026-08-11T11:03:48+00:00,200,Adj Close|Close|High|Low|Open|Volume,24/7,W17
2026-06-26,2026-06-26T00:00:00+00:00,True,00:00,UTC,ETH,Ethereum,economic,crypto,,close,crypto,secondary,3,1576.6160888671875,USD_per_ETH,USD,15272225856.0,log_return,yahoo,ETH-USD,yfinance/yahoo-chart,raw/yahoo_ETH.csv,market-extract-4.2,2026-08-11T11:03:48+00:00,200,Adj Close|Close|High|Low|Open|Volume,24/7,W17
2026-06-27,2026-06-27T00:00:00+00:00,True,00:00,UTC,ETH,Ethereum,economic,crypto,,close,crypto,secondary,3,1571.5882568359375,USD_per_ETH,USD,6111411513.0,log_return,yahoo,ETH-USD,yfinance/yahoo-chart,raw/yahoo_ETH.csv,market-extract-4.2,2026-08-11T11:03:48+00:00,200,Adj Close|Close|High|Low|Open|Volume,24/7,W18
2026-06-28,2026-06-28T00:00:00+00:00,True,00:00,UTC,ETH,Ethereum,economic,crypto,,close,crypto,secondary,3,1570.3612060546875,USD_per_ETH,USD,6231562560.0,log_return,yahoo,ETH-USD,yfinance/yahoo-chart,raw/yahoo_ETH.csv,market-extract-4.2,2026-08-11T11:03:48+00:00,200,Adj Close|Close|High|Low|Open|Volume,24/7,W18
2026-06-29,2026-06-29T00:00:00+00:00,True,00:00,UTC,ETH,Ethereum,economic,crypto,,close,crypto,secondary,3,1610.205810546875,USD_per_ETH,USD,11882501822.0,log_return,yahoo,ETH-USD,yfinance/yahoo-chart,raw/yahoo_ETH.csv,market-extract-4.2,2026-08-11T11:03:48+00:00,200,Adj Close|Close|High|Low|Open|Volume,24/7,W18
2026-06-30,2026-06-30T00:00:00+00:00,True,00:00,UTC,ETH,Ethereum,economic,crypto,,close,crypto,secondary,3,1569.5838623046875,USD_per_ETH,USD,9639804637.0,log_return,yahoo,ETH-USD,yfinance/yahoo-chart,raw/yahoo_ETH.csv,market-extract-4.2,2026-08-11T11:03:48+00:00,200,Adj Close|Close|High|Low|Open|Volume,24/7,W18
2026-07-01,2026-07-01T00:00:00+00:00,True,00:00,UTC,ETH,Ethereum,economic,crypto,,close,crypto,secondary,3,1608.960693359375,USD_per_ETH,USD,11666600557.0,log_return,yahoo,ETH-USD,yfinance/yahoo-chart,raw/yahoo_ETH.csv,market-extract-4.2,2026-08-11T11:03:48+00:00,200,Adj Close|Close|High|Low|Open|Volume,24/7,W18
2026-07-02,2026-07-02T00:00:00+00:00,True,00:00,UTC,ETH,Ethereum,economic,crypto,,close,crypto,secondary,3,1698.16943359375,USD_per_ETH,USD,13538465176.0,log_return,yahoo,ETH-USD,yfinance/yahoo-chart,raw/yahoo_ETH.csv,market-extract-4.2,2026-08-11T11:03:48+00:00,200,Adj Close|Close|High|Low|Open|Volume,24/7,W18
2026-07-03,2026-07-03T00:00:00+00:00,True,00:00,UTC,ETH,Ethereum,economic,crypto,,close,crypto,secondary,3,1756.5186767578125,USD_per_ETH,USD,10177742550.0,log_return,yahoo,ETH-USD,yfinance/yahoo-chart,raw/yahoo_ETH.csv,market-extract-4.2,2026-08-11T11:03:48+00:00,200,Adj Close|Close|High|Low|Open|Volume,24/7,W18
2026-07-04,2026-07-04T00:00:00+00:00,True,00:00,UTC,ETH,Ethereum,economic,crypto,,close,crypto,secondary,3,1779.032958984375,USD_per_ETH,USD,8083146790.0,log_return,yahoo,ETH-USD,yfinance/yahoo-chart,raw/yahoo_ETH.csv,market-extract-4.2,2026-08-11T11:03:48+00:00,200,Adj Close|Close|High|Low|Open|Volume,24/7,W19
2026-07-05,2026-07-05T00:00:00+00:00,True,00:00,UTC,ETH,Ethereum,economic,crypto,,close,crypto,secondary,3,1783.0059814453125,USD_per_ETH,USD,11323496681.0,log_return,yahoo,ETH-USD,yfinance/yahoo-chart,raw/yahoo_ETH.csv,market-extract-4.2,2026-08-11T11:03:48+00:00,200,Adj Close|Close|High|Low|Open|Volume,24/7,W19
2026-07-06,2026-07-06T00:00:00+00:00,True,00:00,UTC,ETH,Ethereum,economic,crypto,,close,crypto,secondary,3,1797.57373046875,USD_per_ETH,USD,16997487730.0,log_return,yahoo,ETH-USD,yfinance/yahoo-chart,raw/yahoo_ETH.csv,market-extract-4.2,2026-08-11T11:03:48+00:00,200,Adj Close|Close|High|Low|Open|Volume,24/7,W19
2026-07-07,2026-07-07T00:00:00+00:00,True,00:00,UTC,ETH,Ethereum,economic,crypto,,close,crypto,secondary,3,1768.511474609375,USD_per_ETH,USD,9901110376.0,log_return,yahoo,ETH-USD,yfinance/yahoo-chart,raw/yahoo_ETH.csv,market-extract-4.2,2026-08-11T11:03:48+00:00,200,Adj Close|Close|High|Low|Open|Volume,24/7,W19
2026-07-08,2026-07-08T00:00:00+00:00,True,00:00,UTC,ETH,Ethereum,economic,crypto,,close,crypto,secondary,3,1742.6776123046875,USD_per_ETH,USD,10110272581.0,log_return,yahoo,ETH-USD,yfinance/yahoo-chart,raw/yahoo_ETH.csv,market-extract-4.2,2026-08-11T11:03:48+00:00,200,Adj Close|Close|High|Low|Open|Volume,24/7,W19
2026-07-09,2026-07-09T00:00:00+00:00,True,00:00,UTC,ETH,Ethereum,economic,crypto,,close,crypto,secondary,3,1744.484619140625,USD_per_ETH,USD,7763668656.0,log_return,yahoo,ETH-USD,yfinance/yahoo-chart,raw/yahoo_ETH.csv,market-extract-4.2,2026-08-11T11:03:48+00:00,200,Adj Close|Close|High|Low|Open|Volume,24/7,W19
2026-07-10,2026-07-10T00:00:00+00:00,True,00:00,UTC,ETH,Ethereum,economic,crypto,,close,crypto,secondary,3,1795.6932373046875,USD_per_ETH,USD,9431692646.0,log_return,yahoo,ETH-USD,yfinance/yahoo-chart,raw/yahoo_ETH.csv,market-extract-4.2,2026-08-11T11:03:48+00:00,200,Adj Close|Close|High|Low|Open|Volume,24/7,W19
2026-07-11,2026-07-11T00:00:00+00:00,True,00:00,UTC,ETH,Ethereum,economic,crypto,,close,crypto,secondary,3,1788.099609375,USD_per_ETH,USD,6901680020.0,log_return,yahoo,ETH-USD,yfinance/yahoo-chart,raw/yahoo_ETH.csv,market-extract-4.2,2026-08-11T11:03:48+00:00,200,Adj Close|Close|High|Low|Open|Volume,24/7,W20
2026-07-12,2026-07-12T00:00:00+00:00,True,00:00,UTC,ETH,Ethereum,economic,crypto,,close,crypto,secondary,3,1805.7880859375,USD_per_ETH,USD,6064480351.0,log_return,yahoo,ETH-USD,yfinance/yahoo-chart,raw/yahoo_ETH.csv,market-extract-4.2,2026-08-11T11:03:48+00:00,200,Adj Close|Close|High|Low|Open|Volume,24/7,W20
2026-07-13,2026-07-13T00:00:00+00:00,True,00:00,UTC,ETH,Ethereum,economic,crypto,,close,crypto,secondary,3,1773.500732421875,USD_per_ETH,USD,11436340419.0,log_return,yahoo,ETH-USD,yfinance/yahoo-chart,raw/yahoo_ETH.csv,market-extract-4.2,2026-08-11T11:03:48+00:00,200,Adj Close|Close|High|Low|Open|Volume,24/7,W20
2026-07-14,2026-07-14T00:00:00+00:00,True,00:00,UTC,ETH,Ethereum,economic,crypto,,close,crypto,secondary,3,1889.4798583984375,USD_per_ETH,USD,13835437084.0,log_return,yahoo,ETH-USD,yfinance/yahoo-chart,raw/yahoo_ETH.csv,market-extract-4.2,2026-08-11T11:03:48+00:00,200,Adj Close|Close|High|Low|Open|Volume,24/7,W20
2026-07-15,2026-07-15T00:00:00+00:00,True,00:00,UTC,ETH,Ethereum,economic,crypto,,close,crypto,secondary,3,1916.9437255859375,USD_per_ETH,USD,12684088080.0,log_return,yahoo,ETH-USD,yfinance/yahoo-chart,raw/yahoo_ETH.csv,market-extract-4.2,2026-08-11T11:03:48+00:00,200,Adj Close|Close|High|Low|Open|Volume,24/7,W20
2026-07-16,2026-07-16T00:00:00+00:00,True,00:00,UTC,ETH,Ethereum,economic,crypto,,close,crypto,secondary,3,1863.193359375,USD_per_ETH,USD,11412820341.0,log_return,yahoo,ETH-USD,yfinance/yahoo-chart,raw/yahoo_ETH.csv,market-extract-4.2,2026-08-11T11:03:48+00:00,200,Adj Close|Close|High|Low|Open|Volume,24/7,W20
2026-07-17,2026-07-17T00:00:00+00:00,True,00:00,UTC,ETH,Ethereum,economic,crypto,,close,crypto,secondary,3,1840.9881591796875,USD_per_ETH,USD,10651207679.0,log_return,yahoo,ETH-USD,yfinance/yahoo-chart,raw/yahoo_ETH.csv,market-extract-4.2,2026-08-11T11:03:48+00:00,200,Adj Close|Close|High|Low|Open|Volume,24/7,W20
2026-07-18,2026-07-18T00:00:00+00:00,True,00:00,UTC,ETH,Ethereum,economic,crypto,,close,crypto,secondary,3,1861.39208984375,USD_per_ETH,USD,4754880124.0,log_return,yahoo,ETH-USD,yfinance/yahoo-chart,raw/yahoo_ETH.csv,market-extract-4.2,2026-08-11T11:03:48+00:00,200,Adj Close|Close|High|Low|Open|Volume,24/7,W21
2026-07-19,2026-07-19T00:00:00+00:00,True,00:00,UTC,ETH,Ethereum,economic,crypto,,close,crypto,secondary,3,1871.508544921875,USD_per_ETH,USD,7004738486.0,log_return,yahoo,ETH-USD,yfinance/yahoo-chart,raw/yahoo_ETH.csv,market-extract-4.2,2026-08-11T11:03:48+00:00,200,Adj Close|Close|High|Low|Open|Volume,24/7,W21
2026-07-20,2026-07-20T00:00:00+00:00,True,00:00,UTC,ETH,Ethereum,economic,crypto,,close,crypto,secondary,3,1903.7589111328125,USD_per_ETH,USD,12042633315.0,log_return,yahoo,ETH-USD,yfinance/yahoo-chart,raw/yahoo_ETH.csv,market-extract-4.2,2026-08-11T11:03:48+00:00,200,Adj Close|Close|High|Low|Open|Volume,24/7,W21
2026-07-21,2026-07-21T00:00:00+00:00,True,00:00,UTC,ETH,Ethereum,economic,crypto,,close,crypto,secondary,3,1928.3837890625,USD_per_ETH,USD,12526770542.0,log_return,yahoo,ETH-USD,yfinance/yahoo-chart,raw/yahoo_ETH.csv,market-extract-4.2,2026-08-11T11:03:48+00:00,200,Adj Close|Close|High|Low|Open|Volume,24/7,W21
2026-07-22,2026-07-22T00:00:00+00:00,True,00:00,UTC,ETH,Ethereum,economic,crypto,,close,crypto,secondary,3,1933.4901123046875,USD_per_ETH,USD,10800957306.0,log_return,yahoo,ETH-USD,yfinance/yahoo-chart,raw/yahoo_ETH.csv,market-extract-4.2,2026-08-11T11:03:48+00:00,200,Adj Close|Close|High|Low|Open|Volume,24/7,W21
2026-02-28,2026-02-28T09:00:00+00:00,True,12:30,Asia/Tehran,TEDPIX,Tehran Stock Exchange TEDPIX,index,index,,index_level,iran_exchange,core,2,3713955.9,index_points,,,log_return,tsetmc,32097828799138957,cdn.tsetmc.com/api/Index,raw/tedpix_raw.txt,market-extract-4.2,2026-08-11T11:03:48+00:00,200,,,W01
2026-03-02,2026-03-02T09:00:00+00:00,True,12:30,Asia/Tehran,TEDPIX,Tehran Stock Exchange TEDPIX,index,index,,index_level,iran_exchange,core,2,3713955.9,index_points,,,log_return,tsetmc,32097828799138957,cdn.tsetmc.com/api/Index,raw/tedpix_raw.txt,market-extract-4.2,2026-08-11T11:03:48+00:00,200,,,W01
2026-03-03,2026-03-03T09:00:00+00:00,True,12:30,Asia/Tehran,TEDPIX,Tehran Stock Exchange TEDPIX,index,index,,index_level,iran_exchange,core,2,3713955.9,index_points,,,log_return,tsetmc,32097828799138957,cdn.tsetmc.com/api/Index,raw/tedpix_raw.txt,market-extract-4.2,2026-08-11T11:03:48+00:00,200,,,W01
2026-03-04,2026-03-04T09:00:00+00:00,True,12:30,Asia/Tehran,TEDPIX,Tehran Stock Exchange TEDPIX,index,index,,index_level,iran_exchange,core,2,3713955.9,index_points,,,log_return,tsetmc,32097828799138957,cdn.tsetmc.com/api/Index,raw/tedpix_raw.txt,market-extract-4.2,2026-08-11T11:03:48+00:00,200,,,W01
2026-03-07,2026-03-07T09:00:00+00:00,True,12:30,Asia/Tehran,TEDPIX,Tehran Stock Exchange TEDPIX,index,index,,index_level,iran_exchange,core,2,3713955.9,index_points,,,log_return,tsetmc,32097828799138957,cdn.tsetmc.com/api/Index,raw/tedpix_raw.txt,market-extract-4.2,2026-08-11T11:03:48+00:00,200,,,W02
2026-03-08,2026-03-08T09:00:00+00:00,True,12:30,Asia/Tehran,TEDPIX,Tehran Stock Exchange TEDPIX,index,index,,index_level,iran_exchange,core,2,3713955.9,index_points,,,log_return,tsetmc,32097828799138957,cdn.tsetmc.com/api/Index,raw/tedpix_raw.txt,market-extract-4.2,2026-08-11T11:03:48+00:00,200,,,W02
2026-03-09,2026-03-09T09:00:00+00:00,True,12:30,Asia/Tehran,TEDPIX,Tehran Stock Exchange TEDPIX,index,index,,index_level,iran_exchange,core,2,3713955.9,index_points,,,log_return,tsetmc,32097828799138957,cdn.tsetmc.com/api/Index,raw/tedpix_raw.txt,market-extract-4.2,2026-08-11T11:03:48+00:00,200,,,W02
2026-03-10,2026-03-10T09:00:00+00:00,True,12:30,Asia/Tehran,TEDPIX,Tehran Stock Exchange TEDPIX,index,index,,index_level,iran_exchange,core,2,3713955.9,index_points,,,log_return,tsetmc,32097828799138957,cdn.tsetmc.com/api/Index,raw/tedpix_raw.txt,market-extract-4.2,2026-08-11T11:03:48+00:00,200,,,W02
2026-03-14,2026-03-14T09:00:00+00:00,True,12:30,Asia/Tehran,TEDPIX,Tehran Stock Exchange TEDPIX,index,index,,index_level,iran_exchange,core,2,3713955.9,index_points,,,log_return,tsetmc,32097828799138957,cdn.tsetmc.com/api/Index,raw/tedpix_raw.txt,market-extract-4.2,2026-08-11T11:03:48+00:00,200,,,W03
2026-03-15,2026-03-15T09:00:00+00:00,True,12:30,Asia/Tehran,TEDPIX,Tehran Stock Exchange TEDPIX,index,index,,index_level,iran_exchange,core,2,3713955.9,index_points,,,log_return,tsetmc,32097828799138957,cdn.tsetmc.com/api/Index,raw/tedpix_raw.txt,market-extract-4.2,2026-08-11T11:03:48+00:00,200,,,W03
2026-03-16,2026-03-16T09:00:00+00:00,True,12:30,Asia/Tehran,TEDPIX,Tehran Stock Exchange TEDPIX,index,index,,index_level,iran_exchange,core,2,3713955.9,index_points,,,log_return,tsetmc,32097828799138957,cdn.tsetmc.com/api/Index,raw/tedpix_raw.txt,market-extract-4.2,2026-08-11T11:03:48+00:00,200,,,W03
2026-03-17,2026-03-17T09:00:00+00:00,True,12:30,Asia/Tehran,TEDPIX,Tehran Stock Exchange TEDPIX,index,index,,index_level,iran_exchange,core,2,3713955.9,index_points,,,log_return,tsetmc,32097828799138957,cdn.tsetmc.com/api/Index,raw/tedpix_raw.txt,market-extract-4.2,2026-08-11T11:03:48+00:00,200,,,W03
2026-03-18,2026-03-18T09:00:00+00:00,True,12:30,Asia/Tehran,TEDPIX,Tehran Stock Exchange TEDPIX,index,index,,index_level,iran_exchange,core,2,3713955.9,index_points,,,log_return,tsetmc,32097828799138957,cdn.tsetmc.com/api/Index,raw/tedpix_raw.txt,market-extract-4.2,2026-08-11T11:03:48+00:00,200,,,W03
2026-03-25,2026-03-25T09:00:00+00:00,True,12:30,Asia/Tehran,TEDPIX,Tehran Stock Exchange TEDPIX,index,index,,index_level,iran_exchange,core,2,3713955.9,index_points,,,log_return,tsetmc,32097828799138957,cdn.tsetmc.com/api/Index,raw/tedpix_raw.txt,market-extract-4.2,2026-08-11T11:03:48+00:00,200,,,W04
2026-03-28,2026-03-28T09:00:00+00:00,True,12:30,Asia/Tehran,TEDPIX,Tehran Stock Exchange TEDPIX,index,index,,index_level,iran_exchange,core,2,3713955.9,index_points,,,log_return,tsetmc,32097828799138957,cdn.tsetmc.com/api/Index,raw/tedpix_raw.txt,market-extract-4.2,2026-08-11T11:03:48+00:00,200,,,W05
2026-03-29,2026-03-29T09:00:00+00:00,True,12:30,Asia/Tehran,TEDPIX,Tehran Stock Exchange TEDPIX,index,index,,index_level,iran_exchange,core,2,3713955.9,index_points,,,log_return,tsetmc,32097828799138957,cdn.tsetmc.com/api/Index,raw/tedpix_raw.txt,market-extract-4.2,2026-08-11T11:03:48+00:00,200,,,W05
2026-03-30,2026-03-30T09:00:00+00:00,True,12:30,Asia/Tehran,TEDPIX,Tehran Stock Exchange TEDPIX,index,index,,index_level,iran_exchange,core,2,3713955.9,index_points,,,log_return,tsetmc,32097828799138957,cdn.tsetmc.com/api/Index,raw/tedpix_raw.txt,market-extract-4.2,2026-08-11T11:03:48+00:00,200,,,W05
2026-03-31,2026-03-31T09:00:00+00:00,True,12:30,Asia/Tehran,TEDPIX,Tehran Stock Exchange TEDPIX,index,index,,index_level,iran_exchange,core,2,3713955.9,index_points,,,log_return,tsetmc,32097828799138957,cdn.tsetmc.com/api/Index,raw/tedpix_raw.txt,market-extract-4.2,2026-08-11T11:03:48+00:00,200,,,W05
2026-04-04,2026-04-04T09:00:00+00:00,True,12:30,Asia/Tehran,TEDPIX,Tehran Stock Exchange TEDPIX,index,index,,index_level,iran_exchange,core,2,3713955.9,index_points,,,log_return,tsetmc,32097828799138957,cdn.tsetmc.com/api/Index,raw/tedpix_raw.txt,market-extract-4.2,2026-08-11T11:03:48+00:00,200,,,W06
2026-04-05,2026-04-05T09:00:00+00:00,True,12:30,Asia/Tehran,TEDPIX,Tehran Stock Exchange TEDPIX,index,index,,index_level,iran_exchange,core,2,3713955.9,index_points,,,log_return,tsetmc,32097828799138957,cdn.tsetmc.com/api/Index,raw/tedpix_raw.txt,market-extract-4.2,2026-08-11T11:03:48+00:00,200,,,W06
2026-04-06,2026-04-06T09:00:00+00:00,True,12:30,Asia/Tehran,TEDPIX,Tehran Stock Exchange TEDPIX,index,index,,index_level,iran_exchange,core,2,3713955.9,index_points,,,log_return,tsetmc,32097828799138957,cdn.tsetmc.com/api/Index,raw/tedpix_raw.txt,market-extract-4.2,2026-08-11T11:03:48+00:00,200,,,W06
2026-04-07,2026-04-07T09:00:00+00:00,True,12:30,Asia/Tehran,TEDPIX,Tehran Stock Exchange TEDPIX,index,index,,index_level,iran_exchange,core,2,3713955.9,index_points,,,log_return,tsetmc,32097828799138957,cdn.tsetmc.com/api/Index,raw/tedpix_raw.txt,market-extract-4.2,2026-08-11T11:03:48+00:00,200,,,W06
2026-04-08,2026-04-08T09:00:00+00:00,True,12:30,Asia/Tehran,TEDPIX,Tehran Stock Exchange TEDPIX,index,index,,index_level,iran_exchange,core,2,3713955.9,index_points,,,log_return,tsetmc,32097828799138957,cdn.tsetmc.com/api/Index,raw/tedpix_raw.txt,market-extract-4.2,2026-08-11T11:03:48+00:00,200,,,W06
2026-04-11,2026-04-11T09:00:00+00:00,True,12:30,Asia/Tehran,TEDPIX,Tehran Stock Exchange TEDPIX,index,index,,index_level,iran_exchange,core,2,3713955.9,index_points,,,log_return,tsetmc,32097828799138957,cdn.tsetmc.com/api/Index,raw/tedpix_raw.txt,market-extract-4.2,2026-08-11T11:03:48+00:00,200,,,W07
2026-04-12,2026-04-12T09:00:00+00:00,True,12:30,Asia/Tehran,TEDPIX,Tehran Stock Exchange TEDPIX,index,index,,index_level,iran_exchange,core,2,3713955.9,index_points,,,log_return,tsetmc,32097828799138957,cdn.tsetmc.com/api/Index,raw/tedpix_raw.txt,market-extract-4.2,2026-08-11T11:03:48+00:00,200,,,W07
2026-04-13,2026-04-13T09:00:00+00:00,True,12:30,Asia/Tehran,TEDPIX,Tehran Stock Exchange TEDPIX,index,index,,index_level,iran_exchange,core,2,3713955.9,index_points,,,log_return,tsetmc,32097828799138957,cdn.tsetmc.com/api/Index,raw/tedpix_raw.txt,market-extract-4.2,2026-08-11T11:03:48+00:00,200,,,W07
2026-04-15,2026-04-15T09:00:00+00:00,True,12:30,Asia/Tehran,TEDPIX,Tehran Stock Exchange TEDPIX,index,index,,index_level,iran_exchange,core,2,3713955.9,index_points,,,log_return,tsetmc,32097828799138957,cdn.tsetmc.com/api/Index,raw/tedpix_raw.txt,market-extract-4.2,2026-08-11T11:03:48+00:00,200,,,W07
2026-04-18,2026-04-18T09:00:00+00:00,True,12:30,Asia/Tehran,TEDPIX,Tehran Stock Exchange TEDPIX,index,index,,index_level,iran_exchange,core,2,3713955.9,index_points,,,log_return,tsetmc,32097828799138957,cdn.tsetmc.com/api/Index,raw/tedpix_raw.txt,market-extract-4.2,2026-08-11T11:03:48+00:00,200,,,W08
2026-04-19,2026-04-19T09:00:00+00:00,True,12:30,Asia/Tehran,TEDPIX,Tehran Stock Exchange TEDPIX,index,index,,index_level,iran_exchange,core,2,3713955.9,index_points,,,log_return,tsetmc,32097828799138957,cdn.tsetmc.com/api/Index,raw/tedpix_raw.txt,market-extract-4.2,2026-08-11T11:03:48+00:00,200,,,W08
2026-04-20,2026-04-20T09:00:00+00:00,True,12:30,Asia/Tehran,TEDPIX,Tehran Stock Exchange TEDPIX,index,index,,index_level,iran_exchange,core,2,3713955.9,index_points,,,log_return,tsetmc,32097828799138957,cdn.tsetmc.com/api/Index,raw/tedpix_raw.txt,market-extract-4.2,2026-08-11T11:03:48+00:00,200,,,W08
2026-04-21,2026-04-21T09:00:00+00:00,True,12:30,Asia/Tehran,TEDPIX,Tehran Stock Exchange TEDPIX,index,index,,index_level,iran_exchange,core,2,3713955.9,index_points,,,log_return,tsetmc,32097828799138957,cdn.tsetmc.com/api/Index,raw/tedpix_raw.txt,market-extract-4.2,2026-08-11T11:03:48+00:00,200,,,W08
2026-04-22,2026-04-22T09:00:00+00:00,True,12:30,Asia/Tehran,TEDPIX,Tehran Stock Exchange TEDPIX,index,index,,index_level,iran_exchange,core,2,3713955.9,index_points,,,log_return,tsetmc,32097828799138957,cdn.tsetmc.com/api/Index,raw/tedpix_raw.txt,market-extract-4.2,2026-08-11T11:03:48+00:00,200,,,W08
2026-04-25,2026-04-25T09:00:00+00:00,True,12:30,Asia/Tehran,TEDPIX,Tehran Stock Exchange TEDPIX,index,index,,index_level,iran_exchange,core,2,3713955.9,index_points,,,log_return,tsetmc,32097828799138957,cdn.tsetmc.com/api/Index,raw/tedpix_raw.txt,market-extract-4.2,2026-08-11T11:03:48+00:00,200,,,W09
2026-04-26,2026-04-26T09:00:00+00:00,True,12:30,Asia/Tehran,TEDPIX,Tehran Stock Exchange TEDPIX,index,index,,index_level,iran_exchange,core,2,3713955.9,index_points,,,log_return,tsetmc,32097828799138957,cdn.tsetmc.com/api/Index,raw/tedpix_raw.txt,market-extract-4.2,2026-08-11T11:03:48+00:00,200,,,W09
2026-04-27,2026-04-27T09:00:00+00:00,True,12:30,Asia/Tehran,TEDPIX,Tehran Stock Exchange TEDPIX,index,index,,index_level,iran_exchange,core,2,3713955.9,index_points,,,log_return,tsetmc,32097828799138957,cdn.tsetmc.com/api/Index,raw/tedpix_raw.txt,market-extract-4.2,2026-08-11T11:03:48+00:00,200,,,W09
2026-04-28,2026-04-28T09:00:00+00:00,True,12:30,Asia/Tehran,TEDPIX,Tehran Stock Exchange TEDPIX,index,index,,index_level,iran_exchange,core,2,3713955.9,index_points,,,log_return,tsetmc,32097828799138957,cdn.tsetmc.com/api/Index,raw/tedpix_raw.txt,market-extract-4.2,2026-08-11T11:03:48+00:00,200,,,W09
2026-04-29,2026-04-29T09:00:00+00:00,True,12:30,Asia/Tehran,TEDPIX,Tehran Stock Exchange TEDPIX,index,index,,index_level,iran_exchange,core,2,3713955.9,index_points,,,log_return,tsetmc,32097828799138957,cdn.tsetmc.com/api/Index,raw/tedpix_raw.txt,market-extract-4.2,2026-08-11T11:03:48+00:00,200,,,W09
2026-05-02,2026-05-02T09:00:00+00:00,True,12:30,Asia/Tehran,TEDPIX,Tehran Stock Exchange TEDPIX,index,index,,index_level,iran_exchange,core,2,3713955.9,index_points,,,log_return,tsetmc,32097828799138957,cdn.tsetmc.com/api/Index,raw/tedpix_raw.txt,market-extract-4.2,2026-08-11T11:03:48+00:00,200,,,W10
2026-05-03,2026-05-03T09:00:00+00:00,True,12:30,Asia/Tehran,TEDPIX,Tehran Stock Exchange TEDPIX,index,index,,index_level,iran_exchange,core,2,3713955.9,index_points,,,log_return,tsetmc,32097828799138957,cdn.tsetmc.com/api/Index,raw/tedpix_raw.txt,market-extract-4.2,2026-08-11T11:03:48+00:00,200,,,W10
2026-05-04,2026-05-04T09:00:00+00:00,True,12:30,Asia/Tehran,TEDPIX,Tehran Stock Exchange TEDPIX,index,index,,index_level,iran_exchange,core,2,3713955.9,index_points,,,log_return,tsetmc,32097828799138957,cdn.tsetmc.com/api/Index,raw/tedpix_raw.txt,market-extract-4.2,2026-08-11T11:03:48+00:00,200,,,W10
2026-05-05,2026-05-05T09:00:00+00:00,True,12:30,Asia/Tehran,TEDPIX,Tehran Stock Exchange TEDPIX,index,index,,index_level,iran_exchange,core,2,3713955.9,index_points,,,log_return,tsetmc,32097828799138957,cdn.tsetmc.com/api/Index,raw/tedpix_raw.txt,market-extract-4.2,2026-08-11T11:03:48+00:00,200,,,W10
2026-05-06,2026-05-06T09:00:00+00:00,True,12:30,Asia/Tehran,TEDPIX,Tehran Stock Exchange TEDPIX,index,index,,index_level,iran_exchange,core,2,3713955.9,index_points,,,log_return,tsetmc,32097828799138957,cdn.tsetmc.com/api/Index,raw/tedpix_raw.txt,market-extract-4.2,2026-08-11T11:03:48+00:00,200,,,W10
2026-05-09,2026-05-09T09:00:00+00:00,True,12:30,Asia/Tehran,TEDPIX,Tehran Stock Exchange TEDPIX,index,index,,index_level,iran_exchange,core,2,3713955.9,index_points,,,log_return,tsetmc,32097828799138957,cdn.tsetmc.com/api/Index,raw/tedpix_raw.txt,market-extract-4.2,2026-08-11T11:03:48+00:00,200,,,W11
2026-05-10,2026-05-10T09:00:00+00:00,True,12:30,Asia/Tehran,TEDPIX,Tehran Stock Exchange TEDPIX,index,index,,index_level,iran_exchange,core,2,3713955.9,index_points,,,log_return,tsetmc,32097828799138957,cdn.tsetmc.com/api/Index,raw/tedpix_raw.txt,market-extract-4.2,2026-08-11T11:03:48+00:00,200,,,W11
2026-05-11,2026-05-11T09:00:00+00:00,True,12:30,Asia/Tehran,TEDPIX,Tehran Stock Exchange TEDPIX,index,index,,index_level,iran_exchange,core,2,3713955.9,index_points,,,log_return,tsetmc,32097828799138957,cdn.tsetmc.com/api/Index,raw/tedpix_raw.txt,market-extract-4.2,2026-08-11T11:03:48+00:00,200,,,W11
2026-05-12,2026-05-12T09:00:00+00:00,True,12:30,Asia/Tehran,TEDPIX,Tehran Stock Exchange TEDPIX,index,index,,index_level,iran_exchange,core,2,3713955.9,index_points,,,log_return,tsetmc,32097828799138957,cdn.tsetmc.com/api/Index,raw/tedpix_raw.txt,market-extract-4.2,2026-08-11T11:03:48+00:00,200,,,W11
2026-05-13,2026-05-13T09:00:00+00:00,True,12:30,Asia/Tehran,TEDPIX,Tehran Stock Exchange TEDPIX,index,index,,index_level,iran_exchange,core,2,3713955.9,index_points,,,log_return,tsetmc,32097828799138957,cdn.tsetmc.com/api/Index,raw/tedpix_raw.txt,market-extract-4.2,2026-08-11T11:03:48+00:00,200,,,W11
2026-05-16,2026-05-16T09:00:00+00:00,True,12:30,Asia/Tehran,TEDPIX,Tehran Stock Exchange TEDPIX,index,index,,index_level,iran_exchange,core,2,3713955.9,index_points,,,log_return,tsetmc,32097828799138957,cdn.tsetmc.com/api/Index,raw/tedpix_raw.txt,market-extract-4.2,2026-08-11T11:03:48+00:00,200,,,W12
2026-05-17,2026-05-17T09:00:00+00:00,True,12:30,Asia/Tehran,TEDPIX,Tehran Stock Exchange TEDPIX,index,index,,index_level,iran_exchange,core,2,3713955.9,index_points,,,log_return,tsetmc,32097828799138957,cdn.tsetmc.com/api/Index,raw/tedpix_raw.txt,market-extract-4.2,2026-08-11T11:03:48+00:00,200,,,W12
2026-05-18,2026-05-18T09:00:00+00:00,True,12:30,Asia/Tehran,TEDPIX,Tehran Stock Exchange TEDPIX,index,index,,index_level,iran_exchange,core,2,3713955.9,index_points,,,log_return,tsetmc,32097828799138957,cdn.tsetmc.com/api/Index,raw/tedpix_raw.txt,market-extract-4.2,2026-08-11T11:03:48+00:00,200,,,W12
2026-05-19,2026-05-19T09:00:00+00:00,True,12:30,Asia/Tehran,TEDPIX,Tehran Stock Exchange TEDPIX,index,index,,index_level,iran_exchange,core,2,3716478.0,index_points,,,log_return,tsetmc,32097828799138957,cdn.tsetmc.com/api/Index,raw/tedpix_raw.txt,market-extract-4.2,2026-08-11T11:03:48+00:00,200,,,W12
2026-05-20,2026-05-20T09:00:00+00:00,True,12:30,Asia/Tehran,TEDPIX,Tehran Stock Exchange TEDPIX,index,index,,index_level,iran_exchange,core,2,3761304.5,index_points,,,log_return,tsetmc,32097828799138957,cdn.tsetmc.com/api/Index,raw/tedpix_raw.txt,market-extract-4.2,2026-08-11T11:03:48+00:00,200,,,W12
2026-05-23,2026-05-23T09:00:00+00:00,True,12:30,Asia/Tehran,TEDPIX,Tehran Stock Exchange TEDPIX,index,index,,index_level,iran_exchange,core,2,3831772.5,index_points,,,log_return,tsetmc,32097828799138957,cdn.tsetmc.com/api/Index,raw/tedpix_raw.txt,market-extract-4.2,2026-08-11T11:03:48+00:00,200,,,W13
2026-05-24,2026-05-24T09:00:00+00:00,True,12:30,Asia/Tehran,TEDPIX,Tehran Stock Exchange TEDPIX,index,index,,index_level,iran_exchange,core,2,3909790.8,index_points,,,log_return,tsetmc,32097828799138957,cdn.tsetmc.com/api/Index,raw/tedpix_raw.txt,market-extract-4.2,2026-08-11T11:03:48+00:00,200,,,W13
2026-05-25,2026-05-25T09:00:00+00:00,True,12:30,Asia/Tehran,TEDPIX,Tehran Stock Exchange TEDPIX,index,index,,index_level,iran_exchange,core,2,3993142.7,index_points,,,log_return,tsetmc,32097828799138957,cdn.tsetmc.com/api/Index,raw/tedpix_raw.txt,market-extract-4.2,2026-08-11T11:03:48+00:00,200,,,W13
2026-05-26,2026-05-26T09:00:00+00:00,True,12:30,Asia/Tehran,TEDPIX,Tehran Stock Exchange TEDPIX,index,index,,index_level,iran_exchange,core,2,4073652.4,index_points,,,log_return,tsetmc,32097828799138957,cdn.tsetmc.com/api/Index,raw/tedpix_raw.txt,market-extract-4.2,2026-08-11T11:03:48+00:00,200,,,W13
2026-05-30,2026-05-30T09:00:00+00:00,True,12:30,Asia/Tehran,TEDPIX,Tehran Stock Exchange TEDPIX,index,index,,index_level,iran_exchange,core,2,4153376.3,index_points,,,log_return,tsetmc,32097828799138957,cdn.tsetmc.com/api/Index,raw/tedpix_raw.txt,market-extract-4.2,2026-08-11T11:03:48+00:00,200,,,W14
2026-05-31,2026-05-31T09:00:00+00:00,True,12:30,Asia/Tehran,TEDPIX,Tehran Stock Exchange TEDPIX,index,index,,index_level,iran_exchange,core,2,4236521.1,index_points,,,log_return,tsetmc,32097828799138957,cdn.tsetmc.com/api/Index,raw/tedpix_raw.txt,market-extract-4.2,2026-08-11T11:03:48+00:00,200,,,W14
2026-06-01,2026-06-01T09:00:00+00:00,True,12:30,Asia/Tehran,TEDPIX,Tehran Stock Exchange TEDPIX,index,index,,index_level,iran_exchange,core,2,4300178.5,index_points,,,log_return,tsetmc,32097828799138957,cdn.tsetmc.com/api/Index,raw/tedpix_raw.txt,market-extract-4.2,2026-08-11T11:03:48+00:00,200,,,W14
2026-06-02,2026-06-02T09:00:00+00:00,True,12:30,Asia/Tehran,TEDPIX,Tehran Stock Exchange TEDPIX,index,index,,index_level,iran_exchange,core,2,4344624.4,index_points,,,log_return,tsetmc,32097828799138957,cdn.tsetmc.com/api/Index,raw/tedpix_raw.txt,market-extract-4.2,2026-08-11T11:03:48+00:00,200,,,W14
2026-06-03,2026-06-03T09:00:00+00:00,True,12:30,Asia/Tehran,TEDPIX,Tehran Stock Exchange TEDPIX,index,index,,index_level,iran_exchange,core,2,4359000.8,index_points,,,log_return,tsetmc,32097828799138957,cdn.tsetmc.com/api/Index,raw/tedpix_raw.txt,market-extract-4.2,2026-08-11T11:03:48+00:00,200,,,W14
2026-06-06,2026-06-06T09:00:00+00:00,True,12:30,Asia/Tehran,TEDPIX,Tehran Stock Exchange TEDPIX,index,index,,index_level,iran_exchange,core,2,4391866.9,index_points,,,log_return,tsetmc,32097828799138957,cdn.tsetmc.com/api/Index,raw/tedpix_raw.txt,market-extract-4.2,2026-08-11T11:03:48+00:00,200,,,W15
2026-06-07,2026-06-07T09:00:00+00:00,True,12:30,Asia/Tehran,TEDPIX,Tehran Stock Exchange TEDPIX,index,index,,index_level,iran_exchange,core,2,4493609.5,index_points,,,log_return,tsetmc,32097828799138957,cdn.tsetmc.com/api/Index,raw/tedpix_raw.txt,market-extract-4.2,2026-08-11T11:03:48+00:00,200,,,W15
2026-06-08,2026-06-08T09:00:00+00:00,True,12:30,Asia/Tehran,TEDPIX,Tehran Stock Exchange TEDPIX,index,index,,index_level,iran_exchange,core,2,4426011.9,index_points,,,log_return,tsetmc,32097828799138957,cdn.tsetmc.com/api/Index,raw/tedpix_raw.txt,market-extract-4.2,2026-08-11T11:03:48+00:00,200,,,W15
2026-06-09,2026-06-09T09:00:00+00:00,True,12:30,Asia/Tehran,TEDPIX,Tehran Stock Exchange TEDPIX,index,index,,index_level,iran_exchange,core,2,4540874.5,index_points,,,log_return,tsetmc,32097828799138957,cdn.tsetmc.com/api/Index,raw/tedpix_raw.txt,market-extract-4.2,2026-08-11T11:03:48+00:00,200,,,W15
2026-06-10,2026-06-10T09:00:00+00:00,True,12:30,Asia/Tehran,TEDPIX,Tehran Stock Exchange TEDPIX,index,index,,index_level,iran_exchange,core,2,4593052.4,index_points,,,log_return,tsetmc,32097828799138957,cdn.tsetmc.com/api/Index,raw/tedpix_raw.txt,market-extract-4.2,2026-08-11T11:03:48+00:00,200,,,W15
2026-06-13,2026-06-13T09:00:00+00:00,True,12:30,Asia/Tehran,TEDPIX,Tehran Stock Exchange TEDPIX,index,index,,index_level,iran_exchange,core,2,4696228.7,index_points,,,log_return,tsetmc,32097828799138957,cdn.tsetmc.com/api/Index,raw/tedpix_raw.txt,market-extract-4.2,2026-08-11T11:03:48+00:00,200,,,W16
2026-06-14,2026-06-14T09:00:00+00:00,True,12:30,Asia/Tehran,TEDPIX,Tehran Stock Exchange TEDPIX,index,index,,index_level,iran_exchange,core,2,4818830.6,index_points,,,log_return,tsetmc,32097828799138957,cdn.tsetmc.com/api/Index,raw/tedpix_raw.txt,market-extract-4.2,2026-08-11T11:03:48+00:00,200,,,W16
2026-06-15,2026-06-15T09:00:00+00:00,True,12:30,Asia/Tehran,TEDPIX,Tehran Stock Exchange TEDPIX,index,index,,index_level,iran_exchange,core,2,4980429.6,index_points,,,log_return,tsetmc,32097828799138957,cdn.tsetmc.com/api/Index,raw/tedpix_raw.txt,market-extract-4.2,2026-08-11T11:03:48+00:00,200,,,W16
2026-06-16,2026-06-16T09:00:00+00:00,True,12:30,Asia/Tehran,TEDPIX,Tehran Stock Exchange TEDPIX,index,index,,index_level,iran_exchange,core,2,5100249.4,index_points,,,log_return,tsetmc,32097828799138957,cdn.tsetmc.com/api/Index,raw/tedpix_raw.txt,market-extract-4.2,2026-08-11T11:03:48+00:00,200,,,W16
2026-06-17,2026-06-17T09:00:00+00:00,True,12:30,Asia/Tehran,TEDPIX,Tehran Stock Exchange TEDPIX,index,index,,index_level,iran_exchange,core,2,5151094.1,index_points,,,log_return,tsetmc,32097828799138957,cdn.tsetmc.com/api/Index,raw/tedpix_raw.txt,market-extract-4.2,2026-08-11T11:03:48+00:00,200,,,W16
2026-06-20,2026-06-20T09:00:00+00:00,True,12:30,Asia/Tehran,TEDPIX,Tehran Stock Exchange TEDPIX,index,index,,index_level,iran_exchange,core,2,5160183.1,index_points,,,log_return,tsetmc,32097828799138957,cdn.tsetmc.com/api/Index,raw/tedpix_raw.txt,market-extract-4.2,2026-08-11T11:03:48+00:00,200,,,W17
2026-06-21,2026-06-21T09:00:00+00:00,True,12:30,Asia/Tehran,TEDPIX,Tehran Stock Exchange TEDPIX,index,index,,index_level,iran_exchange,core,2,5125976.1,index_points,,,log_return,tsetmc,32097828799138957,cdn.tsetmc.com/api/Index,raw/tedpix_raw.txt,market-extract-4.2,2026-08-11T11:03:48+00:00,200,,,W17
2026-06-22,2026-06-22T09:00:00+00:00,True,12:30,Asia/Tehran,TEDPIX,Tehran Stock Exchange TEDPIX,index,index,,index_level,iran_exchange,core,2,5072677.4,index_points,,,log_return,tsetmc,32097828799138957,cdn.tsetmc.com/api/Index,raw/tedpix_raw.txt,market-extract-4.2,2026-08-11T11:03:48+00:00,200,,,W17
2026-06-23,2026-06-23T09:00:00+00:00,True,12:30,Asia/Tehran,TEDPIX,Tehran Stock Exchange TEDPIX,index,index,,index_level,iran_exchange,core,2,5160903.7,index_points,,,log_return,tsetmc,32097828799138957,cdn.tsetmc.com/api/Index,raw/tedpix_raw.txt,market-extract-4.2,2026-08-11T11:03:48+00:00,200,,,W17
2026-06-27,2026-06-27T09:00:00+00:00,True,12:30,Asia/Tehran,TEDPIX,Tehran Stock Exchange TEDPIX,index,index,,index_level,iran_exchange,core,2,5176357.5,index_points,,,log_return,tsetmc,32097828799138957,cdn.tsetmc.com/api/Index,raw/tedpix_raw.txt,market-extract-4.2,2026-08-11T11:03:48+00:00,200,,,W18
2026-06-28,2026-06-28T09:00:00+00:00,True,12:30,Asia/Tehran,TEDPIX,Tehran Stock Exchange TEDPIX,index,index,,index_level,iran_exchange,core,2,5075581.0,index_points,,,log_return,tsetmc,32097828799138957,cdn.tsetmc.com/api/Index,raw/tedpix_raw.txt,market-extract-4.2,2026-08-11T11:03:48+00:00,200,,,W18
2026-06-29,2026-06-29T09:00:00+00:00,True,12:30,Asia/Tehran,TEDPIX,Tehran Stock Exchange TEDPIX,index,index,,index_level,iran_exchange,core,2,5059229.2,index_points,,,log_return,tsetmc,32097828799138957,cdn.tsetmc.com/api/Index,raw/tedpix_raw.txt,market-extract-4.2,2026-08-11T11:03:48+00:00,200,,,W18
2026-06-30,2026-06-30T09:00:00+00:00,True,12:30,Asia/Tehran,TEDPIX,Tehran Stock Exchange TEDPIX,index,index,,index_level,iran_exchange,core,2,5127635.3,index_points,,,log_return,tsetmc,32097828799138957,cdn.tsetmc.com/api/Index,raw/tedpix_raw.txt,market-extract-4.2,2026-08-11T11:03:48+00:00,200,,,W18
2026-07-01,2026-07-01T09:00:00+00:00,True,12:30,Asia/Tehran,TEDPIX,Tehran Stock Exchange TEDPIX,index,index,,index_level,iran_exchange,core,2,5187264.9,index_points,,,log_return,tsetmc,32097828799138957,cdn.tsetmc.com/api/Index,raw/tedpix_raw.txt,market-extract-4.2,2026-08-11T11:03:48+00:00,200,,,W18
2026-07-07,2026-07-07T09:00:00+00:00,True,12:30,Asia/Tehran,TEDPIX,Tehran Stock Exchange TEDPIX,index,index,,index_level,iran_exchange,core,2,5311523.7,index_points,,,log_return,tsetmc,32097828799138957,cdn.tsetmc.com/api/Index,raw/tedpix_raw.txt,market-extract-4.2,2026-08-11T11:03:48+00:00,200,,,W19
2026-07-08,2026-07-08T09:00:00+00:00,True,12:30,Asia/Tehran,TEDPIX,Tehran Stock Exchange TEDPIX,index,index,,index_level,iran_exchange,core,2,5286856.1,index_points,,,log_return,tsetmc,32097828799138957,cdn.tsetmc.com/api/Index,raw/tedpix_raw.txt,market-extract-4.2,2026-08-11T11:03:48+00:00,200,,,W19
2026-07-11,2026-07-11T09:00:00+00:00,True,12:30,Asia/Tehran,TEDPIX,Tehran Stock Exchange TEDPIX,index,index,,index_level,iran_exchange,core,2,5182613.8,index_points,,,log_return,tsetmc,32097828799138957,cdn.tsetmc.com/api/Index,raw/tedpix_raw.txt,market-extract-4.2,2026-08-11T11:03:48+00:00,200,,,W20
2026-07-12,2026-07-12T09:00:00+00:00,True,12:30,Asia/Tehran,TEDPIX,Tehran Stock Exchange TEDPIX,index,index,,index_level,iran_exchange,core,2,5055648.3,index_points,,,log_return,tsetmc,32097828799138957,cdn.tsetmc.com/api/Index,raw/tedpix_raw.txt,market-extract-4.2,2026-08-11T11:03:48+00:00,200,,,W20
2026-07-13,2026-07-13T09:00:00+00:00,True,12:30,Asia/Tehran,TEDPIX,Tehran Stock Exchange TEDPIX,index,index,,index_level,iran_exchange,core,2,4966760.8,index_points,,,log_return,tsetmc,32097828799138957,cdn.tsetmc.com/api/Index,raw/tedpix_raw.txt,market-extract-4.2,2026-08-11T11:03:48+00:00,200,,,W20
2026-07-14,2026-07-14T09:00:00+00:00,True,12:30,Asia/Tehran,TEDPIX,Tehran Stock Exchange TEDPIX,index,index,,index_level,iran_exchange,core,2,4924683.6,index_points,,,log_return,tsetmc,32097828799138957,cdn.tsetmc.com/api/Index,raw/tedpix_raw.txt,market-extract-4.2,2026-08-11T11:03:48+00:00,200,,,W20
2026-07-15,2026-07-15T09:00:00+00:00,True,12:30,Asia/Tehran,TEDPIX,Tehran Stock Exchange TEDPIX,index,index,,index_level,iran_exchange,core,2,4893834.6,index_points,,,log_return,tsetmc,32097828799138957,cdn.tsetmc.com/api/Index,raw/tedpix_raw.txt,market-extract-4.2,2026-08-11T11:03:48+00:00,200,,,W20
2026-07-18,2026-07-18T09:00:00+00:00,True,12:30,Asia/Tehran,TEDPIX,Tehran Stock Exchange TEDPIX,index,index,,index_level,iran_exchange,core,2,4777284.6,index_points,,,log_return,tsetmc,32097828799138957,cdn.tsetmc.com/api/Index,raw/tedpix_raw.txt,market-extract-4.2,2026-08-11T11:03:48+00:00,200,,,W21
2026-07-19,2026-07-19T09:00:00+00:00,True,12:30,Asia/Tehran,TEDPIX,Tehran Stock Exchange TEDPIX,index,index,,index_level,iran_exchange,core,2,4755500.3,index_points,,,log_return,tsetmc,32097828799138957,cdn.tsetmc.com/api/Index,raw/tedpix_raw.txt,market-extract-4.2,2026-08-11T11:03:48+00:00,200,,,W21
2026-07-20,2026-07-20T09:00:00+00:00,True,12:30,Asia/Tehran,TEDPIX,Tehran Stock Exchange TEDPIX,index,index,,index_level,iran_exchange,core,2,4813503.4,index_points,,,log_return,tsetmc,32097828799138957,cdn.tsetmc.com/api/Index,raw/tedpix_raw.txt,market-extract-4.2,2026-08-11T11:03:48+00:00,200,,,W21
2026-07-21,2026-07-21T09:00:00+00:00,True,12:30,Asia/Tehran,TEDPIX,Tehran Stock Exchange TEDPIX,index,index,,index_level,iran_exchange,core,2,4887551.7,index_points,,,log_return,tsetmc,32097828799138957,cdn.tsetmc.com/api/Index,raw/tedpix_raw.txt,market-extract-4.2,2026-08-11T11:03:48+00:00,200,,,W21
2026-07-22,2026-07-22T09:00:00+00:00,True,12:30,Asia/Tehran,TEDPIX,Tehran Stock Exchange TEDPIX,index,index,,index_level,iran_exchange,core,2,4884000.9,index_points,,,log_return,tsetmc,32097828799138957,cdn.tsetmc.com/api/Index,raw/tedpix_raw.txt,market-extract-4.2,2026-08-11T11:03:48+00:00,200,,,W21
2026-02-28,,False,20:00,Asia/Tehran,IRR_USD,USD/IRR - free market,fx,spot,free_market,close,iran_otc,core,1,1663600.0,IRR_per_USD,IRR,,log_return,tgju,price_dollar_rl,tgju.org/archive-tool,raw/tgju_raw.json,market-extract-4.2,2026-08-11T11:03:48+00:00,200,created_at|id|item_id|max|metadata|min|open|opts|price|status|updated_at|value, Free-market rate - do not mix with official or NIMA rates,W01
2026-03-01,,False,20:00,Asia/Tehran,IRR_USD,USD/IRR - free market,fx,spot,free_market,close,iran_otc,core,1,1663700.0,IRR_per_USD,IRR,,log_return,tgju,price_dollar_rl,tgju.org/archive-tool,raw/tgju_raw.json,market-extract-4.2,2026-08-11T11:03:48+00:00,200,created_at|id|item_id|max|metadata|min|open|opts|price|status|updated_at|value, Free-market rate - do not mix with official or NIMA rates,W01
2026-03-02,,False,20:00,Asia/Tehran,IRR_USD,USD/IRR - free market,fx,spot,free_market,close,iran_otc,core,1,1663400.0,IRR_per_USD,IRR,,log_return,tgju,price_dollar_rl,tgju.org/archive-tool,raw/tgju_raw.json,market-extract-4.2,2026-08-11T11:03:48+00:00,200,created_at|id|item_id|max|metadata|min|open|opts|price|status|updated_at|value, Free-market rate - do not mix with official or NIMA rates,W01
2026-03-03,,False,20:00,Asia/Tehran,IRR_USD,USD/IRR - free market,fx,spot,free_market,close,iran_otc,core,1,1663550.0,IRR_per_USD,IRR,,log_return,tgju,price_dollar_rl,tgju.org/archive-tool,raw/tgju_raw.json,market-extract-4.2,2026-08-11T11:03:48+00:00,200,created_at|id|item_id|max|metadata|min|open|opts|price|status|updated_at|value, Free-market rate - do not mix with official or NIMA rates,W01
2026-03-04,,False,20:00,Asia/Tehran,IRR_USD,USD/IRR - free market,fx,spot,free_market,close,iran_otc,core,1,1663700.0,IRR_per_USD,IRR,,log_return,tgju,price_dollar_rl,tgju.org/archive-tool,raw/tgju_raw.json,market-extract-4.2,2026-08-11T11:03:48+00:00,200,created_at|id|item_id|max|metadata|min|open|opts|price|status|updated_at|value, Free-market rate - do not mix with official or NIMA rates,W01
2026-03-05,,False,20:00,Asia/Tehran,IRR_USD,USD/IRR - free market,fx,spot,free_market,close,iran_otc,core,1,1663300.0,IRR_per_USD,IRR,,log_return,tgju,price_dollar_rl,tgju.org/archive-tool,raw/tgju_raw.json,market-extract-4.2,2026-08-11T11:03:48+00:00,200,created_at|id|item_id|max|metadata|min|open|opts|price|status|updated_at|value, Free-market rate - do not mix with official or NIMA rates,W01
2026-03-06,,False,20:00,Asia/Tehran,IRR_USD,USD/IRR - free market,fx,spot,free_market,close,iran_otc,core,1,1663300.0,IRR_per_USD,IRR,,log_return,tgju,price_dollar_rl,tgju.org/archive-tool,raw/tgju_raw.json,market-extract-4.2,2026-08-11T11:03:48+00:00,200,created_at|id|item_id|max|metadata|min|open|opts|price|status|updated_at|value, Free-market rate - do not mix with official or NIMA rates,W01
2026-03-07,,False,20:00,Asia/Tehran,IRR_USD,USD/IRR - free market,fx,spot,free_market,close,iran_otc,core,1,1663700.0,IRR_per_USD,IRR,,log_return,tgju,price_dollar_rl,tgju.org/archive-tool,raw/tgju_raw.json,market-extract-4.2,2026-08-11T11:03:48+00:00,200,created_at|id|item_id|max|metadata|min|open|opts|price|status|updated_at|value, Free-market rate - do not mix with official or NIMA rates,W02
2026-03-08,,False,20:00,Asia/Tehran,IRR_USD,USD/IRR - free market,fx,spot,free_market,close,iran_otc,core,1,1663500.0,IRR_per_USD,IRR,,log_return,tgju,price_dollar_rl,tgju.org/archive-tool,raw/tgju_raw.json,market-extract-4.2,2026-08-11T11:03:48+00:00,200,created_at|id|item_id|max|metadata|min|open|opts|price|status|updated_at|value, Free-market rate - do not mix with official or NIMA rates,W02
2026-03-09,,False,20:00,Asia/Tehran,IRR_USD,USD/IRR - free market,fx,spot,free_market,close,iran_otc,core,1,1663500.0,IRR_per_USD,IRR,,log_return,tgju,price_dollar_rl,tgju.org/archive-tool,raw/tgju_raw.json,market-extract-4.2,2026-08-11T11:03:48+00:00,200,created_at|id|item_id|max|metadata|min|open|opts|price|status|updated_at|value, Free-market rate - do not mix with official or NIMA rates,W02
2026-03-10,,False,20:00,Asia/Tehran,IRR_USD,USD/IRR - free market,fx,spot,free_market,close,iran_otc,core,1,1663700.0,IRR_per_USD,IRR,,log_return,tgju,price_dollar_rl,tgju.org/archive-tool,raw/tgju_raw.json,market-extract-4.2,2026-08-11T11:03:48+00:00,200,created_at|id|item_id|max|metadata|min|open|opts|price|status|updated_at|value, Free-market rate - do not mix with official or NIMA rates,W02
2026-03-11,,False,20:00,Asia/Tehran,IRR_USD,USD/IRR - free market,fx,spot,free_market,close,iran_otc,core,1,1663500.0,IRR_per_USD,IRR,,log_return,tgju,price_dollar_rl,tgju.org/archive-tool,raw/tgju_raw.json,market-extract-4.2,2026-08-11T11:03:48+00:00,200,created_at|id|item_id|max|metadata|min|open|opts|price|status|updated_at|value, Free-market rate - do not mix with official or NIMA rates,W02
2026-03-12,,False,20:00,Asia/Tehran,IRR_USD,USD/IRR - free market,fx,spot,free_market,close,iran_otc,core,1,1663600.0,IRR_per_USD,IRR,,log_return,tgju,price_dollar_rl,tgju.org/archive-tool,raw/tgju_raw.json,market-extract-4.2,2026-08-11T11:03:48+00:00,200,created_at|id|item_id|max|metadata|min|open|opts|price|status|updated_at|value, Free-market rate - do not mix with official or NIMA rates,W02
2026-03-13,,False,20:00,Asia/Tehran,IRR_USD,USD/IRR - free market,fx,spot,free_market,close,iran_otc,core,1,1663600.0,IRR_per_USD,IRR,,log_return,tgju,price_dollar_rl,tgju.org/archive-tool,raw/tgju_raw.json,market-extract-4.2,2026-08-11T11:03:48+00:00,200,created_at|id|item_id|max|metadata|min|open|opts|price|status|updated_at|value, Free-market rate - do not mix with official or NIMA rates,W02
2026-03-14,,False,20:00,Asia/Tehran,IRR_USD,USD/IRR - free market,fx,spot,free_market,close,iran_otc,core,1,1663600.0,IRR_per_USD,IRR,,log_return,tgju,price_dollar_rl,tgju.org/archive-tool,raw/tgju_raw.json,market-extract-4.2,2026-08-11T11:03:48+00:00,200,created_at|id|item_id|max|metadata|min|open|opts|price|status|updated_at|value, Free-market rate - do not mix with official or NIMA rates,W03
2026-03-15,,False,20:00,Asia/Tehran,IRR_USD,USD/IRR - free market,fx,spot,free_market,close,iran_otc,core,1,1470000.0,IRR_per_USD,IRR,,log_return,tgju,price_dollar_rl,tgju.org/archive-tool,raw/tgju_raw.json,market-extract-4.2,2026-08-11T11:03:48+00:00,200,created_at|id|item_id|max|metadata|min|open|opts|price|status|updated_at|value, Free-market rate - do not mix with official or NIMA rates,W03
2026-03-16,,False,20:00,Asia/Tehran,IRR_USD,USD/IRR - free market,fx,spot,free_market,close,iran_otc,core,1,1437000.0,IRR_per_USD,IRR,,log_return,tgju,price_dollar_rl,tgju.org/archive-tool,raw/tgju_raw.json,market-extract-4.2,2026-08-11T11:03:48+00:00,200,created_at|id|item_id|max|metadata|min|open|opts|price|status|updated_at|value, Free-market rate - do not mix with official or NIMA rates,W03
2026-03-17,,False,20:00,Asia/Tehran,IRR_USD,USD/IRR - free market,fx,spot,free_market,close,iran_otc,core,1,1451200.0,IRR_per_USD,IRR,,log_return,tgju,price_dollar_rl,tgju.org/archive-tool,raw/tgju_raw.json,market-extract-4.2,2026-08-11T11:03:48+00:00,200,created_at|id|item_id|max|metadata|min|open|opts|price|status|updated_at|value, Free-market rate - do not mix with official or NIMA rates,W03
2026-03-18,,False,20:00,Asia/Tehran,IRR_USD,USD/IRR - free market,fx,spot,free_market,close,iran_otc,core,1,1563900.0,IRR_per_USD,IRR,,log_return,tgju,price_dollar_rl,tgju.org/archive-tool,raw/tgju_raw.json,market-extract-4.2,2026-08-11T11:03:48+00:00,200,created_at|id|item_id|max|metadata|min|open|opts|price|status|updated_at|value, Free-market rate - do not mix with official or NIMA rates,W03
2026-03-19,,False,20:00,Asia/Tehran,IRR_USD,USD/IRR - free market,fx,spot,free_market,close,iran_otc,core,1,1592800.0,IRR_per_USD,IRR,,log_return,tgju,price_dollar_rl,tgju.org/archive-tool,raw/tgju_raw.json,market-extract-4.2,2026-08-11T11:03:48+00:00,200,created_at|id|item_id|max|metadata|min|open|opts|price|status|updated_at|value, Free-market rate - do not mix with official or NIMA rates,W03
2026-03-20,,False,20:00,Asia/Tehran,IRR_USD,USD/IRR - free market,fx,spot,free_market,close,iran_otc,core,1,1592800.0,IRR_per_USD,IRR,,log_return,tgju,price_dollar_rl,tgju.org/archive-tool,raw/tgju_raw.json,market-extract-4.2,2026-08-11T11:03:48+00:00,200,created_at|id|item_id|max|metadata|min|open|opts|price|status|updated_at|value, Free-market rate - do not mix with official or NIMA rates,W03
2026-03-21,,False,20:00,Asia/Tehran,IRR_USD,USD/IRR - free market,fx,spot,free_market,close,iran_otc,core,1,1592800.0,IRR_per_USD,IRR,,log_return,tgju,price_dollar_rl,tgju.org/archive-tool,raw/tgju_raw.json,market-extract-4.2,2026-08-11T11:03:48+00:00,200,created_at|id|item_id|max|metadata|min|open|opts|price|status|updated_at|value, Free-market rate - do not mix with official or NIMA rates,W04
2026-03-22,,False,20:00,Asia/Tehran,IRR_USD,USD/IRR - free market,fx,spot,free_market,close,iran_otc,core,1,1587800.0,IRR_per_USD,IRR,,log_return,tgju,price_dollar_rl,tgju.org/archive-tool,raw/tgju_raw.json,market-extract-4.2,2026-08-11T11:03:48+00:00,200,created_at|id|item_id|max|metadata|min|open|opts|price|status|updated_at|value, Free-market rate - do not mix with official or NIMA rates,W04
2026-03-23,,False,20:00,Asia/Tehran,IRR_USD,USD/IRR - free market,fx,spot,free_market,close,iran_otc,core,1,1587800.0,IRR_per_USD,IRR,,log_return,tgju,price_dollar_rl,tgju.org/archive-tool,raw/tgju_raw.json,market-extract-4.2,2026-08-11T11:03:48+00:00,200,created_at|id|item_id|max|metadata|min|open|opts|price|status|updated_at|value, Free-market rate - do not mix with official or NIMA rates,W04
2026-03-24,,False,20:00,Asia/Tehran,IRR_USD,USD/IRR - free market,fx,spot,free_market,close,iran_otc,core,1,1577700.0,IRR_per_USD,IRR,,log_return,tgju,price_dollar_rl,tgju.org/archive-tool,raw/tgju_raw.json,market-extract-4.2,2026-08-11T11:03:48+00:00,200,created_at|id|item_id|max|metadata|min|open|opts|price|status|updated_at|value, Free-market rate - do not mix with official or NIMA rates,W04
2026-03-25,,False,20:00,Asia/Tehran,IRR_USD,USD/IRR - free market,fx,spot,free_market,close,iran_otc,core,1,1577300.0,IRR_per_USD,IRR,,log_return,tgju,price_dollar_rl,tgju.org/archive-tool,raw/tgju_raw.json,market-extract-4.2,2026-08-11T11:03:48+00:00,200,created_at|id|item_id|max|metadata|min|open|opts|price|status|updated_at|value, Free-market rate - do not mix with official or NIMA rates,W04
2026-03-26,,False,20:00,Asia/Tehran,IRR_USD,USD/IRR - free market,fx,spot,free_market,close,iran_otc,core,1,1585800.0,IRR_per_USD,IRR,,log_return,tgju,price_dollar_rl,tgju.org/archive-tool,raw/tgju_raw.json,market-extract-4.2,2026-08-11T11:03:48+00:00,200,created_at|id|item_id|max|metadata|min|open|opts|price|status|updated_at|value, Free-market rate - do not mix with official or NIMA rates,W04
2026-03-27,,False,20:00,Asia/Tehran,IRR_USD,USD/IRR - free market,fx,spot,free_market,close,iran_otc,core,1,1585800.0,IRR_per_USD,IRR,,log_return,tgju,price_dollar_rl,tgju.org/archive-tool,raw/tgju_raw.json,market-extract-4.2,2026-08-11T11:03:48+00:00,200,created_at|id|item_id|max|metadata|min|open|opts|price|status|updated_at|value, Free-market rate - do not mix with official or NIMA rates,W04
2026-03-28,,False,20:00,Asia/Tehran,IRR_USD,USD/IRR - free market,fx,spot,free_market,close,iran_otc,core,1,1585800.0,IRR_per_USD,IRR,,log_return,tgju,price_dollar_rl,tgju.org/archive-tool,raw/tgju_raw.json,market-extract-4.2,2026-08-11T11:03:48+00:00,200,created_at|id|item_id|max|metadata|min|open|opts|price|status|updated_at|value, Free-market rate - do not mix with official or NIMA rates,W05
2026-03-29,,False,20:00,Asia/Tehran,IRR_USD,USD/IRR - free market,fx,spot,free_market,close,iran_otc,core,1,1585600.0,IRR_per_USD,IRR,,log_return,tgju,price_dollar_rl,tgju.org/archive-tool,raw/tgju_raw.json,market-extract-4.2,2026-08-11T11:03:48+00:00,200,created_at|id|item_id|max|metadata|min|open|opts|price|status|updated_at|value, Free-market rate - do not mix with official or NIMA rates,W05
2026-03-30,,False,20:00,Asia/Tehran,IRR_USD,USD/IRR - free market,fx,spot,free_market,close,iran_otc,core,1,1585500.0,IRR_per_USD,IRR,,log_return,tgju,price_dollar_rl,tgju.org/archive-tool,raw/tgju_raw.json,market-extract-4.2,2026-08-11T11:03:48+00:00,200,created_at|id|item_id|max|metadata|min|open|opts|price|status|updated_at|value, Free-market rate - do not mix with official or NIMA rates,W05
2026-03-31,,False,20:00,Asia/Tehran,IRR_USD,USD/IRR - free market,fx,spot,free_market,close,iran_otc,core,1,1585750.0,IRR_per_USD,IRR,,log_return,tgju,price_dollar_rl,tgju.org/archive-tool,raw/tgju_raw.json,market-extract-4.2,2026-08-11T11:03:48+00:00,200,created_at|id|item_id|max|metadata|min|open|opts|price|status|updated_at|value, Free-market rate - do not mix with official or NIMA rates,W05
2026-04-01,,False,20:00,Asia/Tehran,IRR_USD,USD/IRR - free market,fx,spot,free_market,close,iran_otc,core,1,1585700.0,IRR_per_USD,IRR,,log_return,tgju,price_dollar_rl,tgju.org/archive-tool,raw/tgju_raw.json,market-extract-4.2,2026-08-11T11:03:48+00:00,200,created_at|id|item_id|max|metadata|min|open|opts|price|status|updated_at|value, Free-market rate - do not mix with official or NIMA rates,W05
2026-04-02,,False,20:00,Asia/Tehran,IRR_USD,USD/IRR - free market,fx,spot,free_market,close,iran_otc,core,1,1585600.0,IRR_per_USD,IRR,,log_return,tgju,price_dollar_rl,tgju.org/archive-tool,raw/tgju_raw.json,market-extract-4.2,2026-08-11T11:03:48+00:00,200,created_at|id|item_id|max|metadata|min|open|opts|price|status|updated_at|value, Free-market rate - do not mix with official or NIMA rates,W05
2026-04-03,,False,20:00,Asia/Tehran,IRR_USD,USD/IRR - free market,fx,spot,free_market,close,iran_otc,core,1,1585600.0,IRR_per_USD,IRR,,log_return,tgju,price_dollar_rl,tgju.org/archive-tool,raw/tgju_raw.json,market-extract-4.2,2026-08-11T11:03:48+00:00,200,created_at|id|item_id|max|metadata|min|open|opts|price|status|updated_at|value, Free-market rate - do not mix with official or NIMA rates,W05
2026-04-04,,False,20:00,Asia/Tehran,IRR_USD,USD/IRR - free market,fx,spot,free_market,close,iran_otc,core,1,1585700.0,IRR_per_USD,IRR,,log_return,tgju,price_dollar_rl,tgju.org/archive-tool,raw/tgju_raw.json,market-extract-4.2,2026-08-11T11:03:48+00:00,200,created_at|id|item_id|max|metadata|min|open|opts|price|status|updated_at|value, Free-market rate - do not mix with official or NIMA rates,W06
2026-04-05,,False,20:00,Asia/Tehran,IRR_USD,USD/IRR - free market,fx,spot,free_market,close,iran_otc,core,1,1570000.0,IRR_per_USD,IRR,,log_return,tgju,price_dollar_rl,tgju.org/archive-tool,raw/tgju_raw.json,market-extract-4.2,2026-08-11T11:03:48+00:00,200,created_at|id|item_id|max|metadata|min|open|opts|price|status|updated_at|value, Free-market rate - do not mix with official or NIMA rates,W06
2026-04-06,,False,20:00,Asia/Tehran,IRR_USD,USD/IRR - free market,fx,spot,free_market,close,iran_otc,core,1,1570000.0,IRR_per_USD,IRR,,log_return,tgju,price_dollar_rl,tgju.org/archive-tool,raw/tgju_raw.json,market-extract-4.2,2026-08-11T11:03:48+00:00,200,created_at|id|item_id|max|metadata|min|open|opts|price|status|updated_at|value, Free-market rate - do not mix with official or NIMA rates,W06
2026-04-07,,False,20:00,Asia/Tehran,IRR_USD,USD/IRR - free market,fx,spot,free_market,close,iran_otc,core,1,1605000.0,IRR_per_USD,IRR,,log_return,tgju,price_dollar_rl,tgju.org/archive-tool,raw/tgju_raw.json,market-extract-4.2,2026-08-11T11:03:48+00:00,200,created_at|id|item_id|max|metadata|min|open|opts|price|status|updated_at|value, Free-market rate - do not mix with official or NIMA rates,W06
2026-04-08,,False,20:00,Asia/Tehran,IRR_USD,USD/IRR - free market,fx,spot,free_market,close,iran_otc,core,1,1543400.0,IRR_per_USD,IRR,,log_return,tgju,price_dollar_rl,tgju.org/archive-tool,raw/tgju_raw.json,market-extract-4.2,2026-08-11T11:03:48+00:00,200,created_at|id|item_id|max|metadata|min|open|opts|price|status|updated_at|value, Free-market rate - do not mix with official or NIMA rates,W06
2026-04-09,,False,20:00,Asia/Tehran,IRR_USD,USD/IRR - free market,fx,spot,free_market,close,iran_otc,core,1,1564900.0,IRR_per_USD,IRR,,log_return,tgju,price_dollar_rl,tgju.org/archive-tool,raw/tgju_raw.json,market-extract-4.2,2026-08-11T11:03:48+00:00,200,created_at|id|item_id|max|metadata|min|open|opts|price|status|updated_at|value, Free-market rate - do not mix with official or NIMA rates,W06
2026-04-10,,False,20:00,Asia/Tehran,IRR_USD,USD/IRR - free market,fx,spot,free_market,close,iran_otc,core,1,1564900.0,IRR_per_USD,IRR,,log_return,tgju,price_dollar_rl,tgju.org/archive-tool,raw/tgju_raw.json,market-extract-4.2,2026-08-11T11:03:48+00:00,200,created_at|id|item_id|max|metadata|min|open|opts|price|status|updated_at|value, Free-market rate - do not mix with official or NIMA rates,W06
2026-04-11,,False,20:00,Asia/Tehran,IRR_USD,USD/IRR - free market,fx,spot,free_market,close,iran_otc,core,1,1536100.0,IRR_per_USD,IRR,,log_return,tgju,price_dollar_rl,tgju.org/archive-tool,raw/tgju_raw.json,market-extract-4.2,2026-08-11T11:03:48+00:00,200,created_at|id|item_id|max|metadata|min|open|opts|price|status|updated_at|value, Free-market rate - do not mix with official or NIMA rates,W07
2026-04-12,,False,20:00,Asia/Tehran,IRR_USD,USD/IRR - free market,fx,spot,free_market,close,iran_otc,core,1,1565700.0,IRR_per_USD,IRR,,log_return,tgju,price_dollar_rl,tgju.org/archive-tool,raw/tgju_raw.json,market-extract-4.2,2026-08-11T11:03:48+00:00,200,created_at|id|item_id|max|metadata|min|open|opts|price|status|updated_at|value, Free-market rate - do not mix with official or NIMA rates,W07
2026-04-13,,False,20:00,Asia/Tehran,IRR_USD,USD/IRR - free market,fx,spot,free_market,close,iran_otc,core,1,1591100.0,IRR_per_USD,IRR,,log_return,tgju,price_dollar_rl,tgju.org/archive-tool,raw/tgju_raw.json,market-extract-4.2,2026-08-11T11:03:48+00:00,200,created_at|id|item_id|max|metadata|min|open|opts|price|status|updated_at|value, Free-market rate - do not mix with official or NIMA rates,W07
2026-04-14,,False,20:00,Asia/Tehran,IRR_USD,USD/IRR - free market,fx,spot,free_market,close,iran_otc,core,1,1591100.0,IRR_per_USD,IRR,,log_return,tgju,price_dollar_rl,tgju.org/archive-tool,raw/tgju_raw.json,market-extract-4.2,2026-08-11T11:03:48+00:00,200,created_at|id|item_id|max|metadata|min|open|opts|price|status|updated_at|value, Free-market rate - do not mix with official or NIMA rates,W07
2026-04-15,,False,20:00,Asia/Tehran,IRR_USD,USD/IRR - free market,fx,spot,free_market,close,iran_otc,core,1,1524800.0,IRR_per_USD,IRR,,log_return,tgju,price_dollar_rl,tgju.org/archive-tool,raw/tgju_raw.json,market-extract-4.2,2026-08-11T11:03:48+00:00,200,created_at|id|item_id|max|metadata|min|open|opts|price|status|updated_at|value, Free-market rate - do not mix with official or NIMA rates,W07
2026-04-16,,False,20:00,Asia/Tehran,IRR_USD,USD/IRR - free market,fx,spot,free_market,close,iran_otc,core,1,1521200.0,IRR_per_USD,IRR,,log_return,tgju,price_dollar_rl,tgju.org/archive-tool,raw/tgju_raw.json,market-extract-4.2,2026-08-11T11:03:48+00:00,200,created_at|id|item_id|max|metadata|min|open|opts|price|status|updated_at|value, Free-market rate - do not mix with official or NIMA rates,W07
2026-04-17,,False,20:00,Asia/Tehran,IRR_USD,USD/IRR - free market,fx,spot,free_market,close,iran_otc,core,1,1521200.0,IRR_per_USD,IRR,,log_return,tgju,price_dollar_rl,tgju.org/archive-tool,raw/tgju_raw.json,market-extract-4.2,2026-08-11T11:03:48+00:00,200,created_at|id|item_id|max|metadata|min|open|opts|price|status|updated_at|value, Free-market rate - do not mix with official or NIMA rates,W07
2026-04-18,,False,20:00,Asia/Tehran,IRR_USD,USD/IRR - free market,fx,spot,free_market,close,iran_otc,core,1,1476800.0,IRR_per_USD,IRR,,log_return,tgju,price_dollar_rl,tgju.org/archive-tool,raw/tgju_raw.json,market-extract-4.2,2026-08-11T11:03:48+00:00,200,created_at|id|item_id|max|metadata|min|open|opts|price|status|updated_at|value, Free-market rate - do not mix with official or NIMA rates,W08
2026-04-19,,False,20:00,Asia/Tehran,IRR_USD,USD/IRR - free market,fx,spot,free_market,close,iran_otc,core,1,1490200.0,IRR_per_USD,IRR,,log_return,tgju,price_dollar_rl,tgju.org/archive-tool,raw/tgju_raw.json,market-extract-4.2,2026-08-11T11:03:48+00:00,200,created_at|id|item_id|max|metadata|min|open|opts|price|status|updated_at|value, Free-market rate - do not mix with official or NIMA rates,W08
2026-04-20,,False,20:00,Asia/Tehran,IRR_USD,USD/IRR - free market,fx,spot,free_market,close,iran_otc,core,1,1511900.0,IRR_per_USD,IRR,,log_return,tgju,price_dollar_rl,tgju.org/archive-tool,raw/tgju_raw.json,market-extract-4.2,2026-08-11T11:03:48+00:00,200,created_at|id|item_id|max|metadata|min|open|opts|price|status|updated_at|value, Free-market rate - do not mix with official or NIMA rates,W08
2026-04-21,,False,20:00,Asia/Tehran,IRR_USD,USD/IRR - free market,fx,spot,free_market,close,iran_otc,core,1,1525200.0,IRR_per_USD,IRR,,log_return,tgju,price_dollar_rl,tgju.org/archive-tool,raw/tgju_raw.json,market-extract-4.2,2026-08-11T11:03:48+00:00,200,created_at|id|item_id|max|metadata|min|open|opts|price|status|updated_at|value, Free-market rate - do not mix with official or NIMA rates,W08
2026-04-22,,False,20:00,Asia/Tehran,IRR_USD,USD/IRR - free market,fx,spot,free_market,close,iran_otc,core,1,1552200.0,IRR_per_USD,IRR,,log_return,tgju,price_dollar_rl,tgju.org/archive-tool,raw/tgju_raw.json,market-extract-4.2,2026-08-11T11:03:48+00:00,200,created_at|id|item_id|max|metadata|min|open|opts|price|status|updated_at|value, Free-market rate - do not mix with official or NIMA rates,W08
2026-04-23,,False,20:00,Asia/Tehran,IRR_USD,USD/IRR - free market,fx,spot,free_market,close,iran_otc,core,1,1549900.0,IRR_per_USD,IRR,,log_return,tgju,price_dollar_rl,tgju.org/archive-tool,raw/tgju_raw.json,market-extract-4.2,2026-08-11T11:03:48+00:00,200,created_at|id|item_id|max|metadata|min|open|opts|price|status|updated_at|value, Free-market rate - do not mix with official or NIMA rates,W08
2026-04-24,,False,20:00,Asia/Tehran,IRR_USD,USD/IRR - free market,fx,spot,free_market,close,iran_otc,core,1,1549900.0,IRR_per_USD,IRR,,log_return,tgju,price_dollar_rl,tgju.org/archive-tool,raw/tgju_raw.json,market-extract-4.2,2026-08-11T11:03:48+00:00,200,created_at|id|item_id|max|metadata|min|open|opts|price|status|updated_at|value, Free-market rate - do not mix with official or NIMA rates,W08
2026-04-25,,False,20:00,Asia/Tehran,IRR_USD,USD/IRR - free market,fx,spot,free_market,close,iran_otc,core,1,1560000.0,IRR_per_USD,IRR,,log_return,tgju,price_dollar_rl,tgju.org/archive-tool,raw/tgju_raw.json,market-extract-4.2,2026-08-11T11:03:48+00:00,200,created_at|id|item_id|max|metadata|min|open|opts|price|status|updated_at|value, Free-market rate - do not mix with official or NIMA rates,W09
2026-04-26,,False,20:00,Asia/Tehran,IRR_USD,USD/IRR - free market,fx,spot,free_market,close,iran_otc,core,1,1564950.0,IRR_per_USD,IRR,,log_return,tgju,price_dollar_rl,tgju.org/archive-tool,raw/tgju_raw.json,market-extract-4.2,2026-08-11T11:03:48+00:00,200,created_at|id|item_id|max|metadata|min|open|opts|price|status|updated_at|value, Free-market rate - do not mix with official or NIMA rates,W09
2026-04-27,,False,20:00,Asia/Tehran,IRR_USD,USD/IRR - free market,fx,spot,free_market,close,iran_otc,core,1,1588900.0,IRR_per_USD,IRR,,log_return,tgju,price_dollar_rl,tgju.org/archive-tool,raw/tgju_raw.json,market-extract-4.2,2026-08-11T11:03:48+00:00,200,created_at|id|item_id|max|metadata|min|open|opts|price|status|updated_at|value, Free-market rate - do not mix with official or NIMA rates,W09
2026-04-28,,False,20:00,Asia/Tehran,IRR_USD,USD/IRR - free market,fx,spot,free_market,close,iran_otc,core,1,1658900.0,IRR_per_USD,IRR,,log_return,tgju,price_dollar_rl,tgju.org/archive-tool,raw/tgju_raw.json,market-extract-4.2,2026-08-11T11:03:48+00:00,200,created_at|id|item_id|max|metadata|min|open|opts|price|status|updated_at|value, Free-market rate - do not mix with official or NIMA rates,W09
2026-04-29,,False,20:00,Asia/Tehran,IRR_USD,USD/IRR - free market,fx,spot,free_market,close,iran_otc,core,1,1753900.0,IRR_per_USD,IRR,,log_return,tgju,price_dollar_rl,tgju.org/archive-tool,raw/tgju_raw.json,market-extract-4.2,2026-08-11T11:03:48+00:00,200,created_at|id|item_id|max|metadata|min|open|opts|price|status|updated_at|value, Free-market rate - do not mix with official or NIMA rates,W09
2026-04-30,,False,20:00,Asia/Tehran,IRR_USD,USD/IRR - free market,fx,spot,free_market,close,iran_otc,core,1,1779100.0,IRR_per_USD,IRR,,log_return,tgju,price_dollar_rl,tgju.org/archive-tool,raw/tgju_raw.json,market-extract-4.2,2026-08-11T11:03:48+00:00,200,created_at|id|item_id|max|metadata|min|open|opts|price|status|updated_at|value, Free-market rate - do not mix with official or NIMA rates,W09
2026-05-01,,False,20:00,Asia/Tehran,IRR_USD,USD/IRR - free market,fx,spot,free_market,close,iran_otc,core,1,1779100.0,IRR_per_USD,IRR,,log_return,tgju,price_dollar_rl,tgju.org/archive-tool,raw/tgju_raw.json,market-extract-4.2,2026-08-11T11:03:48+00:00,200,created_at|id|item_id|max|metadata|min|open|opts|price|status|updated_at|value, Free-market rate - do not mix with official or NIMA rates,W09
2026-05-02,,False,20:00,Asia/Tehran,IRR_USD,USD/IRR - free market,fx,spot,free_market,close,iran_otc,core,1,1824100.0,IRR_per_USD,IRR,,log_return,tgju,price_dollar_rl,tgju.org/archive-tool,raw/tgju_raw.json,market-extract-4.2,2026-08-11T11:03:48+00:00,200,created_at|id|item_id|max|metadata|min|open|opts|price|status|updated_at|value, Free-market rate - do not mix with official or NIMA rates,W10
2026-05-03,,False,20:00,Asia/Tehran,IRR_USD,USD/IRR - free market,fx,spot,free_market,close,iran_otc,core,1,1864100.0,IRR_per_USD,IRR,,log_return,tgju,price_dollar_rl,tgju.org/archive-tool,raw/tgju_raw.json,market-extract-4.2,2026-08-11T11:03:48+00:00,200,created_at|id|item_id|max|metadata|min|open|opts|price|status|updated_at|value, Free-market rate - do not mix with official or NIMA rates,W10
2026-05-04,,False,20:00,Asia/Tehran,IRR_USD,USD/IRR - free market,fx,spot,free_market,close,iran_otc,core,1,1795000.0,IRR_per_USD,IRR,,log_return,tgju,price_dollar_rl,tgju.org/archive-tool,raw/tgju_raw.json,market-extract-4.2,2026-08-11T11:03:48+00:00,200,created_at|id|item_id|max|metadata|min|open|opts|price|status|updated_at|value, Free-market rate - do not mix with official or NIMA rates,W10
2026-05-05,,False,20:00,Asia/Tehran,IRR_USD,USD/IRR - free market,fx,spot,free_market,close,iran_otc,core,1,1813800.0,IRR_per_USD,IRR,,log_return,tgju,price_dollar_rl,tgju.org/archive-tool,raw/tgju_raw.json,market-extract-4.2,2026-08-11T11:03:48+00:00,200,created_at|id|item_id|max|metadata|min|open|opts|price|status|updated_at|value, Free-market rate - do not mix with official or NIMA rates,W10
2026-05-06,,False,20:00,Asia/Tehran,IRR_USD,USD/IRR - free market,fx,spot,free_market,close,iran_otc,core,1,1763800.0,IRR_per_USD,IRR,,log_return,tgju,price_dollar_rl,tgju.org/archive-tool,raw/tgju_raw.json,market-extract-4.2,2026-08-11T11:03:48+00:00,200,created_at|id|item_id|max|metadata|min|open|opts|price|status|updated_at|value, Free-market rate - do not mix with official or NIMA rates,W10
2026-05-07,,False,20:00,Asia/Tehran,IRR_USD,USD/IRR - free market,fx,spot,free_market,close,iran_otc,core,1,1754200.0,IRR_per_USD,IRR,,log_return,tgju,price_dollar_rl,tgju.org/archive-tool,raw/tgju_raw.json,market-extract-4.2,2026-08-11T11:03:48+00:00,200,created_at|id|item_id|max|metadata|min|open|opts|price|status|updated_at|value, Free-market rate - do not mix with official or NIMA rates,W10
2026-05-08,,False,20:00,Asia/Tehran,IRR_USD,USD/IRR - free market,fx,spot,free_market,close,iran_otc,core,1,1754200.0,IRR_per_USD,IRR,,log_return,tgju,price_dollar_rl,tgju.org/archive-tool,raw/tgju_raw.json,market-extract-4.2,2026-08-11T11:03:48+00:00,200,created_at|id|item_id|max|metadata|min|open|opts|price|status|updated_at|value, Free-market rate - do not mix with official or NIMA rates,W10
2026-05-09,,False,20:00,Asia/Tehran,IRR_USD,USD/IRR - free market,fx,spot,free_market,close,iran_otc,core,1,1778900.0,IRR_per_USD,IRR,,log_return,tgju,price_dollar_rl,tgju.org/archive-tool,raw/tgju_raw.json,market-extract-4.2,2026-08-11T11:03:48+00:00,200,created_at|id|item_id|max|metadata|min|open|opts|price|status|updated_at|value, Free-market rate - do not mix with official or NIMA rates,W11
2026-05-10,,False,20:00,Asia/Tehran,IRR_USD,USD/IRR - free market,fx,spot,free_market,close,iran_otc,core,1,1758800.0,IRR_per_USD,IRR,,log_return,tgju,price_dollar_rl,tgju.org/archive-tool,raw/tgju_raw.json,market-extract-4.2,2026-08-11T11:03:48+00:00,200,created_at|id|item_id|max|metadata|min|open|opts|price|status|updated_at|value, Free-market rate - do not mix with official or NIMA rates,W11
2026-05-11,,False,20:00,Asia/Tehran,IRR_USD,USD/IRR - free market,fx,spot,free_market,close,iran_otc,core,1,1819050.0,IRR_per_USD,IRR,,log_return,tgju,price_dollar_rl,tgju.org/archive-tool,raw/tgju_raw.json,market-extract-4.2,2026-08-11T11:03:48+00:00,200,created_at|id|item_id|max|metadata|min|open|opts|price|status|updated_at|value, Free-market rate - do not mix with official or NIMA rates,W11
2026-05-12,,False,20:00,Asia/Tehran,IRR_USD,USD/IRR - free market,fx,spot,free_market,close,iran_otc,core,1,1804000.0,IRR_per_USD,IRR,,log_return,tgju,price_dollar_rl,tgju.org/archive-tool,raw/tgju_raw.json,market-extract-4.2,2026-08-11T11:03:48+00:00,200,created_at|id|item_id|max|metadata|min|open|opts|price|status|updated_at|value, Free-market rate - do not mix with official or NIMA rates,W11
2026-05-13,,False,20:00,Asia/Tehran,IRR_USD,USD/IRR - free market,fx,spot,free_market,close,iran_otc,core,1,1788950.0,IRR_per_USD,IRR,,log_return,tgju,price_dollar_rl,tgju.org/archive-tool,raw/tgju_raw.json,market-extract-4.2,2026-08-11T11:03:48+00:00,200,created_at|id|item_id|max|metadata|min|open|opts|price|status|updated_at|value, Free-market rate - do not mix with official or NIMA rates,W11
2026-05-14,,False,20:00,Asia/Tehran,IRR_USD,USD/IRR - free market,fx,spot,free_market,close,iran_otc,core,1,1798900.0,IRR_per_USD,IRR,,log_return,tgju,price_dollar_rl,tgju.org/archive-tool,raw/tgju_raw.json,market-extract-4.2,2026-08-11T11:03:48+00:00,200,created_at|id|item_id|max|metadata|min|open|opts|price|status|updated_at|value, Free-market rate - do not mix with official or NIMA rates,W11
2026-05-15,,False,20:00,Asia/Tehran,IRR_USD,USD/IRR - free market,fx,spot,free_market,close,iran_otc,core,1,1798900.0,IRR_per_USD,IRR,,log_return,tgju,price_dollar_rl,tgju.org/archive-tool,raw/tgju_raw.json,market-extract-4.2,2026-08-11T11:03:48+00:00,200,created_at|id|item_id|max|metadata|min|open|opts|price|status|updated_at|value, Free-market rate - do not mix with official or NIMA rates,W11
2026-05-16,,False,20:00,Asia/Tehran,IRR_USD,USD/IRR - free market,fx,spot,free_market,close,iran_otc,core,1,1794000.0,IRR_per_USD,IRR,,log_return,tgju,price_dollar_rl,tgju.org/archive-tool,raw/tgju_raw.json,market-extract-4.2,2026-08-11T11:03:48+00:00,200,created_at|id|item_id|max|metadata|min|open|opts|price|status|updated_at|value, Free-market rate - do not mix with official or NIMA rates,W12
2026-05-17,,False,20:00,Asia/Tehran,IRR_USD,USD/IRR - free market,fx,spot,free_market,close,iran_otc,core,1,1813900.0,IRR_per_USD,IRR,,log_return,tgju,price_dollar_rl,tgju.org/archive-tool,raw/tgju_raw.json,market-extract-4.2,2026-08-11T11:03:48+00:00,200,created_at|id|item_id|max|metadata|min|open|opts|price|status|updated_at|value, Free-market rate - do not mix with official or NIMA rates,W12
2026-05-18,,False,20:00,Asia/Tehran,IRR_USD,USD/IRR - free market,fx,spot,free_market,close,iran_otc,core,1,1799200.0,IRR_per_USD,IRR,,log_return,tgju,price_dollar_rl,tgju.org/archive-tool,raw/tgju_raw.json,market-extract-4.2,2026-08-11T11:03:48+00:00,200,created_at|id|item_id|max|metadata|min|open|opts|price|status|updated_at|value, Free-market rate - do not mix with official or NIMA rates,W12
2026-05-19,,False,20:00,Asia/Tehran,IRR_USD,USD/IRR - free market,fx,spot,free_market,close,iran_otc,core,1,1784000.0,IRR_per_USD,IRR,,log_return,tgju,price_dollar_rl,tgju.org/archive-tool,raw/tgju_raw.json,market-extract-4.2,2026-08-11T11:03:48+00:00,200,created_at|id|item_id|max|metadata|min|open|opts|price|status|updated_at|value, Free-market rate - do not mix with official or NIMA rates,W12
2026-05-20,,False,20:00,Asia/Tehran,IRR_USD,USD/IRR - free market,fx,spot,free_market,close,iran_otc,core,1,1799100.0,IRR_per_USD,IRR,,log_return,tgju,price_dollar_rl,tgju.org/archive-tool,raw/tgju_raw.json,market-extract-4.2,2026-08-11T11:03:48+00:00,200,created_at|id|item_id|max|metadata|min|open|opts|price|status|updated_at|value, Free-market rate - do not mix with official or NIMA rates,W12
2026-05-21,,False,20:00,Asia/Tehran,IRR_USD,USD/IRR - free market,fx,spot,free_market,close,iran_otc,core,1,1790800.0,IRR_per_USD,IRR,,log_return,tgju,price_dollar_rl,tgju.org/archive-tool,raw/tgju_raw.json,market-extract-4.2,2026-08-11T11:03:48+00:00,200,created_at|id|item_id|max|metadata|min|open|opts|price|status|updated_at|value, Free-market rate - do not mix with official or NIMA rates,W12
2026-05-22,,False,20:00,Asia/Tehran,IRR_USD,USD/IRR - free market,fx,spot,free_market,close,iran_otc,core,1,1790800.0,IRR_per_USD,IRR,,log_return,tgju,price_dollar_rl,tgju.org/archive-tool,raw/tgju_raw.json,market-extract-4.2,2026-08-11T11:03:48+00:00,200,created_at|id|item_id|max|metadata|min|open|opts|price|status|updated_at|value, Free-market rate - do not mix with official or NIMA rates,W12
2026-05-23,,False,20:00,Asia/Tehran,IRR_USD,USD/IRR - free market,fx,spot,free_market,close,iran_otc,core,1,1774200.0,IRR_per_USD,IRR,,log_return,tgju,price_dollar_rl,tgju.org/archive-tool,raw/tgju_raw.json,market-extract-4.2,2026-08-11T11:03:48+00:00,200,created_at|id|item_id|max|metadata|min|open|opts|price|status|updated_at|value, Free-market rate - do not mix with official or NIMA rates,W13
2026-05-24,,False,20:00,Asia/Tehran,IRR_USD,USD/IRR - free market,fx,spot,free_market,close,iran_otc,core,1,1699100.0,IRR_per_USD,IRR,,log_return,tgju,price_dollar_rl,tgju.org/archive-tool,raw/tgju_raw.json,market-extract-4.2,2026-08-11T11:03:48+00:00,200,created_at|id|item_id|max|metadata|min|open|opts|price|status|updated_at|value, Free-market rate - do not mix with official or NIMA rates,W13
2026-05-25,,False,20:00,Asia/Tehran,IRR_USD,USD/IRR - free market,fx,spot,free_market,close,iran_otc,core,1,1739100.0,IRR_per_USD,IRR,,log_return,tgju,price_dollar_rl,tgju.org/archive-tool,raw/tgju_raw.json,market-extract-4.2,2026-08-11T11:03:48+00:00,200,created_at|id|item_id|max|metadata|min|open|opts|price|status|updated_at|value, Free-market rate - do not mix with official or NIMA rates,W13
2026-05-26,,False,20:00,Asia/Tehran,IRR_USD,USD/IRR - free market,fx,spot,free_market,close,iran_otc,core,1,1724000.0,IRR_per_USD,IRR,,log_return,tgju,price_dollar_rl,tgju.org/archive-tool,raw/tgju_raw.json,market-extract-4.2,2026-08-11T11:03:48+00:00,200,created_at|id|item_id|max|metadata|min|open|opts|price|status|updated_at|value, Free-market rate - do not mix with official or NIMA rates,W13
2026-05-27,,False,20:00,Asia/Tehran,IRR_USD,USD/IRR - free market,fx,spot,free_market,close,iran_otc,core,1,1724000.0,IRR_per_USD,IRR,,log_return,tgju,price_dollar_rl,tgju.org/archive-tool,raw/tgju_raw.json,market-extract-4.2,2026-08-11T11:03:48+00:00,200,created_at|id|item_id|max|metadata|min|open|opts|price|status|updated_at|value, Free-market rate - do not mix with official or NIMA rates,W13
2026-05-28,,False,20:00,Asia/Tehran,IRR_USD,USD/IRR - free market,fx,spot,free_market,close,iran_otc,core,1,1745000.0,IRR_per_USD,IRR,,log_return,tgju,price_dollar_rl,tgju.org/archive-tool,raw/tgju_raw.json,market-extract-4.2,2026-08-11T11:03:48+00:00,200,created_at|id|item_id|max|metadata|min|open|opts|price|status|updated_at|value, Free-market rate - do not mix with official or NIMA rates,W13
2026-05-29,,False,20:00,Asia/Tehran,IRR_USD,USD/IRR - free market,fx,spot,free_market,close,iran_otc,core,1,1745000.0,IRR_per_USD,IRR,,log_return,tgju,price_dollar_rl,tgju.org/archive-tool,raw/tgju_raw.json,market-extract-4.2,2026-08-11T11:03:48+00:00,200,created_at|id|item_id|max|metadata|min|open|opts|price|status|updated_at|value, Free-market rate - do not mix with official or NIMA rates,W13
2026-05-30,,False,20:00,Asia/Tehran,IRR_USD,USD/IRR - free market,fx,spot,free_market,close,iran_otc,core,1,1704900.0,IRR_per_USD,IRR,,log_return,tgju,price_dollar_rl,tgju.org/archive-tool,raw/tgju_raw.json,market-extract-4.2,2026-08-11T11:03:48+00:00,200,created_at|id|item_id|max|metadata|min|open|opts|price|status|updated_at|value, Free-market rate - do not mix with official or NIMA rates,W14
2026-05-31,,False,20:00,Asia/Tehran,IRR_USD,USD/IRR - free market,fx,spot,free_market,close,iran_otc,core,1,1704850.0,IRR_per_USD,IRR,,log_return,tgju,price_dollar_rl,tgju.org/archive-tool,raw/tgju_raw.json,market-extract-4.2,2026-08-11T11:03:48+00:00,200,created_at|id|item_id|max|metadata|min|open|opts|price|status|updated_at|value, Free-market rate - do not mix with official or NIMA rates,W14
2026-06-01,,False,20:00,Asia/Tehran,IRR_USD,USD/IRR - free market,fx,spot,free_market,close,iran_otc,core,1,1761800.0,IRR_per_USD,IRR,,log_return,tgju,price_dollar_rl,tgju.org/archive-tool,raw/tgju_raw.json,market-extract-4.2,2026-08-11T11:03:48+00:00,200,created_at|id|item_id|max|metadata|min|open|opts|price|status|updated_at|value, Free-market rate - do not mix with official or NIMA rates,W14
2026-06-02,,False,20:00,Asia/Tehran,IRR_USD,USD/IRR - free market,fx,spot,free_market,close,iran_otc,core,1,1745200.0,IRR_per_USD,IRR,,log_return,tgju,price_dollar_rl,tgju.org/archive-tool,raw/tgju_raw.json,market-extract-4.2,2026-08-11T11:03:48+00:00,200,created_at|id|item_id|max|metadata|min|open|opts|price|status|updated_at|value, Free-market rate - do not mix with official or NIMA rates,W14
2026-06-03,,False,20:00,Asia/Tehran,IRR_USD,USD/IRR - free market,fx,spot,free_market,close,iran_otc,core,1,1744200.0,IRR_per_USD,IRR,,log_return,tgju,price_dollar_rl,tgju.org/archive-tool,raw/tgju_raw.json,market-extract-4.2,2026-08-11T11:03:48+00:00,200,created_at|id|item_id|max|metadata|min|open|opts|price|status|updated_at|value, Free-market rate - do not mix with official or NIMA rates,W14
2026-06-04,,False,20:00,Asia/Tehran,IRR_USD,USD/IRR - free market,fx,spot,free_market,close,iran_otc,core,1,1744200.0,IRR_per_USD,IRR,,log_return,tgju,price_dollar_rl,tgju.org/archive-tool,raw/tgju_raw.json,market-extract-4.2,2026-08-11T11:03:48+00:00,200,created_at|id|item_id|max|metadata|min|open|opts|price|status|updated_at|value, Free-market rate - do not mix with official or NIMA rates,W14
2026-06-05,,False,20:00,Asia/Tehran,IRR_USD,USD/IRR - free market,fx,spot,free_market,close,iran_otc,core,1,1749900.0,IRR_per_USD,IRR,,log_return,tgju,price_dollar_rl,tgju.org/archive-tool,raw/tgju_raw.json,market-extract-4.2,2026-08-11T11:03:48+00:00,200,created_at|id|item_id|max|metadata|min|open|opts|price|status|updated_at|value, Free-market rate - do not mix with official or NIMA rates,W14
2026-06-06,,False,20:00,Asia/Tehran,IRR_USD,USD/IRR - free market,fx,spot,free_market,close,iran_otc,core,1,1749900.0,IRR_per_USD,IRR,,log_return,tgju,price_dollar_rl,tgju.org/archive-tool,raw/tgju_raw.json,market-extract-4.2,2026-08-11T11:03:48+00:00,200,created_at|id|item_id|max|metadata|min|open|opts|price|status|updated_at|value, Free-market rate - do not mix with official or NIMA rates,W15
2026-06-07,,False,20:00,Asia/Tehran,IRR_USD,USD/IRR - free market,fx,spot,free_market,close,iran_otc,core,1,1780100.0,IRR_per_USD,IRR,,log_return,tgju,price_dollar_rl,tgju.org/archive-tool,raw/tgju_raw.json,market-extract-4.2,2026-08-11T11:03:48+00:00,200,created_at|id|item_id|max|metadata|min|open|opts|price|status|updated_at|value, Free-market rate - do not mix with official or NIMA rates,W15
2026-06-08,,False,20:00,Asia/Tehran,IRR_USD,USD/IRR - free market,fx,spot,free_market,close,iran_otc,core,1,1774000.0,IRR_per_USD,IRR,,log_return,tgju,price_dollar_rl,tgju.org/archive-tool,raw/tgju_raw.json,market-extract-4.2,2026-08-11T11:03:48+00:00,200,created_at|id|item_id|max|metadata|min|open|opts|price|status|updated_at|value, Free-market rate - do not mix with official or NIMA rates,W15
2026-06-09,,False,20:00,Asia/Tehran,IRR_USD,USD/IRR - free market,fx,spot,free_market,close,iran_otc,core,1,1753000.0,IRR_per_USD,IRR,,log_return,tgju,price_dollar_rl,tgju.org/archive-tool,raw/tgju_raw.json,market-extract-4.2,2026-08-11T11:03:48+00:00,200,created_at|id|item_id|max|metadata|min|open|opts|price|status|updated_at|value, Free-market rate - do not mix with official or NIMA rates,W15
2026-06-10,,False,20:00,Asia/Tehran,IRR_USD,USD/IRR - free market,fx,spot,free_market,close,iran_otc,core,1,1785100.0,IRR_per_USD,IRR,,log_return,tgju,price_dollar_rl,tgju.org/archive-tool,raw/tgju_raw.json,market-extract-4.2,2026-08-11T11:03:48+00:00,200,created_at|id|item_id|max|metadata|min|open|opts|price|status|updated_at|value, Free-market rate - do not mix with official or NIMA rates,W15
2026-06-11,,False,20:00,Asia/Tehran,IRR_USD,USD/IRR - free market,fx,spot,free_market,close,iran_otc,core,1,1801800.0,IRR_per_USD,IRR,,log_return,tgju,price_dollar_rl,tgju.org/archive-tool,raw/tgju_raw.json,market-extract-4.2,2026-08-11T11:03:48+00:00,200,created_at|id|item_id|max|metadata|min|open|opts|price|status|updated_at|value, Free-market rate - do not mix with official or NIMA rates,W15
2026-06-12,,False,20:00,Asia/Tehran,IRR_USD,USD/IRR - free market,fx,spot,free_market,close,iran_otc,core,1,1801800.0,IRR_per_USD,IRR,,log_return,tgju,price_dollar_rl,tgju.org/archive-tool,raw/tgju_raw.json,market-extract-4.2,2026-08-11T11:03:48+00:00,200,created_at|id|item_id|max|metadata|min|open|opts|price|status|updated_at|value, Free-market rate - do not mix with official or NIMA rates,W15
2026-06-13,,False,20:00,Asia/Tehran,IRR_USD,USD/IRR - free market,fx,spot,free_market,close,iran_otc,core,1,1720100.0,IRR_per_USD,IRR,,log_return,tgju,price_dollar_rl,tgju.org/archive-tool,raw/tgju_raw.json,market-extract-4.2,2026-08-11T11:03:48+00:00,200,created_at|id|item_id|max|metadata|min|open|opts|price|status|updated_at|value, Free-market rate - do not mix with official or NIMA rates,W16
2026-06-14,,False,20:00,Asia/Tehran,IRR_USD,USD/IRR - free market,fx,spot,free_market,close,iran_otc,core,1,1712050.0,IRR_per_USD,IRR,,log_return,tgju,price_dollar_rl,tgju.org/archive-tool,raw/tgju_raw.json,market-extract-4.2,2026-08-11T11:03:48+00:00,200,created_at|id|item_id|max|metadata|min|open|opts|price|status|updated_at|value, Free-market rate - do not mix with official or NIMA rates,W16
2026-06-15,,False,20:00,Asia/Tehran,IRR_USD,USD/IRR - free market,fx,spot,free_market,close,iran_otc,core,1,1615100.0,IRR_per_USD,IRR,,log_return,tgju,price_dollar_rl,tgju.org/archive-tool,raw/tgju_raw.json,market-extract-4.2,2026-08-11T11:03:48+00:00,200,created_at|id|item_id|max|metadata|min|open|opts|price|status|updated_at|value, Free-market rate - do not mix with official or NIMA rates,W16
2026-06-16,,False,20:00,Asia/Tehran,IRR_USD,USD/IRR - free market,fx,spot,free_market,close,iran_otc,core,1,1550000.0,IRR_per_USD,IRR,,log_return,tgju,price_dollar_rl,tgju.org/archive-tool,raw/tgju_raw.json,market-extract-4.2,2026-08-11T11:03:48+00:00,200,created_at|id|item_id|max|metadata|min|open|opts|price|status|updated_at|value, Free-market rate - do not mix with official or NIMA rates,W16
2026-06-17,,False,20:00,Asia/Tehran,IRR_USD,USD/IRR - free market,fx,spot,free_market,close,iran_otc,core,1,1595000.0,IRR_per_USD,IRR,,log_return,tgju,price_dollar_rl,tgju.org/archive-tool,raw/tgju_raw.json,market-extract-4.2,2026-08-11T11:03:48+00:00,200,created_at|id|item_id|max|metadata|min|open|opts|price|status|updated_at|value, Free-market rate - do not mix with official or NIMA rates,W16
2026-06-18,,False,20:00,Asia/Tehran,IRR_USD,USD/IRR - free market,fx,spot,free_market,close,iran_otc,core,1,1565000.0,IRR_per_USD,IRR,,log_return,tgju,price_dollar_rl,tgju.org/archive-tool,raw/tgju_raw.json,market-extract-4.2,2026-08-11T11:03:48+00:00,200,created_at|id|item_id|max|metadata|min|open|opts|price|status|updated_at|value, Free-market rate - do not mix with official or NIMA rates,W16
2026-06-19,,False,20:00,Asia/Tehran,IRR_USD,USD/IRR - free market,fx,spot,free_market,close,iran_otc,core,1,1565000.0,IRR_per_USD,IRR,,log_return,tgju,price_dollar_rl,tgju.org/archive-tool,raw/tgju_raw.json,market-extract-4.2,2026-08-11T11:03:48+00:00,200,created_at|id|item_id|max|metadata|min|open|opts|price|status|updated_at|value, Free-market rate - do not mix with official or NIMA rates,W16
2026-06-20,,False,20:00,Asia/Tehran,IRR_USD,USD/IRR - free market,fx,spot,free_market,close,iran_otc,core,1,1608000.0,IRR_per_USD,IRR,,log_return,tgju,price_dollar_rl,tgju.org/archive-tool,raw/tgju_raw.json,market-extract-4.2,2026-08-11T11:03:48+00:00,200,created_at|id|item_id|max|metadata|min|open|opts|price|status|updated_at|value, Free-market rate - do not mix with official or NIMA rates,W17
2026-06-21,,False,20:00,Asia/Tehran,IRR_USD,USD/IRR - free market,fx,spot,free_market,close,iran_otc,core,1,1596000.0,IRR_per_USD,IRR,,log_return,tgju,price_dollar_rl,tgju.org/archive-tool,raw/tgju_raw.json,market-extract-4.2,2026-08-11T11:03:48+00:00,200,created_at|id|item_id|max|metadata|min|open|opts|price|status|updated_at|value, Free-market rate - do not mix with official or NIMA rates,W17
2026-06-22,,False,20:00,Asia/Tehran,IRR_USD,USD/IRR - free market,fx,spot,free_market,close,iran_otc,core,1,1580000.0,IRR_per_USD,IRR,,log_return,tgju,price_dollar_rl,tgju.org/archive-tool,raw/tgju_raw.json,market-extract-4.2,2026-08-11T11:03:48+00:00,200,created_at|id|item_id|max|metadata|min|open|opts|price|status|updated_at|value, Free-market rate - do not mix with official or NIMA rates,W17
2026-06-23,,False,20:00,Asia/Tehran,IRR_USD,USD/IRR - free market,fx,spot,free_market,close,iran_otc,core,1,1615000.0,IRR_per_USD,IRR,,log_return,tgju,price_dollar_rl,tgju.org/archive-tool,raw/tgju_raw.json,market-extract-4.2,2026-08-11T11:03:48+00:00,200,created_at|id|item_id|max|metadata|min|open|opts|price|status|updated_at|value, Free-market rate - do not mix with official or NIMA rates,W17
2026-06-24,,False,20:00,Asia/Tehran,IRR_USD,USD/IRR - free market,fx,spot,free_market,close,iran_otc,core,1,1615000.0,IRR_per_USD,IRR,,log_return,tgju,price_dollar_rl,tgju.org/archive-tool,raw/tgju_raw.json,market-extract-4.2,2026-08-11T11:03:48+00:00,200,created_at|id|item_id|max|metadata|min|open|opts|price|status|updated_at|value, Free-market rate - do not mix with official or NIMA rates,W17
2026-06-25,,False,20:00,Asia/Tehran,IRR_USD,USD/IRR - free market,fx,spot,free_market,close,iran_otc,core,1,1615000.0,IRR_per_USD,IRR,,log_return,tgju,price_dollar_rl,tgju.org/archive-tool,raw/tgju_raw.json,market-extract-4.2,2026-08-11T11:03:48+00:00,200,created_at|id|item_id|max|metadata|min|open|opts|price|status|updated_at|value, Free-market rate - do not mix with official or NIMA rates,W17
2026-06-26,,False,20:00,Asia/Tehran,IRR_USD,USD/IRR - free market,fx,spot,free_market,close,iran_otc,core,1,1668150.0,IRR_per_USD,IRR,,log_return,tgju,price_dollar_rl,tgju.org/archive-tool,raw/tgju_raw.json,market-extract-4.2,2026-08-11T11:03:48+00:00,200,created_at|id|item_id|max|metadata|min|open|opts|price|status|updated_at|value, Free-market rate - do not mix with official or NIMA rates,W17
2026-06-27,,False,20:00,Asia/Tehran,IRR_USD,USD/IRR - free market,fx,spot,free_market,close,iran_otc,core,1,1668150.0,IRR_per_USD,IRR,,log_return,tgju,price_dollar_rl,tgju.org/archive-tool,raw/tgju_raw.json,market-extract-4.2,2026-08-11T11:03:48+00:00,200,created_at|id|item_id|max|metadata|min|open|opts|price|status|updated_at|value, Free-market rate - do not mix with official or NIMA rates,W18
2026-06-28,,False,20:00,Asia/Tehran,IRR_USD,USD/IRR - free market,fx,spot,free_market,close,iran_otc,core,1,1726900.0,IRR_per_USD,IRR,,log_return,tgju,price_dollar_rl,tgju.org/archive-tool,raw/tgju_raw.json,market-extract-4.2,2026-08-11T11:03:48+00:00,200,created_at|id|item_id|max|metadata|min|open|opts|price|status|updated_at|value, Free-market rate - do not mix with official or NIMA rates,W18
2026-06-29,,False,20:00,Asia/Tehran,IRR_USD,USD/IRR - free market,fx,spot,free_market,close,iran_otc,core,1,1709000.0,IRR_per_USD,IRR,,log_return,tgju,price_dollar_rl,tgju.org/archive-tool,raw/tgju_raw.json,market-extract-4.2,2026-08-11T11:03:48+00:00,200,created_at|id|item_id|max|metadata|min|open|opts|price|status|updated_at|value, Free-market rate - do not mix with official or NIMA rates,W18
2026-06-30,,False,20:00,Asia/Tehran,IRR_USD,USD/IRR - free market,fx,spot,free_market,close,iran_otc,core,1,1725000.0,IRR_per_USD,IRR,,log_return,tgju,price_dollar_rl,tgju.org/archive-tool,raw/tgju_raw.json,market-extract-4.2,2026-08-11T11:03:48+00:00,200,created_at|id|item_id|max|metadata|min|open|opts|price|status|updated_at|value, Free-market rate - do not mix with official or NIMA rates,W18
2026-07-01,,False,20:00,Asia/Tehran,IRR_USD,USD/IRR - free market,fx,spot,free_market,close,iran_otc,core,1,1743000.0,IRR_per_USD,IRR,,log_return,tgju,price_dollar_rl,tgju.org/archive-tool,raw/tgju_raw.json,market-extract-4.2,2026-08-11T11:03:48+00:00,200,created_at|id|item_id|max|metadata|min|open|opts|price|status|updated_at|value, Free-market rate - do not mix with official or NIMA rates,W18
2026-07-02,,False,20:00,Asia/Tehran,IRR_USD,USD/IRR - free market,fx,spot,free_market,close,iran_otc,core,1,1753950.0,IRR_per_USD,IRR,,log_return,tgju,price_dollar_rl,tgju.org/archive-tool,raw/tgju_raw.json,market-extract-4.2,2026-08-11T11:03:48+00:00,200,created_at|id|item_id|max|metadata|min|open|opts|price|status|updated_at|value, Free-market rate - do not mix with official or NIMA rates,W18
2026-07-03,,False,20:00,Asia/Tehran,IRR_USD,USD/IRR - free market,fx,spot,free_market,close,iran_otc,core,1,1753950.0,IRR_per_USD,IRR,,log_return,tgju,price_dollar_rl,tgju.org/archive-tool,raw/tgju_raw.json,market-extract-4.2,2026-08-11T11:03:48+00:00,200,created_at|id|item_id|max|metadata|min|open|opts|price|status|updated_at|value, Free-market rate - do not mix with official or NIMA rates,W18
2026-07-04,,False,20:00,Asia/Tehran,IRR_USD,USD/IRR - free market,fx,spot,free_market,close,iran_otc,core,1,1756000.0,IRR_per_USD,IRR,,log_return,tgju,price_dollar_rl,tgju.org/archive-tool,raw/tgju_raw.json,market-extract-4.2,2026-08-11T11:03:48+00:00,200,created_at|id|item_id|max|metadata|min|open|opts|price|status|updated_at|value, Free-market rate - do not mix with official or NIMA rates,W19
2026-07-05,,False,20:00,Asia/Tehran,IRR_USD,USD/IRR - free market,fx,spot,free_market,close,iran_otc,core,1,1756000.0,IRR_per_USD,IRR,,log_return,tgju,price_dollar_rl,tgju.org/archive-tool,raw/tgju_raw.json,market-extract-4.2,2026-08-11T11:03:48+00:00,200,created_at|id|item_id|max|metadata|min|open|opts|price|status|updated_at|value, Free-market rate - do not mix with official or NIMA rates,W19
2026-07-06,,False,20:00,Asia/Tehran,IRR_USD,USD/IRR - free market,fx,spot,free_market,close,iran_otc,core,1,1757000.0,IRR_per_USD,IRR,,log_return,tgju,price_dollar_rl,tgju.org/archive-tool,raw/tgju_raw.json,market-extract-4.2,2026-08-11T11:03:48+00:00,200,created_at|id|item_id|max|metadata|min|open|opts|price|status|updated_at|value, Free-market rate - do not mix with official or NIMA rates,W19
2026-07-07,,False,20:00,Asia/Tehran,IRR_USD,USD/IRR - free market,fx,spot,free_market,close,iran_otc,core,1,1766850.0,IRR_per_USD,IRR,,log_return,tgju,price_dollar_rl,tgju.org/archive-tool,raw/tgju_raw.json,market-extract-4.2,2026-08-11T11:03:48+00:00,200,created_at|id|item_id|max|metadata|min|open|opts|price|status|updated_at|value, Free-market rate - do not mix with official or NIMA rates,W19
2026-07-08,,False,20:00,Asia/Tehran,IRR_USD,USD/IRR - free market,fx,spot,free_market,close,iran_otc,core,1,1801950.0,IRR_per_USD,IRR,,log_return,tgju,price_dollar_rl,tgju.org/archive-tool,raw/tgju_raw.json,market-extract-4.2,2026-08-11T11:03:48+00:00,200,created_at|id|item_id|max|metadata|min|open|opts|price|status|updated_at|value, Free-market rate - do not mix with official or NIMA rates,W19
2026-07-09,,False,20:00,Asia/Tehran,IRR_USD,USD/IRR - free market,fx,spot,free_market,close,iran_otc,core,1,1816200.0,IRR_per_USD,IRR,,log_return,tgju,price_dollar_rl,tgju.org/archive-tool,raw/tgju_raw.json,market-extract-4.2,2026-08-11T11:03:48+00:00,200,created_at|id|item_id|max|metadata|min|open|opts|price|status|updated_at|value, Free-market rate - do not mix with official or NIMA rates,W19
2026-07-10,,False,20:00,Asia/Tehran,IRR_USD,USD/IRR - free market,fx,spot,free_market,close,iran_otc,core,1,1816200.0,IRR_per_USD,IRR,,log_return,tgju,price_dollar_rl,tgju.org/archive-tool,raw/tgju_raw.json,market-extract-4.2,2026-08-11T11:03:48+00:00,200,created_at|id|item_id|max|metadata|min|open|opts|price|status|updated_at|value, Free-market rate - do not mix with official or NIMA rates,W19
2026-07-11,,False,20:00,Asia/Tehran,IRR_USD,USD/IRR - free market,fx,spot,free_market,close,iran_otc,core,1,1782000.0,IRR_per_USD,IRR,,log_return,tgju,price_dollar_rl,tgju.org/archive-tool,raw/tgju_raw.json,market-extract-4.2,2026-08-11T11:03:48+00:00,200,created_at|id|item_id|max|metadata|min|open|opts|price|status|updated_at|value, Free-market rate - do not mix with official or NIMA rates,W20
2026-07-12,,False,20:00,Asia/Tehran,IRR_USD,USD/IRR - free market,fx,spot,free_market,close,iran_otc,core,1,1796000.0,IRR_per_USD,IRR,,log_return,tgju,price_dollar_rl,tgju.org/archive-tool,raw/tgju_raw.json,market-extract-4.2,2026-08-11T11:03:48+00:00,200,created_at|id|item_id|max|metadata|min|open|opts|price|status|updated_at|value, Free-market rate - do not mix with official or NIMA rates,W20
2026-07-13,,False,20:00,Asia/Tehran,IRR_USD,USD/IRR - free market,fx,spot,free_market,close,iran_otc,core,1,1809850.0,IRR_per_USD,IRR,,log_return,tgju,price_dollar_rl,tgju.org/archive-tool,raw/tgju_raw.json,market-extract-4.2,2026-08-11T11:03:48+00:00,200,created_at|id|item_id|max|metadata|min|open|opts|price|status|updated_at|value, Free-market rate - do not mix with official or NIMA rates,W20
2026-07-14,,False,20:00,Asia/Tehran,IRR_USD,USD/IRR - free market,fx,spot,free_market,close,iran_otc,core,1,1841100.0,IRR_per_USD,IRR,,log_return,tgju,price_dollar_rl,tgju.org/archive-tool,raw/tgju_raw.json,market-extract-4.2,2026-08-11T11:03:48+00:00,200,created_at|id|item_id|max|metadata|min|open|opts|price|status|updated_at|value, Free-market rate - do not mix with official or NIMA rates,W20
2026-07-15,,False,20:00,Asia/Tehran,IRR_USD,USD/IRR - free market,fx,spot,free_market,close,iran_otc,core,1,1882000.0,IRR_per_USD,IRR,,log_return,tgju,price_dollar_rl,tgju.org/archive-tool,raw/tgju_raw.json,market-extract-4.2,2026-08-11T11:03:48+00:00,200,created_at|id|item_id|max|metadata|min|open|opts|price|status|updated_at|value, Free-market rate - do not mix with official or NIMA rates,W20
2026-07-16,,False,20:00,Asia/Tehran,IRR_USD,USD/IRR - free market,fx,spot,free_market,close,iran_otc,core,1,1886000.0,IRR_per_USD,IRR,,log_return,tgju,price_dollar_rl,tgju.org/archive-tool,raw/tgju_raw.json,market-extract-4.2,2026-08-11T11:03:48+00:00,200,created_at|id|item_id|max|metadata|min|open|opts|price|status|updated_at|value, Free-market rate - do not mix with official or NIMA rates,W20
2026-07-17,,False,20:00,Asia/Tehran,IRR_USD,USD/IRR - free market,fx,spot,free_market,close,iran_otc,core,1,1886000.0,IRR_per_USD,IRR,,log_return,tgju,price_dollar_rl,tgju.org/archive-tool,raw/tgju_raw.json,market-extract-4.2,2026-08-11T11:03:48+00:00,200,created_at|id|item_id|max|metadata|min|open|opts|price|status|updated_at|value, Free-market rate - do not mix with official or NIMA rates,W20
2026-07-18,,False,20:00,Asia/Tehran,IRR_USD,USD/IRR - free market,fx,spot,free_market,close,iran_otc,core,1,1945000.0,IRR_per_USD,IRR,,log_return,tgju,price_dollar_rl,tgju.org/archive-tool,raw/tgju_raw.json,market-extract-4.2,2026-08-11T11:03:48+00:00,200,created_at|id|item_id|max|metadata|min|open|opts|price|status|updated_at|value, Free-market rate - do not mix with official or NIMA rates,W21
2026-07-19,,False,20:00,Asia/Tehran,IRR_USD,USD/IRR - free market,fx,spot,free_market,close,iran_otc,core,1,1930000.0,IRR_per_USD,IRR,,log_return,tgju,price_dollar_rl,tgju.org/archive-tool,raw/tgju_raw.json,market-extract-4.2,2026-08-11T11:03:48+00:00,200,created_at|id|item_id|max|metadata|min|open|opts|price|status|updated_at|value, Free-market rate - do not mix with official or NIMA rates,W21
2026-07-20,,False,20:00,Asia/Tehran,IRR_USD,USD/IRR - free market,fx,spot,free_market,close,iran_otc,core,1,1877000.0,IRR_per_USD,IRR,,log_return,tgju,price_dollar_rl,tgju.org/archive-tool,raw/tgju_raw.json,market-extract-4.2,2026-08-11T11:03:48+00:00,200,created_at|id|item_id|max|metadata|min|open|opts|price|status|updated_at|value, Free-market rate - do not mix with official or NIMA rates,W21
2026-07-21,,False,20:00,Asia/Tehran,IRR_USD,USD/IRR - free market,fx,spot,free_market,close,iran_otc,core,1,1903000.0,IRR_per_USD,IRR,,log_return,tgju,price_dollar_rl,tgju.org/archive-tool,raw/tgju_raw.json,market-extract-4.2,2026-08-11T11:03:48+00:00,200,created_at|id|item_id|max|metadata|min|open|opts|price|status|updated_at|value, Free-market rate - do not mix with official or NIMA rates,W21
2026-07-22,,False,20:00,Asia/Tehran,IRR_USD,USD/IRR - free market,fx,spot,free_market,close,iran_otc,core,1,1924050.0,IRR_per_USD,IRR,,log_return,tgju,price_dollar_rl,tgju.org/archive-tool,raw/tgju_raw.json,market-extract-4.2,2026-08-11T11:03:48+00:00,200,created_at|id|item_id|max|metadata|min|open|opts|price|status|updated_at|value, Free-market rate - do not mix with official or NIMA rates,W21
2026-02-28,,False,20:00,Asia/Tehran,IRR_GOLD18,18K gold,gold,spot,free_market,close,iran_otc,core,2,201242000.0,IRR_per_gram,IRR,,log_return,tgju,geram18,tgju.org/archive-tool,raw/tgju_raw.json,market-extract-4.2,2026-08-11T11:03:48+00:00,200,created_at|id|item_id|max|metadata|min|open|opts|price|status|updated_at|value,,W01
2026-03-01,,False,20:00,Asia/Tehran,IRR_GOLD18,18K gold,gold,spot,free_market,close,iran_otc,core,2,201223000.0,IRR_per_gram,IRR,,log_return,tgju,geram18,tgju.org/archive-tool,raw/tgju_raw.json,market-extract-4.2,2026-08-11T11:03:48+00:00,200,created_at|id|item_id|max|metadata|min|open|opts|price|status|updated_at|value,,W01
2026-03-02,,False,20:00,Asia/Tehran,IRR_GOLD18,18K gold,gold,spot,free_market,close,iran_otc,core,2,201223000.0,IRR_per_gram,IRR,,log_return,tgju,geram18,tgju.org/archive-tool,raw/tgju_raw.json,market-extract-4.2,2026-08-11T11:03:48+00:00,200,created_at|id|item_id|max|metadata|min|open|opts|price|status|updated_at|value,,W01
2026-03-03,,False,20:00,Asia/Tehran,IRR_GOLD18,18K gold,gold,spot,free_market,close,iran_otc,core,2,201235000.0,IRR_per_gram,IRR,,log_return,tgju,geram18,tgju.org/archive-tool,raw/tgju_raw.json,market-extract-4.2,2026-08-11T11:03:48+00:00,200,created_at|id|item_id|max|metadata|min|open|opts|price|status|updated_at|value,,W01
2026-03-04,,False,20:00,Asia/Tehran,IRR_GOLD18,18K gold,gold,spot,free_market,close,iran_otc,core,2,201226000.0,IRR_per_gram,IRR,,log_return,tgju,geram18,tgju.org/archive-tool,raw/tgju_raw.json,market-extract-4.2,2026-08-11T11:03:48+00:00,200,created_at|id|item_id|max|metadata|min|open|opts|price|status|updated_at|value,,W01
2026-03-05,,False,20:00,Asia/Tehran,IRR_GOLD18,18K gold,gold,spot,free_market,close,iran_otc,core,2,201226000.0,IRR_per_gram,IRR,,log_return,tgju,geram18,tgju.org/archive-tool,raw/tgju_raw.json,market-extract-4.2,2026-08-11T11:03:48+00:00,200,created_at|id|item_id|max|metadata|min|open|opts|price|status|updated_at|value,,W01
2026-03-06,,False,20:00,Asia/Tehran,IRR_GOLD18,18K gold,gold,spot,free_market,close,iran_otc,core,2,201226000.0,IRR_per_gram,IRR,,log_return,tgju,geram18,tgju.org/archive-tool,raw/tgju_raw.json,market-extract-4.2,2026-08-11T11:03:48+00:00,200,created_at|id|item_id|max|metadata|min|open|opts|price|status|updated_at|value,,W01
2026-03-07,,False,20:00,Asia/Tehran,IRR_GOLD18,18K gold,gold,spot,free_market,close,iran_otc,core,2,201230000.0,IRR_per_gram,IRR,,log_return,tgju,geram18,tgju.org/archive-tool,raw/tgju_raw.json,market-extract-4.2,2026-08-11T11:03:48+00:00,200,created_at|id|item_id|max|metadata|min|open|opts|price|status|updated_at|value,,W02
2026-03-08,,False,20:00,Asia/Tehran,IRR_GOLD18,18K gold,gold,spot,free_market,close,iran_otc,core,2,201240000.0,IRR_per_gram,IRR,,log_return,tgju,geram18,tgju.org/archive-tool,raw/tgju_raw.json,market-extract-4.2,2026-08-11T11:03:48+00:00,200,created_at|id|item_id|max|metadata|min|open|opts|price|status|updated_at|value,,W02
2026-03-09,,False,20:00,Asia/Tehran,IRR_GOLD18,18K gold,gold,spot,free_market,close,iran_otc,core,2,201226000.0,IRR_per_gram,IRR,,log_return,tgju,geram18,tgju.org/archive-tool,raw/tgju_raw.json,market-extract-4.2,2026-08-11T11:03:48+00:00,200,created_at|id|item_id|max|metadata|min|open|opts|price|status|updated_at|value,,W02
2026-03-10,,False,20:00,Asia/Tehran,IRR_GOLD18,18K gold,gold,spot,free_market,close,iran_otc,core,2,201226000.0,IRR_per_gram,IRR,,log_return,tgju,geram18,tgju.org/archive-tool,raw/tgju_raw.json,market-extract-4.2,2026-08-11T11:03:48+00:00,200,created_at|id|item_id|max|metadata|min|open|opts|price|status|updated_at|value,,W02
2026-03-11,,False,20:00,Asia/Tehran,IRR_GOLD18,18K gold,gold,spot,free_market,close,iran_otc,core,2,201230000.0,IRR_per_gram,IRR,,log_return,tgju,geram18,tgju.org/archive-tool,raw/tgju_raw.json,market-extract-4.2,2026-08-11T11:03:48+00:00,200,created_at|id|item_id|max|metadata|min|open|opts|price|status|updated_at|value,,W02
2026-03-12,,False,20:00,Asia/Tehran,IRR_GOLD18,18K gold,gold,spot,free_market,close,iran_otc,core,2,201228000.0,IRR_per_gram,IRR,,log_return,tgju,geram18,tgju.org/archive-tool,raw/tgju_raw.json,market-extract-4.2,2026-08-11T11:03:48+00:00,200,created_at|id|item_id|max|metadata|min|open|opts|price|status|updated_at|value,,W02
2026-03-13,,False,20:00,Asia/Tehran,IRR_GOLD18,18K gold,gold,spot,free_market,close,iran_otc,core,2,201228000.0,IRR_per_gram,IRR,,log_return,tgju,geram18,tgju.org/archive-tool,raw/tgju_raw.json,market-extract-4.2,2026-08-11T11:03:48+00:00,200,created_at|id|item_id|max|metadata|min|open|opts|price|status|updated_at|value,,W02
2026-03-14,,False,20:00,Asia/Tehran,IRR_GOLD18,18K gold,gold,spot,free_market,close,iran_otc,core,2,201223000.0,IRR_per_gram,IRR,,log_return,tgju,geram18,tgju.org/archive-tool,raw/tgju_raw.json,market-extract-4.2,2026-08-11T11:03:48+00:00,200,created_at|id|item_id|max|metadata|min|open|opts|price|status|updated_at|value,,W03
2026-03-15,,False,20:00,Asia/Tehran,IRR_GOLD18,18K gold,gold,spot,free_market,close,iran_otc,core,2,169230000.0,IRR_per_gram,IRR,,log_return,tgju,geram18,tgju.org/archive-tool,raw/tgju_raw.json,market-extract-4.2,2026-08-11T11:03:48+00:00,200,created_at|id|item_id|max|metadata|min|open|opts|price|status|updated_at|value,,W03
2026-03-16,,False,20:00,Asia/Tehran,IRR_GOLD18,18K gold,gold,spot,free_market,close,iran_otc,core,2,166000000.0,IRR_per_gram,IRR,,log_return,tgju,geram18,tgju.org/archive-tool,raw/tgju_raw.json,market-extract-4.2,2026-08-11T11:03:48+00:00,200,created_at|id|item_id|max|metadata|min|open|opts|price|status|updated_at|value,,W03
2026-03-17,,False,20:00,Asia/Tehran,IRR_GOLD18,18K gold,gold,spot,free_market,close,iran_otc,core,2,174292361.0,IRR_per_gram,IRR,,log_return,tgju,geram18,tgju.org/archive-tool,raw/tgju_raw.json,market-extract-4.2,2026-08-11T11:03:48+00:00,200,created_at|id|item_id|max|metadata|min|open|opts|price|status|updated_at|value,,W03
2026-03-18,,False,20:00,Asia/Tehran,IRR_GOLD18,18K gold,gold,spot,free_market,close,iran_otc,core,2,177929000.0,IRR_per_gram,IRR,,log_return,tgju,geram18,tgju.org/archive-tool,raw/tgju_raw.json,market-extract-4.2,2026-08-11T11:03:48+00:00,200,created_at|id|item_id|max|metadata|min|open|opts|price|status|updated_at|value,,W03
2026-03-19,,False,20:00,Asia/Tehran,IRR_GOLD18,18K gold,gold,spot,free_market,close,iran_otc,core,2,176392642.0,IRR_per_gram,IRR,,log_return,tgju,geram18,tgju.org/archive-tool,raw/tgju_raw.json,market-extract-4.2,2026-08-11T11:03:48+00:00,200,created_at|id|item_id|max|metadata|min|open|opts|price|status|updated_at|value,,W03
2026-03-20,,False,20:00,Asia/Tehran,IRR_GOLD18,18K gold,gold,spot,free_market,close,iran_otc,core,2,176392642.0,IRR_per_gram,IRR,,log_return,tgju,geram18,tgju.org/archive-tool,raw/tgju_raw.json,market-extract-4.2,2026-08-11T11:03:48+00:00,200,created_at|id|item_id|max|metadata|min|open|opts|price|status|updated_at|value,,W03
2026-03-21,,False,20:00,Asia/Tehran,IRR_GOLD18,18K gold,gold,spot,free_market,close,iran_otc,core,2,176392642.0,IRR_per_gram,IRR,,log_return,tgju,geram18,tgju.org/archive-tool,raw/tgju_raw.json,market-extract-4.2,2026-08-11T11:03:48+00:00,200,created_at|id|item_id|max|metadata|min|open|opts|price|status|updated_at|value,,W04
2026-03-22,,False,20:00,Asia/Tehran,IRR_GOLD18,18K gold,gold,spot,free_market,close,iran_otc,core,2,174299000.0,IRR_per_gram,IRR,,log_return,tgju,geram18,tgju.org/archive-tool,raw/tgju_raw.json,market-extract-4.2,2026-08-11T11:03:48+00:00,200,created_at|id|item_id|max|metadata|min|open|opts|price|status|updated_at|value,,W04
2026-03-23,,False,20:00,Asia/Tehran,IRR_GOLD18,18K gold,gold,spot,free_market,close,iran_otc,core,2,174299000.0,IRR_per_gram,IRR,,log_return,tgju,geram18,tgju.org/archive-tool,raw/tgju_raw.json,market-extract-4.2,2026-08-11T11:03:48+00:00,200,created_at|id|item_id|max|metadata|min|open|opts|price|status|updated_at|value,,W04
2026-03-24,,False,20:00,Asia/Tehran,IRR_GOLD18,18K gold,gold,spot,free_market,close,iran_otc,core,2,174302000.0,IRR_per_gram,IRR,,log_return,tgju,geram18,tgju.org/archive-tool,raw/tgju_raw.json,market-extract-4.2,2026-08-11T11:03:48+00:00,200,created_at|id|item_id|max|metadata|min|open|opts|price|status|updated_at|value,,W04
2026-03-25,,False,20:00,Asia/Tehran,IRR_GOLD18,18K gold,gold,spot,free_market,close,iran_otc,core,2,175475000.0,IRR_per_gram,IRR,,log_return,tgju,geram18,tgju.org/archive-tool,raw/tgju_raw.json,market-extract-4.2,2026-08-11T11:03:48+00:00,200,created_at|id|item_id|max|metadata|min|open|opts|price|status|updated_at|value,,W04
2026-03-26,,False,20:00,Asia/Tehran,IRR_GOLD18,18K gold,gold,spot,free_market,close,iran_otc,core,2,174912000.0,IRR_per_gram,IRR,,log_return,tgju,geram18,tgju.org/archive-tool,raw/tgju_raw.json,market-extract-4.2,2026-08-11T11:03:48+00:00,200,created_at|id|item_id|max|metadata|min|open|opts|price|status|updated_at|value,,W04
2026-03-27,,False,20:00,Asia/Tehran,IRR_GOLD18,18K gold,gold,spot,free_market,close,iran_otc,core,2,174912000.0,IRR_per_gram,IRR,,log_return,tgju,geram18,tgju.org/archive-tool,raw/tgju_raw.json,market-extract-4.2,2026-08-11T11:03:48+00:00,200,created_at|id|item_id|max|metadata|min|open|opts|price|status|updated_at|value,,W04
2026-03-28,,False,20:00,Asia/Tehran,IRR_GOLD18,18K gold,gold,spot,free_market,close,iran_otc,core,2,174903000.0,IRR_per_gram,IRR,,log_return,tgju,geram18,tgju.org/archive-tool,raw/tgju_raw.json,market-extract-4.2,2026-08-11T11:03:48+00:00,200,created_at|id|item_id|max|metadata|min|open|opts|price|status|updated_at|value,,W05
2026-03-29,,False,20:00,Asia/Tehran,IRR_GOLD18,18K gold,gold,spot,free_market,close,iran_otc,core,2,174912000.0,IRR_per_gram,IRR,,log_return,tgju,geram18,tgju.org/archive-tool,raw/tgju_raw.json,market-extract-4.2,2026-08-11T11:03:48+00:00,200,created_at|id|item_id|max|metadata|min|open|opts|price|status|updated_at|value,,W05
2026-03-30,,False,20:00,Asia/Tehran,IRR_GOLD18,18K gold,gold,spot,free_market,close,iran_otc,core,2,174889000.0,IRR_per_gram,IRR,,log_return,tgju,geram18,tgju.org/archive-tool,raw/tgju_raw.json,market-extract-4.2,2026-08-11T11:03:48+00:00,200,created_at|id|item_id|max|metadata|min|open|opts|price|status|updated_at|value,,W05
2026-03-31,,False,20:00,Asia/Tehran,IRR_GOLD18,18K gold,gold,spot,free_market,close,iran_otc,core,2,174891000.0,IRR_per_gram,IRR,,log_return,tgju,geram18,tgju.org/archive-tool,raw/tgju_raw.json,market-extract-4.2,2026-08-11T11:03:48+00:00,200,created_at|id|item_id|max|metadata|min|open|opts|price|status|updated_at|value,,W05
2026-04-01,,False,20:00,Asia/Tehran,IRR_GOLD18,18K gold,gold,spot,free_market,close,iran_otc,core,2,174903000.0,IRR_per_gram,IRR,,log_return,tgju,geram18,tgju.org/archive-tool,raw/tgju_raw.json,market-extract-4.2,2026-08-11T11:03:48+00:00,200,created_at|id|item_id|max|metadata|min|open|opts|price|status|updated_at|value,,W05
2026-04-02,,False,20:00,Asia/Tehran,IRR_GOLD18,18K gold,gold,spot,free_market,close,iran_otc,core,2,174889000.0,IRR_per_gram,IRR,,log_return,tgju,geram18,tgju.org/archive-tool,raw/tgju_raw.json,market-extract-4.2,2026-08-11T11:03:48+00:00,200,created_at|id|item_id|max|metadata|min|open|opts|price|status|updated_at|value,,W05
2026-04-03,,False,20:00,Asia/Tehran,IRR_GOLD18,18K gold,gold,spot,free_market,close,iran_otc,core,2,174889000.0,IRR_per_gram,IRR,,log_return,tgju,geram18,tgju.org/archive-tool,raw/tgju_raw.json,market-extract-4.2,2026-08-11T11:03:48+00:00,200,created_at|id|item_id|max|metadata|min|open|opts|price|status|updated_at|value,,W05
2026-04-04,,False,20:00,Asia/Tehran,IRR_GOLD18,18K gold,gold,spot,free_market,close,iran_otc,core,2,174909000.0,IRR_per_gram,IRR,,log_return,tgju,geram18,tgju.org/archive-tool,raw/tgju_raw.json,market-extract-4.2,2026-08-11T11:03:48+00:00,200,created_at|id|item_id|max|metadata|min|open|opts|price|status|updated_at|value,,W06
2026-04-05,,False,20:00,Asia/Tehran,IRR_GOLD18,18K gold,gold,spot,free_market,close,iran_otc,core,2,178900000.0,IRR_per_gram,IRR,,log_return,tgju,geram18,tgju.org/archive-tool,raw/tgju_raw.json,market-extract-4.2,2026-08-11T11:03:48+00:00,200,created_at|id|item_id|max|metadata|min|open|opts|price|status|updated_at|value,,W06
2026-04-06,,False,20:00,Asia/Tehran,IRR_GOLD18,18K gold,gold,spot,free_market,close,iran_otc,core,2,178919000.0,IRR_per_gram,IRR,,log_return,tgju,geram18,tgju.org/archive-tool,raw/tgju_raw.json,market-extract-4.2,2026-08-11T11:03:48+00:00,200,created_at|id|item_id|max|metadata|min|open|opts|price|status|updated_at|value,,W06
2026-04-07,,False,20:00,Asia/Tehran,IRR_GOLD18,18K gold,gold,spot,free_market,close,iran_otc,core,2,180068000.0,IRR_per_gram,IRR,,log_return,tgju,geram18,tgju.org/archive-tool,raw/tgju_raw.json,market-extract-4.2,2026-08-11T11:03:48+00:00,200,created_at|id|item_id|max|metadata|min|open|opts|price|status|updated_at|value,,W06
2026-04-08,,False,20:00,Asia/Tehran,IRR_GOLD18,18K gold,gold,spot,free_market,close,iran_otc,core,2,179708000.0,IRR_per_gram,IRR,,log_return,tgju,geram18,tgju.org/archive-tool,raw/tgju_raw.json,market-extract-4.2,2026-08-11T11:03:48+00:00,200,created_at|id|item_id|max|metadata|min|open|opts|price|status|updated_at|value,,W06
2026-04-09,,False,20:00,Asia/Tehran,IRR_GOLD18,18K gold,gold,spot,free_market,close,iran_otc,core,2,180301000.0,IRR_per_gram,IRR,,log_return,tgju,geram18,tgju.org/archive-tool,raw/tgju_raw.json,market-extract-4.2,2026-08-11T11:03:48+00:00,200,created_at|id|item_id|max|metadata|min|open|opts|price|status|updated_at|value,,W06
2026-04-10,,False,20:00,Asia/Tehran,IRR_GOLD18,18K gold,gold,spot,free_market,close,iran_otc,core,2,180301000.0,IRR_per_gram,IRR,,log_return,tgju,geram18,tgju.org/archive-tool,raw/tgju_raw.json,market-extract-4.2,2026-08-11T11:03:48+00:00,200,created_at|id|item_id|max|metadata|min|open|opts|price|status|updated_at|value,,W06
2026-04-11,,False,20:00,Asia/Tehran,IRR_GOLD18,18K gold,gold,spot,free_market,close,iran_otc,core,2,175899000.0,IRR_per_gram,IRR,,log_return,tgju,geram18,tgju.org/archive-tool,raw/tgju_raw.json,market-extract-4.2,2026-08-11T11:03:48+00:00,200,created_at|id|item_id|max|metadata|min|open|opts|price|status|updated_at|value,,W07
2026-04-12,,False,20:00,Asia/Tehran,IRR_GOLD18,18K gold,gold,spot,free_market,close,iran_otc,core,2,179251000.0,IRR_per_gram,IRR,,log_return,tgju,geram18,tgju.org/archive-tool,raw/tgju_raw.json,market-extract-4.2,2026-08-11T11:03:48+00:00,200,created_at|id|item_id|max|metadata|min|open|opts|price|status|updated_at|value,,W07
2026-04-13,,False,20:00,Asia/Tehran,IRR_GOLD18,18K gold,gold,spot,free_market,close,iran_otc,core,2,180761000.0,IRR_per_gram,IRR,,log_return,tgju,geram18,tgju.org/archive-tool,raw/tgju_raw.json,market-extract-4.2,2026-08-11T11:03:48+00:00,200,created_at|id|item_id|max|metadata|min|open|opts|price|status|updated_at|value,,W07
2026-04-14,,False,20:00,Asia/Tehran,IRR_GOLD18,18K gold,gold,spot,free_market,close,iran_otc,core,2,180752000.0,IRR_per_gram,IRR,,log_return,tgju,geram18,tgju.org/archive-tool,raw/tgju_raw.json,market-extract-4.2,2026-08-11T11:03:48+00:00,200,created_at|id|item_id|max|metadata|min|open|opts|price|status|updated_at|value,,W07
2026-04-15,,False,20:00,Asia/Tehran,IRR_GOLD18,18K gold,gold,spot,free_market,close,iran_otc,core,2,176151000.0,IRR_per_gram,IRR,,log_return,tgju,geram18,tgju.org/archive-tool,raw/tgju_raw.json,market-extract-4.2,2026-08-11T11:03:48+00:00,200,created_at|id|item_id|max|metadata|min|open|opts|price|status|updated_at|value,,W07
2026-04-16,,False,20:00,Asia/Tehran,IRR_GOLD18,18K gold,gold,spot,free_market,close,iran_otc,core,2,175278000.0,IRR_per_gram,IRR,,log_return,tgju,geram18,tgju.org/archive-tool,raw/tgju_raw.json,market-extract-4.2,2026-08-11T11:03:48+00:00,200,created_at|id|item_id|max|metadata|min|open|opts|price|status|updated_at|value,,W07
2026-04-17,,False,20:00,Asia/Tehran,IRR_GOLD18,18K gold,gold,spot,free_market,close,iran_otc,core,2,175278000.0,IRR_per_gram,IRR,,log_return,tgju,geram18,tgju.org/archive-tool,raw/tgju_raw.json,market-extract-4.2,2026-08-11T11:03:48+00:00,200,created_at|id|item_id|max|metadata|min|open|opts|price|status|updated_at|value,,W07
2026-04-18,,False,20:00,Asia/Tehran,IRR_GOLD18,18K gold,gold,spot,free_market,close,iran_otc,core,2,171645000.0,IRR_per_gram,IRR,,log_return,tgju,geram18,tgju.org/archive-tool,raw/tgju_raw.json,market-extract-4.2,2026-08-11T11:03:48+00:00,200,created_at|id|item_id|max|metadata|min|open|opts|price|status|updated_at|value,,W08
2026-04-19,,False,20:00,Asia/Tehran,IRR_GOLD18,18K gold,gold,spot,free_market,close,iran_otc,core,2,171438000.0,IRR_per_gram,IRR,,log_return,tgju,geram18,tgju.org/archive-tool,raw/tgju_raw.json,market-extract-4.2,2026-08-11T11:03:48+00:00,200,created_at|id|item_id|max|metadata|min|open|opts|price|status|updated_at|value,,W08
2026-04-20,,False,20:00,Asia/Tehran,IRR_GOLD18,18K gold,gold,spot,free_market,close,iran_otc,core,2,170571000.0,IRR_per_gram,IRR,,log_return,tgju,geram18,tgju.org/archive-tool,raw/tgju_raw.json,market-extract-4.2,2026-08-11T11:03:48+00:00,200,created_at|id|item_id|max|metadata|min|open|opts|price|status|updated_at|value,,W08
2026-04-21,,False,20:00,Asia/Tehran,IRR_GOLD18,18K gold,gold,spot,free_market,close,iran_otc,core,2,171138000.0,IRR_per_gram,IRR,,log_return,tgju,geram18,tgju.org/archive-tool,raw/tgju_raw.json,market-extract-4.2,2026-08-11T11:03:48+00:00,200,created_at|id|item_id|max|metadata|min|open|opts|price|status|updated_at|value,,W08
2026-04-22,,False,20:00,Asia/Tehran,IRR_GOLD18,18K gold,gold,spot,free_market,close,iran_otc,core,2,172566000.0,IRR_per_gram,IRR,,log_return,tgju,geram18,tgju.org/archive-tool,raw/tgju_raw.json,market-extract-4.2,2026-08-11T11:03:48+00:00,200,created_at|id|item_id|max|metadata|min|open|opts|price|status|updated_at|value,,W08
2026-04-23,,False,20:00,Asia/Tehran,IRR_GOLD18,18K gold,gold,spot,free_market,close,iran_otc,core,2,171993000.0,IRR_per_gram,IRR,,log_return,tgju,geram18,tgju.org/archive-tool,raw/tgju_raw.json,market-extract-4.2,2026-08-11T11:03:48+00:00,200,created_at|id|item_id|max|metadata|min|open|opts|price|status|updated_at|value,,W08
2026-04-24,,False,20:00,Asia/Tehran,IRR_GOLD18,18K gold,gold,spot,free_market,close,iran_otc,core,2,171993000.0,IRR_per_gram,IRR,,log_return,tgju,geram18,tgju.org/archive-tool,raw/tgju_raw.json,market-extract-4.2,2026-08-11T11:03:48+00:00,200,created_at|id|item_id|max|metadata|min|open|opts|price|status|updated_at|value,,W08
2026-04-25,,False,20:00,Asia/Tehran,IRR_GOLD18,18K gold,gold,spot,free_market,close,iran_otc,core,2,172681000.0,IRR_per_gram,IRR,,log_return,tgju,geram18,tgju.org/archive-tool,raw/tgju_raw.json,market-extract-4.2,2026-08-11T11:03:48+00:00,200,created_at|id|item_id|max|metadata|min|open|opts|price|status|updated_at|value,,W09
2026-04-26,,False,20:00,Asia/Tehran,IRR_GOLD18,18K gold,gold,spot,free_market,close,iran_otc,core,2,171741000.0,IRR_per_gram,IRR,,log_return,tgju,geram18,tgju.org/archive-tool,raw/tgju_raw.json,market-extract-4.2,2026-08-11T11:03:48+00:00,200,created_at|id|item_id|max|metadata|min|open|opts|price|status|updated_at|value,,W09
2026-04-27,,False,20:00,Asia/Tehran,IRR_GOLD18,18K gold,gold,spot,free_market,close,iran_otc,core,2,176495000.0,IRR_per_gram,IRR,,log_return,tgju,geram18,tgju.org/archive-tool,raw/tgju_raw.json,market-extract-4.2,2026-08-11T11:03:48+00:00,200,created_at|id|item_id|max|metadata|min|open|opts|price|status|updated_at|value,,W09
2026-04-28,,False,20:00,Asia/Tehran,IRR_GOLD18,18K gold,gold,spot,free_market,close,iran_otc,core,2,186994000.0,IRR_per_gram,IRR,,log_return,tgju,geram18,tgju.org/archive-tool,raw/tgju_raw.json,market-extract-4.2,2026-08-11T11:03:48+00:00,200,created_at|id|item_id|max|metadata|min|open|opts|price|status|updated_at|value,,W09
2026-04-29,,False,20:00,Asia/Tehran,IRR_GOLD18,18K gold,gold,spot,free_market,close,iran_otc,core,2,198539000.0,IRR_per_gram,IRR,,log_return,tgju,geram18,tgju.org/archive-tool,raw/tgju_raw.json,market-extract-4.2,2026-08-11T11:03:48+00:00,200,created_at|id|item_id|max|metadata|min|open|opts|price|status|updated_at|value,,W09
2026-04-30,,False,20:00,Asia/Tehran,IRR_GOLD18,18K gold,gold,spot,free_market,close,iran_otc,core,2,197618000.0,IRR_per_gram,IRR,,log_return,tgju,geram18,tgju.org/archive-tool,raw/tgju_raw.json,market-extract-4.2,2026-08-11T11:03:48+00:00,200,created_at|id|item_id|max|metadata|min|open|opts|price|status|updated_at|value,,W09
2026-05-01,,False,20:00,Asia/Tehran,IRR_GOLD18,18K gold,gold,spot,free_market,close,iran_otc,core,2,197618000.0,IRR_per_gram,IRR,,log_return,tgju,geram18,tgju.org/archive-tool,raw/tgju_raw.json,market-extract-4.2,2026-08-11T11:03:48+00:00,200,created_at|id|item_id|max|metadata|min|open|opts|price|status|updated_at|value,,W09
2026-05-02,,False,20:00,Asia/Tehran,IRR_GOLD18,18K gold,gold,spot,free_market,close,iran_otc,core,2,201083000.0,IRR_per_gram,IRR,,log_return,tgju,geram18,tgju.org/archive-tool,raw/tgju_raw.json,market-extract-4.2,2026-08-11T11:03:48+00:00,200,created_at|id|item_id|max|metadata|min|open|opts|price|status|updated_at|value,,W10
2026-05-03,,False,20:00,Asia/Tehran,IRR_GOLD18,18K gold,gold,spot,free_market,close,iran_otc,core,2,203370000.0,IRR_per_gram,IRR,,log_return,tgju,geram18,tgju.org/archive-tool,raw/tgju_raw.json,market-extract-4.2,2026-08-11T11:03:48+00:00,200,created_at|id|item_id|max|metadata|min|open|opts|price|status|updated_at|value,,W10
2026-05-04,,False,20:00,Asia/Tehran,IRR_GOLD18,18K gold,gold,spot,free_market,close,iran_otc,core,2,197137000.0,IRR_per_gram,IRR,,log_return,tgju,geram18,tgju.org/archive-tool,raw/tgju_raw.json,market-extract-4.2,2026-08-11T11:03:48+00:00,200,created_at|id|item_id|max|metadata|min|open|opts|price|status|updated_at|value,,W10
2026-05-05,,False,20:00,Asia/Tehran,IRR_GOLD18,18K gold,gold,spot,free_market,close,iran_otc,core,2,191599000.0,IRR_per_gram,IRR,,log_return,tgju,geram18,tgju.org/archive-tool,raw/tgju_raw.json,market-extract-4.2,2026-08-11T11:03:48+00:00,200,created_at|id|item_id|max|metadata|min|open|opts|price|status|updated_at|value,,W10
2026-05-06,,False,20:00,Asia/Tehran,IRR_GOLD18,18K gold,gold,spot,free_market,close,iran_otc,core,2,193231000.0,IRR_per_gram,IRR,,log_return,tgju,geram18,tgju.org/archive-tool,raw/tgju_raw.json,market-extract-4.2,2026-08-11T11:03:48+00:00,200,created_at|id|item_id|max|metadata|min|open|opts|price|status|updated_at|value,,W10
2026-05-07,,False,20:00,Asia/Tehran,IRR_GOLD18,18K gold,gold,spot,free_market,close,iran_otc,core,2,194831000.0,IRR_per_gram,IRR,,log_return,tgju,geram18,tgju.org/archive-tool,raw/tgju_raw.json,market-extract-4.2,2026-08-11T11:03:48+00:00,200,created_at|id|item_id|max|metadata|min|open|opts|price|status|updated_at|value,,W10
2026-05-08,,False,20:00,Asia/Tehran,IRR_GOLD18,18K gold,gold,spot,free_market,close,iran_otc,core,2,194831000.0,IRR_per_gram,IRR,,log_return,tgju,geram18,tgju.org/archive-tool,raw/tgju_raw.json,market-extract-4.2,2026-08-11T11:03:48+00:00,200,created_at|id|item_id|max|metadata|min|open|opts|price|status|updated_at|value,,W10
2026-05-09,,False,20:00,Asia/Tehran,IRR_GOLD18,18K gold,gold,spot,free_market,close,iran_otc,core,2,193231000.0,IRR_per_gram,IRR,,log_return,tgju,geram18,tgju.org/archive-tool,raw/tgju_raw.json,market-extract-4.2,2026-08-11T11:03:48+00:00,200,created_at|id|item_id|max|metadata|min|open|opts|price|status|updated_at|value,,W11
2026-05-10,,False,20:00,Asia/Tehran,IRR_GOLD18,18K gold,gold,spot,free_market,close,iran_otc,core,2,191689000.0,IRR_per_gram,IRR,,log_return,tgju,geram18,tgju.org/archive-tool,raw/tgju_raw.json,market-extract-4.2,2026-08-11T11:03:48+00:00,200,created_at|id|item_id|max|metadata|min|open|opts|price|status|updated_at|value,,W11
2026-05-11,,False,20:00,Asia/Tehran,IRR_GOLD18,18K gold,gold,spot,free_market,close,iran_otc,core,2,198079000.0,IRR_per_gram,IRR,,log_return,tgju,geram18,tgju.org/archive-tool,raw/tgju_raw.json,market-extract-4.2,2026-08-11T11:03:48+00:00,200,created_at|id|item_id|max|metadata|min|open|opts|price|status|updated_at|value,,W11
2026-05-12,,False,20:00,Asia/Tehran,IRR_GOLD18,18K gold,gold,spot,free_market,close,iran_otc,core,2,195879000.0,IRR_per_gram,IRR,,log_return,tgju,geram18,tgju.org/archive-tool,raw/tgju_raw.json,market-extract-4.2,2026-08-11T11:03:48+00:00,200,created_at|id|item_id|max|metadata|min|open|opts|price|status|updated_at|value,,W11
2026-05-13,,False,20:00,Asia/Tehran,IRR_GOLD18,18K gold,gold,spot,free_market,close,iran_otc,core,2,195865000.0,IRR_per_gram,IRR,,log_return,tgju,geram18,tgju.org/archive-tool,raw/tgju_raw.json,market-extract-4.2,2026-08-11T11:03:48+00:00,200,created_at|id|item_id|max|metadata|min|open|opts|price|status|updated_at|value,,W11
2026-05-14,,False,20:00,Asia/Tehran,IRR_GOLD18,18K gold,gold,spot,free_market,close,iran_otc,core,2,195958000.0,IRR_per_gram,IRR,,log_return,tgju,geram18,tgju.org/archive-tool,raw/tgju_raw.json,market-extract-4.2,2026-08-11T11:03:48+00:00,200,created_at|id|item_id|max|metadata|min|open|opts|price|status|updated_at|value,,W11
2026-05-15,,False,20:00,Asia/Tehran,IRR_GOLD18,18K gold,gold,spot,free_market,close,iran_otc,core,2,195958000.0,IRR_per_gram,IRR,,log_return,tgju,geram18,tgju.org/archive-tool,raw/tgju_raw.json,market-extract-4.2,2026-08-11T11:03:48+00:00,200,created_at|id|item_id|max|metadata|min|open|opts|price|status|updated_at|value,,W11
2026-05-16,,False,20:00,Asia/Tehran,IRR_GOLD18,18K gold,gold,spot,free_market,close,iran_otc,core,2,194069000.0,IRR_per_gram,IRR,,log_return,tgju,geram18,tgju.org/archive-tool,raw/tgju_raw.json,market-extract-4.2,2026-08-11T11:03:48+00:00,200,created_at|id|item_id|max|metadata|min|open|opts|price|status|updated_at|value,,W12
2026-05-17,,False,20:00,Asia/Tehran,IRR_GOLD18,18K gold,gold,spot,free_market,close,iran_otc,core,2,192754000.0,IRR_per_gram,IRR,,log_return,tgju,geram18,tgju.org/archive-tool,raw/tgju_raw.json,market-extract-4.2,2026-08-11T11:03:48+00:00,200,created_at|id|item_id|max|metadata|min|open|opts|price|status|updated_at|value,,W12
2026-05-18,,False,20:00,Asia/Tehran,IRR_GOLD18,18K gold,gold,spot,free_market,close,iran_otc,core,2,189863000.0,IRR_per_gram,IRR,,log_return,tgju,geram18,tgju.org/archive-tool,raw/tgju_raw.json,market-extract-4.2,2026-08-11T11:03:48+00:00,200,created_at|id|item_id|max|metadata|min|open|opts|price|status|updated_at|value,,W12
2026-05-19,,False,20:00,Asia/Tehran,IRR_GOLD18,18K gold,gold,spot,free_market,close,iran_otc,core,2,189752000.0,IRR_per_gram,IRR,,log_return,tgju,geram18,tgju.org/archive-tool,raw/tgju_raw.json,market-extract-4.2,2026-08-11T11:03:48+00:00,200,created_at|id|item_id|max|metadata|min|open|opts|price|status|updated_at|value,,W12
2026-05-20,,False,20:00,Asia/Tehran,IRR_GOLD18,18K gold,gold,spot,free_market,close,iran_otc,core,2,192193000.0,IRR_per_gram,IRR,,log_return,tgju,geram18,tgju.org/archive-tool,raw/tgju_raw.json,market-extract-4.2,2026-08-11T11:03:48+00:00,200,created_at|id|item_id|max|metadata|min|open|opts|price|status|updated_at|value,,W12
2026-05-21,,False,20:00,Asia/Tehran,IRR_GOLD18,18K gold,gold,spot,free_market,close,iran_otc,core,2,191502000.0,IRR_per_gram,IRR,,log_return,tgju,geram18,tgju.org/archive-tool,raw/tgju_raw.json,market-extract-4.2,2026-08-11T11:03:48+00:00,200,created_at|id|item_id|max|metadata|min|open|opts|price|status|updated_at|value,,W12
2026-05-22,,False,20:00,Asia/Tehran,IRR_GOLD18,18K gold,gold,spot,free_market,close,iran_otc,core,2,191502000.0,IRR_per_gram,IRR,,log_return,tgju,geram18,tgju.org/archive-tool,raw/tgju_raw.json,market-extract-4.2,2026-08-11T11:03:48+00:00,200,created_at|id|item_id|max|metadata|min|open|opts|price|status|updated_at|value,,W12
2026-05-23,,False,20:00,Asia/Tehran,IRR_GOLD18,18K gold,gold,spot,free_market,close,iran_otc,core,2,185588000.0,IRR_per_gram,IRR,,log_return,tgju,geram18,tgju.org/archive-tool,raw/tgju_raw.json,market-extract-4.2,2026-08-11T11:03:48+00:00,200,created_at|id|item_id|max|metadata|min|open|opts|price|status|updated_at|value,,W13
2026-05-24,,False,20:00,Asia/Tehran,IRR_GOLD18,18K gold,gold,spot,free_market,close,iran_otc,core,2,179489000.0,IRR_per_gram,IRR,,log_return,tgju,geram18,tgju.org/archive-tool,raw/tgju_raw.json,market-extract-4.2,2026-08-11T11:03:48+00:00,200,created_at|id|item_id|max|metadata|min|open|opts|price|status|updated_at|value,,W13
2026-05-25,,False,20:00,Asia/Tehran,IRR_GOLD18,18K gold,gold,spot,free_market,close,iran_otc,core,2,182591000.0,IRR_per_gram,IRR,,log_return,tgju,geram18,tgju.org/archive-tool,raw/tgju_raw.json,market-extract-4.2,2026-08-11T11:03:48+00:00,200,created_at|id|item_id|max|metadata|min|open|opts|price|status|updated_at|value,,W13
2026-05-26,,False,20:00,Asia/Tehran,IRR_GOLD18,18K gold,gold,spot,free_market,close,iran_otc,core,2,182148000.0,IRR_per_gram,IRR,,log_return,tgju,geram18,tgju.org/archive-tool,raw/tgju_raw.json,market-extract-4.2,2026-08-11T11:03:48+00:00,200,created_at|id|item_id|max|metadata|min|open|opts|price|status|updated_at|value,,W13
2026-05-27,,False,20:00,Asia/Tehran,IRR_GOLD18,18K gold,gold,spot,free_market,close,iran_otc,core,2,182148000.0,IRR_per_gram,IRR,,log_return,tgju,geram18,tgju.org/archive-tool,raw/tgju_raw.json,market-extract-4.2,2026-08-11T11:03:48+00:00,200,created_at|id|item_id|max|metadata|min|open|opts|price|status|updated_at|value,,W13
2026-05-28,,False,20:00,Asia/Tehran,IRR_GOLD18,18K gold,gold,spot,free_market,close,iran_otc,core,2,181324000.0,IRR_per_gram,IRR,,log_return,tgju,geram18,tgju.org/archive-tool,raw/tgju_raw.json,market-extract-4.2,2026-08-11T11:03:48+00:00,200,created_at|id|item_id|max|metadata|min|open|opts|price|status|updated_at|value,,W13
2026-05-29,,False,20:00,Asia/Tehran,IRR_GOLD18,18K gold,gold,spot,free_market,close,iran_otc,core,2,181324000.0,IRR_per_gram,IRR,,log_return,tgju,geram18,tgju.org/archive-tool,raw/tgju_raw.json,market-extract-4.2,2026-08-11T11:03:48+00:00,200,created_at|id|item_id|max|metadata|min|open|opts|price|status|updated_at|value,,W13
2026-05-30,,False,20:00,Asia/Tehran,IRR_GOLD18,18K gold,gold,spot,free_market,close,iran_otc,core,2,179819000.0,IRR_per_gram,IRR,,log_return,tgju,geram18,tgju.org/archive-tool,raw/tgju_raw.json,market-extract-4.2,2026-08-11T11:03:48+00:00,200,created_at|id|item_id|max|metadata|min|open|opts|price|status|updated_at|value,,W14
2026-05-31,,False,20:00,Asia/Tehran,IRR_GOLD18,18K gold,gold,spot,free_market,close,iran_otc,core,2,181206000.0,IRR_per_gram,IRR,,log_return,tgju,geram18,tgju.org/archive-tool,raw/tgju_raw.json,market-extract-4.2,2026-08-11T11:03:48+00:00,200,created_at|id|item_id|max|metadata|min|open|opts|price|status|updated_at|value,,W14
2026-06-01,,False,20:00,Asia/Tehran,IRR_GOLD18,18K gold,gold,spot,free_market,close,iran_otc,core,2,185844000.0,IRR_per_gram,IRR,,log_return,tgju,geram18,tgju.org/archive-tool,raw/tgju_raw.json,market-extract-4.2,2026-08-11T11:03:48+00:00,200,created_at|id|item_id|max|metadata|min|open|opts|price|status|updated_at|value,,W14
2026-06-02,,False,20:00,Asia/Tehran,IRR_GOLD18,18K gold,gold,spot,free_market,close,iran_otc,core,2,182252000.0,IRR_per_gram,IRR,,log_return,tgju,geram18,tgju.org/archive-tool,raw/tgju_raw.json,market-extract-4.2,2026-08-11T11:03:48+00:00,200,created_at|id|item_id|max|metadata|min|open|opts|price|status|updated_at|value,,W14
2026-06-03,,False,20:00,Asia/Tehran,IRR_GOLD18,18K gold,gold,spot,free_market,close,iran_otc,core,2,182769000.0,IRR_per_gram,IRR,,log_return,tgju,geram18,tgju.org/archive-tool,raw/tgju_raw.json,market-extract-4.2,2026-08-11T11:03:48+00:00,200,created_at|id|item_id|max|metadata|min|open|opts|price|status|updated_at|value,,W14
2026-06-04,,False,20:00,Asia/Tehran,IRR_GOLD18,18K gold,gold,spot,free_market,close,iran_otc,core,2,182769000.0,IRR_per_gram,IRR,,log_return,tgju,geram18,tgju.org/archive-tool,raw/tgju_raw.json,market-extract-4.2,2026-08-11T11:03:48+00:00,200,created_at|id|item_id|max|metadata|min|open|opts|price|status|updated_at|value,,W14
2026-06-05,,False,20:00,Asia/Tehran,IRR_GOLD18,18K gold,gold,spot,free_market,close,iran_otc,core,2,179830000.0,IRR_per_gram,IRR,,log_return,tgju,geram18,tgju.org/archive-tool,raw/tgju_raw.json,market-extract-4.2,2026-08-11T11:03:48+00:00,200,created_at|id|item_id|max|metadata|min|open|opts|price|status|updated_at|value,,W14
2026-06-06,,False,20:00,Asia/Tehran,IRR_GOLD18,18K gold,gold,spot,free_market,close,iran_otc,core,2,179830000.0,IRR_per_gram,IRR,,log_return,tgju,geram18,tgju.org/archive-tool,raw/tgju_raw.json,market-extract-4.2,2026-08-11T11:03:48+00:00,200,created_at|id|item_id|max|metadata|min|open|opts|price|status|updated_at|value,,W15
2026-06-07,,False,20:00,Asia/Tehran,IRR_GOLD18,18K gold,gold,spot,free_market,close,iran_otc,core,2,183055000.0,IRR_per_gram,IRR,,log_return,tgju,geram18,tgju.org/archive-tool,raw/tgju_raw.json,market-extract-4.2,2026-08-11T11:03:48+00:00,200,created_at|id|item_id|max|metadata|min|open|opts|price|status|updated_at|value,,W15
2026-06-08,,False,20:00,Asia/Tehran,IRR_GOLD18,18K gold,gold,spot,free_market,close,iran_otc,core,2,180632000.0,IRR_per_gram,IRR,,log_return,tgju,geram18,tgju.org/archive-tool,raw/tgju_raw.json,market-extract-4.2,2026-08-11T11:03:48+00:00,200,created_at|id|item_id|max|metadata|min|open|opts|price|status|updated_at|value,,W15
2026-06-09,,False,20:00,Asia/Tehran,IRR_GOLD18,18K gold,gold,spot,free_market,close,iran_otc,core,2,179251000.0,IRR_per_gram,IRR,,log_return,tgju,geram18,tgju.org/archive-tool,raw/tgju_raw.json,market-extract-4.2,2026-08-11T11:03:48+00:00,200,created_at|id|item_id|max|metadata|min|open|opts|price|status|updated_at|value,,W15
2026-06-10,,False,20:00,Asia/Tehran,IRR_GOLD18,18K gold,gold,spot,free_market,close,iran_otc,core,2,179143000.0,IRR_per_gram,IRR,,log_return,tgju,geram18,tgju.org/archive-tool,raw/tgju_raw.json,market-extract-4.2,2026-08-11T11:03:48+00:00,200,created_at|id|item_id|max|metadata|min|open|opts|price|status|updated_at|value,,W15
2026-06-11,,False,20:00,Asia/Tehran,IRR_GOLD18,18K gold,gold,spot,free_market,close,iran_otc,core,2,178669000.0,IRR_per_gram,IRR,,log_return,tgju,geram18,tgju.org/archive-tool,raw/tgju_raw.json,market-extract-4.2,2026-08-11T11:03:48+00:00,200,created_at|id|item_id|max|metadata|min|open|opts|price|status|updated_at|value,,W15
2026-06-12,,False,20:00,Asia/Tehran,IRR_GOLD18,18K gold,gold,spot,free_market,close,iran_otc,core,2,178669000.0,IRR_per_gram,IRR,,log_return,tgju,geram18,tgju.org/archive-tool,raw/tgju_raw.json,market-extract-4.2,2026-08-11T11:03:48+00:00,200,created_at|id|item_id|max|metadata|min|open|opts|price|status|updated_at|value,,W15
2026-06-13,,False,20:00,Asia/Tehran,IRR_GOLD18,18K gold,gold,spot,free_market,close,iran_otc,core,2,172208000.0,IRR_per_gram,IRR,,log_return,tgju,geram18,tgju.org/archive-tool,raw/tgju_raw.json,market-extract-4.2,2026-08-11T11:03:48+00:00,200,created_at|id|item_id|max|metadata|min|open|opts|price|status|updated_at|value,,W16
2026-06-14,,False,20:00,Asia/Tehran,IRR_GOLD18,18K gold,gold,spot,free_market,close,iran_otc,core,2,171302843.0,IRR_per_gram,IRR,,log_return,tgju,geram18,tgju.org/archive-tool,raw/tgju_raw.json,market-extract-4.2,2026-08-11T11:03:48+00:00,200,created_at|id|item_id|max|metadata|min|open|opts|price|status|updated_at|value,,W16
2026-06-15,,False,20:00,Asia/Tehran,IRR_GOLD18,18K gold,gold,spot,free_market,close,iran_otc,core,2,162969000.0,IRR_per_gram,IRR,,log_return,tgju,geram18,tgju.org/archive-tool,raw/tgju_raw.json,market-extract-4.2,2026-08-11T11:03:48+00:00,200,created_at|id|item_id|max|metadata|min|open|opts|price|status|updated_at|value,,W16
2026-06-16,,False,20:00,Asia/Tehran,IRR_GOLD18,18K gold,gold,spot,free_market,close,iran_otc,core,2,156519000.0,IRR_per_gram,IRR,,log_return,tgju,geram18,tgju.org/archive-tool,raw/tgju_raw.json,market-extract-4.2,2026-08-11T11:03:48+00:00,200,created_at|id|item_id|max|metadata|min|open|opts|price|status|updated_at|value,,W16
2026-06-17,,False,20:00,Asia/Tehran,IRR_GOLD18,18K gold,gold,spot,free_market,close,iran_otc,core,2,161819000.0,IRR_per_gram,IRR,,log_return,tgju,geram18,tgju.org/archive-tool,raw/tgju_raw.json,market-extract-4.2,2026-08-11T11:03:48+00:00,200,created_at|id|item_id|max|metadata|min|open|opts|price|status|updated_at|value,,W16
2026-06-18,,False,20:00,Asia/Tehran,IRR_GOLD18,18K gold,gold,spot,free_market,close,iran_otc,core,2,156642000.0,IRR_per_gram,IRR,,log_return,tgju,geram18,tgju.org/archive-tool,raw/tgju_raw.json,market-extract-4.2,2026-08-11T11:03:48+00:00,200,created_at|id|item_id|max|metadata|min|open|opts|price|status|updated_at|value,,W16
2026-06-19,,False,20:00,Asia/Tehran,IRR_GOLD18,18K gold,gold,spot,free_market,close,iran_otc,core,2,156642000.0,IRR_per_gram,IRR,,log_return,tgju,geram18,tgju.org/archive-tool,raw/tgju_raw.json,market-extract-4.2,2026-08-11T11:03:48+00:00,200,created_at|id|item_id|max|metadata|min|open|opts|price|status|updated_at|value,,W16
2026-06-20,,False,20:00,Asia/Tehran,IRR_GOLD18,18K gold,gold,spot,free_market,close,iran_otc,core,2,161014000.0,IRR_per_gram,IRR,,log_return,tgju,geram18,tgju.org/archive-tool,raw/tgju_raw.json,market-extract-4.2,2026-08-11T11:03:48+00:00,200,created_at|id|item_id|max|metadata|min|open|opts|price|status|updated_at|value,,W17
2026-06-21,,False,20:00,Asia/Tehran,IRR_GOLD18,18K gold,gold,spot,free_market,close,iran_otc,core,2,161602000.0,IRR_per_gram,IRR,,log_return,tgju,geram18,tgju.org/archive-tool,raw/tgju_raw.json,market-extract-4.2,2026-08-11T11:03:48+00:00,200,created_at|id|item_id|max|metadata|min|open|opts|price|status|updated_at|value,,W17
2026-06-22,,False,20:00,Asia/Tehran,IRR_GOLD18,18K gold,gold,spot,free_market,close,iran_otc,core,2,159352000.0,IRR_per_gram,IRR,,log_return,tgju,geram18,tgju.org/archive-tool,raw/tgju_raw.json,market-extract-4.2,2026-08-11T11:03:48+00:00,200,created_at|id|item_id|max|metadata|min|open|opts|price|status|updated_at|value,,W17
2026-06-23,,False,20:00,Asia/Tehran,IRR_GOLD18,18K gold,gold,spot,free_market,close,iran_otc,core,2,160852000.0,IRR_per_gram,IRR,,log_return,tgju,geram18,tgju.org/archive-tool,raw/tgju_raw.json,market-extract-4.2,2026-08-11T11:03:48+00:00,200,created_at|id|item_id|max|metadata|min|open|opts|price|status|updated_at|value,,W17
2026-06-24,,False,20:00,Asia/Tehran,IRR_GOLD18,18K gold,gold,spot,free_market,close,iran_otc,core,2,160852000.0,IRR_per_gram,IRR,,log_return,tgju,geram18,tgju.org/archive-tool,raw/tgju_raw.json,market-extract-4.2,2026-08-11T11:03:48+00:00,200,created_at|id|item_id|max|metadata|min|open|opts|price|status|updated_at|value,,W17
2026-06-25,,False,20:00,Asia/Tehran,IRR_GOLD18,18K gold,gold,spot,free_market,close,iran_otc,core,2,160852000.0,IRR_per_gram,IRR,,log_return,tgju,geram18,tgju.org/archive-tool,raw/tgju_raw.json,market-extract-4.2,2026-08-11T11:03:48+00:00,200,created_at|id|item_id|max|metadata|min|open|opts|price|status|updated_at|value,,W17
2026-06-26,,False,20:00,Asia/Tehran,IRR_GOLD18,18K gold,gold,spot,free_market,close,iran_otc,core,2,163334000.0,IRR_per_gram,IRR,,log_return,tgju,geram18,tgju.org/archive-tool,raw/tgju_raw.json,market-extract-4.2,2026-08-11T11:03:48+00:00,200,created_at|id|item_id|max|metadata|min|open|opts|price|status|updated_at|value,,W17
2026-06-27,,False,20:00,Asia/Tehran,IRR_GOLD18,18K gold,gold,spot,free_market,close,iran_otc,core,2,163334000.0,IRR_per_gram,IRR,,log_return,tgju,geram18,tgju.org/archive-tool,raw/tgju_raw.json,market-extract-4.2,2026-08-11T11:03:48+00:00,200,created_at|id|item_id|max|metadata|min|open|opts|price|status|updated_at|value,,W18
2026-06-28,,False,20:00,Asia/Tehran,IRR_GOLD18,18K gold,gold,spot,free_market,close,iran_otc,core,2,172900000.0,IRR_per_gram,IRR,,log_return,tgju,geram18,tgju.org/archive-tool,raw/tgju_raw.json,market-extract-4.2,2026-08-11T11:03:48+00:00,200,created_at|id|item_id|max|metadata|min|open|opts|price|status|updated_at|value,,W18
2026-06-29,,False,20:00,Asia/Tehran,IRR_GOLD18,18K gold,gold,spot,free_market,close,iran_otc,core,2,167831000.0,IRR_per_gram,IRR,,log_return,tgju,geram18,tgju.org/archive-tool,raw/tgju_raw.json,market-extract-4.2,2026-08-11T11:03:48+00:00,200,created_at|id|item_id|max|metadata|min|open|opts|price|status|updated_at|value,,W18
2026-06-30,,False,20:00,Asia/Tehran,IRR_GOLD18,18K gold,gold,spot,free_market,close,iran_otc,core,2,169107000.0,IRR_per_gram,IRR,,log_return,tgju,geram18,tgju.org/archive-tool,raw/tgju_raw.json,market-extract-4.2,2026-08-11T11:03:48+00:00,200,created_at|id|item_id|max|metadata|min|open|opts|price|status|updated_at|value,,W18
2026-07-01,,False,20:00,Asia/Tehran,IRR_GOLD18,18K gold,gold,spot,free_market,close,iran_otc,core,2,172570000.0,IRR_per_gram,IRR,,log_return,tgju,geram18,tgju.org/archive-tool,raw/tgju_raw.json,market-extract-4.2,2026-08-11T11:03:48+00:00,200,created_at|id|item_id|max|metadata|min|open|opts|price|status|updated_at|value,,W18
2026-07-02,,False,20:00,Asia/Tehran,IRR_GOLD18,18K gold,gold,spot,free_market,close,iran_otc,core,2,174627000.0,IRR_per_gram,IRR,,log_return,tgju,geram18,tgju.org/archive-tool,raw/tgju_raw.json,market-extract-4.2,2026-08-11T11:03:48+00:00,200,created_at|id|item_id|max|metadata|min|open|opts|price|status|updated_at|value,,W18
2026-07-03,,False,20:00,Asia/Tehran,IRR_GOLD18,18K gold,gold,spot,free_market,close,iran_otc,core,2,174627000.0,IRR_per_gram,IRR,,log_return,tgju,geram18,tgju.org/archive-tool,raw/tgju_raw.json,market-extract-4.2,2026-08-11T11:03:48+00:00,200,created_at|id|item_id|max|metadata|min|open|opts|price|status|updated_at|value,,W18
2026-07-04,,False,20:00,Asia/Tehran,IRR_GOLD18,18K gold,gold,spot,free_market,close,iran_otc,core,2,177284000.0,IRR_per_gram,IRR,,log_return,tgju,geram18,tgju.org/archive-tool,raw/tgju_raw.json,market-extract-4.2,2026-08-11T11:03:48+00:00,200,created_at|id|item_id|max|metadata|min|open|opts|price|status|updated_at|value,,W19
2026-07-05,,False,20:00,Asia/Tehran,IRR_GOLD18,18K gold,gold,spot,free_market,close,iran_otc,core,2,177284000.0,IRR_per_gram,IRR,,log_return,tgju,geram18,tgju.org/archive-tool,raw/tgju_raw.json,market-extract-4.2,2026-08-11T11:03:48+00:00,200,created_at|id|item_id|max|metadata|min|open|opts|price|status|updated_at|value,,W19
2026-07-06,,False,20:00,Asia/Tehran,IRR_GOLD18,18K gold,gold,spot,free_market,close,iran_otc,core,2,177374000.0,IRR_per_gram,IRR,,log_return,tgju,geram18,tgju.org/archive-tool,raw/tgju_raw.json,market-extract-4.2,2026-08-11T11:03:48+00:00,200,created_at|id|item_id|max|metadata|min|open|opts|price|status|updated_at|value,,W19
2026-07-07,,False,20:00,Asia/Tehran,IRR_GOLD18,18K gold,gold,spot,free_market,close,iran_otc,core,2,177407000.0,IRR_per_gram,IRR,,log_return,tgju,geram18,tgju.org/archive-tool,raw/tgju_raw.json,market-extract-4.2,2026-08-11T11:03:48+00:00,200,created_at|id|item_id|max|metadata|min|open|opts|price|status|updated_at|value,,W19
2026-07-08,,False,20:00,Asia/Tehran,IRR_GOLD18,18K gold,gold,spot,free_market,close,iran_otc,core,2,178833000.0,IRR_per_gram,IRR,,log_return,tgju,geram18,tgju.org/archive-tool,raw/tgju_raw.json,market-extract-4.2,2026-08-11T11:03:48+00:00,200,created_at|id|item_id|max|metadata|min|open|opts|price|status|updated_at|value,,W19
2026-07-09,,False,20:00,Asia/Tehran,IRR_GOLD18,18K gold,gold,spot,free_market,close,iran_otc,core,2,179369000.0,IRR_per_gram,IRR,,log_return,tgju,geram18,tgju.org/archive-tool,raw/tgju_raw.json,market-extract-4.2,2026-08-11T11:03:48+00:00,200,created_at|id|item_id|max|metadata|min|open|opts|price|status|updated_at|value,,W19
2026-07-10,,False,20:00,Asia/Tehran,IRR_GOLD18,18K gold,gold,spot,free_market,close,iran_otc,core,2,179369000.0,IRR_per_gram,IRR,,log_return,tgju,geram18,tgju.org/archive-tool,raw/tgju_raw.json,market-extract-4.2,2026-08-11T11:03:48+00:00,200,created_at|id|item_id|max|metadata|min|open|opts|price|status|updated_at|value,,W19
2026-07-11,,False,20:00,Asia/Tehran,IRR_GOLD18,18K gold,gold,spot,free_market,close,iran_otc,core,2,174761000.0,IRR_per_gram,IRR,,log_return,tgju,geram18,tgju.org/archive-tool,raw/tgju_raw.json,market-extract-4.2,2026-08-11T11:03:48+00:00,200,created_at|id|item_id|max|metadata|min|open|opts|price|status|updated_at|value,,W20
2026-07-12,,False,20:00,Asia/Tehran,IRR_GOLD18,18K gold,gold,spot,free_market,close,iran_otc,core,2,176603000.0,IRR_per_gram,IRR,,log_return,tgju,geram18,tgju.org/archive-tool,raw/tgju_raw.json,market-extract-4.2,2026-08-11T11:03:48+00:00,200,created_at|id|item_id|max|metadata|min|open|opts|price|status|updated_at|value,,W20
2026-07-13,,False,20:00,Asia/Tehran,IRR_GOLD18,18K gold,gold,spot,free_market,close,iran_otc,core,2,176822000.0,IRR_per_gram,IRR,,log_return,tgju,geram18,tgju.org/archive-tool,raw/tgju_raw.json,market-extract-4.2,2026-08-11T11:03:48+00:00,200,created_at|id|item_id|max|metadata|min|open|opts|price|status|updated_at|value,,W20
2026-07-14,,False,20:00,Asia/Tehran,IRR_GOLD18,18K gold,gold,spot,free_market,close,iran_otc,core,2,178919000.0,IRR_per_gram,IRR,,log_return,tgju,geram18,tgju.org/archive-tool,raw/tgju_raw.json,market-extract-4.2,2026-08-11T11:03:48+00:00,200,created_at|id|item_id|max|metadata|min|open|opts|price|status|updated_at|value,,W20
2026-07-15,,False,20:00,Asia/Tehran,IRR_GOLD18,18K gold,gold,spot,free_market,close,iran_otc,core,2,183603000.0,IRR_per_gram,IRR,,log_return,tgju,geram18,tgju.org/archive-tool,raw/tgju_raw.json,market-extract-4.2,2026-08-11T11:03:48+00:00,200,created_at|id|item_id|max|metadata|min|open|opts|price|status|updated_at|value,,W20
2026-07-16,,False,20:00,Asia/Tehran,IRR_GOLD18,18K gold,gold,spot,free_market,close,iran_otc,core,2,182451000.0,IRR_per_gram,IRR,,log_return,tgju,geram18,tgju.org/archive-tool,raw/tgju_raw.json,market-extract-4.2,2026-08-11T11:03:48+00:00,200,created_at|id|item_id|max|metadata|min|open|opts|price|status|updated_at|value,,W20
2026-07-17,,False,20:00,Asia/Tehran,IRR_GOLD18,18K gold,gold,spot,free_market,close,iran_otc,core,2,182451000.0,IRR_per_gram,IRR,,log_return,tgju,geram18,tgju.org/archive-tool,raw/tgju_raw.json,market-extract-4.2,2026-08-11T11:03:48+00:00,200,created_at|id|item_id|max|metadata|min|open|opts|price|status|updated_at|value,,W20
2026-07-18,,False,20:00,Asia/Tehran,IRR_GOLD18,18K gold,gold,spot,free_market,close,iran_otc,core,2,191382000.0,IRR_per_gram,IRR,,log_return,tgju,geram18,tgju.org/archive-tool,raw/tgju_raw.json,market-extract-4.2,2026-08-11T11:03:48+00:00,200,created_at|id|item_id|max|metadata|min|open|opts|price|status|updated_at|value,,W21
2026-07-19,,False,20:00,Asia/Tehran,IRR_GOLD18,18K gold,gold,spot,free_market,close,iran_otc,core,2,187675000.0,IRR_per_gram,IRR,,log_return,tgju,geram18,tgju.org/archive-tool,raw/tgju_raw.json,market-extract-4.2,2026-08-11T11:03:48+00:00,200,created_at|id|item_id|max|metadata|min|open|opts|price|status|updated_at|value,,W21
2026-07-20,,False,20:00,Asia/Tehran,IRR_GOLD18,18K gold,gold,spot,free_market,close,iran_otc,core,2,181843000.0,IRR_per_gram,IRR,,log_return,tgju,geram18,tgju.org/archive-tool,raw/tgju_raw.json,market-extract-4.2,2026-08-11T11:03:48+00:00,200,created_at|id|item_id|max|metadata|min|open|opts|price|status|updated_at|value,,W21
2026-07-21,,False,20:00,Asia/Tehran,IRR_GOLD18,18K gold,gold,spot,free_market,close,iran_otc,core,2,184452000.0,IRR_per_gram,IRR,,log_return,tgju,geram18,tgju.org/archive-tool,raw/tgju_raw.json,market-extract-4.2,2026-08-11T11:03:48+00:00,200,created_at|id|item_id|max|metadata|min|open|opts|price|status|updated_at|value,,W21
2026-07-22,,False,20:00,Asia/Tehran,IRR_GOLD18,18K gold,gold,spot,free_market,close,iran_otc,core,2,190034000.0,IRR_per_gram,IRR,,log_return,tgju,geram18,tgju.org/archive-tool,raw/tgju_raw.json,market-extract-4.2,2026-08-11T11:03:48+00:00,200,created_at|id|item_id|max|metadata|min|open|opts|price|status|updated_at|value,,W21
2026-02-28,,False,20:00,Asia/Tehran,IRR_GOLD24,24K gold,gold,spot,free_market,close,iran_otc,secondary,3,268320000.0,IRR_per_gram,IRR,,log_return,tgju,geram24,tgju.org/archive-tool,raw/tgju_raw.json,market-extract-4.2,2026-08-11T11:03:48+00:00,200,created_at|id|item_id|max|metadata|min|open|opts|price|status|updated_at|value,,W01
2026-03-01,,False,20:00,Asia/Tehran,IRR_GOLD24,24K gold,gold,spot,free_market,close,iran_otc,secondary,3,268295000.0,IRR_per_gram,IRR,,log_return,tgju,geram24,tgju.org/archive-tool,raw/tgju_raw.json,market-extract-4.2,2026-08-11T11:03:48+00:00,200,created_at|id|item_id|max|metadata|min|open|opts|price|status|updated_at|value,,W01
2026-03-02,,False,20:00,Asia/Tehran,IRR_GOLD24,24K gold,gold,spot,free_market,close,iran_otc,secondary,3,268295000.0,IRR_per_gram,IRR,,log_return,tgju,geram24,tgju.org/archive-tool,raw/tgju_raw.json,market-extract-4.2,2026-08-11T11:03:48+00:00,200,created_at|id|item_id|max|metadata|min|open|opts|price|status|updated_at|value,,W01
2026-03-03,,False,20:00,Asia/Tehran,IRR_GOLD24,24K gold,gold,spot,free_market,close,iran_otc,secondary,3,268311000.0,IRR_per_gram,IRR,,log_return,tgju,geram24,tgju.org/archive-tool,raw/tgju_raw.json,market-extract-4.2,2026-08-11T11:03:48+00:00,200,created_at|id|item_id|max|metadata|min|open|opts|price|status|updated_at|value,,W01
2026-03-04,,False,20:00,Asia/Tehran,IRR_GOLD24,24K gold,gold,spot,free_market,close,iran_otc,secondary,3,268298000.0,IRR_per_gram,IRR,,log_return,tgju,geram24,tgju.org/archive-tool,raw/tgju_raw.json,market-extract-4.2,2026-08-11T11:03:48+00:00,200,created_at|id|item_id|max|metadata|min|open|opts|price|status|updated_at|value,,W01
2026-03-05,,False,20:00,Asia/Tehran,IRR_GOLD24,24K gold,gold,spot,free_market,close,iran_otc,secondary,3,268298000.0,IRR_per_gram,IRR,,log_return,tgju,geram24,tgju.org/archive-tool,raw/tgju_raw.json,market-extract-4.2,2026-08-11T11:03:48+00:00,200,created_at|id|item_id|max|metadata|min|open|opts|price|status|updated_at|value,,W01
2026-03-06,,False,20:00,Asia/Tehran,IRR_GOLD24,24K gold,gold,spot,free_market,close,iran_otc,secondary,3,268298000.0,IRR_per_gram,IRR,,log_return,tgju,geram24,tgju.org/archive-tool,raw/tgju_raw.json,market-extract-4.2,2026-08-11T11:03:48+00:00,200,created_at|id|item_id|max|metadata|min|open|opts|price|status|updated_at|value,,W01
2026-03-07,,False,20:00,Asia/Tehran,IRR_GOLD24,24K gold,gold,spot,free_market,close,iran_otc,secondary,3,268304000.0,IRR_per_gram,IRR,,log_return,tgju,geram24,tgju.org/archive-tool,raw/tgju_raw.json,market-extract-4.2,2026-08-11T11:03:48+00:00,200,created_at|id|item_id|max|metadata|min|open|opts|price|status|updated_at|value,,W02
2026-03-08,,False,20:00,Asia/Tehran,IRR_GOLD24,24K gold,gold,spot,free_market,close,iran_otc,secondary,3,268317000.0,IRR_per_gram,IRR,,log_return,tgju,geram24,tgju.org/archive-tool,raw/tgju_raw.json,market-extract-4.2,2026-08-11T11:03:48+00:00,200,created_at|id|item_id|max|metadata|min|open|opts|price|status|updated_at|value,,W02
2026-03-09,,False,20:00,Asia/Tehran,IRR_GOLD24,24K gold,gold,spot,free_market,close,iran_otc,secondary,3,268298000.0,IRR_per_gram,IRR,,log_return,tgju,geram24,tgju.org/archive-tool,raw/tgju_raw.json,market-extract-4.2,2026-08-11T11:03:48+00:00,200,created_at|id|item_id|max|metadata|min|open|opts|price|status|updated_at|value,,W02
2026-03-10,,False,20:00,Asia/Tehran,IRR_GOLD24,24K gold,gold,spot,free_market,close,iran_otc,secondary,3,268298000.0,IRR_per_gram,IRR,,log_return,tgju,geram24,tgju.org/archive-tool,raw/tgju_raw.json,market-extract-4.2,2026-08-11T11:03:48+00:00,200,created_at|id|item_id|max|metadata|min|open|opts|price|status|updated_at|value,,W02
2026-03-11,,False,20:00,Asia/Tehran,IRR_GOLD24,24K gold,gold,spot,free_market,close,iran_otc,secondary,3,268304000.0,IRR_per_gram,IRR,,log_return,tgju,geram24,tgju.org/archive-tool,raw/tgju_raw.json,market-extract-4.2,2026-08-11T11:03:48+00:00,200,created_at|id|item_id|max|metadata|min|open|opts|price|status|updated_at|value,,W02
2026-03-12,,False,20:00,Asia/Tehran,IRR_GOLD24,24K gold,gold,spot,free_market,close,iran_otc,secondary,3,268301000.0,IRR_per_gram,IRR,,log_return,tgju,geram24,tgju.org/archive-tool,raw/tgju_raw.json,market-extract-4.2,2026-08-11T11:03:48+00:00,200,created_at|id|item_id|max|metadata|min|open|opts|price|status|updated_at|value,,W02
2026-03-13,,False,20:00,Asia/Tehran,IRR_GOLD24,24K gold,gold,spot,free_market,close,iran_otc,secondary,3,268301000.0,IRR_per_gram,IRR,,log_return,tgju,geram24,tgju.org/archive-tool,raw/tgju_raw.json,market-extract-4.2,2026-08-11T11:03:48+00:00,200,created_at|id|item_id|max|metadata|min|open|opts|price|status|updated_at|value,,W02
2026-03-14,,False,20:00,Asia/Tehran,IRR_GOLD24,24K gold,gold,spot,free_market,close,iran_otc,secondary,3,268295000.0,IRR_per_gram,IRR,,log_return,tgju,geram24,tgju.org/archive-tool,raw/tgju_raw.json,market-extract-4.2,2026-08-11T11:03:48+00:00,200,created_at|id|item_id|max|metadata|min|open|opts|price|status|updated_at|value,,W03
2026-03-15,,False,20:00,Asia/Tehran,IRR_GOLD24,24K gold,gold,spot,free_market,close,iran_otc,secondary,3,238500000.0,IRR_per_gram,IRR,,log_return,tgju,geram24,tgju.org/archive-tool,raw/tgju_raw.json,market-extract-4.2,2026-08-11T11:03:48+00:00,200,created_at|id|item_id|max|metadata|min|open|opts|price|status|updated_at|value,,W03
2026-03-16,,False,20:00,Asia/Tehran,IRR_GOLD24,24K gold,gold,spot,free_market,close,iran_otc,secondary,3,226000000.0,IRR_per_gram,IRR,,log_return,tgju,geram24,tgju.org/archive-tool,raw/tgju_raw.json,market-extract-4.2,2026-08-11T11:03:48+00:00,200,created_at|id|item_id|max|metadata|min|open|opts|price|status|updated_at|value,,W03
2026-03-17,,False,20:00,Asia/Tehran,IRR_GOLD24,24K gold,gold,spot,free_market,close,iran_otc,secondary,3,232387491.0,IRR_per_gram,IRR,,log_return,tgju,geram24,tgju.org/archive-tool,raw/tgju_raw.json,market-extract-4.2,2026-08-11T11:03:48+00:00,200,created_at|id|item_id|max|metadata|min|open|opts|price|status|updated_at|value,,W03
2026-03-18,,False,20:00,Asia/Tehran,IRR_GOLD24,24K gold,gold,spot,free_market,close,iran_otc,secondary,3,237236000.0,IRR_per_gram,IRR,,log_return,tgju,geram24,tgju.org/archive-tool,raw/tgju_raw.json,market-extract-4.2,2026-08-11T11:03:48+00:00,200,created_at|id|item_id|max|metadata|min|open|opts|price|status|updated_at|value,,W03
2026-03-19,,False,20:00,Asia/Tehran,IRR_GOLD24,24K gold,gold,spot,free_market,close,iran_otc,secondary,3,235187837.0,IRR_per_gram,IRR,,log_return,tgju,geram24,tgju.org/archive-tool,raw/tgju_raw.json,market-extract-4.2,2026-08-11T11:03:48+00:00,200,created_at|id|item_id|max|metadata|min|open|opts|price|status|updated_at|value,,W03
2026-03-20,,False,20:00,Asia/Tehran,IRR_GOLD24,24K gold,gold,spot,free_market,close,iran_otc,secondary,3,235187837.0,IRR_per_gram,IRR,,log_return,tgju,geram24,tgju.org/archive-tool,raw/tgju_raw.json,market-extract-4.2,2026-08-11T11:03:48+00:00,200,created_at|id|item_id|max|metadata|min|open|opts|price|status|updated_at|value,,W03
2026-03-21,,False,20:00,Asia/Tehran,IRR_GOLD24,24K gold,gold,spot,free_market,close,iran_otc,secondary,3,235187837.0,IRR_per_gram,IRR,,log_return,tgju,geram24,tgju.org/archive-tool,raw/tgju_raw.json,market-extract-4.2,2026-08-11T11:03:48+00:00,200,created_at|id|item_id|max|metadata|min|open|opts|price|status|updated_at|value,,W04
2026-03-22,,False,20:00,Asia/Tehran,IRR_GOLD24,24K gold,gold,spot,free_market,close,iran_otc,secondary,3,232397000.0,IRR_per_gram,IRR,,log_return,tgju,geram24,tgju.org/archive-tool,raw/tgju_raw.json,market-extract-4.2,2026-08-11T11:03:48+00:00,200,created_at|id|item_id|max|metadata|min|open|opts|price|status|updated_at|value,,W04
2026-03-23,,False,20:00,Asia/Tehran,IRR_GOLD24,24K gold,gold,spot,free_market,close,iran_otc,secondary,3,232397000.0,IRR_per_gram,IRR,,log_return,tgju,geram24,tgju.org/archive-tool,raw/tgju_raw.json,market-extract-4.2,2026-08-11T11:03:48+00:00,200,created_at|id|item_id|max|metadata|min|open|opts|price|status|updated_at|value,,W04
2026-03-24,,False,20:00,Asia/Tehran,IRR_GOLD24,24K gold,gold,spot,free_market,close,iran_otc,secondary,3,232400000.0,IRR_per_gram,IRR,,log_return,tgju,geram24,tgju.org/archive-tool,raw/tgju_raw.json,market-extract-4.2,2026-08-11T11:03:48+00:00,200,created_at|id|item_id|max|metadata|min|open|opts|price|status|updated_at|value,,W04
2026-03-25,,False,20:00,Asia/Tehran,IRR_GOLD24,24K gold,gold,spot,free_market,close,iran_otc,secondary,3,233964000.0,IRR_per_gram,IRR,,log_return,tgju,geram24,tgju.org/archive-tool,raw/tgju_raw.json,market-extract-4.2,2026-08-11T11:03:48+00:00,200,created_at|id|item_id|max|metadata|min|open|opts|price|status|updated_at|value,,W04
2026-03-26,,False,20:00,Asia/Tehran,IRR_GOLD24,24K gold,gold,spot,free_market,close,iran_otc,secondary,3,233213000.0,IRR_per_gram,IRR,,log_return,tgju,geram24,tgju.org/archive-tool,raw/tgju_raw.json,market-extract-4.2,2026-08-11T11:03:48+00:00,200,created_at|id|item_id|max|metadata|min|open|opts|price|status|updated_at|value,,W04
2026-03-27,,False,20:00,Asia/Tehran,IRR_GOLD24,24K gold,gold,spot,free_market,close,iran_otc,secondary,3,233213000.0,IRR_per_gram,IRR,,log_return,tgju,geram24,tgju.org/archive-tool,raw/tgju_raw.json,market-extract-4.2,2026-08-11T11:03:48+00:00,200,created_at|id|item_id|max|metadata|min|open|opts|price|status|updated_at|value,,W04
2026-03-28,,False,20:00,Asia/Tehran,IRR_GOLD24,24K gold,gold,spot,free_market,close,iran_otc,secondary,3,233201000.0,IRR_per_gram,IRR,,log_return,tgju,geram24,tgju.org/archive-tool,raw/tgju_raw.json,market-extract-4.2,2026-08-11T11:03:48+00:00,200,created_at|id|item_id|max|metadata|min|open|opts|price|status|updated_at|value,,W05
2026-03-29,,False,20:00,Asia/Tehran,IRR_GOLD24,24K gold,gold,spot,free_market,close,iran_otc,secondary,3,233213000.0,IRR_per_gram,IRR,,log_return,tgju,geram24,tgju.org/archive-tool,raw/tgju_raw.json,market-extract-4.2,2026-08-11T11:03:48+00:00,200,created_at|id|item_id|max|metadata|min|open|opts|price|status|updated_at|value,,W05
2026-03-30,,False,20:00,Asia/Tehran,IRR_GOLD24,24K gold,gold,spot,free_market,close,iran_otc,secondary,3,233183000.0,IRR_per_gram,IRR,,log_return,tgju,geram24,tgju.org/archive-tool,raw/tgju_raw.json,market-extract-4.2,2026-08-11T11:03:48+00:00,200,created_at|id|item_id|max|metadata|min|open|opts|price|status|updated_at|value,,W05
2026-03-31,,False,20:00,Asia/Tehran,IRR_GOLD24,24K gold,gold,spot,free_market,close,iran_otc,secondary,3,233186000.0,IRR_per_gram,IRR,,log_return,tgju,geram24,tgju.org/archive-tool,raw/tgju_raw.json,market-extract-4.2,2026-08-11T11:03:48+00:00,200,created_at|id|item_id|max|metadata|min|open|opts|price|status|updated_at|value,,W05
2026-04-01,,False,20:00,Asia/Tehran,IRR_GOLD24,24K gold,gold,spot,free_market,close,iran_otc,secondary,3,233201000.0,IRR_per_gram,IRR,,log_return,tgju,geram24,tgju.org/archive-tool,raw/tgju_raw.json,market-extract-4.2,2026-08-11T11:03:48+00:00,200,created_at|id|item_id|max|metadata|min|open|opts|price|status|updated_at|value,,W05
2026-04-02,,False,20:00,Asia/Tehran,IRR_GOLD24,24K gold,gold,spot,free_market,close,iran_otc,secondary,3,233183000.0,IRR_per_gram,IRR,,log_return,tgju,geram24,tgju.org/archive-tool,raw/tgju_raw.json,market-extract-4.2,2026-08-11T11:03:48+00:00,200,created_at|id|item_id|max|metadata|min|open|opts|price|status|updated_at|value,,W05
2026-04-03,,False,20:00,Asia/Tehran,IRR_GOLD24,24K gold,gold,spot,free_market,close,iran_otc,secondary,3,233183000.0,IRR_per_gram,IRR,,log_return,tgju,geram24,tgju.org/archive-tool,raw/tgju_raw.json,market-extract-4.2,2026-08-11T11:03:48+00:00,200,created_at|id|item_id|max|metadata|min|open|opts|price|status|updated_at|value,,W05
2026-04-04,,False,20:00,Asia/Tehran,IRR_GOLD24,24K gold,gold,spot,free_market,close,iran_otc,secondary,3,233210000.0,IRR_per_gram,IRR,,log_return,tgju,geram24,tgju.org/archive-tool,raw/tgju_raw.json,market-extract-4.2,2026-08-11T11:03:48+00:00,200,created_at|id|item_id|max|metadata|min|open|opts|price|status|updated_at|value,,W06
2026-04-05,,False,20:00,Asia/Tehran,IRR_GOLD24,24K gold,gold,spot,free_market,close,iran_otc,secondary,3,238531000.0,IRR_per_gram,IRR,,log_return,tgju,geram24,tgju.org/archive-tool,raw/tgju_raw.json,market-extract-4.2,2026-08-11T11:03:48+00:00,200,created_at|id|item_id|max|metadata|min|open|opts|price|status|updated_at|value,,W06
2026-04-06,,False,20:00,Asia/Tehran,IRR_GOLD24,24K gold,gold,spot,free_market,close,iran_otc,secondary,3,238556000.0,IRR_per_gram,IRR,,log_return,tgju,geram24,tgju.org/archive-tool,raw/tgju_raw.json,market-extract-4.2,2026-08-11T11:03:48+00:00,200,created_at|id|item_id|max|metadata|min|open|opts|price|status|updated_at|value,,W06
2026-04-07,,False,20:00,Asia/Tehran,IRR_GOLD24,24K gold,gold,spot,free_market,close,iran_otc,secondary,3,240089000.0,IRR_per_gram,IRR,,log_return,tgju,geram24,tgju.org/archive-tool,raw/tgju_raw.json,market-extract-4.2,2026-08-11T11:03:48+00:00,200,created_at|id|item_id|max|metadata|min|open|opts|price|status|updated_at|value,,W06
2026-04-08,,False,20:00,Asia/Tehran,IRR_GOLD24,24K gold,gold,spot,free_market,close,iran_otc,secondary,3,239608000.0,IRR_per_gram,IRR,,log_return,tgju,geram24,tgju.org/archive-tool,raw/tgju_raw.json,market-extract-4.2,2026-08-11T11:03:48+00:00,200,created_at|id|item_id|max|metadata|min|open|opts|price|status|updated_at|value,,W06
2026-04-09,,False,20:00,Asia/Tehran,IRR_GOLD24,24K gold,gold,spot,free_market,close,iran_otc,secondary,3,240399000.0,IRR_per_gram,IRR,,log_return,tgju,geram24,tgju.org/archive-tool,raw/tgju_raw.json,market-extract-4.2,2026-08-11T11:03:48+00:00,200,created_at|id|item_id|max|metadata|min|open|opts|price|status|updated_at|value,,W06
2026-04-10,,False,20:00,Asia/Tehran,IRR_GOLD24,24K gold,gold,spot,free_market,close,iran_otc,secondary,3,240399000.0,IRR_per_gram,IRR,,log_return,tgju,geram24,tgju.org/archive-tool,raw/tgju_raw.json,market-extract-4.2,2026-08-11T11:03:48+00:00,200,created_at|id|item_id|max|metadata|min|open|opts|price|status|updated_at|value,,W06
2026-04-11,,False,20:00,Asia/Tehran,IRR_GOLD24,24K gold,gold,spot,free_market,close,iran_otc,secondary,3,234530000.0,IRR_per_gram,IRR,,log_return,tgju,geram24,tgju.org/archive-tool,raw/tgju_raw.json,market-extract-4.2,2026-08-11T11:03:48+00:00,200,created_at|id|item_id|max|metadata|min|open|opts|price|status|updated_at|value,,W07
2026-04-12,,False,20:00,Asia/Tehran,IRR_GOLD24,24K gold,gold,spot,free_market,close,iran_otc,secondary,3,238999000.0,IRR_per_gram,IRR,,log_return,tgju,geram24,tgju.org/archive-tool,raw/tgju_raw.json,market-extract-4.2,2026-08-11T11:03:48+00:00,200,created_at|id|item_id|max|metadata|min|open|opts|price|status|updated_at|value,,W07
2026-04-13,,False,20:00,Asia/Tehran,IRR_GOLD24,24K gold,gold,spot,free_market,close,iran_otc,secondary,3,241012000.0,IRR_per_gram,IRR,,log_return,tgju,geram24,tgju.org/archive-tool,raw/tgju_raw.json,market-extract-4.2,2026-08-11T11:03:48+00:00,200,created_at|id|item_id|max|metadata|min|open|opts|price|status|updated_at|value,,W07
2026-04-14,,False,20:00,Asia/Tehran,IRR_GOLD24,24K gold,gold,spot,free_market,close,iran_otc,secondary,3,241000000.0,IRR_per_gram,IRR,,log_return,tgju,geram24,tgju.org/archive-tool,raw/tgju_raw.json,market-extract-4.2,2026-08-11T11:03:48+00:00,200,created_at|id|item_id|max|metadata|min|open|opts|price|status|updated_at|value,,W07
2026-04-15,,False,20:00,Asia/Tehran,IRR_GOLD24,24K gold,gold,spot,free_market,close,iran_otc,secondary,3,234865000.0,IRR_per_gram,IRR,,log_return,tgju,geram24,tgju.org/archive-tool,raw/tgju_raw.json,market-extract-4.2,2026-08-11T11:03:48+00:00,200,created_at|id|item_id|max|metadata|min|open|opts|price|status|updated_at|value,,W07
2026-04-16,,False,20:00,Asia/Tehran,IRR_GOLD24,24K gold,gold,spot,free_market,close,iran_otc,secondary,3,233701000.0,IRR_per_gram,IRR,,log_return,tgju,geram24,tgju.org/archive-tool,raw/tgju_raw.json,market-extract-4.2,2026-08-11T11:03:48+00:00,200,created_at|id|item_id|max|metadata|min|open|opts|price|status|updated_at|value,,W07
2026-04-17,,False,20:00,Asia/Tehran,IRR_GOLD24,24K gold,gold,spot,free_market,close,iran_otc,secondary,3,233701000.0,IRR_per_gram,IRR,,log_return,tgju,geram24,tgju.org/archive-tool,raw/tgju_raw.json,market-extract-4.2,2026-08-11T11:03:48+00:00,200,created_at|id|item_id|max|metadata|min|open|opts|price|status|updated_at|value,,W07
2026-04-18,,False,20:00,Asia/Tehran,IRR_GOLD24,24K gold,gold,spot,free_market,close,iran_otc,secondary,3,228857000.0,IRR_per_gram,IRR,,log_return,tgju,geram24,tgju.org/archive-tool,raw/tgju_raw.json,market-extract-4.2,2026-08-11T11:03:48+00:00,200,created_at|id|item_id|max|metadata|min|open|opts|price|status|updated_at|value,,W08
2026-04-19,,False,20:00,Asia/Tehran,IRR_GOLD24,24K gold,gold,spot,free_market,close,iran_otc,secondary,3,228582000.0,IRR_per_gram,IRR,,log_return,tgju,geram24,tgju.org/archive-tool,raw/tgju_raw.json,market-extract-4.2,2026-08-11T11:03:48+00:00,200,created_at|id|item_id|max|metadata|min|open|opts|price|status|updated_at|value,,W08
2026-04-20,,False,20:00,Asia/Tehran,IRR_GOLD24,24K gold,gold,spot,free_market,close,iran_otc,secondary,3,227426000.0,IRR_per_gram,IRR,,log_return,tgju,geram24,tgju.org/archive-tool,raw/tgju_raw.json,market-extract-4.2,2026-08-11T11:03:48+00:00,200,created_at|id|item_id|max|metadata|min|open|opts|price|status|updated_at|value,,W08
2026-04-21,,False,20:00,Asia/Tehran,IRR_GOLD24,24K gold,gold,spot,free_market,close,iran_otc,secondary,3,228182000.0,IRR_per_gram,IRR,,log_return,tgju,geram24,tgju.org/archive-tool,raw/tgju_raw.json,market-extract-4.2,2026-08-11T11:03:48+00:00,200,created_at|id|item_id|max|metadata|min|open|opts|price|status|updated_at|value,,W08
2026-04-22,,False,20:00,Asia/Tehran,IRR_GOLD24,24K gold,gold,spot,free_market,close,iran_otc,secondary,3,230085000.0,IRR_per_gram,IRR,,log_return,tgju,geram24,tgju.org/archive-tool,raw/tgju_raw.json,market-extract-4.2,2026-08-11T11:03:48+00:00,200,created_at|id|item_id|max|metadata|min|open|opts|price|status|updated_at|value,,W08
2026-04-23,,False,20:00,Asia/Tehran,IRR_GOLD24,24K gold,gold,spot,free_market,close,iran_otc,secondary,3,229322000.0,IRR_per_gram,IRR,,log_return,tgju,geram24,tgju.org/archive-tool,raw/tgju_raw.json,market-extract-4.2,2026-08-11T11:03:48+00:00,200,created_at|id|item_id|max|metadata|min|open|opts|price|status|updated_at|value,,W08
2026-04-24,,False,20:00,Asia/Tehran,IRR_GOLD24,24K gold,gold,spot,free_market,close,iran_otc,secondary,3,229322000.0,IRR_per_gram,IRR,,log_return,tgju,geram24,tgju.org/archive-tool,raw/tgju_raw.json,market-extract-4.2,2026-08-11T11:03:48+00:00,200,created_at|id|item_id|max|metadata|min|open|opts|price|status|updated_at|value,,W08
2026-04-25,,False,20:00,Asia/Tehran,IRR_GOLD24,24K gold,gold,spot,free_market,close,iran_otc,secondary,3,230239000.0,IRR_per_gram,IRR,,log_return,tgju,geram24,tgju.org/archive-tool,raw/tgju_raw.json,market-extract-4.2,2026-08-11T11:03:48+00:00,200,created_at|id|item_id|max|metadata|min|open|opts|price|status|updated_at|value,,W09
2026-04-26,,False,20:00,Asia/Tehran,IRR_GOLD24,24K gold,gold,spot,free_market,close,iran_otc,secondary,3,228986000.0,IRR_per_gram,IRR,,log_return,tgju,geram24,tgju.org/archive-tool,raw/tgju_raw.json,market-extract-4.2,2026-08-11T11:03:48+00:00,200,created_at|id|item_id|max|metadata|min|open|opts|price|status|updated_at|value,,W09
2026-04-27,,False,20:00,Asia/Tehran,IRR_GOLD24,24K gold,gold,spot,free_market,close,iran_otc,secondary,3,235324000.0,IRR_per_gram,IRR,,log_return,tgju,geram24,tgju.org/archive-tool,raw/tgju_raw.json,market-extract-4.2,2026-08-11T11:03:48+00:00,200,created_at|id|item_id|max|metadata|min|open|opts|price|status|updated_at|value,,W09
2026-04-28,,False,20:00,Asia/Tehran,IRR_GOLD24,24K gold,gold,spot,free_market,close,iran_otc,secondary,3,249323000.0,IRR_per_gram,IRR,,log_return,tgju,geram24,tgju.org/archive-tool,raw/tgju_raw.json,market-extract-4.2,2026-08-11T11:03:48+00:00,200,created_at|id|item_id|max|metadata|min|open|opts|price|status|updated_at|value,,W09
2026-04-29,,False,20:00,Asia/Tehran,IRR_GOLD24,24K gold,gold,spot,free_market,close,iran_otc,secondary,3,264716000.0,IRR_per_gram,IRR,,log_return,tgju,geram24,tgju.org/archive-tool,raw/tgju_raw.json,market-extract-4.2,2026-08-11T11:03:48+00:00,200,created_at|id|item_id|max|metadata|min|open|opts|price|status|updated_at|value,,W09
2026-04-30,,False,20:00,Asia/Tehran,IRR_GOLD24,24K gold,gold,spot,free_market,close,iran_otc,secondary,3,263487000.0,IRR_per_gram,IRR,,log_return,tgju,geram24,tgju.org/archive-tool,raw/tgju_raw.json,market-extract-4.2,2026-08-11T11:03:48+00:00,200,created_at|id|item_id|max|metadata|min|open|opts|price|status|updated_at|value,,W09
2026-05-01,,False,20:00,Asia/Tehran,IRR_GOLD24,24K gold,gold,spot,free_market,close,iran_otc,secondary,3,263487000.0,IRR_per_gram,IRR,,log_return,tgju,geram24,tgju.org/archive-tool,raw/tgju_raw.json,market-extract-4.2,2026-08-11T11:03:48+00:00,200,created_at|id|item_id|max|metadata|min|open|opts|price|status|updated_at|value,,W09
2026-05-02,,False,20:00,Asia/Tehran,IRR_GOLD24,24K gold,gold,spot,free_market,close,iran_otc,secondary,3,268107000.0,IRR_per_gram,IRR,,log_return,tgju,geram24,tgju.org/archive-tool,raw/tgju_raw.json,market-extract-4.2,2026-08-11T11:03:48+00:00,200,created_at|id|item_id|max|metadata|min|open|opts|price|status|updated_at|value,,W10
2026-05-03,,False,20:00,Asia/Tehran,IRR_GOLD24,24K gold,gold,spot,free_market,close,iran_otc,secondary,3,271158000.0,IRR_per_gram,IRR,,log_return,tgju,geram24,tgju.org/archive-tool,raw/tgju_raw.json,market-extract-4.2,2026-08-11T11:03:48+00:00,200,created_at|id|item_id|max|metadata|min|open|opts|price|status|updated_at|value,,W10
2026-05-04,,False,20:00,Asia/Tehran,IRR_GOLD24,24K gold,gold,spot,free_market,close,iran_otc,secondary,3,262847000.0,IRR_per_gram,IRR,,log_return,tgju,geram24,tgju.org/archive-tool,raw/tgju_raw.json,market-extract-4.2,2026-08-11T11:03:48+00:00,200,created_at|id|item_id|max|metadata|min|open|opts|price|status|updated_at|value,,W10
2026-05-05,,False,20:00,Asia/Tehran,IRR_GOLD24,24K gold,gold,spot,free_market,close,iran_otc,secondary,3,255463000.0,IRR_per_gram,IRR,,log_return,tgju,geram24,tgju.org/archive-tool,raw/tgju_raw.json,market-extract-4.2,2026-08-11T11:03:48+00:00,200,created_at|id|item_id|max|metadata|min|open|opts|price|status|updated_at|value,,W10
2026-05-06,,False,20:00,Asia/Tehran,IRR_GOLD24,24K gold,gold,spot,free_market,close,iran_otc,secondary,3,257639000.0,IRR_per_gram,IRR,,log_return,tgju,geram24,tgju.org/archive-tool,raw/tgju_raw.json,market-extract-4.2,2026-08-11T11:03:48+00:00,200,created_at|id|item_id|max|metadata|min|open|opts|price|status|updated_at|value,,W10
2026-05-07,,False,20:00,Asia/Tehran,IRR_GOLD24,24K gold,gold,spot,free_market,close,iran_otc,secondary,3,259772000.0,IRR_per_gram,IRR,,log_return,tgju,geram24,tgju.org/archive-tool,raw/tgju_raw.json,market-extract-4.2,2026-08-11T11:03:48+00:00,200,created_at|id|item_id|max|metadata|min|open|opts|price|status|updated_at|value,,W10
2026-05-08,,False,20:00,Asia/Tehran,IRR_GOLD24,24K gold,gold,spot,free_market,close,iran_otc,secondary,3,259772000.0,IRR_per_gram,IRR,,log_return,tgju,geram24,tgju.org/archive-tool,raw/tgju_raw.json,market-extract-4.2,2026-08-11T11:03:48+00:00,200,created_at|id|item_id|max|metadata|min|open|opts|price|status|updated_at|value,,W10
2026-05-09,,False,20:00,Asia/Tehran,IRR_GOLD24,24K gold,gold,spot,free_market,close,iran_otc,secondary,3,257639000.0,IRR_per_gram,IRR,,log_return,tgju,geram24,tgju.org/archive-tool,raw/tgju_raw.json,market-extract-4.2,2026-08-11T11:03:48+00:00,200,created_at|id|item_id|max|metadata|min|open|opts|price|status|updated_at|value,,W11
2026-05-10,,False,20:00,Asia/Tehran,IRR_GOLD24,24K gold,gold,spot,free_market,close,iran_otc,secondary,3,255583000.0,IRR_per_gram,IRR,,log_return,tgju,geram24,tgju.org/archive-tool,raw/tgju_raw.json,market-extract-4.2,2026-08-11T11:03:48+00:00,200,created_at|id|item_id|max|metadata|min|open|opts|price|status|updated_at|value,,W11
2026-05-11,,False,20:00,Asia/Tehran,IRR_GOLD24,24K gold,gold,spot,free_market,close,iran_otc,secondary,3,264103000.0,IRR_per_gram,IRR,,log_return,tgju,geram24,tgju.org/archive-tool,raw/tgju_raw.json,market-extract-4.2,2026-08-11T11:03:48+00:00,200,created_at|id|item_id|max|metadata|min|open|opts|price|status|updated_at|value,,W11
2026-05-12,,False,20:00,Asia/Tehran,IRR_GOLD24,24K gold,gold,spot,free_market,close,iran_otc,secondary,3,261170000.0,IRR_per_gram,IRR,,log_return,tgju,geram24,tgju.org/archive-tool,raw/tgju_raw.json,market-extract-4.2,2026-08-11T11:03:48+00:00,200,created_at|id|item_id|max|metadata|min|open|opts|price|status|updated_at|value,,W11
2026-05-13,,False,20:00,Asia/Tehran,IRR_GOLD24,24K gold,gold,spot,free_market,close,iran_otc,secondary,3,261151000.0,IRR_per_gram,IRR,,log_return,tgju,geram24,tgju.org/archive-tool,raw/tgju_raw.json,market-extract-4.2,2026-08-11T11:03:48+00:00,200,created_at|id|item_id|max|metadata|min|open|opts|price|status|updated_at|value,,W11
2026-05-14,,False,20:00,Asia/Tehran,IRR_GOLD24,24K gold,gold,spot,free_market,close,iran_otc,secondary,3,261274000.0,IRR_per_gram,IRR,,log_return,tgju,geram24,tgju.org/archive-tool,raw/tgju_raw.json,market-extract-4.2,2026-08-11T11:03:48+00:00,200,created_at|id|item_id|max|metadata|min|open|opts|price|status|updated_at|value,,W11
2026-05-15,,False,20:00,Asia/Tehran,IRR_GOLD24,24K gold,gold,spot,free_market,close,iran_otc,secondary,3,261274000.0,IRR_per_gram,IRR,,log_return,tgju,geram24,tgju.org/archive-tool,raw/tgju_raw.json,market-extract-4.2,2026-08-11T11:03:48+00:00,200,created_at|id|item_id|max|metadata|min|open|opts|price|status|updated_at|value,,W11
2026-05-16,,False,20:00,Asia/Tehran,IRR_GOLD24,24K gold,gold,spot,free_market,close,iran_otc,secondary,3,258757000.0,IRR_per_gram,IRR,,log_return,tgju,geram24,tgju.org/archive-tool,raw/tgju_raw.json,market-extract-4.2,2026-08-11T11:03:48+00:00,200,created_at|id|item_id|max|metadata|min|open|opts|price|status|updated_at|value,,W12
2026-05-17,,False,20:00,Asia/Tehran,IRR_GOLD24,24K gold,gold,spot,free_market,close,iran_otc,secondary,3,257002000.0,IRR_per_gram,IRR,,log_return,tgju,geram24,tgju.org/archive-tool,raw/tgju_raw.json,market-extract-4.2,2026-08-11T11:03:48+00:00,200,created_at|id|item_id|max|metadata|min|open|opts|price|status|updated_at|value,,W12
2026-05-18,,False,20:00,Asia/Tehran,IRR_GOLD24,24K gold,gold,spot,free_market,close,iran_otc,secondary,3,253148000.0,IRR_per_gram,IRR,,log_return,tgju,geram24,tgju.org/archive-tool,raw/tgju_raw.json,market-extract-4.2,2026-08-11T11:03:48+00:00,200,created_at|id|item_id|max|metadata|min|open|opts|price|status|updated_at|value,,W12
2026-05-19,,False,20:00,Asia/Tehran,IRR_GOLD24,24K gold,gold,spot,free_market,close,iran_otc,secondary,3,253001000.0,IRR_per_gram,IRR,,log_return,tgju,geram24,tgju.org/archive-tool,raw/tgju_raw.json,market-extract-4.2,2026-08-11T11:03:48+00:00,200,created_at|id|item_id|max|metadata|min|open|opts|price|status|updated_at|value,,W12
2026-05-20,,False,20:00,Asia/Tehran,IRR_GOLD24,24K gold,gold,spot,free_market,close,iran_otc,secondary,3,256254000.0,IRR_per_gram,IRR,,log_return,tgju,geram24,tgju.org/archive-tool,raw/tgju_raw.json,market-extract-4.2,2026-08-11T11:03:48+00:00,200,created_at|id|item_id|max|metadata|min|open|opts|price|status|updated_at|value,,W12
2026-05-21,,False,20:00,Asia/Tehran,IRR_GOLD24,24K gold,gold,spot,free_market,close,iran_otc,secondary,3,255334000.0,IRR_per_gram,IRR,,log_return,tgju,geram24,tgju.org/archive-tool,raw/tgju_raw.json,market-extract-4.2,2026-08-11T11:03:48+00:00,200,created_at|id|item_id|max|metadata|min|open|opts|price|status|updated_at|value,,W12
2026-05-22,,False,20:00,Asia/Tehran,IRR_GOLD24,24K gold,gold,spot,free_market,close,iran_otc,secondary,3,255334000.0,IRR_per_gram,IRR,,log_return,tgju,geram24,tgju.org/archive-tool,raw/tgju_raw.json,market-extract-4.2,2026-08-11T11:03:48+00:00,200,created_at|id|item_id|max|metadata|min|open|opts|price|status|updated_at|value,,W12
2026-05-23,,False,20:00,Asia/Tehran,IRR_GOLD24,24K gold,gold,spot,free_market,close,iran_otc,secondary,3,247448000.0,IRR_per_gram,IRR,,log_return,tgju,geram24,tgju.org/archive-tool,raw/tgju_raw.json,market-extract-4.2,2026-08-11T11:03:48+00:00,200,created_at|id|item_id|max|metadata|min|open|opts|price|status|updated_at|value,,W13
2026-05-24,,False,20:00,Asia/Tehran,IRR_GOLD24,24K gold,gold,spot,free_market,close,iran_otc,secondary,3,239316000.0,IRR_per_gram,IRR,,log_return,tgju,geram24,tgju.org/archive-tool,raw/tgju_raw.json,market-extract-4.2,2026-08-11T11:03:48+00:00,200,created_at|id|item_id|max|metadata|min|open|opts|price|status|updated_at|value,,W13
2026-05-25,,False,20:00,Asia/Tehran,IRR_GOLD24,24K gold,gold,spot,free_market,close,iran_otc,secondary,3,243453000.0,IRR_per_gram,IRR,,log_return,tgju,geram24,tgju.org/archive-tool,raw/tgju_raw.json,market-extract-4.2,2026-08-11T11:03:48+00:00,200,created_at|id|item_id|max|metadata|min|open|opts|price|status|updated_at|value,,W13
2026-05-26,,False,20:00,Asia/Tehran,IRR_GOLD24,24K gold,gold,spot,free_market,close,iran_otc,secondary,3,242862000.0,IRR_per_gram,IRR,,log_return,tgju,geram24,tgju.org/archive-tool,raw/tgju_raw.json,market-extract-4.2,2026-08-11T11:03:48+00:00,200,created_at|id|item_id|max|metadata|min|open|opts|price|status|updated_at|value,,W13
2026-05-27,,False,20:00,Asia/Tehran,IRR_GOLD24,24K gold,gold,spot,free_market,close,iran_otc,secondary,3,242862000.0,IRR_per_gram,IRR,,log_return,tgju,geram24,tgju.org/archive-tool,raw/tgju_raw.json,market-extract-4.2,2026-08-11T11:03:48+00:00,200,created_at|id|item_id|max|metadata|min|open|opts|price|status|updated_at|value,,W13
2026-05-28,,False,20:00,Asia/Tehran,IRR_GOLD24,24K gold,gold,spot,free_market,close,iran_otc,secondary,3,241763000.0,IRR_per_gram,IRR,,log_return,tgju,geram24,tgju.org/archive-tool,raw/tgju_raw.json,market-extract-4.2,2026-08-11T11:03:48+00:00,200,created_at|id|item_id|max|metadata|min|open|opts|price|status|updated_at|value,,W13
2026-05-29,,False,20:00,Asia/Tehran,IRR_GOLD24,24K gold,gold,spot,free_market,close,iran_otc,secondary,3,241763000.0,IRR_per_gram,IRR,,log_return,tgju,geram24,tgju.org/archive-tool,raw/tgju_raw.json,market-extract-4.2,2026-08-11T11:03:48+00:00,200,created_at|id|item_id|max|metadata|min|open|opts|price|status|updated_at|value,,W13
2026-05-30,,False,20:00,Asia/Tehran,IRR_GOLD24,24K gold,gold,spot,free_market,close,iran_otc,secondary,3,239756000.0,IRR_per_gram,IRR,,log_return,tgju,geram24,tgju.org/archive-tool,raw/tgju_raw.json,market-extract-4.2,2026-08-11T11:03:48+00:00,200,created_at|id|item_id|max|metadata|min|open|opts|price|status|updated_at|value,,W14
2026-05-31,,False,20:00,Asia/Tehran,IRR_GOLD24,24K gold,gold,spot,free_market,close,iran_otc,secondary,3,241606000.0,IRR_per_gram,IRR,,log_return,tgju,geram24,tgju.org/archive-tool,raw/tgju_raw.json,market-extract-4.2,2026-08-11T11:03:48+00:00,200,created_at|id|item_id|max|metadata|min|open|opts|price|status|updated_at|value,,W14
2026-06-01,,False,20:00,Asia/Tehran,IRR_GOLD24,24K gold,gold,spot,free_market,close,iran_otc,secondary,3,247790000.0,IRR_per_gram,IRR,,log_return,tgju,geram24,tgju.org/archive-tool,raw/tgju_raw.json,market-extract-4.2,2026-08-11T11:03:48+00:00,200,created_at|id|item_id|max|metadata|min|open|opts|price|status|updated_at|value,,W14
2026-06-02,,False,20:00,Asia/Tehran,IRR_GOLD24,24K gold,gold,spot,free_market,close,iran_otc,secondary,3,243000000.0,IRR_per_gram,IRR,,log_return,tgju,geram24,tgju.org/archive-tool,raw/tgju_raw.json,market-extract-4.2,2026-08-11T11:03:48+00:00,200,created_at|id|item_id|max|metadata|min|open|opts|price|status|updated_at|value,,W14
2026-06-03,,False,20:00,Asia/Tehran,IRR_GOLD24,24K gold,gold,spot,free_market,close,iran_otc,secondary,3,243690000.0,IRR_per_gram,IRR,,log_return,tgju,geram24,tgju.org/archive-tool,raw/tgju_raw.json,market-extract-4.2,2026-08-11T11:03:48+00:00,200,created_at|id|item_id|max|metadata|min|open|opts|price|status|updated_at|value,,W14
2026-06-04,,False,20:00,Asia/Tehran,IRR_GOLD24,24K gold,gold,spot,free_market,close,iran_otc,secondary,3,243690000.0,IRR_per_gram,IRR,,log_return,tgju,geram24,tgju.org/archive-tool,raw/tgju_raw.json,market-extract-4.2,2026-08-11T11:03:48+00:00,200,created_at|id|item_id|max|metadata|min|open|opts|price|status|updated_at|value,,W14
2026-06-05,,False,20:00,Asia/Tehran,IRR_GOLD24,24K gold,gold,spot,free_market,close,iran_otc,secondary,3,239772000.0,IRR_per_gram,IRR,,log_return,tgju,geram24,tgju.org/archive-tool,raw/tgju_raw.json,market-extract-4.2,2026-08-11T11:03:48+00:00,200,created_at|id|item_id|max|metadata|min|open|opts|price|status|updated_at|value,,W14
2026-06-06,,False,20:00,Asia/Tehran,IRR_GOLD24,24K gold,gold,spot,free_market,close,iran_otc,secondary,3,239772000.0,IRR_per_gram,IRR,,log_return,tgju,geram24,tgju.org/archive-tool,raw/tgju_raw.json,market-extract-4.2,2026-08-11T11:03:48+00:00,200,created_at|id|item_id|max|metadata|min|open|opts|price|status|updated_at|value,,W15
2026-06-07,,False,20:00,Asia/Tehran,IRR_GOLD24,24K gold,gold,spot,free_market,close,iran_otc,secondary,3,244072000.0,IRR_per_gram,IRR,,log_return,tgju,geram24,tgju.org/archive-tool,raw/tgju_raw.json,market-extract-4.2,2026-08-11T11:03:48+00:00,200,created_at|id|item_id|max|metadata|min|open|opts|price|status|updated_at|value,,W15
2026-06-08,,False,20:00,Asia/Tehran,IRR_GOLD24,24K gold,gold,spot,free_market,close,iran_otc,secondary,3,240840000.0,IRR_per_gram,IRR,,log_return,tgju,geram24,tgju.org/archive-tool,raw/tgju_raw.json,market-extract-4.2,2026-08-11T11:03:48+00:00,200,created_at|id|item_id|max|metadata|min|open|opts|price|status|updated_at|value,,W15
2026-06-09,,False,20:00,Asia/Tehran,IRR_GOLD24,24K gold,gold,spot,free_market,close,iran_otc,secondary,3,238999000.0,IRR_per_gram,IRR,,log_return,tgju,geram24,tgju.org/archive-tool,raw/tgju_raw.json,market-extract-4.2,2026-08-11T11:03:48+00:00,200,created_at|id|item_id|max|metadata|min|open|opts|price|status|updated_at|value,,W15
2026-06-10,,False,20:00,Asia/Tehran,IRR_GOLD24,24K gold,gold,spot,free_market,close,iran_otc,secondary,3,238854000.0,IRR_per_gram,IRR,,log_return,tgju,geram24,tgju.org/archive-tool,raw/tgju_raw.json,market-extract-4.2,2026-08-11T11:03:48+00:00,200,created_at|id|item_id|max|metadata|min|open|opts|price|status|updated_at|value,,W15
2026-06-11,,False,20:00,Asia/Tehran,IRR_GOLD24,24K gold,gold,spot,free_market,close,iran_otc,secondary,3,238223000.0,IRR_per_gram,IRR,,log_return,tgju,geram24,tgju.org/archive-tool,raw/tgju_raw.json,market-extract-4.2,2026-08-11T11:03:48+00:00,200,created_at|id|item_id|max|metadata|min|open|opts|price|status|updated_at|value,,W15
2026-06-12,,False,20:00,Asia/Tehran,IRR_GOLD24,24K gold,gold,spot,free_market,close,iran_otc,secondary,3,238223000.0,IRR_per_gram,IRR,,log_return,tgju,geram24,tgju.org/archive-tool,raw/tgju_raw.json,market-extract-4.2,2026-08-11T11:03:48+00:00,200,created_at|id|item_id|max|metadata|min|open|opts|price|status|updated_at|value,,W15
2026-06-13,,False,20:00,Asia/Tehran,IRR_GOLD24,24K gold,gold,spot,free_market,close,iran_otc,secondary,3,229608000.0,IRR_per_gram,IRR,,log_return,tgju,geram24,tgju.org/archive-tool,raw/tgju_raw.json,market-extract-4.2,2026-08-11T11:03:48+00:00,200,created_at|id|item_id|max|metadata|min|open|opts|price|status|updated_at|value,,W16
2026-06-14,,False,20:00,Asia/Tehran,IRR_GOLD24,24K gold,gold,spot,free_market,close,iran_otc,secondary,3,228401507.0,IRR_per_gram,IRR,,log_return,tgju,geram24,tgju.org/archive-tool,raw/tgju_raw.json,market-extract-4.2,2026-08-11T11:03:48+00:00,200,created_at|id|item_id|max|metadata|min|open|opts|price|status|updated_at|value,,W16
2026-06-15,,False,20:00,Asia/Tehran,IRR_GOLD24,24K gold,gold,spot,free_market,close,iran_otc,secondary,3,217290000.0,IRR_per_gram,IRR,,log_return,tgju,geram24,tgju.org/archive-tool,raw/tgju_raw.json,market-extract-4.2,2026-08-11T11:03:48+00:00,200,created_at|id|item_id|max|metadata|min|open|opts|price|status|updated_at|value,,W16
2026-06-16,,False,20:00,Asia/Tehran,IRR_GOLD24,24K gold,gold,spot,free_market,close,iran_otc,secondary,3,208690000.0,IRR_per_gram,IRR,,log_return,tgju,geram24,tgju.org/archive-tool,raw/tgju_raw.json,market-extract-4.2,2026-08-11T11:03:48+00:00,200,created_at|id|item_id|max|metadata|min|open|opts|price|status|updated_at|value,,W16
2026-06-17,,False,20:00,Asia/Tehran,IRR_GOLD24,24K gold,gold,spot,free_market,close,iran_otc,secondary,3,215757000.0,IRR_per_gram,IRR,,log_return,tgju,geram24,tgju.org/archive-tool,raw/tgju_raw.json,market-extract-4.2,2026-08-11T11:03:48+00:00,200,created_at|id|item_id|max|metadata|min|open|opts|price|status|updated_at|value,,W16
2026-06-18,,False,20:00,Asia/Tehran,IRR_GOLD24,24K gold,gold,spot,free_market,close,iran_otc,secondary,3,208853000.0,IRR_per_gram,IRR,,log_return,tgju,geram24,tgju.org/archive-tool,raw/tgju_raw.json,market-extract-4.2,2026-08-11T11:03:48+00:00,200,created_at|id|item_id|max|metadata|min|open|opts|price|status|updated_at|value,,W16
2026-06-19,,False,20:00,Asia/Tehran,IRR_GOLD24,24K gold,gold,spot,free_market,close,iran_otc,secondary,3,208853000.0,IRR_per_gram,IRR,,log_return,tgju,geram24,tgju.org/archive-tool,raw/tgju_raw.json,market-extract-4.2,2026-08-11T11:03:48+00:00,200,created_at|id|item_id|max|metadata|min|open|opts|price|status|updated_at|value,,W16
2026-06-20,,False,20:00,Asia/Tehran,IRR_GOLD24,24K gold,gold,spot,free_market,close,iran_otc,secondary,3,214683000.0,IRR_per_gram,IRR,,log_return,tgju,geram24,tgju.org/archive-tool,raw/tgju_raw.json,market-extract-4.2,2026-08-11T11:03:48+00:00,200,created_at|id|item_id|max|metadata|min|open|opts|price|status|updated_at|value,,W17
2026-06-21,,False,20:00,Asia/Tehran,IRR_GOLD24,24K gold,gold,spot,free_market,close,iran_otc,secondary,3,215468000.0,IRR_per_gram,IRR,,log_return,tgju,geram24,tgju.org/archive-tool,raw/tgju_raw.json,market-extract-4.2,2026-08-11T11:03:48+00:00,200,created_at|id|item_id|max|metadata|min|open|opts|price|status|updated_at|value,,W17
2026-06-22,,False,20:00,Asia/Tehran,IRR_GOLD24,24K gold,gold,spot,free_market,close,iran_otc,secondary,3,212467000.0,IRR_per_gram,IRR,,log_return,tgju,geram24,tgju.org/archive-tool,raw/tgju_raw.json,market-extract-4.2,2026-08-11T11:03:48+00:00,200,created_at|id|item_id|max|metadata|min|open|opts|price|status|updated_at|value,,W17
2026-06-23,,False,20:00,Asia/Tehran,IRR_GOLD24,24K gold,gold,spot,free_market,close,iran_otc,secondary,3,214467000.0,IRR_per_gram,IRR,,log_return,tgju,geram24,tgju.org/archive-tool,raw/tgju_raw.json,market-extract-4.2,2026-08-11T11:03:48+00:00,200,created_at|id|item_id|max|metadata|min|open|opts|price|status|updated_at|value,,W17
2026-06-24,,False,20:00,Asia/Tehran,IRR_GOLD24,24K gold,gold,spot,free_market,close,iran_otc,secondary,3,214467000.0,IRR_per_gram,IRR,,log_return,tgju,geram24,tgju.org/archive-tool,raw/tgju_raw.json,market-extract-4.2,2026-08-11T11:03:48+00:00,200,created_at|id|item_id|max|metadata|min|open|opts|price|status|updated_at|value,,W17
2026-06-25,,False,20:00,Asia/Tehran,IRR_GOLD24,24K gold,gold,spot,free_market,close,iran_otc,secondary,3,214467000.0,IRR_per_gram,IRR,,log_return,tgju,geram24,tgju.org/archive-tool,raw/tgju_raw.json,market-extract-4.2,2026-08-11T11:03:48+00:00,200,created_at|id|item_id|max|metadata|min|open|opts|price|status|updated_at|value,,W17
2026-06-26,,False,20:00,Asia/Tehran,IRR_GOLD24,24K gold,gold,spot,free_market,close,iran_otc,secondary,3,217776000.0,IRR_per_gram,IRR,,log_return,tgju,geram24,tgju.org/archive-tool,raw/tgju_raw.json,market-extract-4.2,2026-08-11T11:03:48+00:00,200,created_at|id|item_id|max|metadata|min|open|opts|price|status|updated_at|value,,W17
2026-06-27,,False,20:00,Asia/Tehran,IRR_GOLD24,24K gold,gold,spot,free_market,close,iran_otc,secondary,3,217776000.0,IRR_per_gram,IRR,,log_return,tgju,geram24,tgju.org/archive-tool,raw/tgju_raw.json,market-extract-4.2,2026-08-11T11:03:48+00:00,200,created_at|id|item_id|max|metadata|min|open|opts|price|status|updated_at|value,,W18
2026-06-28,,False,20:00,Asia/Tehran,IRR_GOLD24,24K gold,gold,spot,free_market,close,iran_otc,secondary,3,230531000.0,IRR_per_gram,IRR,,log_return,tgju,geram24,tgju.org/archive-tool,raw/tgju_raw.json,market-extract-4.2,2026-08-11T11:03:48+00:00,200,created_at|id|item_id|max|metadata|min|open|opts|price|status|updated_at|value,,W18
2026-06-29,,False,20:00,Asia/Tehran,IRR_GOLD24,24K gold,gold,spot,free_market,close,iran_otc,secondary,3,223772000.0,IRR_per_gram,IRR,,log_return,tgju,geram24,tgju.org/archive-tool,raw/tgju_raw.json,market-extract-4.2,2026-08-11T11:03:48+00:00,200,created_at|id|item_id|max|metadata|min|open|opts|price|status|updated_at|value,,W18
2026-06-30,,False,20:00,Asia/Tehran,IRR_GOLD24,24K gold,gold,spot,free_market,close,iran_otc,secondary,3,225474000.0,IRR_per_gram,IRR,,log_return,tgju,geram24,tgju.org/archive-tool,raw/tgju_raw.json,market-extract-4.2,2026-08-11T11:03:48+00:00,200,created_at|id|item_id|max|metadata|min|open|opts|price|status|updated_at|value,,W18
2026-07-01,,False,20:00,Asia/Tehran,IRR_GOLD24,24K gold,gold,spot,free_market,close,iran_otc,secondary,3,230091000.0,IRR_per_gram,IRR,,log_return,tgju,geram24,tgju.org/archive-tool,raw/tgju_raw.json,market-extract-4.2,2026-08-11T11:03:48+00:00,200,created_at|id|item_id|max|metadata|min|open|opts|price|status|updated_at|value,,W18
2026-07-02,,False,20:00,Asia/Tehran,IRR_GOLD24,24K gold,gold,spot,free_market,close,iran_otc,secondary,3,232834000.0,IRR_per_gram,IRR,,log_return,tgju,geram24,tgju.org/archive-tool,raw/tgju_raw.json,market-extract-4.2,2026-08-11T11:03:48+00:00,200,created_at|id|item_id|max|metadata|min|open|opts|price|status|updated_at|value,,W18
2026-07-03,,False,20:00,Asia/Tehran,IRR_GOLD24,24K gold,gold,spot,free_market,close,iran_otc,secondary,3,232834000.0,IRR_per_gram,IRR,,log_return,tgju,geram24,tgju.org/archive-tool,raw/tgju_raw.json,market-extract-4.2,2026-08-11T11:03:48+00:00,200,created_at|id|item_id|max|metadata|min|open|opts|price|status|updated_at|value,,W18
2026-07-04,,False,20:00,Asia/Tehran,IRR_GOLD24,24K gold,gold,spot,free_market,close,iran_otc,secondary,3,236377000.0,IRR_per_gram,IRR,,log_return,tgju,geram24,tgju.org/archive-tool,raw/tgju_raw.json,market-extract-4.2,2026-08-11T11:03:48+00:00,200,created_at|id|item_id|max|metadata|min|open|opts|price|status|updated_at|value,,W19
2026-07-05,,False,20:00,Asia/Tehran,IRR_GOLD24,24K gold,gold,spot,free_market,close,iran_otc,secondary,3,236377000.0,IRR_per_gram,IRR,,log_return,tgju,geram24,tgju.org/archive-tool,raw/tgju_raw.json,market-extract-4.2,2026-08-11T11:03:48+00:00,200,created_at|id|item_id|max|metadata|min|open|opts|price|status|updated_at|value,,W19
2026-07-06,,False,20:00,Asia/Tehran,IRR_GOLD24,24K gold,gold,spot,free_market,close,iran_otc,secondary,3,236497000.0,IRR_per_gram,IRR,,log_return,tgju,geram24,tgju.org/archive-tool,raw/tgju_raw.json,market-extract-4.2,2026-08-11T11:03:48+00:00,200,created_at|id|item_id|max|metadata|min|open|opts|price|status|updated_at|value,,W19
2026-07-07,,False,20:00,Asia/Tehran,IRR_GOLD24,24K gold,gold,spot,free_market,close,iran_otc,secondary,3,236540000.0,IRR_per_gram,IRR,,log_return,tgju,geram24,tgju.org/archive-tool,raw/tgju_raw.json,market-extract-4.2,2026-08-11T11:03:48+00:00,200,created_at|id|item_id|max|metadata|min|open|opts|price|status|updated_at|value,,W19
2026-07-08,,False,20:00,Asia/Tehran,IRR_GOLD24,24K gold,gold,spot,free_market,close,iran_otc,secondary,3,238442000.0,IRR_per_gram,IRR,,log_return,tgju,geram24,tgju.org/archive-tool,raw/tgju_raw.json,market-extract-4.2,2026-08-11T11:03:48+00:00,200,created_at|id|item_id|max|metadata|min|open|opts|price|status|updated_at|value,,W19
2026-07-09,,False,20:00,Asia/Tehran,IRR_GOLD24,24K gold,gold,spot,free_market,close,iran_otc,secondary,3,239156000.0,IRR_per_gram,IRR,,log_return,tgju,geram24,tgju.org/archive-tool,raw/tgju_raw.json,market-extract-4.2,2026-08-11T11:03:48+00:00,200,created_at|id|item_id|max|metadata|min|open|opts|price|status|updated_at|value,,W19
2026-07-10,,False,20:00,Asia/Tehran,IRR_GOLD24,24K gold,gold,spot,free_market,close,iran_otc,secondary,3,239156000.0,IRR_per_gram,IRR,,log_return,tgju,geram24,tgju.org/archive-tool,raw/tgju_raw.json,market-extract-4.2,2026-08-11T11:03:48+00:00,200,created_at|id|item_id|max|metadata|min|open|opts|price|status|updated_at|value,,W19
2026-07-11,,False,20:00,Asia/Tehran,IRR_GOLD24,24K gold,gold,spot,free_market,close,iran_otc,secondary,3,233012000.0,IRR_per_gram,IRR,,log_return,tgju,geram24,tgju.org/archive-tool,raw/tgju_raw.json,market-extract-4.2,2026-08-11T11:03:48+00:00,200,created_at|id|item_id|max|metadata|min|open|opts|price|status|updated_at|value,,W20
2026-07-12,,False,20:00,Asia/Tehran,IRR_GOLD24,24K gold,gold,spot,free_market,close,iran_otc,secondary,3,235469000.0,IRR_per_gram,IRR,,log_return,tgju,geram24,tgju.org/archive-tool,raw/tgju_raw.json,market-extract-4.2,2026-08-11T11:03:48+00:00,200,created_at|id|item_id|max|metadata|min|open|opts|price|status|updated_at|value,,W20
2026-07-13,,False,20:00,Asia/Tehran,IRR_GOLD24,24K gold,gold,spot,free_market,close,iran_otc,secondary,3,235761000.0,IRR_per_gram,IRR,,log_return,tgju,geram24,tgju.org/archive-tool,raw/tgju_raw.json,market-extract-4.2,2026-08-11T11:03:48+00:00,200,created_at|id|item_id|max|metadata|min|open|opts|price|status|updated_at|value,,W20
2026-07-14,,False,20:00,Asia/Tehran,IRR_GOLD24,24K gold,gold,spot,free_market,close,iran_otc,secondary,3,238556000.0,IRR_per_gram,IRR,,log_return,tgju,geram24,tgju.org/archive-tool,raw/tgju_raw.json,market-extract-4.2,2026-08-11T11:03:48+00:00,200,created_at|id|item_id|max|metadata|min|open|opts|price|status|updated_at|value,,W20
2026-07-15,,False,20:00,Asia/Tehran,IRR_GOLD24,24K gold,gold,spot,free_market,close,iran_otc,secondary,3,244801000.0,IRR_per_gram,IRR,,log_return,tgju,geram24,tgju.org/archive-tool,raw/tgju_raw.json,market-extract-4.2,2026-08-11T11:03:48+00:00,200,created_at|id|item_id|max|metadata|min|open|opts|price|status|updated_at|value,,W20
2026-07-16,,False,20:00,Asia/Tehran,IRR_GOLD24,24K gold,gold,spot,free_market,close,iran_otc,secondary,3,243265000.0,IRR_per_gram,IRR,,log_return,tgju,geram24,tgju.org/archive-tool,raw/tgju_raw.json,market-extract-4.2,2026-08-11T11:03:48+00:00,200,created_at|id|item_id|max|metadata|min|open|opts|price|status|updated_at|value,,W20
2026-07-17,,False,20:00,Asia/Tehran,IRR_GOLD24,24K gold,gold,spot,free_market,close,iran_otc,secondary,3,243265000.0,IRR_per_gram,IRR,,log_return,tgju,geram24,tgju.org/archive-tool,raw/tgju_raw.json,market-extract-4.2,2026-08-11T11:03:48+00:00,200,created_at|id|item_id|max|metadata|min|open|opts|price|status|updated_at|value,,W20
2026-07-18,,False,20:00,Asia/Tehran,IRR_GOLD24,24K gold,gold,spot,free_market,close,iran_otc,secondary,3,255174000.0,IRR_per_gram,IRR,,log_return,tgju,geram24,tgju.org/archive-tool,raw/tgju_raw.json,market-extract-4.2,2026-08-11T11:03:48+00:00,200,created_at|id|item_id|max|metadata|min|open|opts|price|status|updated_at|value,,W21
2026-07-19,,False,20:00,Asia/Tehran,IRR_GOLD24,24K gold,gold,spot,free_market,close,iran_otc,secondary,3,250231000.0,IRR_per_gram,IRR,,log_return,tgju,geram24,tgju.org/archive-tool,raw/tgju_raw.json,market-extract-4.2,2026-08-11T11:03:48+00:00,200,created_at|id|item_id|max|metadata|min|open|opts|price|status|updated_at|value,,W21
2026-07-20,,False,20:00,Asia/Tehran,IRR_GOLD24,24K gold,gold,spot,free_market,close,iran_otc,secondary,3,242456000.0,IRR_per_gram,IRR,,log_return,tgju,geram24,tgju.org/archive-tool,raw/tgju_raw.json,market-extract-4.2,2026-08-11T11:03:48+00:00,200,created_at|id|item_id|max|metadata|min|open|opts|price|status|updated_at|value,,W21
2026-07-21,,False,20:00,Asia/Tehran,IRR_GOLD24,24K gold,gold,spot,free_market,close,iran_otc,secondary,3,245934000.0,IRR_per_gram,IRR,,log_return,tgju,geram24,tgju.org/archive-tool,raw/tgju_raw.json,market-extract-4.2,2026-08-11T11:03:48+00:00,200,created_at|id|item_id|max|metadata|min|open|opts|price|status|updated_at|value,,W21
2026-07-22,,False,20:00,Asia/Tehran,IRR_GOLD24,24K gold,gold,spot,free_market,close,iran_otc,secondary,3,253376000.0,IRR_per_gram,IRR,,log_return,tgju,geram24,tgju.org/archive-tool,raw/tgju_raw.json,market-extract-4.2,2026-08-11T11:03:48+00:00,200,created_at|id|item_id|max|metadata|min|open|opts|price|status|updated_at|value,,W21
2026-02-28,,False,20:00,Asia/Tehran,IRR_COIN,Bahar Azadi full coin,gold,spot,free_market,close,iran_otc,secondary,2,2041450000.0,IRR_per_coin,IRR,,log_return,tgju,sekeb,tgju.org/archive-tool,raw/tgju_raw.json,market-extract-4.2,2026-08-11T11:03:48+00:00,200,created_at|id|item_id|max|metadata|min|open|opts|price|status|updated_at|value,,W01
2026-03-01,,False,20:00,Asia/Tehran,IRR_COIN,Bahar Azadi full coin,gold,spot,free_market,close,iran_otc,secondary,2,2041400000.0,IRR_per_coin,IRR,,log_return,tgju,sekeb,tgju.org/archive-tool,raw/tgju_raw.json,market-extract-4.2,2026-08-11T11:03:48+00:00,200,created_at|id|item_id|max|metadata|min|open|opts|price|status|updated_at|value,,W01
2026-03-02,,False,20:00,Asia/Tehran,IRR_COIN,Bahar Azadi full coin,gold,spot,free_market,close,iran_otc,secondary,2,2042600000.0,IRR_per_coin,IRR,,log_return,tgju,sekeb,tgju.org/archive-tool,raw/tgju_raw.json,market-extract-4.2,2026-08-11T11:03:48+00:00,200,created_at|id|item_id|max|metadata|min|open|opts|price|status|updated_at|value,,W01
2026-03-03,,False,20:00,Asia/Tehran,IRR_COIN,Bahar Azadi full coin,gold,spot,free_market,close,iran_otc,secondary,2,2042150000.0,IRR_per_coin,IRR,,log_return,tgju,sekeb,tgju.org/archive-tool,raw/tgju_raw.json,market-extract-4.2,2026-08-11T11:03:48+00:00,200,created_at|id|item_id|max|metadata|min|open|opts|price|status|updated_at|value,,W01
2026-03-04,,False,20:00,Asia/Tehran,IRR_COIN,Bahar Azadi full coin,gold,spot,free_market,close,iran_otc,secondary,2,2041300000.0,IRR_per_coin,IRR,,log_return,tgju,sekeb,tgju.org/archive-tool,raw/tgju_raw.json,market-extract-4.2,2026-08-11T11:03:48+00:00,200,created_at|id|item_id|max|metadata|min|open|opts|price|status|updated_at|value,,W01
2026-03-05,,False,20:00,Asia/Tehran,IRR_COIN,Bahar Azadi full coin,gold,spot,free_market,close,iran_otc,secondary,2,2041500000.0,IRR_per_coin,IRR,,log_return,tgju,sekeb,tgju.org/archive-tool,raw/tgju_raw.json,market-extract-4.2,2026-08-11T11:03:48+00:00,200,created_at|id|item_id|max|metadata|min|open|opts|price|status|updated_at|value,,W01
2026-03-06,,False,20:00,Asia/Tehran,IRR_COIN,Bahar Azadi full coin,gold,spot,free_market,close,iran_otc,secondary,2,2041500000.0,IRR_per_coin,IRR,,log_return,tgju,sekeb,tgju.org/archive-tool,raw/tgju_raw.json,market-extract-4.2,2026-08-11T11:03:48+00:00,200,created_at|id|item_id|max|metadata|min|open|opts|price|status|updated_at|value,,W01
2026-03-07,,False,20:00,Asia/Tehran,IRR_COIN,Bahar Azadi full coin,gold,spot,free_market,close,iran_otc,secondary,2,2041400000.0,IRR_per_coin,IRR,,log_return,tgju,sekeb,tgju.org/archive-tool,raw/tgju_raw.json,market-extract-4.2,2026-08-11T11:03:48+00:00,200,created_at|id|item_id|max|metadata|min|open|opts|price|status|updated_at|value,,W02
2026-03-08,,False,20:00,Asia/Tehran,IRR_COIN,Bahar Azadi full coin,gold,spot,free_market,close,iran_otc,secondary,2,2041400000.0,IRR_per_coin,IRR,,log_return,tgju,sekeb,tgju.org/archive-tool,raw/tgju_raw.json,market-extract-4.2,2026-08-11T11:03:48+00:00,200,created_at|id|item_id|max|metadata|min|open|opts|price|status|updated_at|value,,W02
2026-03-09,,False,20:00,Asia/Tehran,IRR_COIN,Bahar Azadi full coin,gold,spot,free_market,close,iran_otc,secondary,2,2041500000.0,IRR_per_coin,IRR,,log_return,tgju,sekeb,tgju.org/archive-tool,raw/tgju_raw.json,market-extract-4.2,2026-08-11T11:03:48+00:00,200,created_at|id|item_id|max|metadata|min|open|opts|price|status|updated_at|value,,W02
2026-03-10,,False,20:00,Asia/Tehran,IRR_COIN,Bahar Azadi full coin,gold,spot,free_market,close,iran_otc,secondary,2,2041200000.0,IRR_per_coin,IRR,,log_return,tgju,sekeb,tgju.org/archive-tool,raw/tgju_raw.json,market-extract-4.2,2026-08-11T11:03:48+00:00,200,created_at|id|item_id|max|metadata|min|open|opts|price|status|updated_at|value,,W02
2026-03-11,,False,20:00,Asia/Tehran,IRR_COIN,Bahar Azadi full coin,gold,spot,free_market,close,iran_otc,secondary,2,2041500000.0,IRR_per_coin,IRR,,log_return,tgju,sekeb,tgju.org/archive-tool,raw/tgju_raw.json,market-extract-4.2,2026-08-11T11:03:48+00:00,200,created_at|id|item_id|max|metadata|min|open|opts|price|status|updated_at|value,,W02
2026-03-12,,False,20:00,Asia/Tehran,IRR_COIN,Bahar Azadi full coin,gold,spot,free_market,close,iran_otc,secondary,2,2041200000.0,IRR_per_coin,IRR,,log_return,tgju,sekeb,tgju.org/archive-tool,raw/tgju_raw.json,market-extract-4.2,2026-08-11T11:03:48+00:00,200,created_at|id|item_id|max|metadata|min|open|opts|price|status|updated_at|value,,W02
2026-03-13,,False,20:00,Asia/Tehran,IRR_COIN,Bahar Azadi full coin,gold,spot,free_market,close,iran_otc,secondary,2,2041200000.0,IRR_per_coin,IRR,,log_return,tgju,sekeb,tgju.org/archive-tool,raw/tgju_raw.json,market-extract-4.2,2026-08-11T11:03:48+00:00,200,created_at|id|item_id|max|metadata|min|open|opts|price|status|updated_at|value,,W02
2026-03-14,,False,20:00,Asia/Tehran,IRR_COIN,Bahar Azadi full coin,gold,spot,free_market,close,iran_otc,secondary,2,2042800000.0,IRR_per_coin,IRR,,log_return,tgju,sekeb,tgju.org/archive-tool,raw/tgju_raw.json,market-extract-4.2,2026-08-11T11:03:48+00:00,200,created_at|id|item_id|max|metadata|min|open|opts|price|status|updated_at|value,,W03
2026-03-15,,False,20:00,Asia/Tehran,IRR_COIN,Bahar Azadi full coin,gold,spot,free_market,close,iran_otc,secondary,2,1685000000.0,IRR_per_coin,IRR,,log_return,tgju,sekeb,tgju.org/archive-tool,raw/tgju_raw.json,market-extract-4.2,2026-08-11T11:03:48+00:00,200,created_at|id|item_id|max|metadata|min|open|opts|price|status|updated_at|value,,W03
2026-03-16,,False,20:00,Asia/Tehran,IRR_COIN,Bahar Azadi full coin,gold,spot,free_market,close,iran_otc,secondary,2,1680000000.0,IRR_per_coin,IRR,,log_return,tgju,sekeb,tgju.org/archive-tool,raw/tgju_raw.json,market-extract-4.2,2026-08-11T11:03:48+00:00,200,created_at|id|item_id|max|metadata|min|open|opts|price|status|updated_at|value,,W03
2026-03-17,,False,20:00,Asia/Tehran,IRR_COIN,Bahar Azadi full coin,gold,spot,free_market,close,iran_otc,secondary,2,1685000000.0,IRR_per_coin,IRR,,log_return,tgju,sekeb,tgju.org/archive-tool,raw/tgju_raw.json,market-extract-4.2,2026-08-11T11:03:48+00:00,200,created_at|id|item_id|max|metadata|min|open|opts|price|status|updated_at|value,,W03
2026-03-18,,False,20:00,Asia/Tehran,IRR_COIN,Bahar Azadi full coin,gold,spot,free_market,close,iran_otc,secondary,2,1739000000.0,IRR_per_coin,IRR,,log_return,tgju,sekeb,tgju.org/archive-tool,raw/tgju_raw.json,market-extract-4.2,2026-08-11T11:03:48+00:00,200,created_at|id|item_id|max|metadata|min|open|opts|price|status|updated_at|value,,W03
2026-03-19,,False,20:00,Asia/Tehran,IRR_COIN,Bahar Azadi full coin,gold,spot,free_market,close,iran_otc,secondary,2,1778900000.0,IRR_per_coin,IRR,,log_return,tgju,sekeb,tgju.org/archive-tool,raw/tgju_raw.json,market-extract-4.2,2026-08-11T11:03:48+00:00,200,created_at|id|item_id|max|metadata|min|open|opts|price|status|updated_at|value,,W03
2026-03-20,,False,20:00,Asia/Tehran,IRR_COIN,Bahar Azadi full coin,gold,spot,free_market,close,iran_otc,secondary,2,1778900000.0,IRR_per_coin,IRR,,log_return,tgju,sekeb,tgju.org/archive-tool,raw/tgju_raw.json,market-extract-4.2,2026-08-11T11:03:48+00:00,200,created_at|id|item_id|max|metadata|min|open|opts|price|status|updated_at|value,,W03
2026-03-21,,False,20:00,Asia/Tehran,IRR_COIN,Bahar Azadi full coin,gold,spot,free_market,close,iran_otc,secondary,2,1778900000.0,IRR_per_coin,IRR,,log_return,tgju,sekeb,tgju.org/archive-tool,raw/tgju_raw.json,market-extract-4.2,2026-08-11T11:03:48+00:00,200,created_at|id|item_id|max|metadata|min|open|opts|price|status|updated_at|value,,W04
2026-03-22,,False,20:00,Asia/Tehran,IRR_COIN,Bahar Azadi full coin,gold,spot,free_market,close,iran_otc,secondary,2,1780200000.0,IRR_per_coin,IRR,,log_return,tgju,sekeb,tgju.org/archive-tool,raw/tgju_raw.json,market-extract-4.2,2026-08-11T11:03:48+00:00,200,created_at|id|item_id|max|metadata|min|open|opts|price|status|updated_at|value,,W04
2026-03-23,,False,20:00,Asia/Tehran,IRR_COIN,Bahar Azadi full coin,gold,spot,free_market,close,iran_otc,secondary,2,1780200000.0,IRR_per_coin,IRR,,log_return,tgju,sekeb,tgju.org/archive-tool,raw/tgju_raw.json,market-extract-4.2,2026-08-11T11:03:48+00:00,200,created_at|id|item_id|max|metadata|min|open|opts|price|status|updated_at|value,,W04
2026-03-24,,False,20:00,Asia/Tehran,IRR_COIN,Bahar Azadi full coin,gold,spot,free_market,close,iran_otc,secondary,2,1779900000.0,IRR_per_coin,IRR,,log_return,tgju,sekeb,tgju.org/archive-tool,raw/tgju_raw.json,market-extract-4.2,2026-08-11T11:03:48+00:00,200,created_at|id|item_id|max|metadata|min|open|opts|price|status|updated_at|value,,W04
2026-03-25,,False,20:00,Asia/Tehran,IRR_COIN,Bahar Azadi full coin,gold,spot,free_market,close,iran_otc,secondary,2,1780100000.0,IRR_per_coin,IRR,,log_return,tgju,sekeb,tgju.org/archive-tool,raw/tgju_raw.json,market-extract-4.2,2026-08-11T11:03:48+00:00,200,created_at|id|item_id|max|metadata|min|open|opts|price|status|updated_at|value,,W04
2026-03-26,,False,20:00,Asia/Tehran,IRR_COIN,Bahar Azadi full coin,gold,spot,free_market,close,iran_otc,secondary,2,1780000000.0,IRR_per_coin,IRR,,log_return,tgju,sekeb,tgju.org/archive-tool,raw/tgju_raw.json,market-extract-4.2,2026-08-11T11:03:48+00:00,200,created_at|id|item_id|max|metadata|min|open|opts|price|status|updated_at|value,,W04
2026-03-27,,False,20:00,Asia/Tehran,IRR_COIN,Bahar Azadi full coin,gold,spot,free_market,close,iran_otc,secondary,2,1780000000.0,IRR_per_coin,IRR,,log_return,tgju,sekeb,tgju.org/archive-tool,raw/tgju_raw.json,market-extract-4.2,2026-08-11T11:03:48+00:00,200,created_at|id|item_id|max|metadata|min|open|opts|price|status|updated_at|value,,W04
2026-03-28,,False,20:00,Asia/Tehran,IRR_COIN,Bahar Azadi full coin,gold,spot,free_market,close,iran_otc,secondary,2,1780100000.0,IRR_per_coin,IRR,,log_return,tgju,sekeb,tgju.org/archive-tool,raw/tgju_raw.json,market-extract-4.2,2026-08-11T11:03:48+00:00,200,created_at|id|item_id|max|metadata|min|open|opts|price|status|updated_at|value,,W05
2026-03-29,,False,20:00,Asia/Tehran,IRR_COIN,Bahar Azadi full coin,gold,spot,free_market,close,iran_otc,secondary,2,1780200000.0,IRR_per_coin,IRR,,log_return,tgju,sekeb,tgju.org/archive-tool,raw/tgju_raw.json,market-extract-4.2,2026-08-11T11:03:48+00:00,200,created_at|id|item_id|max|metadata|min|open|opts|price|status|updated_at|value,,W05
2026-03-30,,False,20:00,Asia/Tehran,IRR_COIN,Bahar Azadi full coin,gold,spot,free_market,close,iran_otc,secondary,2,1780200000.0,IRR_per_coin,IRR,,log_return,tgju,sekeb,tgju.org/archive-tool,raw/tgju_raw.json,market-extract-4.2,2026-08-11T11:03:48+00:00,200,created_at|id|item_id|max|metadata|min|open|opts|price|status|updated_at|value,,W05
2026-03-31,,False,20:00,Asia/Tehran,IRR_COIN,Bahar Azadi full coin,gold,spot,free_market,close,iran_otc,secondary,2,1779900000.0,IRR_per_coin,IRR,,log_return,tgju,sekeb,tgju.org/archive-tool,raw/tgju_raw.json,market-extract-4.2,2026-08-11T11:03:48+00:00,200,created_at|id|item_id|max|metadata|min|open|opts|price|status|updated_at|value,,W05
2026-04-01,,False,20:00,Asia/Tehran,IRR_COIN,Bahar Azadi full coin,gold,spot,free_market,close,iran_otc,secondary,2,1780200000.0,IRR_per_coin,IRR,,log_return,tgju,sekeb,tgju.org/archive-tool,raw/tgju_raw.json,market-extract-4.2,2026-08-11T11:03:48+00:00,200,created_at|id|item_id|max|metadata|min|open|opts|price|status|updated_at|value,,W05
2026-04-02,,False,20:00,Asia/Tehran,IRR_COIN,Bahar Azadi full coin,gold,spot,free_market,close,iran_otc,secondary,2,1780100000.0,IRR_per_coin,IRR,,log_return,tgju,sekeb,tgju.org/archive-tool,raw/tgju_raw.json,market-extract-4.2,2026-08-11T11:03:48+00:00,200,created_at|id|item_id|max|metadata|min|open|opts|price|status|updated_at|value,,W05
2026-04-03,,False,20:00,Asia/Tehran,IRR_COIN,Bahar Azadi full coin,gold,spot,free_market,close,iran_otc,secondary,2,1780100000.0,IRR_per_coin,IRR,,log_return,tgju,sekeb,tgju.org/archive-tool,raw/tgju_raw.json,market-extract-4.2,2026-08-11T11:03:48+00:00,200,created_at|id|item_id|max|metadata|min|open|opts|price|status|updated_at|value,,W05
2026-04-04,,False,20:00,Asia/Tehran,IRR_COIN,Bahar Azadi full coin,gold,spot,free_market,close,iran_otc,secondary,2,1780200000.0,IRR_per_coin,IRR,,log_return,tgju,sekeb,tgju.org/archive-tool,raw/tgju_raw.json,market-extract-4.2,2026-08-11T11:03:48+00:00,200,created_at|id|item_id|max|metadata|min|open|opts|price|status|updated_at|value,,W06
2026-04-05,,False,20:00,Asia/Tehran,IRR_COIN,Bahar Azadi full coin,gold,spot,free_market,close,iran_otc,secondary,2,1779800000.0,IRR_per_coin,IRR,,log_return,tgju,sekeb,tgju.org/archive-tool,raw/tgju_raw.json,market-extract-4.2,2026-08-11T11:03:48+00:00,200,created_at|id|item_id|max|metadata|min|open|opts|price|status|updated_at|value,,W06
2026-04-06,,False,20:00,Asia/Tehran,IRR_COIN,Bahar Azadi full coin,gold,spot,free_market,close,iran_otc,secondary,2,1780100000.0,IRR_per_coin,IRR,,log_return,tgju,sekeb,tgju.org/archive-tool,raw/tgju_raw.json,market-extract-4.2,2026-08-11T11:03:48+00:00,200,created_at|id|item_id|max|metadata|min|open|opts|price|status|updated_at|value,,W06
2026-04-07,,False,20:00,Asia/Tehran,IRR_COIN,Bahar Azadi full coin,gold,spot,free_market,close,iran_otc,secondary,2,1870200000.0,IRR_per_coin,IRR,,log_return,tgju,sekeb,tgju.org/archive-tool,raw/tgju_raw.json,market-extract-4.2,2026-08-11T11:03:48+00:00,200,created_at|id|item_id|max|metadata|min|open|opts|price|status|updated_at|value,,W06
2026-04-08,,False,20:00,Asia/Tehran,IRR_COIN,Bahar Azadi full coin,gold,spot,free_market,close,iran_otc,secondary,2,1775200000.0,IRR_per_coin,IRR,,log_return,tgju,sekeb,tgju.org/archive-tool,raw/tgju_raw.json,market-extract-4.2,2026-08-11T11:03:48+00:00,200,created_at|id|item_id|max|metadata|min|open|opts|price|status|updated_at|value,,W06
2026-04-09,,False,20:00,Asia/Tehran,IRR_COIN,Bahar Azadi full coin,gold,spot,free_market,close,iran_otc,secondary,2,1784900000.0,IRR_per_coin,IRR,,log_return,tgju,sekeb,tgju.org/archive-tool,raw/tgju_raw.json,market-extract-4.2,2026-08-11T11:03:48+00:00,200,created_at|id|item_id|max|metadata|min|open|opts|price|status|updated_at|value,,W06
2026-04-10,,False,20:00,Asia/Tehran,IRR_COIN,Bahar Azadi full coin,gold,spot,free_market,close,iran_otc,secondary,2,1784900000.0,IRR_per_coin,IRR,,log_return,tgju,sekeb,tgju.org/archive-tool,raw/tgju_raw.json,market-extract-4.2,2026-08-11T11:03:48+00:00,200,created_at|id|item_id|max|metadata|min|open|opts|price|status|updated_at|value,,W06
2026-04-11,,False,20:00,Asia/Tehran,IRR_COIN,Bahar Azadi full coin,gold,spot,free_market,close,iran_otc,secondary,2,1740100000.0,IRR_per_coin,IRR,,log_return,tgju,sekeb,tgju.org/archive-tool,raw/tgju_raw.json,market-extract-4.2,2026-08-11T11:03:48+00:00,200,created_at|id|item_id|max|metadata|min|open|opts|price|status|updated_at|value,,W07
2026-04-12,,False,20:00,Asia/Tehran,IRR_COIN,Bahar Azadi full coin,gold,spot,free_market,close,iran_otc,secondary,2,1770200000.0,IRR_per_coin,IRR,,log_return,tgju,sekeb,tgju.org/archive-tool,raw/tgju_raw.json,market-extract-4.2,2026-08-11T11:03:48+00:00,200,created_at|id|item_id|max|metadata|min|open|opts|price|status|updated_at|value,,W07
2026-04-13,,False,20:00,Asia/Tehran,IRR_COIN,Bahar Azadi full coin,gold,spot,free_market,close,iran_otc,secondary,2,1790100000.0,IRR_per_coin,IRR,,log_return,tgju,sekeb,tgju.org/archive-tool,raw/tgju_raw.json,market-extract-4.2,2026-08-11T11:03:48+00:00,200,created_at|id|item_id|max|metadata|min|open|opts|price|status|updated_at|value,,W07
2026-04-14,,False,20:00,Asia/Tehran,IRR_COIN,Bahar Azadi full coin,gold,spot,free_market,close,iran_otc,secondary,2,1789800000.0,IRR_per_coin,IRR,,log_return,tgju,sekeb,tgju.org/archive-tool,raw/tgju_raw.json,market-extract-4.2,2026-08-11T11:03:48+00:00,200,created_at|id|item_id|max|metadata|min|open|opts|price|status|updated_at|value,,W07
2026-04-15,,False,20:00,Asia/Tehran,IRR_COIN,Bahar Azadi full coin,gold,spot,free_market,close,iran_otc,secondary,2,1730100000.0,IRR_per_coin,IRR,,log_return,tgju,sekeb,tgju.org/archive-tool,raw/tgju_raw.json,market-extract-4.2,2026-08-11T11:03:48+00:00,200,created_at|id|item_id|max|metadata|min|open|opts|price|status|updated_at|value,,W07
2026-04-16,,False,20:00,Asia/Tehran,IRR_COIN,Bahar Azadi full coin,gold,spot,free_market,close,iran_otc,secondary,2,1725100000.0,IRR_per_coin,IRR,,log_return,tgju,sekeb,tgju.org/archive-tool,raw/tgju_raw.json,market-extract-4.2,2026-08-11T11:03:48+00:00,200,created_at|id|item_id|max|metadata|min|open|opts|price|status|updated_at|value,,W07
2026-04-17,,False,20:00,Asia/Tehran,IRR_COIN,Bahar Azadi full coin,gold,spot,free_market,close,iran_otc,secondary,2,1725100000.0,IRR_per_coin,IRR,,log_return,tgju,sekeb,tgju.org/archive-tool,raw/tgju_raw.json,market-extract-4.2,2026-08-11T11:03:48+00:00,200,created_at|id|item_id|max|metadata|min|open|opts|price|status|updated_at|value,,W07
2026-04-18,,False,20:00,Asia/Tehran,IRR_COIN,Bahar Azadi full coin,gold,spot,free_market,close,iran_otc,secondary,2,1670100000.0,IRR_per_coin,IRR,,log_return,tgju,sekeb,tgju.org/archive-tool,raw/tgju_raw.json,market-extract-4.2,2026-08-11T11:03:48+00:00,200,created_at|id|item_id|max|metadata|min|open|opts|price|status|updated_at|value,,W08
2026-04-19,,False,20:00,Asia/Tehran,IRR_COIN,Bahar Azadi full coin,gold,spot,free_market,close,iran_otc,secondary,2,1680200000.0,IRR_per_coin,IRR,,log_return,tgju,sekeb,tgju.org/archive-tool,raw/tgju_raw.json,market-extract-4.2,2026-08-11T11:03:48+00:00,200,created_at|id|item_id|max|metadata|min|open|opts|price|status|updated_at|value,,W08
2026-04-20,,False,20:00,Asia/Tehran,IRR_COIN,Bahar Azadi full coin,gold,spot,free_market,close,iran_otc,secondary,2,1679850000.0,IRR_per_coin,IRR,,log_return,tgju,sekeb,tgju.org/archive-tool,raw/tgju_raw.json,market-extract-4.2,2026-08-11T11:03:48+00:00,200,created_at|id|item_id|max|metadata|min|open|opts|price|status|updated_at|value,,W08
2026-04-21,,False,20:00,Asia/Tehran,IRR_COIN,Bahar Azadi full coin,gold,spot,free_market,close,iran_otc,secondary,2,1670050000.0,IRR_per_coin,IRR,,log_return,tgju,sekeb,tgju.org/archive-tool,raw/tgju_raw.json,market-extract-4.2,2026-08-11T11:03:48+00:00,200,created_at|id|item_id|max|metadata|min|open|opts|price|status|updated_at|value,,W08
2026-04-22,,False,20:00,Asia/Tehran,IRR_COIN,Bahar Azadi full coin,gold,spot,free_market,close,iran_otc,secondary,2,1709900000.0,IRR_per_coin,IRR,,log_return,tgju,sekeb,tgju.org/archive-tool,raw/tgju_raw.json,market-extract-4.2,2026-08-11T11:03:48+00:00,200,created_at|id|item_id|max|metadata|min|open|opts|price|status|updated_at|value,,W08
2026-04-23,,False,20:00,Asia/Tehran,IRR_COIN,Bahar Azadi full coin,gold,spot,free_market,close,iran_otc,secondary,2,1710050000.0,IRR_per_coin,IRR,,log_return,tgju,sekeb,tgju.org/archive-tool,raw/tgju_raw.json,market-extract-4.2,2026-08-11T11:03:48+00:00,200,created_at|id|item_id|max|metadata|min|open|opts|price|status|updated_at|value,,W08
2026-04-24,,False,20:00,Asia/Tehran,IRR_COIN,Bahar Azadi full coin,gold,spot,free_market,close,iran_otc,secondary,2,1710050000.0,IRR_per_coin,IRR,,log_return,tgju,sekeb,tgju.org/archive-tool,raw/tgju_raw.json,market-extract-4.2,2026-08-11T11:03:48+00:00,200,created_at|id|item_id|max|metadata|min|open|opts|price|status|updated_at|value,,W08
2026-04-25,,False,20:00,Asia/Tehran,IRR_COIN,Bahar Azadi full coin,gold,spot,free_market,close,iran_otc,secondary,2,1699900000.0,IRR_per_coin,IRR,,log_return,tgju,sekeb,tgju.org/archive-tool,raw/tgju_raw.json,market-extract-4.2,2026-08-11T11:03:48+00:00,200,created_at|id|item_id|max|metadata|min|open|opts|price|status|updated_at|value,,W09
2026-04-26,,False,20:00,Asia/Tehran,IRR_COIN,Bahar Azadi full coin,gold,spot,free_market,close,iran_otc,secondary,2,1700000000.0,IRR_per_coin,IRR,,log_return,tgju,sekeb,tgju.org/archive-tool,raw/tgju_raw.json,market-extract-4.2,2026-08-11T11:03:48+00:00,200,created_at|id|item_id|max|metadata|min|open|opts|price|status|updated_at|value,,W09
2026-04-27,,False,20:00,Asia/Tehran,IRR_COIN,Bahar Azadi full coin,gold,spot,free_market,close,iran_otc,secondary,2,1709900000.0,IRR_per_coin,IRR,,log_return,tgju,sekeb,tgju.org/archive-tool,raw/tgju_raw.json,market-extract-4.2,2026-08-11T11:03:48+00:00,200,created_at|id|item_id|max|metadata|min|open|opts|price|status|updated_at|value,,W09
2026-04-28,,False,20:00,Asia/Tehran,IRR_COIN,Bahar Azadi full coin,gold,spot,free_market,close,iran_otc,secondary,2,1809900000.0,IRR_per_coin,IRR,,log_return,tgju,sekeb,tgju.org/archive-tool,raw/tgju_raw.json,market-extract-4.2,2026-08-11T11:03:48+00:00,200,created_at|id|item_id|max|metadata|min|open|opts|price|status|updated_at|value,,W09
2026-04-29,,False,20:00,Asia/Tehran,IRR_COIN,Bahar Azadi full coin,gold,spot,free_market,close,iran_otc,secondary,2,1910050000.0,IRR_per_coin,IRR,,log_return,tgju,sekeb,tgju.org/archive-tool,raw/tgju_raw.json,market-extract-4.2,2026-08-11T11:03:48+00:00,200,created_at|id|item_id|max|metadata|min|open|opts|price|status|updated_at|value,,W09
2026-04-30,,False,20:00,Asia/Tehran,IRR_COIN,Bahar Azadi full coin,gold,spot,free_market,close,iran_otc,secondary,2,1960000000.0,IRR_per_coin,IRR,,log_return,tgju,sekeb,tgju.org/archive-tool,raw/tgju_raw.json,market-extract-4.2,2026-08-11T11:03:48+00:00,200,created_at|id|item_id|max|metadata|min|open|opts|price|status|updated_at|value,,W09
2026-05-01,,False,20:00,Asia/Tehran,IRR_COIN,Bahar Azadi full coin,gold,spot,free_market,close,iran_otc,secondary,2,1960000000.0,IRR_per_coin,IRR,,log_return,tgju,sekeb,tgju.org/archive-tool,raw/tgju_raw.json,market-extract-4.2,2026-08-11T11:03:48+00:00,200,created_at|id|item_id|max|metadata|min|open|opts|price|status|updated_at|value,,W09
2026-05-02,,False,20:00,Asia/Tehran,IRR_COIN,Bahar Azadi full coin,gold,spot,free_market,close,iran_otc,secondary,2,1999800000.0,IRR_per_coin,IRR,,log_return,tgju,sekeb,tgju.org/archive-tool,raw/tgju_raw.json,market-extract-4.2,2026-08-11T11:03:48+00:00,200,created_at|id|item_id|max|metadata|min|open|opts|price|status|updated_at|value,,W10
2026-05-03,,False,20:00,Asia/Tehran,IRR_COIN,Bahar Azadi full coin,gold,spot,free_market,close,iran_otc,secondary,2,2010100000.0,IRR_per_coin,IRR,,log_return,tgju,sekeb,tgju.org/archive-tool,raw/tgju_raw.json,market-extract-4.2,2026-08-11T11:03:48+00:00,200,created_at|id|item_id|max|metadata|min|open|opts|price|status|updated_at|value,,W10
2026-05-04,,False,20:00,Asia/Tehran,IRR_COIN,Bahar Azadi full coin,gold,spot,free_market,close,iran_otc,secondary,2,2019900000.0,IRR_per_coin,IRR,,log_return,tgju,sekeb,tgju.org/archive-tool,raw/tgju_raw.json,market-extract-4.2,2026-08-11T11:03:48+00:00,200,created_at|id|item_id|max|metadata|min|open|opts|price|status|updated_at|value,,W10
2026-05-05,,False,20:00,Asia/Tehran,IRR_COIN,Bahar Azadi full coin,gold,spot,free_market,close,iran_otc,secondary,2,1899800000.0,IRR_per_coin,IRR,,log_return,tgju,sekeb,tgju.org/archive-tool,raw/tgju_raw.json,market-extract-4.2,2026-08-11T11:03:48+00:00,200,created_at|id|item_id|max|metadata|min|open|opts|price|status|updated_at|value,,W10
2026-05-06,,False,20:00,Asia/Tehran,IRR_COIN,Bahar Azadi full coin,gold,spot,free_market,close,iran_otc,secondary,2,1869800000.0,IRR_per_coin,IRR,,log_return,tgju,sekeb,tgju.org/archive-tool,raw/tgju_raw.json,market-extract-4.2,2026-08-11T11:03:48+00:00,200,created_at|id|item_id|max|metadata|min|open|opts|price|status|updated_at|value,,W10
2026-05-07,,False,20:00,Asia/Tehran,IRR_COIN,Bahar Azadi full coin,gold,spot,free_market,close,iran_otc,secondary,2,1880100000.0,IRR_per_coin,IRR,,log_return,tgju,sekeb,tgju.org/archive-tool,raw/tgju_raw.json,market-extract-4.2,2026-08-11T11:03:48+00:00,200,created_at|id|item_id|max|metadata|min|open|opts|price|status|updated_at|value,,W10
2026-05-08,,False,20:00,Asia/Tehran,IRR_COIN,Bahar Azadi full coin,gold,spot,free_market,close,iran_otc,secondary,2,1880100000.0,IRR_per_coin,IRR,,log_return,tgju,sekeb,tgju.org/archive-tool,raw/tgju_raw.json,market-extract-4.2,2026-08-11T11:03:48+00:00,200,created_at|id|item_id|max|metadata|min|open|opts|price|status|updated_at|value,,W10
2026-05-09,,False,20:00,Asia/Tehran,IRR_COIN,Bahar Azadi full coin,gold,spot,free_market,close,iran_otc,secondary,2,1904900000.0,IRR_per_coin,IRR,,log_return,tgju,sekeb,tgju.org/archive-tool,raw/tgju_raw.json,market-extract-4.2,2026-08-11T11:03:48+00:00,200,created_at|id|item_id|max|metadata|min|open|opts|price|status|updated_at|value,,W11
2026-05-10,,False,20:00,Asia/Tehran,IRR_COIN,Bahar Azadi full coin,gold,spot,free_market,close,iran_otc,secondary,2,1890000000.0,IRR_per_coin,IRR,,log_return,tgju,sekeb,tgju.org/archive-tool,raw/tgju_raw.json,market-extract-4.2,2026-08-11T11:03:48+00:00,200,created_at|id|item_id|max|metadata|min|open|opts|price|status|updated_at|value,,W11
2026-05-11,,False,20:00,Asia/Tehran,IRR_COIN,Bahar Azadi full coin,gold,spot,free_market,close,iran_otc,secondary,2,1930200000.0,IRR_per_coin,IRR,,log_return,tgju,sekeb,tgju.org/archive-tool,raw/tgju_raw.json,market-extract-4.2,2026-08-11T11:03:48+00:00,200,created_at|id|item_id|max|metadata|min|open|opts|price|status|updated_at|value,,W11
2026-05-12,,False,20:00,Asia/Tehran,IRR_COIN,Bahar Azadi full coin,gold,spot,free_market,close,iran_otc,secondary,2,1920200000.0,IRR_per_coin,IRR,,log_return,tgju,sekeb,tgju.org/archive-tool,raw/tgju_raw.json,market-extract-4.2,2026-08-11T11:03:48+00:00,200,created_at|id|item_id|max|metadata|min|open|opts|price|status|updated_at|value,,W11
2026-05-13,,False,20:00,Asia/Tehran,IRR_COIN,Bahar Azadi full coin,gold,spot,free_market,close,iran_otc,secondary,2,1910000000.0,IRR_per_coin,IRR,,log_return,tgju,sekeb,tgju.org/archive-tool,raw/tgju_raw.json,market-extract-4.2,2026-08-11T11:03:48+00:00,200,created_at|id|item_id|max|metadata|min|open|opts|price|status|updated_at|value,,W11
2026-05-14,,False,20:00,Asia/Tehran,IRR_COIN,Bahar Azadi full coin,gold,spot,free_market,close,iran_otc,secondary,2,1910200000.0,IRR_per_coin,IRR,,log_return,tgju,sekeb,tgju.org/archive-tool,raw/tgju_raw.json,market-extract-4.2,2026-08-11T11:03:48+00:00,200,created_at|id|item_id|max|metadata|min|open|opts|price|status|updated_at|value,,W11
2026-05-15,,False,20:00,Asia/Tehran,IRR_COIN,Bahar Azadi full coin,gold,spot,free_market,close,iran_otc,secondary,2,1910200000.0,IRR_per_coin,IRR,,log_return,tgju,sekeb,tgju.org/archive-tool,raw/tgju_raw.json,market-extract-4.2,2026-08-11T11:03:48+00:00,200,created_at|id|item_id|max|metadata|min|open|opts|price|status|updated_at|value,,W11
2026-05-16,,False,20:00,Asia/Tehran,IRR_COIN,Bahar Azadi full coin,gold,spot,free_market,close,iran_otc,secondary,2,1900200000.0,IRR_per_coin,IRR,,log_return,tgju,sekeb,tgju.org/archive-tool,raw/tgju_raw.json,market-extract-4.2,2026-08-11T11:03:48+00:00,200,created_at|id|item_id|max|metadata|min|open|opts|price|status|updated_at|value,,W12
2026-05-17,,False,20:00,Asia/Tehran,IRR_COIN,Bahar Azadi full coin,gold,spot,free_market,close,iran_otc,secondary,2,1899800000.0,IRR_per_coin,IRR,,log_return,tgju,sekeb,tgju.org/archive-tool,raw/tgju_raw.json,market-extract-4.2,2026-08-11T11:03:48+00:00,200,created_at|id|item_id|max|metadata|min|open|opts|price|status|updated_at|value,,W12
2026-05-18,,False,20:00,Asia/Tehran,IRR_COIN,Bahar Azadi full coin,gold,spot,free_market,close,iran_otc,secondary,2,1849900000.0,IRR_per_coin,IRR,,log_return,tgju,sekeb,tgju.org/archive-tool,raw/tgju_raw.json,market-extract-4.2,2026-08-11T11:03:48+00:00,200,created_at|id|item_id|max|metadata|min|open|opts|price|status|updated_at|value,,W12
2026-05-19,,False,20:00,Asia/Tehran,IRR_COIN,Bahar Azadi full coin,gold,spot,free_market,close,iran_otc,secondary,2,1860200000.0,IRR_per_coin,IRR,,log_return,tgju,sekeb,tgju.org/archive-tool,raw/tgju_raw.json,market-extract-4.2,2026-08-11T11:03:48+00:00,200,created_at|id|item_id|max|metadata|min|open|opts|price|status|updated_at|value,,W12
2026-05-20,,False,20:00,Asia/Tehran,IRR_COIN,Bahar Azadi full coin,gold,spot,free_market,close,iran_otc,secondary,2,1869800000.0,IRR_per_coin,IRR,,log_return,tgju,sekeb,tgju.org/archive-tool,raw/tgju_raw.json,market-extract-4.2,2026-08-11T11:03:48+00:00,200,created_at|id|item_id|max|metadata|min|open|opts|price|status|updated_at|value,,W12
2026-05-21,,False,20:00,Asia/Tehran,IRR_COIN,Bahar Azadi full coin,gold,spot,free_market,close,iran_otc,secondary,2,1869900000.0,IRR_per_coin,IRR,,log_return,tgju,sekeb,tgju.org/archive-tool,raw/tgju_raw.json,market-extract-4.2,2026-08-11T11:03:48+00:00,200,created_at|id|item_id|max|metadata|min|open|opts|price|status|updated_at|value,,W12
2026-05-22,,False,20:00,Asia/Tehran,IRR_COIN,Bahar Azadi full coin,gold,spot,free_market,close,iran_otc,secondary,2,1869900000.0,IRR_per_coin,IRR,,log_return,tgju,sekeb,tgju.org/archive-tool,raw/tgju_raw.json,market-extract-4.2,2026-08-11T11:03:48+00:00,200,created_at|id|item_id|max|metadata|min|open|opts|price|status|updated_at|value,,W12
2026-05-23,,False,20:00,Asia/Tehran,IRR_COIN,Bahar Azadi full coin,gold,spot,free_market,close,iran_otc,secondary,2,1839900000.0,IRR_per_coin,IRR,,log_return,tgju,sekeb,tgju.org/archive-tool,raw/tgju_raw.json,market-extract-4.2,2026-08-11T11:03:48+00:00,200,created_at|id|item_id|max|metadata|min|open|opts|price|status|updated_at|value,,W13
2026-05-24,,False,20:00,Asia/Tehran,IRR_COIN,Bahar Azadi full coin,gold,spot,free_market,close,iran_otc,secondary,2,1780100000.0,IRR_per_coin,IRR,,log_return,tgju,sekeb,tgju.org/archive-tool,raw/tgju_raw.json,market-extract-4.2,2026-08-11T11:03:48+00:00,200,created_at|id|item_id|max|metadata|min|open|opts|price|status|updated_at|value,,W13
2026-05-25,,False,20:00,Asia/Tehran,IRR_COIN,Bahar Azadi full coin,gold,spot,free_market,close,iran_otc,secondary,2,1789800000.0,IRR_per_coin,IRR,,log_return,tgju,sekeb,tgju.org/archive-tool,raw/tgju_raw.json,market-extract-4.2,2026-08-11T11:03:48+00:00,200,created_at|id|item_id|max|metadata|min|open|opts|price|status|updated_at|value,,W13
2026-05-26,,False,20:00,Asia/Tehran,IRR_COIN,Bahar Azadi full coin,gold,spot,free_market,close,iran_otc,secondary,2,1780200000.0,IRR_per_coin,IRR,,log_return,tgju,sekeb,tgju.org/archive-tool,raw/tgju_raw.json,market-extract-4.2,2026-08-11T11:03:48+00:00,200,created_at|id|item_id|max|metadata|min|open|opts|price|status|updated_at|value,,W13
2026-05-27,,False,20:00,Asia/Tehran,IRR_COIN,Bahar Azadi full coin,gold,spot,free_market,close,iran_otc,secondary,2,1780200000.0,IRR_per_coin,IRR,,log_return,tgju,sekeb,tgju.org/archive-tool,raw/tgju_raw.json,market-extract-4.2,2026-08-11T11:03:48+00:00,200,created_at|id|item_id|max|metadata|min|open|opts|price|status|updated_at|value,,W13
2026-05-28,,False,20:00,Asia/Tehran,IRR_COIN,Bahar Azadi full coin,gold,spot,free_market,close,iran_otc,secondary,2,1779900000.0,IRR_per_coin,IRR,,log_return,tgju,sekeb,tgju.org/archive-tool,raw/tgju_raw.json,market-extract-4.2,2026-08-11T11:03:48+00:00,200,created_at|id|item_id|max|metadata|min|open|opts|price|status|updated_at|value,,W13
2026-05-29,,False,20:00,Asia/Tehran,IRR_COIN,Bahar Azadi full coin,gold,spot,free_market,close,iran_otc,secondary,2,1779900000.0,IRR_per_coin,IRR,,log_return,tgju,sekeb,tgju.org/archive-tool,raw/tgju_raw.json,market-extract-4.2,2026-08-11T11:03:48+00:00,200,created_at|id|item_id|max|metadata|min|open|opts|price|status|updated_at|value,,W13
2026-05-30,,False,20:00,Asia/Tehran,IRR_COIN,Bahar Azadi full coin,gold,spot,free_market,close,iran_otc,secondary,2,1759900000.0,IRR_per_coin,IRR,,log_return,tgju,sekeb,tgju.org/archive-tool,raw/tgju_raw.json,market-extract-4.2,2026-08-11T11:03:48+00:00,200,created_at|id|item_id|max|metadata|min|open|opts|price|status|updated_at|value,,W14
2026-05-31,,False,20:00,Asia/Tehran,IRR_COIN,Bahar Azadi full coin,gold,spot,free_market,close,iran_otc,secondary,2,1770150000.0,IRR_per_coin,IRR,,log_return,tgju,sekeb,tgju.org/archive-tool,raw/tgju_raw.json,market-extract-4.2,2026-08-11T11:03:48+00:00,200,created_at|id|item_id|max|metadata|min|open|opts|price|status|updated_at|value,,W14
2026-06-01,,False,20:00,Asia/Tehran,IRR_COIN,Bahar Azadi full coin,gold,spot,free_market,close,iran_otc,secondary,2,1819900000.0,IRR_per_coin,IRR,,log_return,tgju,sekeb,tgju.org/archive-tool,raw/tgju_raw.json,market-extract-4.2,2026-08-11T11:03:48+00:00,200,created_at|id|item_id|max|metadata|min|open|opts|price|status|updated_at|value,,W14
2026-06-02,,False,20:00,Asia/Tehran,IRR_COIN,Bahar Azadi full coin,gold,spot,free_market,close,iran_otc,secondary,2,1800100000.0,IRR_per_coin,IRR,,log_return,tgju,sekeb,tgju.org/archive-tool,raw/tgju_raw.json,market-extract-4.2,2026-08-11T11:03:48+00:00,200,created_at|id|item_id|max|metadata|min|open|opts|price|status|updated_at|value,,W14
2026-06-03,,False,20:00,Asia/Tehran,IRR_COIN,Bahar Azadi full coin,gold,spot,free_market,close,iran_otc,secondary,2,1794800000.0,IRR_per_coin,IRR,,log_return,tgju,sekeb,tgju.org/archive-tool,raw/tgju_raw.json,market-extract-4.2,2026-08-11T11:03:48+00:00,200,created_at|id|item_id|max|metadata|min|open|opts|price|status|updated_at|value,,W14
2026-06-04,,False,20:00,Asia/Tehran,IRR_COIN,Bahar Azadi full coin,gold,spot,free_market,close,iran_otc,secondary,2,1794800000.0,IRR_per_coin,IRR,,log_return,tgju,sekeb,tgju.org/archive-tool,raw/tgju_raw.json,market-extract-4.2,2026-08-11T11:03:48+00:00,200,created_at|id|item_id|max|metadata|min|open|opts|price|status|updated_at|value,,W14
2026-06-05,,False,20:00,Asia/Tehran,IRR_COIN,Bahar Azadi full coin,gold,spot,free_market,close,iran_otc,secondary,2,1759700000.0,IRR_per_coin,IRR,,log_return,tgju,sekeb,tgju.org/archive-tool,raw/tgju_raw.json,market-extract-4.2,2026-08-11T11:03:48+00:00,200,created_at|id|item_id|max|metadata|min|open|opts|price|status|updated_at|value,,W14
2026-06-06,,False,20:00,Asia/Tehran,IRR_COIN,Bahar Azadi full coin,gold,spot,free_market,close,iran_otc,secondary,2,1759700000.0,IRR_per_coin,IRR,,log_return,tgju,sekeb,tgju.org/archive-tool,raw/tgju_raw.json,market-extract-4.2,2026-08-11T11:03:48+00:00,200,created_at|id|item_id|max|metadata|min|open|opts|price|status|updated_at|value,,W15
2026-06-07,,False,20:00,Asia/Tehran,IRR_COIN,Bahar Azadi full coin,gold,spot,free_market,close,iran_otc,secondary,2,1799800000.0,IRR_per_coin,IRR,,log_return,tgju,sekeb,tgju.org/archive-tool,raw/tgju_raw.json,market-extract-4.2,2026-08-11T11:03:48+00:00,200,created_at|id|item_id|max|metadata|min|open|opts|price|status|updated_at|value,,W15
2026-06-08,,False,20:00,Asia/Tehran,IRR_COIN,Bahar Azadi full coin,gold,spot,free_market,close,iran_otc,secondary,2,1779750000.0,IRR_per_coin,IRR,,log_return,tgju,sekeb,tgju.org/archive-tool,raw/tgju_raw.json,market-extract-4.2,2026-08-11T11:03:48+00:00,200,created_at|id|item_id|max|metadata|min|open|opts|price|status|updated_at|value,,W15
2026-06-09,,False,20:00,Asia/Tehran,IRR_COIN,Bahar Azadi full coin,gold,spot,free_market,close,iran_otc,secondary,2,1760000000.0,IRR_per_coin,IRR,,log_return,tgju,sekeb,tgju.org/archive-tool,raw/tgju_raw.json,market-extract-4.2,2026-08-11T11:03:48+00:00,200,created_at|id|item_id|max|metadata|min|open|opts|price|status|updated_at|value,,W15
2026-06-10,,False,20:00,Asia/Tehran,IRR_COIN,Bahar Azadi full coin,gold,spot,free_market,close,iran_otc,secondary,2,1760050000.0,IRR_per_coin,IRR,,log_return,tgju,sekeb,tgju.org/archive-tool,raw/tgju_raw.json,market-extract-4.2,2026-08-11T11:03:48+00:00,200,created_at|id|item_id|max|metadata|min|open|opts|price|status|updated_at|value,,W15
2026-06-11,,False,20:00,Asia/Tehran,IRR_COIN,Bahar Azadi full coin,gold,spot,free_market,close,iran_otc,secondary,2,1760500000.0,IRR_per_coin,IRR,,log_return,tgju,sekeb,tgju.org/archive-tool,raw/tgju_raw.json,market-extract-4.2,2026-08-11T11:03:48+00:00,200,created_at|id|item_id|max|metadata|min|open|opts|price|status|updated_at|value,,W15
2026-06-12,,False,20:00,Asia/Tehran,IRR_COIN,Bahar Azadi full coin,gold,spot,free_market,close,iran_otc,secondary,2,1760500000.0,IRR_per_coin,IRR,,log_return,tgju,sekeb,tgju.org/archive-tool,raw/tgju_raw.json,market-extract-4.2,2026-08-11T11:03:48+00:00,200,created_at|id|item_id|max|metadata|min|open|opts|price|status|updated_at|value,,W15
2026-06-13,,False,20:00,Asia/Tehran,IRR_COIN,Bahar Azadi full coin,gold,spot,free_market,close,iran_otc,secondary,2,1703250000.0,IRR_per_coin,IRR,,log_return,tgju,sekeb,tgju.org/archive-tool,raw/tgju_raw.json,market-extract-4.2,2026-08-11T11:03:48+00:00,200,created_at|id|item_id|max|metadata|min|open|opts|price|status|updated_at|value,,W16
2026-06-14,,False,20:00,Asia/Tehran,IRR_COIN,Bahar Azadi full coin,gold,spot,free_market,close,iran_otc,secondary,2,1699850000.0,IRR_per_coin,IRR,,log_return,tgju,sekeb,tgju.org/archive-tool,raw/tgju_raw.json,market-extract-4.2,2026-08-11T11:03:48+00:00,200,created_at|id|item_id|max|metadata|min|open|opts|price|status|updated_at|value,,W16
2026-06-15,,False,20:00,Asia/Tehran,IRR_COIN,Bahar Azadi full coin,gold,spot,free_market,close,iran_otc,secondary,2,1636250000.0,IRR_per_coin,IRR,,log_return,tgju,sekeb,tgju.org/archive-tool,raw/tgju_raw.json,market-extract-4.2,2026-08-11T11:03:48+00:00,200,created_at|id|item_id|max|metadata|min|open|opts|price|status|updated_at|value,,W16
2026-06-16,,False,20:00,Asia/Tehran,IRR_COIN,Bahar Azadi full coin,gold,spot,free_market,close,iran_otc,secondary,2,1553700000.0,IRR_per_coin,IRR,,log_return,tgju,sekeb,tgju.org/archive-tool,raw/tgju_raw.json,market-extract-4.2,2026-08-11T11:03:48+00:00,200,created_at|id|item_id|max|metadata|min|open|opts|price|status|updated_at|value,,W16
2026-06-17,,False,20:00,Asia/Tehran,IRR_COIN,Bahar Azadi full coin,gold,spot,free_market,close,iran_otc,secondary,2,1598600000.0,IRR_per_coin,IRR,,log_return,tgju,sekeb,tgju.org/archive-tool,raw/tgju_raw.json,market-extract-4.2,2026-08-11T11:03:48+00:00,200,created_at|id|item_id|max|metadata|min|open|opts|price|status|updated_at|value,,W16
2026-06-18,,False,20:00,Asia/Tehran,IRR_COIN,Bahar Azadi full coin,gold,spot,free_market,close,iran_otc,secondary,2,1550400000.0,IRR_per_coin,IRR,,log_return,tgju,sekeb,tgju.org/archive-tool,raw/tgju_raw.json,market-extract-4.2,2026-08-11T11:03:48+00:00,200,created_at|id|item_id|max|metadata|min|open|opts|price|status|updated_at|value,,W16
2026-06-19,,False,20:00,Asia/Tehran,IRR_COIN,Bahar Azadi full coin,gold,spot,free_market,close,iran_otc,secondary,2,1550400000.0,IRR_per_coin,IRR,,log_return,tgju,sekeb,tgju.org/archive-tool,raw/tgju_raw.json,market-extract-4.2,2026-08-11T11:03:48+00:00,200,created_at|id|item_id|max|metadata|min|open|opts|price|status|updated_at|value,,W16
2026-06-20,,False,20:00,Asia/Tehran,IRR_COIN,Bahar Azadi full coin,gold,spot,free_market,close,iran_otc,secondary,2,1592200000.0,IRR_per_coin,IRR,,log_return,tgju,sekeb,tgju.org/archive-tool,raw/tgju_raw.json,market-extract-4.2,2026-08-11T11:03:48+00:00,200,created_at|id|item_id|max|metadata|min|open|opts|price|status|updated_at|value,,W17
2026-06-21,,False,20:00,Asia/Tehran,IRR_COIN,Bahar Azadi full coin,gold,spot,free_market,close,iran_otc,secondary,2,1580800000.0,IRR_per_coin,IRR,,log_return,tgju,sekeb,tgju.org/archive-tool,raw/tgju_raw.json,market-extract-4.2,2026-08-11T11:03:48+00:00,200,created_at|id|item_id|max|metadata|min|open|opts|price|status|updated_at|value,,W17
2026-06-22,,False,20:00,Asia/Tehran,IRR_COIN,Bahar Azadi full coin,gold,spot,free_market,close,iran_otc,secondary,2,1580200000.0,IRR_per_coin,IRR,,log_return,tgju,sekeb,tgju.org/archive-tool,raw/tgju_raw.json,market-extract-4.2,2026-08-11T11:03:48+00:00,200,created_at|id|item_id|max|metadata|min|open|opts|price|status|updated_at|value,,W17
2026-06-23,,False,20:00,Asia/Tehran,IRR_COIN,Bahar Azadi full coin,gold,spot,free_market,close,iran_otc,secondary,2,1585000000.0,IRR_per_coin,IRR,,log_return,tgju,sekeb,tgju.org/archive-tool,raw/tgju_raw.json,market-extract-4.2,2026-08-11T11:03:48+00:00,200,created_at|id|item_id|max|metadata|min|open|opts|price|status|updated_at|value,,W17
2026-06-24,,False,20:00,Asia/Tehran,IRR_COIN,Bahar Azadi full coin,gold,spot,free_market,close,iran_otc,secondary,2,1585000000.0,IRR_per_coin,IRR,,log_return,tgju,sekeb,tgju.org/archive-tool,raw/tgju_raw.json,market-extract-4.2,2026-08-11T11:03:48+00:00,200,created_at|id|item_id|max|metadata|min|open|opts|price|status|updated_at|value,,W17
2026-06-25,,False,20:00,Asia/Tehran,IRR_COIN,Bahar Azadi full coin,gold,spot,free_market,close,iran_otc,secondary,2,1585000000.0,IRR_per_coin,IRR,,log_return,tgju,sekeb,tgju.org/archive-tool,raw/tgju_raw.json,market-extract-4.2,2026-08-11T11:03:48+00:00,200,created_at|id|item_id|max|metadata|min|open|opts|price|status|updated_at|value,,W17
2026-06-26,,False,20:00,Asia/Tehran,IRR_COIN,Bahar Azadi full coin,gold,spot,free_market,close,iran_otc,secondary,2,1613200000.0,IRR_per_coin,IRR,,log_return,tgju,sekeb,tgju.org/archive-tool,raw/tgju_raw.json,market-extract-4.2,2026-08-11T11:03:48+00:00,200,created_at|id|item_id|max|metadata|min|open|opts|price|status|updated_at|value,,W17
2026-06-27,,False,20:00,Asia/Tehran,IRR_COIN,Bahar Azadi full coin,gold,spot,free_market,close,iran_otc,secondary,2,1613200000.0,IRR_per_coin,IRR,,log_return,tgju,sekeb,tgju.org/archive-tool,raw/tgju_raw.json,market-extract-4.2,2026-08-11T11:03:48+00:00,200,created_at|id|item_id|max|metadata|min|open|opts|price|status|updated_at|value,,W18
2026-06-28,,False,20:00,Asia/Tehran,IRR_COIN,Bahar Azadi full coin,gold,spot,free_market,close,iran_otc,secondary,2,1693900000.0,IRR_per_coin,IRR,,log_return,tgju,sekeb,tgju.org/archive-tool,raw/tgju_raw.json,market-extract-4.2,2026-08-11T11:03:48+00:00,200,created_at|id|item_id|max|metadata|min|open|opts|price|status|updated_at|value,,W18
2026-06-29,,False,20:00,Asia/Tehran,IRR_COIN,Bahar Azadi full coin,gold,spot,free_market,close,iran_otc,secondary,2,1641200000.0,IRR_per_coin,IRR,,log_return,tgju,sekeb,tgju.org/archive-tool,raw/tgju_raw.json,market-extract-4.2,2026-08-11T11:03:48+00:00,200,created_at|id|item_id|max|metadata|min|open|opts|price|status|updated_at|value,,W18
2026-06-30,,False,20:00,Asia/Tehran,IRR_COIN,Bahar Azadi full coin,gold,spot,free_market,close,iran_otc,secondary,2,1662400000.0,IRR_per_coin,IRR,,log_return,tgju,sekeb,tgju.org/archive-tool,raw/tgju_raw.json,market-extract-4.2,2026-08-11T11:03:48+00:00,200,created_at|id|item_id|max|metadata|min|open|opts|price|status|updated_at|value,,W18
2026-07-01,,False,20:00,Asia/Tehran,IRR_COIN,Bahar Azadi full coin,gold,spot,free_market,close,iran_otc,secondary,2,1699400000.0,IRR_per_coin,IRR,,log_return,tgju,sekeb,tgju.org/archive-tool,raw/tgju_raw.json,market-extract-4.2,2026-08-11T11:03:48+00:00,200,created_at|id|item_id|max|metadata|min|open|opts|price|status|updated_at|value,,W18
2026-07-02,,False,20:00,Asia/Tehran,IRR_COIN,Bahar Azadi full coin,gold,spot,free_market,close,iran_otc,secondary,2,1719950000.0,IRR_per_coin,IRR,,log_return,tgju,sekeb,tgju.org/archive-tool,raw/tgju_raw.json,market-extract-4.2,2026-08-11T11:03:48+00:00,200,created_at|id|item_id|max|metadata|min|open|opts|price|status|updated_at|value,,W18
2026-07-03,,False,20:00,Asia/Tehran,IRR_COIN,Bahar Azadi full coin,gold,spot,free_market,close,iran_otc,secondary,2,1719950000.0,IRR_per_coin,IRR,,log_return,tgju,sekeb,tgju.org/archive-tool,raw/tgju_raw.json,market-extract-4.2,2026-08-11T11:03:48+00:00,200,created_at|id|item_id|max|metadata|min|open|opts|price|status|updated_at|value,,W18
2026-07-04,,False,20:00,Asia/Tehran,IRR_COIN,Bahar Azadi full coin,gold,spot,free_market,close,iran_otc,secondary,2,1745200000.0,IRR_per_coin,IRR,,log_return,tgju,sekeb,tgju.org/archive-tool,raw/tgju_raw.json,market-extract-4.2,2026-08-11T11:03:48+00:00,200,created_at|id|item_id|max|metadata|min|open|opts|price|status|updated_at|value,,W19
2026-07-05,,False,20:00,Asia/Tehran,IRR_COIN,Bahar Azadi full coin,gold,spot,free_market,close,iran_otc,secondary,2,1745200000.0,IRR_per_coin,IRR,,log_return,tgju,sekeb,tgju.org/archive-tool,raw/tgju_raw.json,market-extract-4.2,2026-08-11T11:03:48+00:00,200,created_at|id|item_id|max|metadata|min|open|opts|price|status|updated_at|value,,W19
2026-07-06,,False,20:00,Asia/Tehran,IRR_COIN,Bahar Azadi full coin,gold,spot,free_market,close,iran_otc,secondary,2,1750000000.0,IRR_per_coin,IRR,,log_return,tgju,sekeb,tgju.org/archive-tool,raw/tgju_raw.json,market-extract-4.2,2026-08-11T11:03:48+00:00,200,created_at|id|item_id|max|metadata|min|open|opts|price|status|updated_at|value,,W19
2026-07-07,,False,20:00,Asia/Tehran,IRR_COIN,Bahar Azadi full coin,gold,spot,free_market,close,iran_otc,secondary,2,1741900000.0,IRR_per_coin,IRR,,log_return,tgju,sekeb,tgju.org/archive-tool,raw/tgju_raw.json,market-extract-4.2,2026-08-11T11:03:48+00:00,200,created_at|id|item_id|max|metadata|min|open|opts|price|status|updated_at|value,,W19
2026-07-08,,False,20:00,Asia/Tehran,IRR_COIN,Bahar Azadi full coin,gold,spot,free_market,close,iran_otc,secondary,2,1756800000.0,IRR_per_coin,IRR,,log_return,tgju,sekeb,tgju.org/archive-tool,raw/tgju_raw.json,market-extract-4.2,2026-08-11T11:03:48+00:00,200,created_at|id|item_id|max|metadata|min|open|opts|price|status|updated_at|value,,W19
2026-07-09,,False,20:00,Asia/Tehran,IRR_COIN,Bahar Azadi full coin,gold,spot,free_market,close,iran_otc,secondary,2,1760750000.0,IRR_per_coin,IRR,,log_return,tgju,sekeb,tgju.org/archive-tool,raw/tgju_raw.json,market-extract-4.2,2026-08-11T11:03:48+00:00,200,created_at|id|item_id|max|metadata|min|open|opts|price|status|updated_at|value,,W19
2026-07-10,,False,20:00,Asia/Tehran,IRR_COIN,Bahar Azadi full coin,gold,spot,free_market,close,iran_otc,secondary,2,1760750000.0,IRR_per_coin,IRR,,log_return,tgju,sekeb,tgju.org/archive-tool,raw/tgju_raw.json,market-extract-4.2,2026-08-11T11:03:48+00:00,200,created_at|id|item_id|max|metadata|min|open|opts|price|status|updated_at|value,,W19
2026-07-11,,False,20:00,Asia/Tehran,IRR_COIN,Bahar Azadi full coin,gold,spot,free_market,close,iran_otc,secondary,2,1721800000.0,IRR_per_coin,IRR,,log_return,tgju,sekeb,tgju.org/archive-tool,raw/tgju_raw.json,market-extract-4.2,2026-08-11T11:03:48+00:00,200,created_at|id|item_id|max|metadata|min|open|opts|price|status|updated_at|value,,W20
2026-07-12,,False,20:00,Asia/Tehran,IRR_COIN,Bahar Azadi full coin,gold,spot,free_market,close,iran_otc,secondary,2,1736900000.0,IRR_per_coin,IRR,,log_return,tgju,sekeb,tgju.org/archive-tool,raw/tgju_raw.json,market-extract-4.2,2026-08-11T11:03:48+00:00,200,created_at|id|item_id|max|metadata|min|open|opts|price|status|updated_at|value,,W20
2026-07-13,,False,20:00,Asia/Tehran,IRR_COIN,Bahar Azadi full coin,gold,spot,free_market,close,iran_otc,secondary,2,1730050000.0,IRR_per_coin,IRR,,log_return,tgju,sekeb,tgju.org/archive-tool,raw/tgju_raw.json,market-extract-4.2,2026-08-11T11:03:48+00:00,200,created_at|id|item_id|max|metadata|min|open|opts|price|status|updated_at|value,,W20
2026-07-14,,False,20:00,Asia/Tehran,IRR_COIN,Bahar Azadi full coin,gold,spot,free_market,close,iran_otc,secondary,2,1758400000.0,IRR_per_coin,IRR,,log_return,tgju,sekeb,tgju.org/archive-tool,raw/tgju_raw.json,market-extract-4.2,2026-08-11T11:03:48+00:00,200,created_at|id|item_id|max|metadata|min|open|opts|price|status|updated_at|value,,W20
2026-07-15,,False,20:00,Asia/Tehran,IRR_COIN,Bahar Azadi full coin,gold,spot,free_market,close,iran_otc,secondary,2,1800550000.0,IRR_per_coin,IRR,,log_return,tgju,sekeb,tgju.org/archive-tool,raw/tgju_raw.json,market-extract-4.2,2026-08-11T11:03:48+00:00,200,created_at|id|item_id|max|metadata|min|open|opts|price|status|updated_at|value,,W20
2026-07-16,,False,20:00,Asia/Tehran,IRR_COIN,Bahar Azadi full coin,gold,spot,free_market,close,iran_otc,secondary,2,1800300000.0,IRR_per_coin,IRR,,log_return,tgju,sekeb,tgju.org/archive-tool,raw/tgju_raw.json,market-extract-4.2,2026-08-11T11:03:48+00:00,200,created_at|id|item_id|max|metadata|min|open|opts|price|status|updated_at|value,,W20
2026-07-17,,False,20:00,Asia/Tehran,IRR_COIN,Bahar Azadi full coin,gold,spot,free_market,close,iran_otc,secondary,2,1800300000.0,IRR_per_coin,IRR,,log_return,tgju,sekeb,tgju.org/archive-tool,raw/tgju_raw.json,market-extract-4.2,2026-08-11T11:03:48+00:00,200,created_at|id|item_id|max|metadata|min|open|opts|price|status|updated_at|value,,W20
2026-07-18,,False,20:00,Asia/Tehran,IRR_COIN,Bahar Azadi full coin,gold,spot,free_market,close,iran_otc,secondary,2,1854000000.0,IRR_per_coin,IRR,,log_return,tgju,sekeb,tgju.org/archive-tool,raw/tgju_raw.json,market-extract-4.2,2026-08-11T11:03:48+00:00,200,created_at|id|item_id|max|metadata|min|open|opts|price|status|updated_at|value,,W21
2026-07-19,,False,20:00,Asia/Tehran,IRR_COIN,Bahar Azadi full coin,gold,spot,free_market,close,iran_otc,secondary,2,1841050000.0,IRR_per_coin,IRR,,log_return,tgju,sekeb,tgju.org/archive-tool,raw/tgju_raw.json,market-extract-4.2,2026-08-11T11:03:48+00:00,200,created_at|id|item_id|max|metadata|min|open|opts|price|status|updated_at|value,,W21
2026-07-20,,False,20:00,Asia/Tehran,IRR_COIN,Bahar Azadi full coin,gold,spot,free_market,close,iran_otc,secondary,2,1786500000.0,IRR_per_coin,IRR,,log_return,tgju,sekeb,tgju.org/archive-tool,raw/tgju_raw.json,market-extract-4.2,2026-08-11T11:03:48+00:00,200,created_at|id|item_id|max|metadata|min|open|opts|price|status|updated_at|value,,W21
2026-07-21,,False,20:00,Asia/Tehran,IRR_COIN,Bahar Azadi full coin,gold,spot,free_market,close,iran_otc,secondary,2,1809800000.0,IRR_per_coin,IRR,,log_return,tgju,sekeb,tgju.org/archive-tool,raw/tgju_raw.json,market-extract-4.2,2026-08-11T11:03:48+00:00,200,created_at|id|item_id|max|metadata|min|open|opts|price|status|updated_at|value,,W21
2026-07-22,,False,20:00,Asia/Tehran,IRR_COIN,Bahar Azadi full coin,gold,spot,free_market,close,iran_otc,secondary,2,1850000000.0,IRR_per_coin,IRR,,log_return,tgju,sekeb,tgju.org/archive-tool,raw/tgju_raw.json,market-extract-4.2,2026-08-11T11:03:48+00:00,200,created_at|id|item_id|max|metadata|min|open|opts|price|status|updated_at|value,,W21
2026-02-28,,False,20:00,Asia/Tehran,IRR_COIN_G,Gram gold coin,gold,spot,free_market,close,iran_otc,secondary,3,295000000.0,IRR_per_coin,IRR,,log_return,tgju,gerami,tgju.org/archive-tool,raw/tgju_raw.json,market-extract-4.2,2026-08-11T11:03:48+00:00,200,created_at|id|item_id|max|metadata|min|open|opts|price|status|updated_at|value,,W01
2026-03-01,,False,20:00,Asia/Tehran,IRR_COIN_G,Gram gold coin,gold,spot,free_market,close,iran_otc,secondary,3,295000000.0,IRR_per_coin,IRR,,log_return,tgju,gerami,tgju.org/archive-tool,raw/tgju_raw.json,market-extract-4.2,2026-08-11T11:03:48+00:00,200,created_at|id|item_id|max|metadata|min|open|opts|price|status|updated_at|value,,W01
2026-03-02,,False,20:00,Asia/Tehran,IRR_COIN_G,Gram gold coin,gold,spot,free_market,close,iran_otc,secondary,3,295000000.0,IRR_per_coin,IRR,,log_return,tgju,gerami,tgju.org/archive-tool,raw/tgju_raw.json,market-extract-4.2,2026-08-11T11:03:48+00:00,200,created_at|id|item_id|max|metadata|min|open|opts|price|status|updated_at|value,,W01
2026-03-03,,False,20:00,Asia/Tehran,IRR_COIN_G,Gram gold coin,gold,spot,free_market,close,iran_otc,secondary,3,295000000.0,IRR_per_coin,IRR,,log_return,tgju,gerami,tgju.org/archive-tool,raw/tgju_raw.json,market-extract-4.2,2026-08-11T11:03:48+00:00,200,created_at|id|item_id|max|metadata|min|open|opts|price|status|updated_at|value,,W01
2026-03-04,,False,20:00,Asia/Tehran,IRR_COIN_G,Gram gold coin,gold,spot,free_market,close,iran_otc,secondary,3,295000000.0,IRR_per_coin,IRR,,log_return,tgju,gerami,tgju.org/archive-tool,raw/tgju_raw.json,market-extract-4.2,2026-08-11T11:03:48+00:00,200,created_at|id|item_id|max|metadata|min|open|opts|price|status|updated_at|value,,W01
2026-03-05,,False,20:00,Asia/Tehran,IRR_COIN_G,Gram gold coin,gold,spot,free_market,close,iran_otc,secondary,3,295000000.0,IRR_per_coin,IRR,,log_return,tgju,gerami,tgju.org/archive-tool,raw/tgju_raw.json,market-extract-4.2,2026-08-11T11:03:48+00:00,200,created_at|id|item_id|max|metadata|min|open|opts|price|status|updated_at|value,,W01
2026-03-06,,False,20:00,Asia/Tehran,IRR_COIN_G,Gram gold coin,gold,spot,free_market,close,iran_otc,secondary,3,295000000.0,IRR_per_coin,IRR,,log_return,tgju,gerami,tgju.org/archive-tool,raw/tgju_raw.json,market-extract-4.2,2026-08-11T11:03:48+00:00,200,created_at|id|item_id|max|metadata|min|open|opts|price|status|updated_at|value,,W01
2026-03-07,,False,20:00,Asia/Tehran,IRR_COIN_G,Gram gold coin,gold,spot,free_market,close,iran_otc,secondary,3,295000000.0,IRR_per_coin,IRR,,log_return,tgju,gerami,tgju.org/archive-tool,raw/tgju_raw.json,market-extract-4.2,2026-08-11T11:03:48+00:00,200,created_at|id|item_id|max|metadata|min|open|opts|price|status|updated_at|value,,W02
2026-03-08,,False,20:00,Asia/Tehran,IRR_COIN_G,Gram gold coin,gold,spot,free_market,close,iran_otc,secondary,3,260000000.0,IRR_per_coin,IRR,,log_return,tgju,gerami,tgju.org/archive-tool,raw/tgju_raw.json,market-extract-4.2,2026-08-11T11:03:48+00:00,200,created_at|id|item_id|max|metadata|min|open|opts|price|status|updated_at|value,,W02
2026-03-09,,False,20:00,Asia/Tehran,IRR_COIN_G,Gram gold coin,gold,spot,free_market,close,iran_otc,secondary,3,260000000.0,IRR_per_coin,IRR,,log_return,tgju,gerami,tgju.org/archive-tool,raw/tgju_raw.json,market-extract-4.2,2026-08-11T11:03:48+00:00,200,created_at|id|item_id|max|metadata|min|open|opts|price|status|updated_at|value,,W02
2026-03-10,,False,20:00,Asia/Tehran,IRR_COIN_G,Gram gold coin,gold,spot,free_market,close,iran_otc,secondary,3,260000000.0,IRR_per_coin,IRR,,log_return,tgju,gerami,tgju.org/archive-tool,raw/tgju_raw.json,market-extract-4.2,2026-08-11T11:03:48+00:00,200,created_at|id|item_id|max|metadata|min|open|opts|price|status|updated_at|value,,W02
2026-03-11,,False,20:00,Asia/Tehran,IRR_COIN_G,Gram gold coin,gold,spot,free_market,close,iran_otc,secondary,3,260000000.0,IRR_per_coin,IRR,,log_return,tgju,gerami,tgju.org/archive-tool,raw/tgju_raw.json,market-extract-4.2,2026-08-11T11:03:48+00:00,200,created_at|id|item_id|max|metadata|min|open|opts|price|status|updated_at|value,,W02
2026-03-12,,False,20:00,Asia/Tehran,IRR_COIN_G,Gram gold coin,gold,spot,free_market,close,iran_otc,secondary,3,260000000.0,IRR_per_coin,IRR,,log_return,tgju,gerami,tgju.org/archive-tool,raw/tgju_raw.json,market-extract-4.2,2026-08-11T11:03:48+00:00,200,created_at|id|item_id|max|metadata|min|open|opts|price|status|updated_at|value,,W02
2026-03-13,,False,20:00,Asia/Tehran,IRR_COIN_G,Gram gold coin,gold,spot,free_market,close,iran_otc,secondary,3,260000000.0,IRR_per_coin,IRR,,log_return,tgju,gerami,tgju.org/archive-tool,raw/tgju_raw.json,market-extract-4.2,2026-08-11T11:03:48+00:00,200,created_at|id|item_id|max|metadata|min|open|opts|price|status|updated_at|value,,W02
2026-03-14,,False,20:00,Asia/Tehran,IRR_COIN_G,Gram gold coin,gold,spot,free_market,close,iran_otc,secondary,3,260000000.0,IRR_per_coin,IRR,,log_return,tgju,gerami,tgju.org/archive-tool,raw/tgju_raw.json,market-extract-4.2,2026-08-11T11:03:48+00:00,200,created_at|id|item_id|max|metadata|min|open|opts|price|status|updated_at|value,,W03
2026-03-15,,False,20:00,Asia/Tehran,IRR_COIN_G,Gram gold coin,gold,spot,free_market,close,iran_otc,secondary,3,260000000.0,IRR_per_coin,IRR,,log_return,tgju,gerami,tgju.org/archive-tool,raw/tgju_raw.json,market-extract-4.2,2026-08-11T11:03:48+00:00,200,created_at|id|item_id|max|metadata|min|open|opts|price|status|updated_at|value,,W03
2026-03-16,,False,20:00,Asia/Tehran,IRR_COIN_G,Gram gold coin,gold,spot,free_market,close,iran_otc,secondary,3,260000000.0,IRR_per_coin,IRR,,log_return,tgju,gerami,tgju.org/archive-tool,raw/tgju_raw.json,market-extract-4.2,2026-08-11T11:03:48+00:00,200,created_at|id|item_id|max|metadata|min|open|opts|price|status|updated_at|value,,W03
2026-03-17,,False,20:00,Asia/Tehran,IRR_COIN_G,Gram gold coin,gold,spot,free_market,close,iran_otc,secondary,3,260000000.0,IRR_per_coin,IRR,,log_return,tgju,gerami,tgju.org/archive-tool,raw/tgju_raw.json,market-extract-4.2,2026-08-11T11:03:48+00:00,200,created_at|id|item_id|max|metadata|min|open|opts|price|status|updated_at|value,,W03
2026-03-18,,False,20:00,Asia/Tehran,IRR_COIN_G,Gram gold coin,gold,spot,free_market,close,iran_otc,secondary,3,259000000.0,IRR_per_coin,IRR,,log_return,tgju,gerami,tgju.org/archive-tool,raw/tgju_raw.json,market-extract-4.2,2026-08-11T11:03:48+00:00,200,created_at|id|item_id|max|metadata|min|open|opts|price|status|updated_at|value,,W03
2026-03-19,,False,20:00,Asia/Tehran,IRR_COIN_G,Gram gold coin,gold,spot,free_market,close,iran_otc,secondary,3,280000000.0,IRR_per_coin,IRR,,log_return,tgju,gerami,tgju.org/archive-tool,raw/tgju_raw.json,market-extract-4.2,2026-08-11T11:03:48+00:00,200,created_at|id|item_id|max|metadata|min|open|opts|price|status|updated_at|value,,W03
2026-03-20,,False,20:00,Asia/Tehran,IRR_COIN_G,Gram gold coin,gold,spot,free_market,close,iran_otc,secondary,3,280000000.0,IRR_per_coin,IRR,,log_return,tgju,gerami,tgju.org/archive-tool,raw/tgju_raw.json,market-extract-4.2,2026-08-11T11:03:48+00:00,200,created_at|id|item_id|max|metadata|min|open|opts|price|status|updated_at|value,,W03
2026-03-21,,False,20:00,Asia/Tehran,IRR_COIN_G,Gram gold coin,gold,spot,free_market,close,iran_otc,secondary,3,280000000.0,IRR_per_coin,IRR,,log_return,tgju,gerami,tgju.org/archive-tool,raw/tgju_raw.json,market-extract-4.2,2026-08-11T11:03:48+00:00,200,created_at|id|item_id|max|metadata|min|open|opts|price|status|updated_at|value,,W04
2026-03-22,,False,20:00,Asia/Tehran,IRR_COIN_G,Gram gold coin,gold,spot,free_market,close,iran_otc,secondary,3,280000000.0,IRR_per_coin,IRR,,log_return,tgju,gerami,tgju.org/archive-tool,raw/tgju_raw.json,market-extract-4.2,2026-08-11T11:03:48+00:00,200,created_at|id|item_id|max|metadata|min|open|opts|price|status|updated_at|value,,W04
2026-03-23,,False,20:00,Asia/Tehran,IRR_COIN_G,Gram gold coin,gold,spot,free_market,close,iran_otc,secondary,3,279000000.0,IRR_per_coin,IRR,,log_return,tgju,gerami,tgju.org/archive-tool,raw/tgju_raw.json,market-extract-4.2,2026-08-11T11:03:48+00:00,200,created_at|id|item_id|max|metadata|min|open|opts|price|status|updated_at|value,,W04
2026-03-24,,False,20:00,Asia/Tehran,IRR_COIN_G,Gram gold coin,gold,spot,free_market,close,iran_otc,secondary,3,279000000.0,IRR_per_coin,IRR,,log_return,tgju,gerami,tgju.org/archive-tool,raw/tgju_raw.json,market-extract-4.2,2026-08-11T11:03:48+00:00,200,created_at|id|item_id|max|metadata|min|open|opts|price|status|updated_at|value,,W04
2026-03-25,,False,20:00,Asia/Tehran,IRR_COIN_G,Gram gold coin,gold,spot,free_market,close,iran_otc,secondary,3,279000000.0,IRR_per_coin,IRR,,log_return,tgju,gerami,tgju.org/archive-tool,raw/tgju_raw.json,market-extract-4.2,2026-08-11T11:03:48+00:00,200,created_at|id|item_id|max|metadata|min|open|opts|price|status|updated_at|value,,W04
2026-03-26,,False,20:00,Asia/Tehran,IRR_COIN_G,Gram gold coin,gold,spot,free_market,close,iran_otc,secondary,3,280000000.0,IRR_per_coin,IRR,,log_return,tgju,gerami,tgju.org/archive-tool,raw/tgju_raw.json,market-extract-4.2,2026-08-11T11:03:48+00:00,200,created_at|id|item_id|max|metadata|min|open|opts|price|status|updated_at|value,,W04
2026-03-27,,False,20:00,Asia/Tehran,IRR_COIN_G,Gram gold coin,gold,spot,free_market,close,iran_otc,secondary,3,280000000.0,IRR_per_coin,IRR,,log_return,tgju,gerami,tgju.org/archive-tool,raw/tgju_raw.json,market-extract-4.2,2026-08-11T11:03:48+00:00,200,created_at|id|item_id|max|metadata|min|open|opts|price|status|updated_at|value,,W04
2026-03-28,,False,20:00,Asia/Tehran,IRR_COIN_G,Gram gold coin,gold,spot,free_market,close,iran_otc,secondary,3,280000000.0,IRR_per_coin,IRR,,log_return,tgju,gerami,tgju.org/archive-tool,raw/tgju_raw.json,market-extract-4.2,2026-08-11T11:03:48+00:00,200,created_at|id|item_id|max|metadata|min|open|opts|price|status|updated_at|value,,W05
2026-03-29,,False,20:00,Asia/Tehran,IRR_COIN_G,Gram gold coin,gold,spot,free_market,close,iran_otc,secondary,3,280000000.0,IRR_per_coin,IRR,,log_return,tgju,gerami,tgju.org/archive-tool,raw/tgju_raw.json,market-extract-4.2,2026-08-11T11:03:48+00:00,200,created_at|id|item_id|max|metadata|min|open|opts|price|status|updated_at|value,,W05
2026-03-30,,False,20:00,Asia/Tehran,IRR_COIN_G,Gram gold coin,gold,spot,free_market,close,iran_otc,secondary,3,280000000.0,IRR_per_coin,IRR,,log_return,tgju,gerami,tgju.org/archive-tool,raw/tgju_raw.json,market-extract-4.2,2026-08-11T11:03:48+00:00,200,created_at|id|item_id|max|metadata|min|open|opts|price|status|updated_at|value,,W05
2026-03-31,,False,20:00,Asia/Tehran,IRR_COIN_G,Gram gold coin,gold,spot,free_market,close,iran_otc,secondary,3,280000000.0,IRR_per_coin,IRR,,log_return,tgju,gerami,tgju.org/archive-tool,raw/tgju_raw.json,market-extract-4.2,2026-08-11T11:03:48+00:00,200,created_at|id|item_id|max|metadata|min|open|opts|price|status|updated_at|value,,W05
2026-04-01,,False,20:00,Asia/Tehran,IRR_COIN_G,Gram gold coin,gold,spot,free_market,close,iran_otc,secondary,3,290000000.0,IRR_per_coin,IRR,,log_return,tgju,gerami,tgju.org/archive-tool,raw/tgju_raw.json,market-extract-4.2,2026-08-11T11:03:48+00:00,200,created_at|id|item_id|max|metadata|min|open|opts|price|status|updated_at|value,,W05
2026-04-02,,False,20:00,Asia/Tehran,IRR_COIN_G,Gram gold coin,gold,spot,free_market,close,iran_otc,secondary,3,290000000.0,IRR_per_coin,IRR,,log_return,tgju,gerami,tgju.org/archive-tool,raw/tgju_raw.json,market-extract-4.2,2026-08-11T11:03:48+00:00,200,created_at|id|item_id|max|metadata|min|open|opts|price|status|updated_at|value,,W05
2026-04-03,,False,20:00,Asia/Tehran,IRR_COIN_G,Gram gold coin,gold,spot,free_market,close,iran_otc,secondary,3,290000000.0,IRR_per_coin,IRR,,log_return,tgju,gerami,tgju.org/archive-tool,raw/tgju_raw.json,market-extract-4.2,2026-08-11T11:03:48+00:00,200,created_at|id|item_id|max|metadata|min|open|opts|price|status|updated_at|value,,W05
2026-04-04,,False,20:00,Asia/Tehran,IRR_COIN_G,Gram gold coin,gold,spot,free_market,close,iran_otc,secondary,3,290000000.0,IRR_per_coin,IRR,,log_return,tgju,gerami,tgju.org/archive-tool,raw/tgju_raw.json,market-extract-4.2,2026-08-11T11:03:48+00:00,200,created_at|id|item_id|max|metadata|min|open|opts|price|status|updated_at|value,,W06
2026-04-05,,False,20:00,Asia/Tehran,IRR_COIN_G,Gram gold coin,gold,spot,free_market,close,iran_otc,secondary,3,290000000.0,IRR_per_coin,IRR,,log_return,tgju,gerami,tgju.org/archive-tool,raw/tgju_raw.json,market-extract-4.2,2026-08-11T11:03:48+00:00,200,created_at|id|item_id|max|metadata|min|open|opts|price|status|updated_at|value,,W06
2026-04-06,,False,20:00,Asia/Tehran,IRR_COIN_G,Gram gold coin,gold,spot,free_market,close,iran_otc,secondary,3,290000000.0,IRR_per_coin,IRR,,log_return,tgju,gerami,tgju.org/archive-tool,raw/tgju_raw.json,market-extract-4.2,2026-08-11T11:03:48+00:00,200,created_at|id|item_id|max|metadata|min|open|opts|price|status|updated_at|value,,W06
2026-04-07,,False,20:00,Asia/Tehran,IRR_COIN_G,Gram gold coin,gold,spot,free_market,close,iran_otc,secondary,3,290000000.0,IRR_per_coin,IRR,,log_return,tgju,gerami,tgju.org/archive-tool,raw/tgju_raw.json,market-extract-4.2,2026-08-11T11:03:48+00:00,200,created_at|id|item_id|max|metadata|min|open|opts|price|status|updated_at|value,,W06
2026-04-08,,False,20:00,Asia/Tehran,IRR_COIN_G,Gram gold coin,gold,spot,free_market,close,iran_otc,secondary,3,280000000.0,IRR_per_coin,IRR,,log_return,tgju,gerami,tgju.org/archive-tool,raw/tgju_raw.json,market-extract-4.2,2026-08-11T11:03:48+00:00,200,created_at|id|item_id|max|metadata|min|open|opts|price|status|updated_at|value,,W06
2026-04-09,,False,20:00,Asia/Tehran,IRR_COIN_G,Gram gold coin,gold,spot,free_market,close,iran_otc,secondary,3,280000000.0,IRR_per_coin,IRR,,log_return,tgju,gerami,tgju.org/archive-tool,raw/tgju_raw.json,market-extract-4.2,2026-08-11T11:03:48+00:00,200,created_at|id|item_id|max|metadata|min|open|opts|price|status|updated_at|value,,W06
2026-04-10,,False,20:00,Asia/Tehran,IRR_COIN_G,Gram gold coin,gold,spot,free_market,close,iran_otc,secondary,3,280000000.0,IRR_per_coin,IRR,,log_return,tgju,gerami,tgju.org/archive-tool,raw/tgju_raw.json,market-extract-4.2,2026-08-11T11:03:48+00:00,200,created_at|id|item_id|max|metadata|min|open|opts|price|status|updated_at|value,,W06
2026-04-11,,False,20:00,Asia/Tehran,IRR_COIN_G,Gram gold coin,gold,spot,free_market,close,iran_otc,secondary,3,270000000.0,IRR_per_coin,IRR,,log_return,tgju,gerami,tgju.org/archive-tool,raw/tgju_raw.json,market-extract-4.2,2026-08-11T11:03:48+00:00,200,created_at|id|item_id|max|metadata|min|open|opts|price|status|updated_at|value,,W07
2026-04-12,,False,20:00,Asia/Tehran,IRR_COIN_G,Gram gold coin,gold,spot,free_market,close,iran_otc,secondary,3,275000000.0,IRR_per_coin,IRR,,log_return,tgju,gerami,tgju.org/archive-tool,raw/tgju_raw.json,market-extract-4.2,2026-08-11T11:03:48+00:00,200,created_at|id|item_id|max|metadata|min|open|opts|price|status|updated_at|value,,W07
2026-04-13,,False,20:00,Asia/Tehran,IRR_COIN_G,Gram gold coin,gold,spot,free_market,close,iran_otc,secondary,3,270000000.0,IRR_per_coin,IRR,,log_return,tgju,gerami,tgju.org/archive-tool,raw/tgju_raw.json,market-extract-4.2,2026-08-11T11:03:48+00:00,200,created_at|id|item_id|max|metadata|min|open|opts|price|status|updated_at|value,,W07
2026-04-14,,False,20:00,Asia/Tehran,IRR_COIN_G,Gram gold coin,gold,spot,free_market,close,iran_otc,secondary,3,290000000.0,IRR_per_coin,IRR,,log_return,tgju,gerami,tgju.org/archive-tool,raw/tgju_raw.json,market-extract-4.2,2026-08-11T11:03:48+00:00,200,created_at|id|item_id|max|metadata|min|open|opts|price|status|updated_at|value,,W07
2026-04-15,,False,20:00,Asia/Tehran,IRR_COIN_G,Gram gold coin,gold,spot,free_market,close,iran_otc,secondary,3,270000000.0,IRR_per_coin,IRR,,log_return,tgju,gerami,tgju.org/archive-tool,raw/tgju_raw.json,market-extract-4.2,2026-08-11T11:03:48+00:00,200,created_at|id|item_id|max|metadata|min|open|opts|price|status|updated_at|value,,W07
2026-04-16,,False,20:00,Asia/Tehran,IRR_COIN_G,Gram gold coin,gold,spot,free_market,close,iran_otc,secondary,3,260000000.0,IRR_per_coin,IRR,,log_return,tgju,gerami,tgju.org/archive-tool,raw/tgju_raw.json,market-extract-4.2,2026-08-11T11:03:48+00:00,200,created_at|id|item_id|max|metadata|min|open|opts|price|status|updated_at|value,,W07
2026-04-17,,False,20:00,Asia/Tehran,IRR_COIN_G,Gram gold coin,gold,spot,free_market,close,iran_otc,secondary,3,260000000.0,IRR_per_coin,IRR,,log_return,tgju,gerami,tgju.org/archive-tool,raw/tgju_raw.json,market-extract-4.2,2026-08-11T11:03:48+00:00,200,created_at|id|item_id|max|metadata|min|open|opts|price|status|updated_at|value,,W07
2026-04-18,,False,20:00,Asia/Tehran,IRR_COIN_G,Gram gold coin,gold,spot,free_market,close,iran_otc,secondary,3,250000000.0,IRR_per_coin,IRR,,log_return,tgju,gerami,tgju.org/archive-tool,raw/tgju_raw.json,market-extract-4.2,2026-08-11T11:03:48+00:00,200,created_at|id|item_id|max|metadata|min|open|opts|price|status|updated_at|value,,W08
2026-04-19,,False,20:00,Asia/Tehran,IRR_COIN_G,Gram gold coin,gold,spot,free_market,close,iran_otc,secondary,3,260000000.0,IRR_per_coin,IRR,,log_return,tgju,gerami,tgju.org/archive-tool,raw/tgju_raw.json,market-extract-4.2,2026-08-11T11:03:48+00:00,200,created_at|id|item_id|max|metadata|min|open|opts|price|status|updated_at|value,,W08
2026-04-20,,False,20:00,Asia/Tehran,IRR_COIN_G,Gram gold coin,gold,spot,free_market,close,iran_otc,secondary,3,250000000.0,IRR_per_coin,IRR,,log_return,tgju,gerami,tgju.org/archive-tool,raw/tgju_raw.json,market-extract-4.2,2026-08-11T11:03:48+00:00,200,created_at|id|item_id|max|metadata|min|open|opts|price|status|updated_at|value,,W08
2026-04-21,,False,20:00,Asia/Tehran,IRR_COIN_G,Gram gold coin,gold,spot,free_market,close,iran_otc,secondary,3,260000000.0,IRR_per_coin,IRR,,log_return,tgju,gerami,tgju.org/archive-tool,raw/tgju_raw.json,market-extract-4.2,2026-08-11T11:03:48+00:00,200,created_at|id|item_id|max|metadata|min|open|opts|price|status|updated_at|value,,W08
2026-04-22,,False,20:00,Asia/Tehran,IRR_COIN_G,Gram gold coin,gold,spot,free_market,close,iran_otc,secondary,3,260000000.0,IRR_per_coin,IRR,,log_return,tgju,gerami,tgju.org/archive-tool,raw/tgju_raw.json,market-extract-4.2,2026-08-11T11:03:48+00:00,200,created_at|id|item_id|max|metadata|min|open|opts|price|status|updated_at|value,,W08
2026-04-23,,False,20:00,Asia/Tehran,IRR_COIN_G,Gram gold coin,gold,spot,free_market,close,iran_otc,secondary,3,270000000.0,IRR_per_coin,IRR,,log_return,tgju,gerami,tgju.org/archive-tool,raw/tgju_raw.json,market-extract-4.2,2026-08-11T11:03:48+00:00,200,created_at|id|item_id|max|metadata|min|open|opts|price|status|updated_at|value,,W08
2026-04-24,,False,20:00,Asia/Tehran,IRR_COIN_G,Gram gold coin,gold,spot,free_market,close,iran_otc,secondary,3,270000000.0,IRR_per_coin,IRR,,log_return,tgju,gerami,tgju.org/archive-tool,raw/tgju_raw.json,market-extract-4.2,2026-08-11T11:03:48+00:00,200,created_at|id|item_id|max|metadata|min|open|opts|price|status|updated_at|value,,W08
2026-04-25,,False,20:00,Asia/Tehran,IRR_COIN_G,Gram gold coin,gold,spot,free_market,close,iran_otc,secondary,3,270000000.0,IRR_per_coin,IRR,,log_return,tgju,gerami,tgju.org/archive-tool,raw/tgju_raw.json,market-extract-4.2,2026-08-11T11:03:48+00:00,200,created_at|id|item_id|max|metadata|min|open|opts|price|status|updated_at|value,,W09
2026-04-26,,False,20:00,Asia/Tehran,IRR_COIN_G,Gram gold coin,gold,spot,free_market,close,iran_otc,secondary,3,270000000.0,IRR_per_coin,IRR,,log_return,tgju,gerami,tgju.org/archive-tool,raw/tgju_raw.json,market-extract-4.2,2026-08-11T11:03:48+00:00,200,created_at|id|item_id|max|metadata|min|open|opts|price|status|updated_at|value,,W09
2026-04-27,,False,20:00,Asia/Tehran,IRR_COIN_G,Gram gold coin,gold,spot,free_market,close,iran_otc,secondary,3,270000000.0,IRR_per_coin,IRR,,log_return,tgju,gerami,tgju.org/archive-tool,raw/tgju_raw.json,market-extract-4.2,2026-08-11T11:03:48+00:00,200,created_at|id|item_id|max|metadata|min|open|opts|price|status|updated_at|value,,W09
2026-04-28,,False,20:00,Asia/Tehran,IRR_COIN_G,Gram gold coin,gold,spot,free_market,close,iran_otc,secondary,3,275000000.0,IRR_per_coin,IRR,,log_return,tgju,gerami,tgju.org/archive-tool,raw/tgju_raw.json,market-extract-4.2,2026-08-11T11:03:48+00:00,200,created_at|id|item_id|max|metadata|min|open|opts|price|status|updated_at|value,,W09
2026-04-29,,False,20:00,Asia/Tehran,IRR_COIN_G,Gram gold coin,gold,spot,free_market,close,iran_otc,secondary,3,290000000.0,IRR_per_coin,IRR,,log_return,tgju,gerami,tgju.org/archive-tool,raw/tgju_raw.json,market-extract-4.2,2026-08-11T11:03:48+00:00,200,created_at|id|item_id|max|metadata|min|open|opts|price|status|updated_at|value,,W09
2026-04-30,,False,20:00,Asia/Tehran,IRR_COIN_G,Gram gold coin,gold,spot,free_market,close,iran_otc,secondary,3,290000000.0,IRR_per_coin,IRR,,log_return,tgju,gerami,tgju.org/archive-tool,raw/tgju_raw.json,market-extract-4.2,2026-08-11T11:03:48+00:00,200,created_at|id|item_id|max|metadata|min|open|opts|price|status|updated_at|value,,W09
2026-05-01,,False,20:00,Asia/Tehran,IRR_COIN_G,Gram gold coin,gold,spot,free_market,close,iran_otc,secondary,3,290000000.0,IRR_per_coin,IRR,,log_return,tgju,gerami,tgju.org/archive-tool,raw/tgju_raw.json,market-extract-4.2,2026-08-11T11:03:48+00:00,200,created_at|id|item_id|max|metadata|min|open|opts|price|status|updated_at|value,,W09
2026-05-02,,False,20:00,Asia/Tehran,IRR_COIN_G,Gram gold coin,gold,spot,free_market,close,iran_otc,secondary,3,290000000.0,IRR_per_coin,IRR,,log_return,tgju,gerami,tgju.org/archive-tool,raw/tgju_raw.json,market-extract-4.2,2026-08-11T11:03:48+00:00,200,created_at|id|item_id|max|metadata|min|open|opts|price|status|updated_at|value,,W10
2026-05-03,,False,20:00,Asia/Tehran,IRR_COIN_G,Gram gold coin,gold,spot,free_market,close,iran_otc,secondary,3,300000000.0,IRR_per_coin,IRR,,log_return,tgju,gerami,tgju.org/archive-tool,raw/tgju_raw.json,market-extract-4.2,2026-08-11T11:03:48+00:00,200,created_at|id|item_id|max|metadata|min|open|opts|price|status|updated_at|value,,W10
2026-05-04,,False,20:00,Asia/Tehran,IRR_COIN_G,Gram gold coin,gold,spot,free_market,close,iran_otc,secondary,3,302550000.0,IRR_per_coin,IRR,,log_return,tgju,gerami,tgju.org/archive-tool,raw/tgju_raw.json,market-extract-4.2,2026-08-11T11:03:48+00:00,200,created_at|id|item_id|max|metadata|min|open|opts|price|status|updated_at|value,,W10
2026-05-05,,False,20:00,Asia/Tehran,IRR_COIN_G,Gram gold coin,gold,spot,free_market,close,iran_otc,secondary,3,280000000.0,IRR_per_coin,IRR,,log_return,tgju,gerami,tgju.org/archive-tool,raw/tgju_raw.json,market-extract-4.2,2026-08-11T11:03:48+00:00,200,created_at|id|item_id|max|metadata|min|open|opts|price|status|updated_at|value,,W10
2026-05-06,,False,20:00,Asia/Tehran,IRR_COIN_G,Gram gold coin,gold,spot,free_market,close,iran_otc,secondary,3,280000000.0,IRR_per_coin,IRR,,log_return,tgju,gerami,tgju.org/archive-tool,raw/tgju_raw.json,market-extract-4.2,2026-08-11T11:03:48+00:00,200,created_at|id|item_id|max|metadata|min|open|opts|price|status|updated_at|value,,W10
2026-05-07,,False,20:00,Asia/Tehran,IRR_COIN_G,Gram gold coin,gold,spot,free_market,close,iran_otc,secondary,3,280000000.0,IRR_per_coin,IRR,,log_return,tgju,gerami,tgju.org/archive-tool,raw/tgju_raw.json,market-extract-4.2,2026-08-11T11:03:48+00:00,200,created_at|id|item_id|max|metadata|min|open|opts|price|status|updated_at|value,,W10
2026-05-08,,False,20:00,Asia/Tehran,IRR_COIN_G,Gram gold coin,gold,spot,free_market,close,iran_otc,secondary,3,280000000.0,IRR_per_coin,IRR,,log_return,tgju,gerami,tgju.org/archive-tool,raw/tgju_raw.json,market-extract-4.2,2026-08-11T11:03:48+00:00,200,created_at|id|item_id|max|metadata|min|open|opts|price|status|updated_at|value,,W10
2026-05-09,,False,20:00,Asia/Tehran,IRR_COIN_G,Gram gold coin,gold,spot,free_market,close,iran_otc,secondary,3,285000000.0,IRR_per_coin,IRR,,log_return,tgju,gerami,tgju.org/archive-tool,raw/tgju_raw.json,market-extract-4.2,2026-08-11T11:03:48+00:00,200,created_at|id|item_id|max|metadata|min|open|opts|price|status|updated_at|value,,W11
2026-05-10,,False,20:00,Asia/Tehran,IRR_COIN_G,Gram gold coin,gold,spot,free_market,close,iran_otc,secondary,3,280000000.0,IRR_per_coin,IRR,,log_return,tgju,gerami,tgju.org/archive-tool,raw/tgju_raw.json,market-extract-4.2,2026-08-11T11:03:48+00:00,200,created_at|id|item_id|max|metadata|min|open|opts|price|status|updated_at|value,,W11
2026-05-11,,False,20:00,Asia/Tehran,IRR_COIN_G,Gram gold coin,gold,spot,free_market,close,iran_otc,secondary,3,290000000.0,IRR_per_coin,IRR,,log_return,tgju,gerami,tgju.org/archive-tool,raw/tgju_raw.json,market-extract-4.2,2026-08-11T11:03:48+00:00,200,created_at|id|item_id|max|metadata|min|open|opts|price|status|updated_at|value,,W11
2026-05-12,,False,20:00,Asia/Tehran,IRR_COIN_G,Gram gold coin,gold,spot,free_market,close,iran_otc,secondary,3,285000000.0,IRR_per_coin,IRR,,log_return,tgju,gerami,tgju.org/archive-tool,raw/tgju_raw.json,market-extract-4.2,2026-08-11T11:03:48+00:00,200,created_at|id|item_id|max|metadata|min|open|opts|price|status|updated_at|value,,W11
2026-05-13,,False,20:00,Asia/Tehran,IRR_COIN_G,Gram gold coin,gold,spot,free_market,close,iran_otc,secondary,3,280000000.0,IRR_per_coin,IRR,,log_return,tgju,gerami,tgju.org/archive-tool,raw/tgju_raw.json,market-extract-4.2,2026-08-11T11:03:48+00:00,200,created_at|id|item_id|max|metadata|min|open|opts|price|status|updated_at|value,,W11
2026-05-14,,False,20:00,Asia/Tehran,IRR_COIN_G,Gram gold coin,gold,spot,free_market,close,iran_otc,secondary,3,285000000.0,IRR_per_coin,IRR,,log_return,tgju,gerami,tgju.org/archive-tool,raw/tgju_raw.json,market-extract-4.2,2026-08-11T11:03:48+00:00,200,created_at|id|item_id|max|metadata|min|open|opts|price|status|updated_at|value,,W11
2026-05-15,,False,20:00,Asia/Tehran,IRR_COIN_G,Gram gold coin,gold,spot,free_market,close,iran_otc,secondary,3,285000000.0,IRR_per_coin,IRR,,log_return,tgju,gerami,tgju.org/archive-tool,raw/tgju_raw.json,market-extract-4.2,2026-08-11T11:03:48+00:00,200,created_at|id|item_id|max|metadata|min|open|opts|price|status|updated_at|value,,W11
2026-05-16,,False,20:00,Asia/Tehran,IRR_COIN_G,Gram gold coin,gold,spot,free_market,close,iran_otc,secondary,3,270000000.0,IRR_per_coin,IRR,,log_return,tgju,gerami,tgju.org/archive-tool,raw/tgju_raw.json,market-extract-4.2,2026-08-11T11:03:48+00:00,200,created_at|id|item_id|max|metadata|min|open|opts|price|status|updated_at|value,,W12
2026-05-17,,False,20:00,Asia/Tehran,IRR_COIN_G,Gram gold coin,gold,spot,free_market,close,iran_otc,secondary,3,280000000.0,IRR_per_coin,IRR,,log_return,tgju,gerami,tgju.org/archive-tool,raw/tgju_raw.json,market-extract-4.2,2026-08-11T11:03:48+00:00,200,created_at|id|item_id|max|metadata|min|open|opts|price|status|updated_at|value,,W12
2026-05-18,,False,20:00,Asia/Tehran,IRR_COIN_G,Gram gold coin,gold,spot,free_market,close,iran_otc,secondary,3,270000000.0,IRR_per_coin,IRR,,log_return,tgju,gerami,tgju.org/archive-tool,raw/tgju_raw.json,market-extract-4.2,2026-08-11T11:03:48+00:00,200,created_at|id|item_id|max|metadata|min|open|opts|price|status|updated_at|value,,W12
2026-05-19,,False,20:00,Asia/Tehran,IRR_COIN_G,Gram gold coin,gold,spot,free_market,close,iran_otc,secondary,3,280000000.0,IRR_per_coin,IRR,,log_return,tgju,gerami,tgju.org/archive-tool,raw/tgju_raw.json,market-extract-4.2,2026-08-11T11:03:48+00:00,200,created_at|id|item_id|max|metadata|min|open|opts|price|status|updated_at|value,,W12
2026-05-20,,False,20:00,Asia/Tehran,IRR_COIN_G,Gram gold coin,gold,spot,free_market,close,iran_otc,secondary,3,280000000.0,IRR_per_coin,IRR,,log_return,tgju,gerami,tgju.org/archive-tool,raw/tgju_raw.json,market-extract-4.2,2026-08-11T11:03:48+00:00,200,created_at|id|item_id|max|metadata|min|open|opts|price|status|updated_at|value,,W12
2026-05-21,,False,20:00,Asia/Tehran,IRR_COIN_G,Gram gold coin,gold,spot,free_market,close,iran_otc,secondary,3,280000000.0,IRR_per_coin,IRR,,log_return,tgju,gerami,tgju.org/archive-tool,raw/tgju_raw.json,market-extract-4.2,2026-08-11T11:03:48+00:00,200,created_at|id|item_id|max|metadata|min|open|opts|price|status|updated_at|value,,W12
2026-05-22,,False,20:00,Asia/Tehran,IRR_COIN_G,Gram gold coin,gold,spot,free_market,close,iran_otc,secondary,3,280000000.0,IRR_per_coin,IRR,,log_return,tgju,gerami,tgju.org/archive-tool,raw/tgju_raw.json,market-extract-4.2,2026-08-11T11:03:48+00:00,200,created_at|id|item_id|max|metadata|min|open|opts|price|status|updated_at|value,,W12
2026-05-23,,False,20:00,Asia/Tehran,IRR_COIN_G,Gram gold coin,gold,spot,free_market,close,iran_otc,secondary,3,270000000.0,IRR_per_coin,IRR,,log_return,tgju,gerami,tgju.org/archive-tool,raw/tgju_raw.json,market-extract-4.2,2026-08-11T11:03:48+00:00,200,created_at|id|item_id|max|metadata|min|open|opts|price|status|updated_at|value,,W13
2026-05-24,,False,20:00,Asia/Tehran,IRR_COIN_G,Gram gold coin,gold,spot,free_market,close,iran_otc,secondary,3,270000000.0,IRR_per_coin,IRR,,log_return,tgju,gerami,tgju.org/archive-tool,raw/tgju_raw.json,market-extract-4.2,2026-08-11T11:03:48+00:00,200,created_at|id|item_id|max|metadata|min|open|opts|price|status|updated_at|value,,W13
2026-05-25,,False,20:00,Asia/Tehran,IRR_COIN_G,Gram gold coin,gold,spot,free_market,close,iran_otc,secondary,3,280000000.0,IRR_per_coin,IRR,,log_return,tgju,gerami,tgju.org/archive-tool,raw/tgju_raw.json,market-extract-4.2,2026-08-11T11:03:48+00:00,200,created_at|id|item_id|max|metadata|min|open|opts|price|status|updated_at|value,,W13
2026-05-26,,False,20:00,Asia/Tehran,IRR_COIN_G,Gram gold coin,gold,spot,free_market,close,iran_otc,secondary,3,275000000.0,IRR_per_coin,IRR,,log_return,tgju,gerami,tgju.org/archive-tool,raw/tgju_raw.json,market-extract-4.2,2026-08-11T11:03:48+00:00,200,created_at|id|item_id|max|metadata|min|open|opts|price|status|updated_at|value,,W13
2026-05-27,,False,20:00,Asia/Tehran,IRR_COIN_G,Gram gold coin,gold,spot,free_market,close,iran_otc,secondary,3,275000000.0,IRR_per_coin,IRR,,log_return,tgju,gerami,tgju.org/archive-tool,raw/tgju_raw.json,market-extract-4.2,2026-08-11T11:03:48+00:00,200,created_at|id|item_id|max|metadata|min|open|opts|price|status|updated_at|value,,W13
2026-05-28,,False,20:00,Asia/Tehran,IRR_COIN_G,Gram gold coin,gold,spot,free_market,close,iran_otc,secondary,3,270000000.0,IRR_per_coin,IRR,,log_return,tgju,gerami,tgju.org/archive-tool,raw/tgju_raw.json,market-extract-4.2,2026-08-11T11:03:48+00:00,200,created_at|id|item_id|max|metadata|min|open|opts|price|status|updated_at|value,,W13
2026-05-29,,False,20:00,Asia/Tehran,IRR_COIN_G,Gram gold coin,gold,spot,free_market,close,iran_otc,secondary,3,270000000.0,IRR_per_coin,IRR,,log_return,tgju,gerami,tgju.org/archive-tool,raw/tgju_raw.json,market-extract-4.2,2026-08-11T11:03:48+00:00,200,created_at|id|item_id|max|metadata|min|open|opts|price|status|updated_at|value,,W13
2026-05-30,,False,20:00,Asia/Tehran,IRR_COIN_G,Gram gold coin,gold,spot,free_market,close,iran_otc,secondary,3,270000000.0,IRR_per_coin,IRR,,log_return,tgju,gerami,tgju.org/archive-tool,raw/tgju_raw.json,market-extract-4.2,2026-08-11T11:03:48+00:00,200,created_at|id|item_id|max|metadata|min|open|opts|price|status|updated_at|value,,W14
2026-05-31,,False,20:00,Asia/Tehran,IRR_COIN_G,Gram gold coin,gold,spot,free_market,close,iran_otc,secondary,3,270000000.0,IRR_per_coin,IRR,,log_return,tgju,gerami,tgju.org/archive-tool,raw/tgju_raw.json,market-extract-4.2,2026-08-11T11:03:48+00:00,200,created_at|id|item_id|max|metadata|min|open|opts|price|status|updated_at|value,,W14
2026-06-01,,False,20:00,Asia/Tehran,IRR_COIN_G,Gram gold coin,gold,spot,free_market,close,iran_otc,secondary,3,275000000.0,IRR_per_coin,IRR,,log_return,tgju,gerami,tgju.org/archive-tool,raw/tgju_raw.json,market-extract-4.2,2026-08-11T11:03:48+00:00,200,created_at|id|item_id|max|metadata|min|open|opts|price|status|updated_at|value,,W14
2026-06-02,,False,20:00,Asia/Tehran,IRR_COIN_G,Gram gold coin,gold,spot,free_market,close,iran_otc,secondary,3,280000000.0,IRR_per_coin,IRR,,log_return,tgju,gerami,tgju.org/archive-tool,raw/tgju_raw.json,market-extract-4.2,2026-08-11T11:03:48+00:00,200,created_at|id|item_id|max|metadata|min|open|opts|price|status|updated_at|value,,W14
2026-06-03,,False,20:00,Asia/Tehran,IRR_COIN_G,Gram gold coin,gold,spot,free_market,close,iran_otc,secondary,3,280000000.0,IRR_per_coin,IRR,,log_return,tgju,gerami,tgju.org/archive-tool,raw/tgju_raw.json,market-extract-4.2,2026-08-11T11:03:48+00:00,200,created_at|id|item_id|max|metadata|min|open|opts|price|status|updated_at|value,,W14
2026-06-04,,False,20:00,Asia/Tehran,IRR_COIN_G,Gram gold coin,gold,spot,free_market,close,iran_otc,secondary,3,280000000.0,IRR_per_coin,IRR,,log_return,tgju,gerami,tgju.org/archive-tool,raw/tgju_raw.json,market-extract-4.2,2026-08-11T11:03:48+00:00,200,created_at|id|item_id|max|metadata|min|open|opts|price|status|updated_at|value,,W14
2026-06-05,,False,20:00,Asia/Tehran,IRR_COIN_G,Gram gold coin,gold,spot,free_market,close,iran_otc,secondary,3,280000000.0,IRR_per_coin,IRR,,log_return,tgju,gerami,tgju.org/archive-tool,raw/tgju_raw.json,market-extract-4.2,2026-08-11T11:03:48+00:00,200,created_at|id|item_id|max|metadata|min|open|opts|price|status|updated_at|value,,W14
2026-06-06,,False,20:00,Asia/Tehran,IRR_COIN_G,Gram gold coin,gold,spot,free_market,close,iran_otc,secondary,3,280000000.0,IRR_per_coin,IRR,,log_return,tgju,gerami,tgju.org/archive-tool,raw/tgju_raw.json,market-extract-4.2,2026-08-11T11:03:48+00:00,200,created_at|id|item_id|max|metadata|min|open|opts|price|status|updated_at|value,,W15
2026-06-07,,False,20:00,Asia/Tehran,IRR_COIN_G,Gram gold coin,gold,spot,free_market,close,iran_otc,secondary,3,280000000.0,IRR_per_coin,IRR,,log_return,tgju,gerami,tgju.org/archive-tool,raw/tgju_raw.json,market-extract-4.2,2026-08-11T11:03:48+00:00,200,created_at|id|item_id|max|metadata|min|open|opts|price|status|updated_at|value,,W15
2026-06-08,,False,20:00,Asia/Tehran,IRR_COIN_G,Gram gold coin,gold,spot,free_market,close,iran_otc,secondary,3,280000000.0,IRR_per_coin,IRR,,log_return,tgju,gerami,tgju.org/archive-tool,raw/tgju_raw.json,market-extract-4.2,2026-08-11T11:03:48+00:00,200,created_at|id|item_id|max|metadata|min|open|opts|price|status|updated_at|value,,W15
2026-06-09,,False,20:00,Asia/Tehran,IRR_COIN_G,Gram gold coin,gold,spot,free_market,close,iran_otc,secondary,3,280000000.0,IRR_per_coin,IRR,,log_return,tgju,gerami,tgju.org/archive-tool,raw/tgju_raw.json,market-extract-4.2,2026-08-11T11:03:48+00:00,200,created_at|id|item_id|max|metadata|min|open|opts|price|status|updated_at|value,,W15
2026-06-10,,False,20:00,Asia/Tehran,IRR_COIN_G,Gram gold coin,gold,spot,free_market,close,iran_otc,secondary,3,270000000.0,IRR_per_coin,IRR,,log_return,tgju,gerami,tgju.org/archive-tool,raw/tgju_raw.json,market-extract-4.2,2026-08-11T11:03:48+00:00,200,created_at|id|item_id|max|metadata|min|open|opts|price|status|updated_at|value,,W15
2026-06-11,,False,20:00,Asia/Tehran,IRR_COIN_G,Gram gold coin,gold,spot,free_market,close,iran_otc,secondary,3,270000000.0,IRR_per_coin,IRR,,log_return,tgju,gerami,tgju.org/archive-tool,raw/tgju_raw.json,market-extract-4.2,2026-08-11T11:03:48+00:00,200,created_at|id|item_id|max|metadata|min|open|opts|price|status|updated_at|value,,W15
2026-06-12,,False,20:00,Asia/Tehran,IRR_COIN_G,Gram gold coin,gold,spot,free_market,close,iran_otc,secondary,3,270000000.0,IRR_per_coin,IRR,,log_return,tgju,gerami,tgju.org/archive-tool,raw/tgju_raw.json,market-extract-4.2,2026-08-11T11:03:48+00:00,200,created_at|id|item_id|max|metadata|min|open|opts|price|status|updated_at|value,,W15
2026-06-13,,False,20:00,Asia/Tehran,IRR_COIN_G,Gram gold coin,gold,spot,free_market,close,iran_otc,secondary,3,270000000.0,IRR_per_coin,IRR,,log_return,tgju,gerami,tgju.org/archive-tool,raw/tgju_raw.json,market-extract-4.2,2026-08-11T11:03:48+00:00,200,created_at|id|item_id|max|metadata|min|open|opts|price|status|updated_at|value,,W16
2026-06-14,,False,20:00,Asia/Tehran,IRR_COIN_G,Gram gold coin,gold,spot,free_market,close,iran_otc,secondary,3,260000000.0,IRR_per_coin,IRR,,log_return,tgju,gerami,tgju.org/archive-tool,raw/tgju_raw.json,market-extract-4.2,2026-08-11T11:03:48+00:00,200,created_at|id|item_id|max|metadata|min|open|opts|price|status|updated_at|value,,W16
2026-06-15,,False,20:00,Asia/Tehran,IRR_COIN_G,Gram gold coin,gold,spot,free_market,close,iran_otc,secondary,3,255000000.0,IRR_per_coin,IRR,,log_return,tgju,gerami,tgju.org/archive-tool,raw/tgju_raw.json,market-extract-4.2,2026-08-11T11:03:48+00:00,200,created_at|id|item_id|max|metadata|min|open|opts|price|status|updated_at|value,,W16
2026-06-16,,False,20:00,Asia/Tehran,IRR_COIN_G,Gram gold coin,gold,spot,free_market,close,iran_otc,secondary,3,250000000.0,IRR_per_coin,IRR,,log_return,tgju,gerami,tgju.org/archive-tool,raw/tgju_raw.json,market-extract-4.2,2026-08-11T11:03:48+00:00,200,created_at|id|item_id|max|metadata|min|open|opts|price|status|updated_at|value,,W16
2026-06-17,,False,20:00,Asia/Tehran,IRR_COIN_G,Gram gold coin,gold,spot,free_market,close,iran_otc,secondary,3,265000000.0,IRR_per_coin,IRR,,log_return,tgju,gerami,tgju.org/archive-tool,raw/tgju_raw.json,market-extract-4.2,2026-08-11T11:03:48+00:00,200,created_at|id|item_id|max|metadata|min|open|opts|price|status|updated_at|value,,W16
2026-06-18,,False,20:00,Asia/Tehran,IRR_COIN_G,Gram gold coin,gold,spot,free_market,close,iran_otc,secondary,3,250000000.0,IRR_per_coin,IRR,,log_return,tgju,gerami,tgju.org/archive-tool,raw/tgju_raw.json,market-extract-4.2,2026-08-11T11:03:48+00:00,200,created_at|id|item_id|max|metadata|min|open|opts|price|status|updated_at|value,,W16
2026-06-19,,False,20:00,Asia/Tehran,IRR_COIN_G,Gram gold coin,gold,spot,free_market,close,iran_otc,secondary,3,250000000.0,IRR_per_coin,IRR,,log_return,tgju,gerami,tgju.org/archive-tool,raw/tgju_raw.json,market-extract-4.2,2026-08-11T11:03:48+00:00,200,created_at|id|item_id|max|metadata|min|open|opts|price|status|updated_at|value,,W16
2026-06-20,,False,20:00,Asia/Tehran,IRR_COIN_G,Gram gold coin,gold,spot,free_market,close,iran_otc,secondary,3,260000000.0,IRR_per_coin,IRR,,log_return,tgju,gerami,tgju.org/archive-tool,raw/tgju_raw.json,market-extract-4.2,2026-08-11T11:03:48+00:00,200,created_at|id|item_id|max|metadata|min|open|opts|price|status|updated_at|value,,W17
2026-06-21,,False,20:00,Asia/Tehran,IRR_COIN_G,Gram gold coin,gold,spot,free_market,close,iran_otc,secondary,3,255000000.0,IRR_per_coin,IRR,,log_return,tgju,gerami,tgju.org/archive-tool,raw/tgju_raw.json,market-extract-4.2,2026-08-11T11:03:48+00:00,200,created_at|id|item_id|max|metadata|min|open|opts|price|status|updated_at|value,,W17
2026-06-22,,False,20:00,Asia/Tehran,IRR_COIN_G,Gram gold coin,gold,spot,free_market,close,iran_otc,secondary,3,255000000.0,IRR_per_coin,IRR,,log_return,tgju,gerami,tgju.org/archive-tool,raw/tgju_raw.json,market-extract-4.2,2026-08-11T11:03:48+00:00,200,created_at|id|item_id|max|metadata|min|open|opts|price|status|updated_at|value,,W17
2026-06-23,,False,20:00,Asia/Tehran,IRR_COIN_G,Gram gold coin,gold,spot,free_market,close,iran_otc,secondary,3,255000000.0,IRR_per_coin,IRR,,log_return,tgju,gerami,tgju.org/archive-tool,raw/tgju_raw.json,market-extract-4.2,2026-08-11T11:03:48+00:00,200,created_at|id|item_id|max|metadata|min|open|opts|price|status|updated_at|value,,W17
2026-06-24,,False,20:00,Asia/Tehran,IRR_COIN_G,Gram gold coin,gold,spot,free_market,close,iran_otc,secondary,3,255000000.0,IRR_per_coin,IRR,,log_return,tgju,gerami,tgju.org/archive-tool,raw/tgju_raw.json,market-extract-4.2,2026-08-11T11:03:48+00:00,200,created_at|id|item_id|max|metadata|min|open|opts|price|status|updated_at|value,,W17
2026-06-25,,False,20:00,Asia/Tehran,IRR_COIN_G,Gram gold coin,gold,spot,free_market,close,iran_otc,secondary,3,255000000.0,IRR_per_coin,IRR,,log_return,tgju,gerami,tgju.org/archive-tool,raw/tgju_raw.json,market-extract-4.2,2026-08-11T11:03:48+00:00,200,created_at|id|item_id|max|metadata|min|open|opts|price|status|updated_at|value,,W17
2026-06-26,,False,20:00,Asia/Tehran,IRR_COIN_G,Gram gold coin,gold,spot,free_market,close,iran_otc,secondary,3,265000000.0,IRR_per_coin,IRR,,log_return,tgju,gerami,tgju.org/archive-tool,raw/tgju_raw.json,market-extract-4.2,2026-08-11T11:03:48+00:00,200,created_at|id|item_id|max|metadata|min|open|opts|price|status|updated_at|value,,W17
2026-06-27,,False,20:00,Asia/Tehran,IRR_COIN_G,Gram gold coin,gold,spot,free_market,close,iran_otc,secondary,3,265000000.0,IRR_per_coin,IRR,,log_return,tgju,gerami,tgju.org/archive-tool,raw/tgju_raw.json,market-extract-4.2,2026-08-11T11:03:48+00:00,200,created_at|id|item_id|max|metadata|min|open|opts|price|status|updated_at|value,,W18
2026-06-28,,False,20:00,Asia/Tehran,IRR_COIN_G,Gram gold coin,gold,spot,free_market,close,iran_otc,secondary,3,270000000.0,IRR_per_coin,IRR,,log_return,tgju,gerami,tgju.org/archive-tool,raw/tgju_raw.json,market-extract-4.2,2026-08-11T11:03:48+00:00,200,created_at|id|item_id|max|metadata|min|open|opts|price|status|updated_at|value,,W18
2026-06-29,,False,20:00,Asia/Tehran,IRR_COIN_G,Gram gold coin,gold,spot,free_market,close,iran_otc,secondary,3,260000000.0,IRR_per_coin,IRR,,log_return,tgju,gerami,tgju.org/archive-tool,raw/tgju_raw.json,market-extract-4.2,2026-08-11T11:03:48+00:00,200,created_at|id|item_id|max|metadata|min|open|opts|price|status|updated_at|value,,W18
2026-06-30,,False,20:00,Asia/Tehran,IRR_COIN_G,Gram gold coin,gold,spot,free_market,close,iran_otc,secondary,3,265000000.0,IRR_per_coin,IRR,,log_return,tgju,gerami,tgju.org/archive-tool,raw/tgju_raw.json,market-extract-4.2,2026-08-11T11:03:48+00:00,200,created_at|id|item_id|max|metadata|min|open|opts|price|status|updated_at|value,,W18
2026-07-01,,False,20:00,Asia/Tehran,IRR_COIN_G,Gram gold coin,gold,spot,free_market,close,iran_otc,secondary,3,265000000.0,IRR_per_coin,IRR,,log_return,tgju,gerami,tgju.org/archive-tool,raw/tgju_raw.json,market-extract-4.2,2026-08-11T11:03:48+00:00,200,created_at|id|item_id|max|metadata|min|open|opts|price|status|updated_at|value,,W18
2026-07-02,,False,20:00,Asia/Tehran,IRR_COIN_G,Gram gold coin,gold,spot,free_market,close,iran_otc,secondary,3,265000000.0,IRR_per_coin,IRR,,log_return,tgju,gerami,tgju.org/archive-tool,raw/tgju_raw.json,market-extract-4.2,2026-08-11T11:03:48+00:00,200,created_at|id|item_id|max|metadata|min|open|opts|price|status|updated_at|value,,W18
2026-07-03,,False,20:00,Asia/Tehran,IRR_COIN_G,Gram gold coin,gold,spot,free_market,close,iran_otc,secondary,3,265000000.0,IRR_per_coin,IRR,,log_return,tgju,gerami,tgju.org/archive-tool,raw/tgju_raw.json,market-extract-4.2,2026-08-11T11:03:48+00:00,200,created_at|id|item_id|max|metadata|min|open|opts|price|status|updated_at|value,,W18
2026-07-04,,False,20:00,Asia/Tehran,IRR_COIN_G,Gram gold coin,gold,spot,free_market,close,iran_otc,secondary,3,275000000.0,IRR_per_coin,IRR,,log_return,tgju,gerami,tgju.org/archive-tool,raw/tgju_raw.json,market-extract-4.2,2026-08-11T11:03:48+00:00,200,created_at|id|item_id|max|metadata|min|open|opts|price|status|updated_at|value,,W19
2026-07-05,,False,20:00,Asia/Tehran,IRR_COIN_G,Gram gold coin,gold,spot,free_market,close,iran_otc,secondary,3,275000000.0,IRR_per_coin,IRR,,log_return,tgju,gerami,tgju.org/archive-tool,raw/tgju_raw.json,market-extract-4.2,2026-08-11T11:03:48+00:00,200,created_at|id|item_id|max|metadata|min|open|opts|price|status|updated_at|value,,W19
2026-07-06,,False,20:00,Asia/Tehran,IRR_COIN_G,Gram gold coin,gold,spot,free_market,close,iran_otc,secondary,3,280000000.0,IRR_per_coin,IRR,,log_return,tgju,gerami,tgju.org/archive-tool,raw/tgju_raw.json,market-extract-4.2,2026-08-11T11:03:48+00:00,200,created_at|id|item_id|max|metadata|min|open|opts|price|status|updated_at|value,,W19
2026-07-07,,False,20:00,Asia/Tehran,IRR_COIN_G,Gram gold coin,gold,spot,free_market,close,iran_otc,secondary,3,270000000.0,IRR_per_coin,IRR,,log_return,tgju,gerami,tgju.org/archive-tool,raw/tgju_raw.json,market-extract-4.2,2026-08-11T11:03:48+00:00,200,created_at|id|item_id|max|metadata|min|open|opts|price|status|updated_at|value,,W19
2026-07-08,,False,20:00,Asia/Tehran,IRR_COIN_G,Gram gold coin,gold,spot,free_market,close,iran_otc,secondary,3,270000000.0,IRR_per_coin,IRR,,log_return,tgju,gerami,tgju.org/archive-tool,raw/tgju_raw.json,market-extract-4.2,2026-08-11T11:03:48+00:00,200,created_at|id|item_id|max|metadata|min|open|opts|price|status|updated_at|value,,W19
2026-07-09,,False,20:00,Asia/Tehran,IRR_COIN_G,Gram gold coin,gold,spot,free_market,close,iran_otc,secondary,3,270000000.0,IRR_per_coin,IRR,,log_return,tgju,gerami,tgju.org/archive-tool,raw/tgju_raw.json,market-extract-4.2,2026-08-11T11:03:48+00:00,200,created_at|id|item_id|max|metadata|min|open|opts|price|status|updated_at|value,,W19
2026-07-10,,False,20:00,Asia/Tehran,IRR_COIN_G,Gram gold coin,gold,spot,free_market,close,iran_otc,secondary,3,270000000.0,IRR_per_coin,IRR,,log_return,tgju,gerami,tgju.org/archive-tool,raw/tgju_raw.json,market-extract-4.2,2026-08-11T11:03:48+00:00,200,created_at|id|item_id|max|metadata|min|open|opts|price|status|updated_at|value,,W19
2026-07-11,,False,20:00,Asia/Tehran,IRR_COIN_G,Gram gold coin,gold,spot,free_market,close,iran_otc,secondary,3,265000000.0,IRR_per_coin,IRR,,log_return,tgju,gerami,tgju.org/archive-tool,raw/tgju_raw.json,market-extract-4.2,2026-08-11T11:03:48+00:00,200,created_at|id|item_id|max|metadata|min|open|opts|price|status|updated_at|value,,W20
2026-07-12,,False,20:00,Asia/Tehran,IRR_COIN_G,Gram gold coin,gold,spot,free_market,close,iran_otc,secondary,3,270000000.0,IRR_per_coin,IRR,,log_return,tgju,gerami,tgju.org/archive-tool,raw/tgju_raw.json,market-extract-4.2,2026-08-11T11:03:48+00:00,200,created_at|id|item_id|max|metadata|min|open|opts|price|status|updated_at|value,,W20
2026-07-13,,False,20:00,Asia/Tehran,IRR_COIN_G,Gram gold coin,gold,spot,free_market,close,iran_otc,secondary,3,270000000.0,IRR_per_coin,IRR,,log_return,tgju,gerami,tgju.org/archive-tool,raw/tgju_raw.json,market-extract-4.2,2026-08-11T11:03:48+00:00,200,created_at|id|item_id|max|metadata|min|open|opts|price|status|updated_at|value,,W20
2026-07-14,,False,20:00,Asia/Tehran,IRR_COIN_G,Gram gold coin,gold,spot,free_market,close,iran_otc,secondary,3,270000000.0,IRR_per_coin,IRR,,log_return,tgju,gerami,tgju.org/archive-tool,raw/tgju_raw.json,market-extract-4.2,2026-08-11T11:03:48+00:00,200,created_at|id|item_id|max|metadata|min|open|opts|price|status|updated_at|value,,W20
2026-07-15,,False,20:00,Asia/Tehran,IRR_COIN_G,Gram gold coin,gold,spot,free_market,close,iran_otc,secondary,3,280000000.0,IRR_per_coin,IRR,,log_return,tgju,gerami,tgju.org/archive-tool,raw/tgju_raw.json,market-extract-4.2,2026-08-11T11:03:48+00:00,200,created_at|id|item_id|max|metadata|min|open|opts|price|status|updated_at|value,,W20
2026-07-16,,False,20:00,Asia/Tehran,IRR_COIN_G,Gram gold coin,gold,spot,free_market,close,iran_otc,secondary,3,280000000.0,IRR_per_coin,IRR,,log_return,tgju,gerami,tgju.org/archive-tool,raw/tgju_raw.json,market-extract-4.2,2026-08-11T11:03:48+00:00,200,created_at|id|item_id|max|metadata|min|open|opts|price|status|updated_at|value,,W20
2026-07-17,,False,20:00,Asia/Tehran,IRR_COIN_G,Gram gold coin,gold,spot,free_market,close,iran_otc,secondary,3,280000000.0,IRR_per_coin,IRR,,log_return,tgju,gerami,tgju.org/archive-tool,raw/tgju_raw.json,market-extract-4.2,2026-08-11T11:03:48+00:00,200,created_at|id|item_id|max|metadata|min|open|opts|price|status|updated_at|value,,W20
2026-07-18,,False,20:00,Asia/Tehran,IRR_COIN_G,Gram gold coin,gold,spot,free_market,close,iran_otc,secondary,3,285000000.0,IRR_per_coin,IRR,,log_return,tgju,gerami,tgju.org/archive-tool,raw/tgju_raw.json,market-extract-4.2,2026-08-11T11:03:48+00:00,200,created_at|id|item_id|max|metadata|min|open|opts|price|status|updated_at|value,,W21
2026-07-19,,False,20:00,Asia/Tehran,IRR_COIN_G,Gram gold coin,gold,spot,free_market,close,iran_otc,secondary,3,280000000.0,IRR_per_coin,IRR,,log_return,tgju,gerami,tgju.org/archive-tool,raw/tgju_raw.json,market-extract-4.2,2026-08-11T11:03:48+00:00,200,created_at|id|item_id|max|metadata|min|open|opts|price|status|updated_at|value,,W21
2026-07-20,,False,20:00,Asia/Tehran,IRR_COIN_G,Gram gold coin,gold,spot,free_market,close,iran_otc,secondary,3,270000000.0,IRR_per_coin,IRR,,log_return,tgju,gerami,tgju.org/archive-tool,raw/tgju_raw.json,market-extract-4.2,2026-08-11T11:03:48+00:00,200,created_at|id|item_id|max|metadata|min|open|opts|price|status|updated_at|value,,W21
2026-07-21,,False,20:00,Asia/Tehran,IRR_COIN_G,Gram gold coin,gold,spot,free_market,close,iran_otc,secondary,3,270000000.0,IRR_per_coin,IRR,,log_return,tgju,gerami,tgju.org/archive-tool,raw/tgju_raw.json,market-extract-4.2,2026-08-11T11:03:48+00:00,200,created_at|id|item_id|max|metadata|min|open|opts|price|status|updated_at|value,,W21
2026-07-22,,False,20:00,Asia/Tehran,IRR_COIN_G,Gram gold coin,gold,spot,free_market,close,iran_otc,secondary,3,280000000.0,IRR_per_coin,IRR,,log_return,tgju,gerami,tgju.org/archive-tool,raw/tgju_raw.json,market-extract-4.2,2026-08-11T11:03:48+00:00,200,created_at|id|item_id|max|metadata|min|open|opts|price|status|updated_at|value,,W21
