observation_date,asset_id,market,project_week,market_open,has_observation,missing_reason,calendar_confidence
2026-02-28,BTC,crypto,W01,True,True,observed,official
2026-03-01,BTC,crypto,W01,True,True,observed,official
2026-03-02,BTC,crypto,W01,True,True,observed,official
2026-03-03,BTC,crypto,W01,True,True,observed,official
2026-03-04,BTC,crypto,W01,True,True,observed,official
2026-03-05,BTC,crypto,W01,True,True,observed,official
2026-03-06,BTC,crypto,W01,True,True,observed,official
2026-03-07,BTC,crypto,W02,True,True,observed,official
2026-03-08,BTC,crypto,W02,True,True,observed,official
2026-03-09,BTC,crypto,W02,True,True,observed,official
2026-03-10,BTC,crypto,W02,True,True,observed,official
2026-03-11,BTC,crypto,W02,True,True,observed,official
2026-03-12,BTC,crypto,W02,True,True,observed,official
2026-03-13,BTC,crypto,W02,True,True,observed,official
2026-03-14,BTC,crypto,W03,True,True,observed,official
2026-03-15,BTC,crypto,W03,True,True,observed,official
2026-03-16,BTC,crypto,W03,True,True,observed,official
2026-03-17,BTC,crypto,W03,True,True,observed,official
2026-03-18,BTC,crypto,W03,True,True,observed,official
2026-03-19,BTC,crypto,W03,True,True,observed,official
2026-03-20,BTC,crypto,W03,True,True,observed,official
2026-03-21,BTC,crypto,W04,True,True,observed,official
2026-03-22,BTC,crypto,W04,True,True,observed,official
2026-03-23,BTC,crypto,W04,True,True,observed,official
2026-03-24,BTC,crypto,W04,True,True,observed,official
2026-03-25,BTC,crypto,W04,True,True,observed,official
2026-03-26,BTC,crypto,W04,True,True,observed,official
2026-03-27,BTC,crypto,W04,True,True,observed,official
2026-03-28,BTC,crypto,W05,True,True,observed,official
2026-03-29,BTC,crypto,W05,True,True,observed,official
2026-03-30,BTC,crypto,W05,True,True,observed,official
2026-03-31,BTC,crypto,W05,True,True,observed,official
2026-04-01,BTC,crypto,W05,True,True,observed,official
2026-04-02,BTC,crypto,W05,True,True,observed,official
2026-04-03,BTC,crypto,W05,True,True,observed,official
2026-04-04,BTC,crypto,W06,True,True,observed,official
2026-04-05,BTC,crypto,W06,True,True,observed,official
2026-04-06,BTC,crypto,W06,True,True,observed,official
2026-04-07,BTC,crypto,W06,True,True,observed,official
2026-04-08,BTC,crypto,W06,True,True,observed,official
2026-04-09,BTC,crypto,W06,True,True,observed,official
2026-04-10,BTC,crypto,W06,True,True,observed,official
2026-04-11,BTC,crypto,W07,True,True,observed,official
2026-04-12,BTC,crypto,W07,True,True,observed,official
2026-04-13,BTC,crypto,W07,True,True,observed,official
2026-04-14,BTC,crypto,W07,True,True,observed,official
2026-04-15,BTC,crypto,W07,True,True,observed,official
2026-04-16,BTC,crypto,W07,True,True,observed,official
2026-04-17,BTC,crypto,W07,True,True,observed,official
2026-04-18,BTC,crypto,W08,True,True,observed,official
2026-04-19,BTC,crypto,W08,True,True,observed,official
2026-04-20,BTC,crypto,W08,True,True,observed,official
2026-04-21,BTC,crypto,W08,True,True,observed,official
2026-04-22,BTC,crypto,W08,True,True,observed,official
2026-04-23,BTC,crypto,W08,True,True,observed,official
2026-04-24,BTC,crypto,W08,True,True,observed,official
2026-04-25,BTC,crypto,W09,True,True,observed,official
2026-04-26,BTC,crypto,W09,True,True,observed,official
2026-04-27,BTC,crypto,W09,True,True,observed,official
2026-04-28,BTC,crypto,W09,True,True,observed,official
2026-04-29,BTC,crypto,W09,True,True,observed,official
2026-04-30,BTC,crypto,W09,True,True,observed,official
2026-05-01,BTC,crypto,W09,True,True,observed,official
2026-05-02,BTC,crypto,W10,True,True,observed,official
2026-05-03,BTC,crypto,W10,True,True,observed,official
2026-05-04,BTC,crypto,W10,True,True,observed,official
2026-05-05,BTC,crypto,W10,True,True,observed,official
2026-05-06,BTC,crypto,W10,True,True,observed,official
2026-05-07,BTC,crypto,W10,True,True,observed,official
2026-05-08,BTC,crypto,W10,True,True,observed,official
2026-05-09,BTC,crypto,W11,True,True,observed,official
2026-05-10,BTC,crypto,W11,True,True,observed,official
2026-05-11,BTC,crypto,W11,True,True,observed,official
2026-05-12,BTC,crypto,W11,True,True,observed,official
2026-05-13,BTC,crypto,W11,True,True,observed,official
2026-05-14,BTC,crypto,W11,True,True,observed,official
2026-05-15,BTC,crypto,W11,True,True,observed,official
2026-05-16,BTC,crypto,W12,True,True,observed,official
2026-05-17,BTC,crypto,W12,True,True,observed,official
2026-05-18,BTC,crypto,W12,True,True,observed,official
2026-05-19,BTC,crypto,W12,True,True,observed,official
2026-05-20,BTC,crypto,W12,True,True,observed,official
2026-05-21,BTC,crypto,W12,True,True,observed,official
2026-05-22,BTC,crypto,W12,True,True,observed,official
2026-05-23,BTC,crypto,W13,True,True,observed,official
2026-05-24,BTC,crypto,W13,True,True,observed,official
2026-05-25,BTC,crypto,W13,True,True,observed,official
2026-05-26,BTC,crypto,W13,True,True,observed,official
2026-05-27,BTC,crypto,W13,True,True,observed,official
2026-05-28,BTC,crypto,W13,True,True,observed,official
2026-05-29,BTC,crypto,W13,True,True,observed,official
2026-05-30,BTC,crypto,W14,True,True,observed,official
2026-05-31,BTC,crypto,W14,True,True,observed,official
2026-06-01,BTC,crypto,W14,True,True,observed,official
2026-06-02,BTC,crypto,W14,True,True,observed,official
2026-06-03,BTC,crypto,W14,True,True,observed,official
2026-06-04,BTC,crypto,W14,True,True,observed,official
2026-06-05,BTC,crypto,W14,True,True,observed,official
2026-06-06,BTC,crypto,W15,True,True,observed,official
2026-06-07,BTC,crypto,W15,True,True,observed,official
2026-06-08,BTC,crypto,W15,True,True,observed,official
2026-06-09,BTC,crypto,W15,True,True,observed,official
2026-06-10,BTC,crypto,W15,True,True,observed,official
2026-06-11,BTC,crypto,W15,True,True,observed,official
2026-06-12,BTC,crypto,W15,True,True,observed,official
2026-06-13,BTC,crypto,W16,True,True,observed,official
2026-06-14,BTC,crypto,W16,True,True,observed,official
2026-06-15,BTC,crypto,W16,True,True,observed,official
2026-06-16,BTC,crypto,W16,True,True,observed,official
2026-06-17,BTC,crypto,W16,True,True,observed,official
2026-06-18,BTC,crypto,W16,True,True,observed,official
2026-06-19,BTC,crypto,W16,True,True,observed,official
2026-06-20,BTC,crypto,W17,True,True,observed,official
2026-06-21,BTC,crypto,W17,True,True,observed,official
2026-06-22,BTC,crypto,W17,True,True,observed,official
2026-06-23,BTC,crypto,W17,True,True,observed,official
2026-06-24,BTC,crypto,W17,True,True,observed,official
2026-06-25,BTC,crypto,W17,True,True,observed,official
2026-06-26,BTC,crypto,W17,True,True,observed,official
2026-06-27,BTC,crypto,W18,True,True,observed,official
2026-06-28,BTC,crypto,W18,True,True,observed,official
2026-06-29,BTC,crypto,W18,True,True,observed,official
2026-06-30,BTC,crypto,W18,True,True,observed,official
2026-07-01,BTC,crypto,W18,True,True,observed,official
2026-07-02,BTC,crypto,W18,True,True,observed,official
2026-07-03,BTC,crypto,W18,True,True,observed,official
2026-07-04,BTC,crypto,W19,True,True,observed,official
2026-07-05,BTC,crypto,W19,True,True,observed,official
2026-07-06,BTC,crypto,W19,True,True,observed,official
2026-07-07,BTC,crypto,W19,True,True,observed,official
2026-07-08,BTC,crypto,W19,True,True,observed,official
2026-07-09,BTC,crypto,W19,True,True,observed,official
2026-07-10,BTC,crypto,W19,True,True,observed,official
2026-07-11,BTC,crypto,W20,True,True,observed,official
2026-07-12,BTC,crypto,W20,True,True,observed,official
2026-07-13,BTC,crypto,W20,True,True,observed,official
2026-07-14,BTC,crypto,W20,True,True,observed,official
2026-07-15,BTC,crypto,W20,True,True,observed,official
2026-07-16,BTC,crypto,W20,True,True,observed,official
2026-07-17,BTC,crypto,W20,True,True,observed,official
2026-07-18,BTC,crypto,W21,True,True,observed,official
2026-07-19,BTC,crypto,W21,True,True,observed,official
2026-07-20,BTC,crypto,W21,True,True,observed,official
2026-07-21,BTC,crypto,W21,True,True,observed,official
2026-07-22,BTC,crypto,W21,True,True,observed,official
2026-02-28,DEFENSE,global,W01,False,False,market_closed,reference_inferred
2026-03-01,DEFENSE,global,W01,False,False,market_closed,reference_inferred
2026-03-02,DEFENSE,global,W01,True,True,observed,reference_inferred
2026-03-03,DEFENSE,global,W01,True,True,observed,reference_inferred
2026-03-04,DEFENSE,global,W01,True,True,observed,reference_inferred
2026-03-05,DEFENSE,global,W01,True,True,observed,reference_inferred
2026-03-06,DEFENSE,global,W01,True,True,observed,reference_inferred
2026-03-07,DEFENSE,global,W02,False,False,market_closed,reference_inferred
2026-03-08,DEFENSE,global,W02,False,False,market_closed,reference_inferred
2026-03-09,DEFENSE,global,W02,True,True,observed,reference_inferred
2026-03-10,DEFENSE,global,W02,True,True,observed,reference_inferred
2026-03-11,DEFENSE,global,W02,True,True,observed,reference_inferred
2026-03-12,DEFENSE,global,W02,True,True,observed,reference_inferred
2026-03-13,DEFENSE,global,W02,True,True,observed,reference_inferred
2026-03-14,DEFENSE,global,W03,False,False,market_closed,reference_inferred
2026-03-15,DEFENSE,global,W03,False,False,market_closed,reference_inferred
2026-03-16,DEFENSE,global,W03,True,True,observed,reference_inferred
2026-03-17,DEFENSE,global,W03,True,True,observed,reference_inferred
2026-03-18,DEFENSE,global,W03,True,True,observed,reference_inferred
2026-03-19,DEFENSE,global,W03,True,True,observed,reference_inferred
2026-03-20,DEFENSE,global,W03,True,True,observed,reference_inferred
2026-03-21,DEFENSE,global,W04,False,False,market_closed,reference_inferred
2026-03-22,DEFENSE,global,W04,False,False,market_closed,reference_inferred
2026-03-23,DEFENSE,global,W04,True,True,observed,reference_inferred
2026-03-24,DEFENSE,global,W04,True,True,observed,reference_inferred
2026-03-25,DEFENSE,global,W04,True,True,observed,reference_inferred
2026-03-26,DEFENSE,global,W04,True,True,observed,reference_inferred
2026-03-27,DEFENSE,global,W04,True,True,observed,reference_inferred
2026-03-28,DEFENSE,global,W05,False,False,market_closed,reference_inferred
2026-03-29,DEFENSE,global,W05,False,False,market_closed,reference_inferred
2026-03-30,DEFENSE,global,W05,True,True,observed,reference_inferred
2026-03-31,DEFENSE,global,W05,True,True,observed,reference_inferred
2026-04-01,DEFENSE,global,W05,True,True,observed,reference_inferred
2026-04-02,DEFENSE,global,W05,True,True,observed,reference_inferred
2026-04-03,DEFENSE,global,W05,False,False,market_closed,reference_inferred
2026-04-04,DEFENSE,global,W06,False,False,market_closed,reference_inferred
2026-04-05,DEFENSE,global,W06,False,False,market_closed,reference_inferred
2026-04-06,DEFENSE,global,W06,True,True,observed,reference_inferred
2026-04-07,DEFENSE,global,W06,True,True,observed,reference_inferred
2026-04-08,DEFENSE,global,W06,True,True,observed,reference_inferred
2026-04-09,DEFENSE,global,W06,True,True,observed,reference_inferred
2026-04-10,DEFENSE,global,W06,True,True,observed,reference_inferred
2026-04-11,DEFENSE,global,W07,False,False,market_closed,reference_inferred
2026-04-12,DEFENSE,global,W07,False,False,market_closed,reference_inferred
2026-04-13,DEFENSE,global,W07,True,True,observed,reference_inferred
2026-04-14,DEFENSE,global,W07,True,True,observed,reference_inferred
2026-04-15,DEFENSE,global,W07,True,True,observed,reference_inferred
2026-04-16,DEFENSE,global,W07,True,True,observed,reference_inferred
2026-04-17,DEFENSE,global,W07,True,True,observed,reference_inferred
2026-04-18,DEFENSE,global,W08,False,False,market_closed,reference_inferred
2026-04-19,DEFENSE,global,W08,False,False,market_closed,reference_inferred
2026-04-20,DEFENSE,global,W08,True,True,observed,reference_inferred
2026-04-21,DEFENSE,global,W08,True,True,observed,reference_inferred
2026-04-22,DEFENSE,global,W08,True,True,observed,reference_inferred
2026-04-23,DEFENSE,global,W08,True,True,observed,reference_inferred
2026-04-24,DEFENSE,global,W08,True,True,observed,reference_inferred
2026-04-25,DEFENSE,global,W09,False,False,market_closed,reference_inferred
2026-04-26,DEFENSE,global,W09,False,False,market_closed,reference_inferred
2026-04-27,DEFENSE,global,W09,True,True,observed,reference_inferred
2026-04-28,DEFENSE,global,W09,True,True,observed,reference_inferred
2026-04-29,DEFENSE,global,W09,True,True,observed,reference_inferred
2026-04-30,DEFENSE,global,W09,True,True,observed,reference_inferred
2026-05-01,DEFENSE,global,W09,True,True,observed,reference_inferred
2026-05-02,DEFENSE,global,W10,False,False,market_closed,reference_inferred
2026-05-03,DEFENSE,global,W10,False,False,market_closed,reference_inferred
2026-05-04,DEFENSE,global,W10,True,True,observed,reference_inferred
2026-05-05,DEFENSE,global,W10,True,True,observed,reference_inferred
2026-05-06,DEFENSE,global,W10,True,True,observed,reference_inferred
2026-05-07,DEFENSE,global,W10,True,True,observed,reference_inferred
2026-05-08,DEFENSE,global,W10,True,True,observed,reference_inferred
2026-05-09,DEFENSE,global,W11,False,False,market_closed,reference_inferred
2026-05-10,DEFENSE,global,W11,False,False,market_closed,reference_inferred
2026-05-11,DEFENSE,global,W11,True,True,observed,reference_inferred
2026-05-12,DEFENSE,global,W11,True,True,observed,reference_inferred
2026-05-13,DEFENSE,global,W11,True,True,observed,reference_inferred
2026-05-14,DEFENSE,global,W11,True,True,observed,reference_inferred
2026-05-15,DEFENSE,global,W11,True,True,observed,reference_inferred
2026-05-16,DEFENSE,global,W12,False,False,market_closed,reference_inferred
2026-05-17,DEFENSE,global,W12,False,False,market_closed,reference_inferred
2026-05-18,DEFENSE,global,W12,True,True,observed,reference_inferred
2026-05-19,DEFENSE,global,W12,True,True,observed,reference_inferred
2026-05-20,DEFENSE,global,W12,True,True,observed,reference_inferred
2026-05-21,DEFENSE,global,W12,True,True,observed,reference_inferred
2026-05-22,DEFENSE,global,W12,True,True,observed,reference_inferred
2026-05-23,DEFENSE,global,W13,False,False,market_closed,reference_inferred
2026-05-24,DEFENSE,global,W13,False,False,market_closed,reference_inferred
2026-05-25,DEFENSE,global,W13,False,False,market_closed,reference_inferred
2026-05-26,DEFENSE,global,W13,True,True,observed,reference_inferred
2026-05-27,DEFENSE,global,W13,True,True,observed,reference_inferred
2026-05-28,DEFENSE,global,W13,True,True,observed,reference_inferred
2026-05-29,DEFENSE,global,W13,True,True,observed,reference_inferred
2026-05-30,DEFENSE,global,W14,False,False,market_closed,reference_inferred
2026-05-31,DEFENSE,global,W14,False,False,market_closed,reference_inferred
2026-06-01,DEFENSE,global,W14,True,True,observed,reference_inferred
2026-06-02,DEFENSE,global,W14,True,True,observed,reference_inferred
2026-06-03,DEFENSE,global,W14,True,True,observed,reference_inferred
2026-06-04,DEFENSE,global,W14,True,True,observed,reference_inferred
2026-06-05,DEFENSE,global,W14,True,True,observed,reference_inferred
2026-06-06,DEFENSE,global,W15,False,False,market_closed,reference_inferred
2026-06-07,DEFENSE,global,W15,False,False,market_closed,reference_inferred
2026-06-08,DEFENSE,global,W15,True,True,observed,reference_inferred
2026-06-09,DEFENSE,global,W15,True,True,observed,reference_inferred
2026-06-10,DEFENSE,global,W15,True,True,observed,reference_inferred
2026-06-11,DEFENSE,global,W15,True,True,observed,reference_inferred
2026-06-12,DEFENSE,global,W15,True,True,observed,reference_inferred
2026-06-13,DEFENSE,global,W16,False,False,market_closed,reference_inferred
2026-06-14,DEFENSE,global,W16,False,False,market_closed,reference_inferred
2026-06-15,DEFENSE,global,W16,True,True,observed,reference_inferred
2026-06-16,DEFENSE,global,W16,True,True,observed,reference_inferred
2026-06-17,DEFENSE,global,W16,True,True,observed,reference_inferred
2026-06-18,DEFENSE,global,W16,True,True,observed,reference_inferred
2026-06-19,DEFENSE,global,W16,False,False,market_closed,reference_inferred
2026-06-20,DEFENSE,global,W17,False,False,market_closed,reference_inferred
2026-06-21,DEFENSE,global,W17,False,False,market_closed,reference_inferred
2026-06-22,DEFENSE,global,W17,True,True,observed,reference_inferred
2026-06-23,DEFENSE,global,W17,True,True,observed,reference_inferred
2026-06-24,DEFENSE,global,W17,True,True,observed,reference_inferred
2026-06-25,DEFENSE,global,W17,True,True,observed,reference_inferred
2026-06-26,DEFENSE,global,W17,True,True,observed,reference_inferred
2026-06-27,DEFENSE,global,W18,False,False,market_closed,reference_inferred
2026-06-28,DEFENSE,global,W18,False,False,market_closed,reference_inferred
2026-06-29,DEFENSE,global,W18,True,True,observed,reference_inferred
2026-06-30,DEFENSE,global,W18,True,True,observed,reference_inferred
2026-07-01,DEFENSE,global,W18,True,True,observed,reference_inferred
2026-07-02,DEFENSE,global,W18,True,True,observed,reference_inferred
2026-07-03,DEFENSE,global,W18,False,False,market_closed,reference_inferred
2026-07-04,DEFENSE,global,W19,False,False,market_closed,reference_inferred
2026-07-05,DEFENSE,global,W19,False,False,market_closed,reference_inferred
2026-07-06,DEFENSE,global,W19,True,True,observed,reference_inferred
2026-07-07,DEFENSE,global,W19,True,True,observed,reference_inferred
2026-07-08,DEFENSE,global,W19,True,True,observed,reference_inferred
2026-07-09,DEFENSE,global,W19,True,True,observed,reference_inferred
2026-07-10,DEFENSE,global,W19,True,True,observed,reference_inferred
2026-07-11,DEFENSE,global,W20,False,False,market_closed,reference_inferred
2026-07-12,DEFENSE,global,W20,False,False,market_closed,reference_inferred
2026-07-13,DEFENSE,global,W20,True,True,observed,reference_inferred
2026-07-14,DEFENSE,global,W20,True,True,observed,reference_inferred
2026-07-15,DEFENSE,global,W20,True,True,observed,reference_inferred
2026-07-16,DEFENSE,global,W20,True,True,observed,reference_inferred
2026-07-17,DEFENSE,global,W20,True,True,observed,reference_inferred
2026-07-18,DEFENSE,global,W21,False,False,market_closed,reference_inferred
2026-07-19,DEFENSE,global,W21,False,False,market_closed,reference_inferred
2026-07-20,DEFENSE,global,W21,True,True,observed,reference_inferred
2026-07-21,DEFENSE,global,W21,True,True,observed,reference_inferred
2026-07-22,DEFENSE,global,W21,True,True,observed,reference_inferred
2026-02-28,DXY,global,W01,False,False,market_closed,reference_inferred
2026-03-01,DXY,global,W01,False,False,market_closed,reference_inferred
2026-03-02,DXY,global,W01,True,True,observed,reference_inferred
2026-03-03,DXY,global,W01,True,True,observed,reference_inferred
2026-03-04,DXY,global,W01,True,True,observed,reference_inferred
2026-03-05,DXY,global,W01,True,True,observed,reference_inferred
2026-03-06,DXY,global,W01,True,True,observed,reference_inferred
2026-03-07,DXY,global,W02,False,False,market_closed,reference_inferred
2026-03-08,DXY,global,W02,False,False,market_closed,reference_inferred
2026-03-09,DXY,global,W02,True,True,observed,reference_inferred
2026-03-10,DXY,global,W02,True,True,observed,reference_inferred
2026-03-11,DXY,global,W02,True,True,observed,reference_inferred
2026-03-12,DXY,global,W02,True,True,observed,reference_inferred
2026-03-13,DXY,global,W02,True,True,observed,reference_inferred
2026-03-14,DXY,global,W03,False,False,market_closed,reference_inferred
2026-03-15,DXY,global,W03,False,False,market_closed,reference_inferred
2026-03-16,DXY,global,W03,True,True,observed,reference_inferred
2026-03-17,DXY,global,W03,True,True,observed,reference_inferred
2026-03-18,DXY,global,W03,True,True,observed,reference_inferred
2026-03-19,DXY,global,W03,True,True,observed,reference_inferred
2026-03-20,DXY,global,W03,True,True,observed,reference_inferred
2026-03-21,DXY,global,W04,False,False,market_closed,reference_inferred
2026-03-22,DXY,global,W04,False,False,market_closed,reference_inferred
2026-03-23,DXY,global,W04,True,True,observed,reference_inferred
2026-03-24,DXY,global,W04,True,True,observed,reference_inferred
2026-03-25,DXY,global,W04,True,True,observed,reference_inferred
2026-03-26,DXY,global,W04,True,True,observed,reference_inferred
2026-03-27,DXY,global,W04,True,True,observed,reference_inferred
2026-03-28,DXY,global,W05,False,False,market_closed,reference_inferred
2026-03-29,DXY,global,W05,False,False,market_closed,reference_inferred
2026-03-30,DXY,global,W05,True,True,observed,reference_inferred
2026-03-31,DXY,global,W05,True,True,observed,reference_inferred
2026-04-01,DXY,global,W05,True,True,observed,reference_inferred
2026-04-02,DXY,global,W05,True,True,observed,reference_inferred
2026-04-03,DXY,global,W05,False,False,market_closed,reference_inferred
2026-04-04,DXY,global,W06,False,False,market_closed,reference_inferred
2026-04-05,DXY,global,W06,False,False,market_closed,reference_inferred
2026-04-06,DXY,global,W06,True,True,observed,reference_inferred
2026-04-07,DXY,global,W06,True,True,observed,reference_inferred
2026-04-08,DXY,global,W06,True,True,observed,reference_inferred
2026-04-09,DXY,global,W06,True,True,observed,reference_inferred
2026-04-10,DXY,global,W06,True,True,observed,reference_inferred
2026-04-11,DXY,global,W07,False,False,market_closed,reference_inferred
2026-04-12,DXY,global,W07,False,False,market_closed,reference_inferred
2026-04-13,DXY,global,W07,True,True,observed,reference_inferred
2026-04-14,DXY,global,W07,True,True,observed,reference_inferred
2026-04-15,DXY,global,W07,True,True,observed,reference_inferred
2026-04-16,DXY,global,W07,True,True,observed,reference_inferred
2026-04-17,DXY,global,W07,True,True,observed,reference_inferred
2026-04-18,DXY,global,W08,False,False,market_closed,reference_inferred
2026-04-19,DXY,global,W08,False,False,market_closed,reference_inferred
2026-04-20,DXY,global,W08,True,True,observed,reference_inferred
2026-04-21,DXY,global,W08,True,True,observed,reference_inferred
2026-04-22,DXY,global,W08,True,True,observed,reference_inferred
2026-04-23,DXY,global,W08,True,True,observed,reference_inferred
2026-04-24,DXY,global,W08,True,True,observed,reference_inferred
2026-04-25,DXY,global,W09,False,False,market_closed,reference_inferred
2026-04-26,DXY,global,W09,False,False,market_closed,reference_inferred
2026-04-27,DXY,global,W09,True,True,observed,reference_inferred
2026-04-28,DXY,global,W09,True,True,observed,reference_inferred
2026-04-29,DXY,global,W09,True,True,observed,reference_inferred
2026-04-30,DXY,global,W09,True,True,observed,reference_inferred
2026-05-01,DXY,global,W09,True,True,observed,reference_inferred
2026-05-02,DXY,global,W10,False,False,market_closed,reference_inferred
2026-05-03,DXY,global,W10,False,False,market_closed,reference_inferred
2026-05-04,DXY,global,W10,True,True,observed,reference_inferred
2026-05-05,DXY,global,W10,True,True,observed,reference_inferred
2026-05-06,DXY,global,W10,True,True,observed,reference_inferred
2026-05-07,DXY,global,W10,True,True,observed,reference_inferred
2026-05-08,DXY,global,W10,True,True,observed,reference_inferred
2026-05-09,DXY,global,W11,False,False,market_closed,reference_inferred
2026-05-10,DXY,global,W11,False,False,market_closed,reference_inferred
2026-05-11,DXY,global,W11,True,True,observed,reference_inferred
2026-05-12,DXY,global,W11,True,True,observed,reference_inferred
2026-05-13,DXY,global,W11,True,True,observed,reference_inferred
2026-05-14,DXY,global,W11,True,True,observed,reference_inferred
2026-05-15,DXY,global,W11,True,True,observed,reference_inferred
2026-05-16,DXY,global,W12,False,False,market_closed,reference_inferred
2026-05-17,DXY,global,W12,False,False,market_closed,reference_inferred
2026-05-18,DXY,global,W12,True,True,observed,reference_inferred
2026-05-19,DXY,global,W12,True,True,observed,reference_inferred
2026-05-20,DXY,global,W12,True,True,observed,reference_inferred
2026-05-21,DXY,global,W12,True,True,observed,reference_inferred
2026-05-22,DXY,global,W12,True,True,observed,reference_inferred
2026-05-23,DXY,global,W13,False,False,market_closed,reference_inferred
2026-05-24,DXY,global,W13,False,False,market_closed,reference_inferred
2026-05-25,DXY,global,W13,False,False,market_closed,reference_inferred
2026-05-26,DXY,global,W13,True,True,observed,reference_inferred
2026-05-27,DXY,global,W13,True,True,observed,reference_inferred
2026-05-28,DXY,global,W13,True,True,observed,reference_inferred
2026-05-29,DXY,global,W13,True,True,observed,reference_inferred
2026-05-30,DXY,global,W14,False,False,market_closed,reference_inferred
2026-05-31,DXY,global,W14,False,False,market_closed,reference_inferred
2026-06-01,DXY,global,W14,True,True,observed,reference_inferred
2026-06-02,DXY,global,W14,True,True,observed,reference_inferred
2026-06-03,DXY,global,W14,True,True,observed,reference_inferred
2026-06-04,DXY,global,W14,True,True,observed,reference_inferred
2026-06-05,DXY,global,W14,True,True,observed,reference_inferred
2026-06-06,DXY,global,W15,False,False,market_closed,reference_inferred
2026-06-07,DXY,global,W15,False,False,market_closed,reference_inferred
2026-06-08,DXY,global,W15,True,True,observed,reference_inferred
2026-06-09,DXY,global,W15,True,True,observed,reference_inferred
2026-06-10,DXY,global,W15,True,True,observed,reference_inferred
2026-06-11,DXY,global,W15,True,True,observed,reference_inferred
2026-06-12,DXY,global,W15,True,True,observed,reference_inferred
2026-06-13,DXY,global,W16,False,False,market_closed,reference_inferred
2026-06-14,DXY,global,W16,False,False,market_closed,reference_inferred
2026-06-15,DXY,global,W16,True,True,observed,reference_inferred
2026-06-16,DXY,global,W16,True,True,observed,reference_inferred
2026-06-17,DXY,global,W16,True,True,observed,reference_inferred
2026-06-18,DXY,global,W16,True,True,observed,reference_inferred
2026-06-19,DXY,global,W16,False,False,market_closed,reference_inferred
2026-06-20,DXY,global,W17,False,False,market_closed,reference_inferred
2026-06-21,DXY,global,W17,False,False,market_closed,reference_inferred
2026-06-22,DXY,global,W17,True,True,observed,reference_inferred
2026-06-23,DXY,global,W17,True,True,observed,reference_inferred
2026-06-24,DXY,global,W17,True,True,observed,reference_inferred
2026-06-25,DXY,global,W17,True,True,observed,reference_inferred
2026-06-26,DXY,global,W17,True,True,observed,reference_inferred
2026-06-27,DXY,global,W18,False,False,market_closed,reference_inferred
2026-06-28,DXY,global,W18,False,False,market_closed,reference_inferred
2026-06-29,DXY,global,W18,True,True,observed,reference_inferred
2026-06-30,DXY,global,W18,True,True,observed,reference_inferred
2026-07-01,DXY,global,W18,True,True,observed,reference_inferred
2026-07-02,DXY,global,W18,True,True,observed,reference_inferred
2026-07-03,DXY,global,W18,False,False,market_closed,reference_inferred
2026-07-04,DXY,global,W19,False,False,market_closed,reference_inferred
2026-07-05,DXY,global,W19,False,False,market_closed,reference_inferred
2026-07-06,DXY,global,W19,True,True,observed,reference_inferred
2026-07-07,DXY,global,W19,True,True,observed,reference_inferred
2026-07-08,DXY,global,W19,True,True,observed,reference_inferred
2026-07-09,DXY,global,W19,True,True,observed,reference_inferred
2026-07-10,DXY,global,W19,True,True,observed,reference_inferred
2026-07-11,DXY,global,W20,False,False,market_closed,reference_inferred
2026-07-12,DXY,global,W20,False,False,market_closed,reference_inferred
2026-07-13,DXY,global,W20,True,True,observed,reference_inferred
2026-07-14,DXY,global,W20,True,True,observed,reference_inferred
2026-07-15,DXY,global,W20,True,True,observed,reference_inferred
2026-07-16,DXY,global,W20,True,True,observed,reference_inferred
2026-07-17,DXY,global,W20,True,True,observed,reference_inferred
2026-07-18,DXY,global,W21,False,False,market_closed,reference_inferred
2026-07-19,DXY,global,W21,False,False,market_closed,reference_inferred
2026-07-20,DXY,global,W21,True,True,observed,reference_inferred
2026-07-21,DXY,global,W21,True,True,observed,reference_inferred
2026-07-22,DXY,global,W21,True,True,observed,reference_inferred
2026-02-28,ETH,crypto,W01,True,True,observed,official
2026-03-01,ETH,crypto,W01,True,True,observed,official
2026-03-02,ETH,crypto,W01,True,True,observed,official
2026-03-03,ETH,crypto,W01,True,True,observed,official
2026-03-04,ETH,crypto,W01,True,True,observed,official
2026-03-05,ETH,crypto,W01,True,True,observed,official
2026-03-06,ETH,crypto,W01,True,True,observed,official
2026-03-07,ETH,crypto,W02,True,True,observed,official
2026-03-08,ETH,crypto,W02,True,True,observed,official
2026-03-09,ETH,crypto,W02,True,True,observed,official
2026-03-10,ETH,crypto,W02,True,True,observed,official
2026-03-11,ETH,crypto,W02,True,True,observed,official
2026-03-12,ETH,crypto,W02,True,True,observed,official
2026-03-13,ETH,crypto,W02,True,True,observed,official
2026-03-14,ETH,crypto,W03,True,True,observed,official
2026-03-15,ETH,crypto,W03,True,True,observed,official
2026-03-16,ETH,crypto,W03,True,True,observed,official
2026-03-17,ETH,crypto,W03,True,True,observed,official
2026-03-18,ETH,crypto,W03,True,True,observed,official
2026-03-19,ETH,crypto,W03,True,True,observed,official
2026-03-20,ETH,crypto,W03,True,True,observed,official
2026-03-21,ETH,crypto,W04,True,True,observed,official
2026-03-22,ETH,crypto,W04,True,True,observed,official
2026-03-23,ETH,crypto,W04,True,True,observed,official
2026-03-24,ETH,crypto,W04,True,True,observed,official
2026-03-25,ETH,crypto,W04,True,True,observed,official
2026-03-26,ETH,crypto,W04,True,True,observed,official
2026-03-27,ETH,crypto,W04,True,True,observed,official
2026-03-28,ETH,crypto,W05,True,True,observed,official
2026-03-29,ETH,crypto,W05,True,True,observed,official
2026-03-30,ETH,crypto,W05,True,True,observed,official
2026-03-31,ETH,crypto,W05,True,True,observed,official
2026-04-01,ETH,crypto,W05,True,True,observed,official
2026-04-02,ETH,crypto,W05,True,True,observed,official
2026-04-03,ETH,crypto,W05,True,True,observed,official
2026-04-04,ETH,crypto,W06,True,True,observed,official
2026-04-05,ETH,crypto,W06,True,True,observed,official
2026-04-06,ETH,crypto,W06,True,True,observed,official
2026-04-07,ETH,crypto,W06,True,True,observed,official
2026-04-08,ETH,crypto,W06,True,True,observed,official
2026-04-09,ETH,crypto,W06,True,True,observed,official
2026-04-10,ETH,crypto,W06,True,True,observed,official
2026-04-11,ETH,crypto,W07,True,True,observed,official
2026-04-12,ETH,crypto,W07,True,True,observed,official
2026-04-13,ETH,crypto,W07,True,True,observed,official
2026-04-14,ETH,crypto,W07,True,True,observed,official
2026-04-15,ETH,crypto,W07,True,True,observed,official
2026-04-16,ETH,crypto,W07,True,True,observed,official
2026-04-17,ETH,crypto,W07,True,True,observed,official
2026-04-18,ETH,crypto,W08,True,True,observed,official
2026-04-19,ETH,crypto,W08,True,True,observed,official
2026-04-20,ETH,crypto,W08,True,True,observed,official
2026-04-21,ETH,crypto,W08,True,True,observed,official
2026-04-22,ETH,crypto,W08,True,True,observed,official
2026-04-23,ETH,crypto,W08,True,True,observed,official
2026-04-24,ETH,crypto,W08,True,True,observed,official
2026-04-25,ETH,crypto,W09,True,True,observed,official
2026-04-26,ETH,crypto,W09,True,True,observed,official
2026-04-27,ETH,crypto,W09,True,True,observed,official
2026-04-28,ETH,crypto,W09,True,True,observed,official
2026-04-29,ETH,crypto,W09,True,True,observed,official
2026-04-30,ETH,crypto,W09,True,True,observed,official
2026-05-01,ETH,crypto,W09,True,True,observed,official
2026-05-02,ETH,crypto,W10,True,True,observed,official
2026-05-03,ETH,crypto,W10,True,True,observed,official
2026-05-04,ETH,crypto,W10,True,True,observed,official
2026-05-05,ETH,crypto,W10,True,True,observed,official
2026-05-06,ETH,crypto,W10,True,True,observed,official
2026-05-07,ETH,crypto,W10,True,True,observed,official
2026-05-08,ETH,crypto,W10,True,True,observed,official
2026-05-09,ETH,crypto,W11,True,True,observed,official
2026-05-10,ETH,crypto,W11,True,True,observed,official
2026-05-11,ETH,crypto,W11,True,True,observed,official
2026-05-12,ETH,crypto,W11,True,True,observed,official
2026-05-13,ETH,crypto,W11,True,True,observed,official
2026-05-14,ETH,crypto,W11,True,True,observed,official
2026-05-15,ETH,crypto,W11,True,True,observed,official
2026-05-16,ETH,crypto,W12,True,True,observed,official
2026-05-17,ETH,crypto,W12,True,True,observed,official
2026-05-18,ETH,crypto,W12,True,True,observed,official
2026-05-19,ETH,crypto,W12,True,True,observed,official
2026-05-20,ETH,crypto,W12,True,True,observed,official
2026-05-21,ETH,crypto,W12,True,True,observed,official
2026-05-22,ETH,crypto,W12,True,True,observed,official
2026-05-23,ETH,crypto,W13,True,True,observed,official
2026-05-24,ETH,crypto,W13,True,True,observed,official
2026-05-25,ETH,crypto,W13,True,True,observed,official
2026-05-26,ETH,crypto,W13,True,True,observed,official
2026-05-27,ETH,crypto,W13,True,True,observed,official
2026-05-28,ETH,crypto,W13,True,True,observed,official
2026-05-29,ETH,crypto,W13,True,True,observed,official
2026-05-30,ETH,crypto,W14,True,True,observed,official
2026-05-31,ETH,crypto,W14,True,True,observed,official
2026-06-01,ETH,crypto,W14,True,True,observed,official
2026-06-02,ETH,crypto,W14,True,True,observed,official
2026-06-03,ETH,crypto,W14,True,True,observed,official
2026-06-04,ETH,crypto,W14,True,True,observed,official
2026-06-05,ETH,crypto,W14,True,True,observed,official
2026-06-06,ETH,crypto,W15,True,True,observed,official
2026-06-07,ETH,crypto,W15,True,True,observed,official
2026-06-08,ETH,crypto,W15,True,True,observed,official
2026-06-09,ETH,crypto,W15,True,True,observed,official
2026-06-10,ETH,crypto,W15,True,True,observed,official
2026-06-11,ETH,crypto,W15,True,True,observed,official
2026-06-12,ETH,crypto,W15,True,True,observed,official
2026-06-13,ETH,crypto,W16,True,True,observed,official
2026-06-14,ETH,crypto,W16,True,True,observed,official
2026-06-15,ETH,crypto,W16,True,True,observed,official
2026-06-16,ETH,crypto,W16,True,True,observed,official
2026-06-17,ETH,crypto,W16,True,True,observed,official
2026-06-18,ETH,crypto,W16,True,True,observed,official
2026-06-19,ETH,crypto,W16,True,True,observed,official
2026-06-20,ETH,crypto,W17,True,True,observed,official
2026-06-21,ETH,crypto,W17,True,True,observed,official
2026-06-22,ETH,crypto,W17,True,True,observed,official
2026-06-23,ETH,crypto,W17,True,True,observed,official
2026-06-24,ETH,crypto,W17,True,True,observed,official
2026-06-25,ETH,crypto,W17,True,True,observed,official
2026-06-26,ETH,crypto,W17,True,True,observed,official
2026-06-27,ETH,crypto,W18,True,True,observed,official
2026-06-28,ETH,crypto,W18,True,True,observed,official
2026-06-29,ETH,crypto,W18,True,True,observed,official
2026-06-30,ETH,crypto,W18,True,True,observed,official
2026-07-01,ETH,crypto,W18,True,True,observed,official
2026-07-02,ETH,crypto,W18,True,True,observed,official
2026-07-03,ETH,crypto,W18,True,True,observed,official
2026-07-04,ETH,crypto,W19,True,True,observed,official
2026-07-05,ETH,crypto,W19,True,True,observed,official
2026-07-06,ETH,crypto,W19,True,True,observed,official
2026-07-07,ETH,crypto,W19,True,True,observed,official
2026-07-08,ETH,crypto,W19,True,True,observed,official
2026-07-09,ETH,crypto,W19,True,True,observed,official
2026-07-10,ETH,crypto,W19,True,True,observed,official
2026-07-11,ETH,crypto,W20,True,True,observed,official
2026-07-12,ETH,crypto,W20,True,True,observed,official
2026-07-13,ETH,crypto,W20,True,True,observed,official
2026-07-14,ETH,crypto,W20,True,True,observed,official
2026-07-15,ETH,crypto,W20,True,True,observed,official
2026-07-16,ETH,crypto,W20,True,True,observed,official
2026-07-17,ETH,crypto,W20,True,True,observed,official
2026-07-18,ETH,crypto,W21,True,True,observed,official
2026-07-19,ETH,crypto,W21,True,True,observed,official
2026-07-20,ETH,crypto,W21,True,True,observed,official
2026-07-21,ETH,crypto,W21,True,True,observed,official
2026-07-22,ETH,crypto,W21,True,True,observed,official
2026-02-28,EURUSD,fx24,W01,False,False,market_closed,reference_inferred
2026-03-01,EURUSD,fx24,W01,False,False,market_closed,reference_inferred
2026-03-02,EURUSD,fx24,W01,True,True,observed,reference_inferred
2026-03-03,EURUSD,fx24,W01,True,True,observed,reference_inferred
2026-03-04,EURUSD,fx24,W01,True,True,observed,reference_inferred
2026-03-05,EURUSD,fx24,W01,True,True,observed,reference_inferred
2026-03-06,EURUSD,fx24,W01,True,True,observed,reference_inferred
2026-03-07,EURUSD,fx24,W02,False,False,market_closed,reference_inferred
2026-03-08,EURUSD,fx24,W02,False,False,market_closed,reference_inferred
2026-03-09,EURUSD,fx24,W02,True,True,observed,reference_inferred
2026-03-10,EURUSD,fx24,W02,True,True,observed,reference_inferred
2026-03-11,EURUSD,fx24,W02,True,True,observed,reference_inferred
2026-03-12,EURUSD,fx24,W02,True,True,observed,reference_inferred
2026-03-13,EURUSD,fx24,W02,True,True,observed,reference_inferred
2026-03-14,EURUSD,fx24,W03,False,False,market_closed,reference_inferred
2026-03-15,EURUSD,fx24,W03,False,False,market_closed,reference_inferred
2026-03-16,EURUSD,fx24,W03,True,True,observed,reference_inferred
2026-03-17,EURUSD,fx24,W03,True,True,observed,reference_inferred
2026-03-18,EURUSD,fx24,W03,True,True,observed,reference_inferred
2026-03-19,EURUSD,fx24,W03,True,True,observed,reference_inferred
2026-03-20,EURUSD,fx24,W03,True,True,observed,reference_inferred
2026-03-21,EURUSD,fx24,W04,False,False,market_closed,reference_inferred
2026-03-22,EURUSD,fx24,W04,False,False,market_closed,reference_inferred
2026-03-23,EURUSD,fx24,W04,True,True,observed,reference_inferred
2026-03-24,EURUSD,fx24,W04,True,True,observed,reference_inferred
2026-03-25,EURUSD,fx24,W04,True,True,observed,reference_inferred
2026-03-26,EURUSD,fx24,W04,True,True,observed,reference_inferred
2026-03-27,EURUSD,fx24,W04,True,True,observed,reference_inferred
2026-03-28,EURUSD,fx24,W05,False,False,market_closed,reference_inferred
2026-03-29,EURUSD,fx24,W05,False,False,market_closed,reference_inferred
2026-03-30,EURUSD,fx24,W05,True,True,observed,reference_inferred
2026-03-31,EURUSD,fx24,W05,True,True,observed,reference_inferred
2026-04-01,EURUSD,fx24,W05,True,True,observed,reference_inferred
2026-04-02,EURUSD,fx24,W05,True,True,observed,reference_inferred
2026-04-03,EURUSD,fx24,W05,True,True,observed,reference_inferred
2026-04-04,EURUSD,fx24,W06,False,False,market_closed,reference_inferred
2026-04-05,EURUSD,fx24,W06,False,False,market_closed,reference_inferred
2026-04-06,EURUSD,fx24,W06,True,True,observed,reference_inferred
2026-04-07,EURUSD,fx24,W06,True,True,observed,reference_inferred
2026-04-08,EURUSD,fx24,W06,True,True,observed,reference_inferred
2026-04-09,EURUSD,fx24,W06,True,True,observed,reference_inferred
2026-04-10,EURUSD,fx24,W06,True,True,observed,reference_inferred
2026-04-11,EURUSD,fx24,W07,False,False,market_closed,reference_inferred
2026-04-12,EURUSD,fx24,W07,False,False,market_closed,reference_inferred
2026-04-13,EURUSD,fx24,W07,True,True,observed,reference_inferred
2026-04-14,EURUSD,fx24,W07,True,True,observed,reference_inferred
2026-04-15,EURUSD,fx24,W07,True,True,observed,reference_inferred
2026-04-16,EURUSD,fx24,W07,True,True,observed,reference_inferred
2026-04-17,EURUSD,fx24,W07,True,True,observed,reference_inferred
2026-04-18,EURUSD,fx24,W08,False,False,market_closed,reference_inferred
2026-04-19,EURUSD,fx24,W08,False,False,market_closed,reference_inferred
2026-04-20,EURUSD,fx24,W08,True,True,observed,reference_inferred
2026-04-21,EURUSD,fx24,W08,True,True,observed,reference_inferred
2026-04-22,EURUSD,fx24,W08,True,True,observed,reference_inferred
2026-04-23,EURUSD,fx24,W08,True,True,observed,reference_inferred
2026-04-24,EURUSD,fx24,W08,True,True,observed,reference_inferred
2026-04-25,EURUSD,fx24,W09,False,False,market_closed,reference_inferred
2026-04-26,EURUSD,fx24,W09,False,False,market_closed,reference_inferred
2026-04-27,EURUSD,fx24,W09,True,True,observed,reference_inferred
2026-04-28,EURUSD,fx24,W09,True,True,observed,reference_inferred
2026-04-29,EURUSD,fx24,W09,True,True,observed,reference_inferred
2026-04-30,EURUSD,fx24,W09,True,True,observed,reference_inferred
2026-05-01,EURUSD,fx24,W09,True,True,observed,reference_inferred
2026-05-02,EURUSD,fx24,W10,False,False,market_closed,reference_inferred
2026-05-03,EURUSD,fx24,W10,False,False,market_closed,reference_inferred
2026-05-04,EURUSD,fx24,W10,True,True,observed,reference_inferred
2026-05-05,EURUSD,fx24,W10,True,True,observed,reference_inferred
2026-05-06,EURUSD,fx24,W10,True,True,observed,reference_inferred
2026-05-07,EURUSD,fx24,W10,True,True,observed,reference_inferred
2026-05-08,EURUSD,fx24,W10,True,True,observed,reference_inferred
2026-05-09,EURUSD,fx24,W11,False,False,market_closed,reference_inferred
2026-05-10,EURUSD,fx24,W11,False,False,market_closed,reference_inferred
2026-05-11,EURUSD,fx24,W11,True,True,observed,reference_inferred
2026-05-12,EURUSD,fx24,W11,True,True,observed,reference_inferred
2026-05-13,EURUSD,fx24,W11,True,True,observed,reference_inferred
2026-05-14,EURUSD,fx24,W11,True,True,observed,reference_inferred
2026-05-15,EURUSD,fx24,W11,True,True,observed,reference_inferred
2026-05-16,EURUSD,fx24,W12,False,False,market_closed,reference_inferred
2026-05-17,EURUSD,fx24,W12,False,False,market_closed,reference_inferred
2026-05-18,EURUSD,fx24,W12,True,True,observed,reference_inferred
2026-05-19,EURUSD,fx24,W12,True,True,observed,reference_inferred
2026-05-20,EURUSD,fx24,W12,True,True,observed,reference_inferred
2026-05-21,EURUSD,fx24,W12,True,True,observed,reference_inferred
2026-05-22,EURUSD,fx24,W12,True,True,observed,reference_inferred
2026-05-23,EURUSD,fx24,W13,False,False,market_closed,reference_inferred
2026-05-24,EURUSD,fx24,W13,False,False,market_closed,reference_inferred
2026-05-25,EURUSD,fx24,W13,True,True,observed,reference_inferred
2026-05-26,EURUSD,fx24,W13,True,True,observed,reference_inferred
2026-05-27,EURUSD,fx24,W13,True,True,observed,reference_inferred
2026-05-28,EURUSD,fx24,W13,True,True,observed,reference_inferred
2026-05-29,EURUSD,fx24,W13,True,True,observed,reference_inferred
2026-05-30,EURUSD,fx24,W14,False,False,market_closed,reference_inferred
2026-05-31,EURUSD,fx24,W14,False,False,market_closed,reference_inferred
2026-06-01,EURUSD,fx24,W14,True,True,observed,reference_inferred
2026-06-02,EURUSD,fx24,W14,True,True,observed,reference_inferred
2026-06-03,EURUSD,fx24,W14,True,True,observed,reference_inferred
2026-06-04,EURUSD,fx24,W14,True,True,observed,reference_inferred
2026-06-05,EURUSD,fx24,W14,True,True,observed,reference_inferred
2026-06-06,EURUSD,fx24,W15,False,False,market_closed,reference_inferred
2026-06-07,EURUSD,fx24,W15,False,False,market_closed,reference_inferred
2026-06-08,EURUSD,fx24,W15,True,True,observed,reference_inferred
2026-06-09,EURUSD,fx24,W15,True,True,observed,reference_inferred
2026-06-10,EURUSD,fx24,W15,True,True,observed,reference_inferred
2026-06-11,EURUSD,fx24,W15,True,True,observed,reference_inferred
2026-06-12,EURUSD,fx24,W15,True,True,observed,reference_inferred
2026-06-13,EURUSD,fx24,W16,False,False,market_closed,reference_inferred
2026-06-14,EURUSD,fx24,W16,False,False,market_closed,reference_inferred
2026-06-15,EURUSD,fx24,W16,True,True,observed,reference_inferred
2026-06-16,EURUSD,fx24,W16,True,True,observed,reference_inferred
2026-06-17,EURUSD,fx24,W16,True,True,observed,reference_inferred
2026-06-18,EURUSD,fx24,W16,True,True,observed,reference_inferred
2026-06-19,EURUSD,fx24,W16,True,True,observed,reference_inferred
2026-06-20,EURUSD,fx24,W17,False,False,market_closed,reference_inferred
2026-06-21,EURUSD,fx24,W17,False,False,market_closed,reference_inferred
2026-06-22,EURUSD,fx24,W17,True,True,observed,reference_inferred
2026-06-23,EURUSD,fx24,W17,True,True,observed,reference_inferred
2026-06-24,EURUSD,fx24,W17,True,True,observed,reference_inferred
2026-06-25,EURUSD,fx24,W17,True,True,observed,reference_inferred
2026-06-26,EURUSD,fx24,W17,True,True,observed,reference_inferred
2026-06-27,EURUSD,fx24,W18,False,False,market_closed,reference_inferred
2026-06-28,EURUSD,fx24,W18,False,False,market_closed,reference_inferred
2026-06-29,EURUSD,fx24,W18,True,True,observed,reference_inferred
2026-06-30,EURUSD,fx24,W18,True,True,observed,reference_inferred
2026-07-01,EURUSD,fx24,W18,True,True,observed,reference_inferred
2026-07-02,EURUSD,fx24,W18,True,True,observed,reference_inferred
2026-07-03,EURUSD,fx24,W18,True,True,observed,reference_inferred
2026-07-04,EURUSD,fx24,W19,False,False,market_closed,reference_inferred
2026-07-05,EURUSD,fx24,W19,False,False,market_closed,reference_inferred
2026-07-06,EURUSD,fx24,W19,True,True,observed,reference_inferred
2026-07-07,EURUSD,fx24,W19,True,True,observed,reference_inferred
2026-07-08,EURUSD,fx24,W19,True,True,observed,reference_inferred
2026-07-09,EURUSD,fx24,W19,True,True,observed,reference_inferred
2026-07-10,EURUSD,fx24,W19,True,True,observed,reference_inferred
2026-07-11,EURUSD,fx24,W20,False,False,market_closed,reference_inferred
2026-07-12,EURUSD,fx24,W20,False,False,market_closed,reference_inferred
2026-07-13,EURUSD,fx24,W20,True,True,observed,reference_inferred
2026-07-14,EURUSD,fx24,W20,True,True,observed,reference_inferred
2026-07-15,EURUSD,fx24,W20,True,True,observed,reference_inferred
2026-07-16,EURUSD,fx24,W20,True,True,observed,reference_inferred
2026-07-17,EURUSD,fx24,W20,True,True,observed,reference_inferred
2026-07-18,EURUSD,fx24,W21,False,False,market_closed,reference_inferred
2026-07-19,EURUSD,fx24,W21,False,False,market_closed,reference_inferred
2026-07-20,EURUSD,fx24,W21,True,True,observed,reference_inferred
2026-07-21,EURUSD,fx24,W21,True,True,observed,reference_inferred
2026-07-22,EURUSD,fx24,W21,True,True,observed,reference_inferred
2026-02-28,GAS_NG,global,W01,False,False,market_closed,reference_inferred
2026-03-01,GAS_NG,global,W01,False,False,market_closed,reference_inferred
2026-03-02,GAS_NG,global,W01,True,True,observed,reference_inferred
2026-03-03,GAS_NG,global,W01,True,True,observed,reference_inferred
2026-03-04,GAS_NG,global,W01,True,True,observed,reference_inferred
2026-03-05,GAS_NG,global,W01,True,True,observed,reference_inferred
2026-03-06,GAS_NG,global,W01,True,True,observed,reference_inferred
2026-03-07,GAS_NG,global,W02,False,False,market_closed,reference_inferred
2026-03-08,GAS_NG,global,W02,False,False,market_closed,reference_inferred
2026-03-09,GAS_NG,global,W02,True,True,observed,reference_inferred
2026-03-10,GAS_NG,global,W02,True,True,observed,reference_inferred
2026-03-11,GAS_NG,global,W02,True,True,observed,reference_inferred
2026-03-12,GAS_NG,global,W02,True,True,observed,reference_inferred
2026-03-13,GAS_NG,global,W02,True,True,observed,reference_inferred
2026-03-14,GAS_NG,global,W03,False,False,market_closed,reference_inferred
2026-03-15,GAS_NG,global,W03,False,False,market_closed,reference_inferred
2026-03-16,GAS_NG,global,W03,True,True,observed,reference_inferred
2026-03-17,GAS_NG,global,W03,True,True,observed,reference_inferred
2026-03-18,GAS_NG,global,W03,True,True,observed,reference_inferred
2026-03-19,GAS_NG,global,W03,True,True,observed,reference_inferred
2026-03-20,GAS_NG,global,W03,True,True,observed,reference_inferred
2026-03-21,GAS_NG,global,W04,False,False,market_closed,reference_inferred
2026-03-22,GAS_NG,global,W04,False,False,market_closed,reference_inferred
2026-03-23,GAS_NG,global,W04,True,True,observed,reference_inferred
2026-03-24,GAS_NG,global,W04,True,True,observed,reference_inferred
2026-03-25,GAS_NG,global,W04,True,True,observed,reference_inferred
2026-03-26,GAS_NG,global,W04,True,True,observed,reference_inferred
2026-03-27,GAS_NG,global,W04,True,True,observed,reference_inferred
2026-03-28,GAS_NG,global,W05,False,False,market_closed,reference_inferred
2026-03-29,GAS_NG,global,W05,False,False,market_closed,reference_inferred
2026-03-30,GAS_NG,global,W05,True,True,observed,reference_inferred
2026-03-31,GAS_NG,global,W05,True,True,observed,reference_inferred
2026-04-01,GAS_NG,global,W05,True,True,observed,reference_inferred
2026-04-02,GAS_NG,global,W05,True,True,observed,reference_inferred
2026-04-03,GAS_NG,global,W05,False,False,market_closed,reference_inferred
2026-04-04,GAS_NG,global,W06,False,False,market_closed,reference_inferred
2026-04-05,GAS_NG,global,W06,False,False,market_closed,reference_inferred
2026-04-06,GAS_NG,global,W06,True,True,observed,reference_inferred
2026-04-07,GAS_NG,global,W06,True,True,observed,reference_inferred
2026-04-08,GAS_NG,global,W06,True,True,observed,reference_inferred
2026-04-09,GAS_NG,global,W06,True,True,observed,reference_inferred
2026-04-10,GAS_NG,global,W06,True,True,observed,reference_inferred
2026-04-11,GAS_NG,global,W07,False,False,market_closed,reference_inferred
2026-04-12,GAS_NG,global,W07,False,False,market_closed,reference_inferred
2026-04-13,GAS_NG,global,W07,True,True,observed,reference_inferred
2026-04-14,GAS_NG,global,W07,True,True,observed,reference_inferred
2026-04-15,GAS_NG,global,W07,True,True,observed,reference_inferred
2026-04-16,GAS_NG,global,W07,True,True,observed,reference_inferred
2026-04-17,GAS_NG,global,W07,True,True,observed,reference_inferred
2026-04-18,GAS_NG,global,W08,False,False,market_closed,reference_inferred
2026-04-19,GAS_NG,global,W08,False,False,market_closed,reference_inferred
2026-04-20,GAS_NG,global,W08,True,True,observed,reference_inferred
2026-04-21,GAS_NG,global,W08,True,True,observed,reference_inferred
2026-04-22,GAS_NG,global,W08,True,True,observed,reference_inferred
2026-04-23,GAS_NG,global,W08,True,True,observed,reference_inferred
2026-04-24,GAS_NG,global,W08,True,True,observed,reference_inferred
2026-04-25,GAS_NG,global,W09,False,False,market_closed,reference_inferred
2026-04-26,GAS_NG,global,W09,False,False,market_closed,reference_inferred
2026-04-27,GAS_NG,global,W09,True,True,observed,reference_inferred
2026-04-28,GAS_NG,global,W09,True,True,observed,reference_inferred
2026-04-29,GAS_NG,global,W09,True,True,observed,reference_inferred
2026-04-30,GAS_NG,global,W09,True,True,observed,reference_inferred
2026-05-01,GAS_NG,global,W09,True,True,observed,reference_inferred
2026-05-02,GAS_NG,global,W10,False,False,market_closed,reference_inferred
2026-05-03,GAS_NG,global,W10,False,False,market_closed,reference_inferred
2026-05-04,GAS_NG,global,W10,True,True,observed,reference_inferred
2026-05-05,GAS_NG,global,W10,True,True,observed,reference_inferred
2026-05-06,GAS_NG,global,W10,True,True,observed,reference_inferred
2026-05-07,GAS_NG,global,W10,True,True,observed,reference_inferred
2026-05-08,GAS_NG,global,W10,True,True,observed,reference_inferred
2026-05-09,GAS_NG,global,W11,False,False,market_closed,reference_inferred
2026-05-10,GAS_NG,global,W11,False,False,market_closed,reference_inferred
2026-05-11,GAS_NG,global,W11,True,True,observed,reference_inferred
2026-05-12,GAS_NG,global,W11,True,True,observed,reference_inferred
2026-05-13,GAS_NG,global,W11,True,True,observed,reference_inferred
2026-05-14,GAS_NG,global,W11,True,True,observed,reference_inferred
2026-05-15,GAS_NG,global,W11,True,True,observed,reference_inferred
2026-05-16,GAS_NG,global,W12,False,False,market_closed,reference_inferred
2026-05-17,GAS_NG,global,W12,False,False,market_closed,reference_inferred
2026-05-18,GAS_NG,global,W12,True,True,observed,reference_inferred
2026-05-19,GAS_NG,global,W12,True,True,observed,reference_inferred
2026-05-20,GAS_NG,global,W12,True,True,observed,reference_inferred
2026-05-21,GAS_NG,global,W12,True,True,observed,reference_inferred
2026-05-22,GAS_NG,global,W12,True,True,observed,reference_inferred
2026-05-23,GAS_NG,global,W13,False,False,market_closed,reference_inferred
2026-05-24,GAS_NG,global,W13,False,False,market_closed,reference_inferred
2026-05-25,GAS_NG,global,W13,False,False,market_closed,reference_inferred
2026-05-26,GAS_NG,global,W13,True,True,observed,reference_inferred
2026-05-27,GAS_NG,global,W13,True,True,observed,reference_inferred
2026-05-28,GAS_NG,global,W13,True,True,observed,reference_inferred
2026-05-29,GAS_NG,global,W13,True,True,observed,reference_inferred
2026-05-30,GAS_NG,global,W14,False,False,market_closed,reference_inferred
2026-05-31,GAS_NG,global,W14,False,False,market_closed,reference_inferred
2026-06-01,GAS_NG,global,W14,True,True,observed,reference_inferred
2026-06-02,GAS_NG,global,W14,True,True,observed,reference_inferred
2026-06-03,GAS_NG,global,W14,True,True,observed,reference_inferred
2026-06-04,GAS_NG,global,W14,True,True,observed,reference_inferred
2026-06-05,GAS_NG,global,W14,True,True,observed,reference_inferred
2026-06-06,GAS_NG,global,W15,False,False,market_closed,reference_inferred
2026-06-07,GAS_NG,global,W15,False,False,market_closed,reference_inferred
2026-06-08,GAS_NG,global,W15,True,True,observed,reference_inferred
2026-06-09,GAS_NG,global,W15,True,True,observed,reference_inferred
2026-06-10,GAS_NG,global,W15,True,True,observed,reference_inferred
2026-06-11,GAS_NG,global,W15,True,True,observed,reference_inferred
2026-06-12,GAS_NG,global,W15,True,True,observed,reference_inferred
2026-06-13,GAS_NG,global,W16,False,False,market_closed,reference_inferred
2026-06-14,GAS_NG,global,W16,False,False,market_closed,reference_inferred
2026-06-15,GAS_NG,global,W16,True,True,observed,reference_inferred
2026-06-16,GAS_NG,global,W16,True,True,observed,reference_inferred
2026-06-17,GAS_NG,global,W16,True,True,observed,reference_inferred
2026-06-18,GAS_NG,global,W16,True,True,observed,reference_inferred
2026-06-19,GAS_NG,global,W16,False,False,market_closed,reference_inferred
2026-06-20,GAS_NG,global,W17,False,False,market_closed,reference_inferred
2026-06-21,GAS_NG,global,W17,False,False,market_closed,reference_inferred
2026-06-22,GAS_NG,global,W17,True,True,observed,reference_inferred
2026-06-23,GAS_NG,global,W17,True,True,observed,reference_inferred
2026-06-24,GAS_NG,global,W17,True,True,observed,reference_inferred
2026-06-25,GAS_NG,global,W17,True,True,observed,reference_inferred
2026-06-26,GAS_NG,global,W17,True,True,observed,reference_inferred
2026-06-27,GAS_NG,global,W18,False,False,market_closed,reference_inferred
2026-06-28,GAS_NG,global,W18,False,False,market_closed,reference_inferred
2026-06-29,GAS_NG,global,W18,True,True,observed,reference_inferred
2026-06-30,GAS_NG,global,W18,True,True,observed,reference_inferred
2026-07-01,GAS_NG,global,W18,True,True,observed,reference_inferred
2026-07-02,GAS_NG,global,W18,True,True,observed,reference_inferred
2026-07-03,GAS_NG,global,W18,False,False,market_closed,reference_inferred
2026-07-04,GAS_NG,global,W19,False,False,market_closed,reference_inferred
2026-07-05,GAS_NG,global,W19,False,False,market_closed,reference_inferred
2026-07-06,GAS_NG,global,W19,True,True,observed,reference_inferred
2026-07-07,GAS_NG,global,W19,True,True,observed,reference_inferred
2026-07-08,GAS_NG,global,W19,True,True,observed,reference_inferred
2026-07-09,GAS_NG,global,W19,True,True,observed,reference_inferred
2026-07-10,GAS_NG,global,W19,True,True,observed,reference_inferred
2026-07-11,GAS_NG,global,W20,False,False,market_closed,reference_inferred
2026-07-12,GAS_NG,global,W20,False,False,market_closed,reference_inferred
2026-07-13,GAS_NG,global,W20,True,True,observed,reference_inferred
2026-07-14,GAS_NG,global,W20,True,True,observed,reference_inferred
2026-07-15,GAS_NG,global,W20,True,True,observed,reference_inferred
2026-07-16,GAS_NG,global,W20,True,True,observed,reference_inferred
2026-07-17,GAS_NG,global,W20,True,True,observed,reference_inferred
2026-07-18,GAS_NG,global,W21,False,False,market_closed,reference_inferred
2026-07-19,GAS_NG,global,W21,False,False,market_closed,reference_inferred
2026-07-20,GAS_NG,global,W21,True,True,observed,reference_inferred
2026-07-21,GAS_NG,global,W21,True,True,observed,reference_inferred
2026-07-22,GAS_NG,global,W21,True,True,observed,reference_inferred
2026-02-28,GOLD_USD,global,W01,False,False,market_closed,reference_inferred
2026-03-01,GOLD_USD,global,W01,False,False,market_closed,reference_inferred
2026-03-02,GOLD_USD,global,W01,True,True,observed,reference_inferred
2026-03-03,GOLD_USD,global,W01,True,True,observed,reference_inferred
2026-03-04,GOLD_USD,global,W01,True,True,observed,reference_inferred
2026-03-05,GOLD_USD,global,W01,True,True,observed,reference_inferred
2026-03-06,GOLD_USD,global,W01,True,True,observed,reference_inferred
2026-03-07,GOLD_USD,global,W02,False,False,market_closed,reference_inferred
2026-03-08,GOLD_USD,global,W02,False,False,market_closed,reference_inferred
2026-03-09,GOLD_USD,global,W02,True,True,observed,reference_inferred
2026-03-10,GOLD_USD,global,W02,True,True,observed,reference_inferred
2026-03-11,GOLD_USD,global,W02,True,True,observed,reference_inferred
2026-03-12,GOLD_USD,global,W02,True,True,observed,reference_inferred
2026-03-13,GOLD_USD,global,W02,True,True,observed,reference_inferred
2026-03-14,GOLD_USD,global,W03,False,False,market_closed,reference_inferred
2026-03-15,GOLD_USD,global,W03,False,False,market_closed,reference_inferred
2026-03-16,GOLD_USD,global,W03,True,True,observed,reference_inferred
2026-03-17,GOLD_USD,global,W03,True,True,observed,reference_inferred
2026-03-18,GOLD_USD,global,W03,True,True,observed,reference_inferred
2026-03-19,GOLD_USD,global,W03,True,True,observed,reference_inferred
2026-03-20,GOLD_USD,global,W03,True,True,observed,reference_inferred
2026-03-21,GOLD_USD,global,W04,False,False,market_closed,reference_inferred
2026-03-22,GOLD_USD,global,W04,False,False,market_closed,reference_inferred
2026-03-23,GOLD_USD,global,W04,True,True,observed,reference_inferred
2026-03-24,GOLD_USD,global,W04,True,True,observed,reference_inferred
2026-03-25,GOLD_USD,global,W04,True,True,observed,reference_inferred
2026-03-26,GOLD_USD,global,W04,True,True,observed,reference_inferred
2026-03-27,GOLD_USD,global,W04,True,True,observed,reference_inferred
2026-03-28,GOLD_USD,global,W05,False,False,market_closed,reference_inferred
2026-03-29,GOLD_USD,global,W05,False,False,market_closed,reference_inferred
2026-03-30,GOLD_USD,global,W05,True,True,observed,reference_inferred
2026-03-31,GOLD_USD,global,W05,True,True,observed,reference_inferred
2026-04-01,GOLD_USD,global,W05,True,True,observed,reference_inferred
2026-04-02,GOLD_USD,global,W05,True,True,observed,reference_inferred
2026-04-03,GOLD_USD,global,W05,False,False,market_closed,reference_inferred
2026-04-04,GOLD_USD,global,W06,False,False,market_closed,reference_inferred
2026-04-05,GOLD_USD,global,W06,False,False,market_closed,reference_inferred
2026-04-06,GOLD_USD,global,W06,True,True,observed,reference_inferred
2026-04-07,GOLD_USD,global,W06,True,True,observed,reference_inferred
2026-04-08,GOLD_USD,global,W06,True,True,observed,reference_inferred
2026-04-09,GOLD_USD,global,W06,True,True,observed,reference_inferred
2026-04-10,GOLD_USD,global,W06,True,True,observed,reference_inferred
2026-04-11,GOLD_USD,global,W07,False,False,market_closed,reference_inferred
2026-04-12,GOLD_USD,global,W07,False,False,market_closed,reference_inferred
2026-04-13,GOLD_USD,global,W07,True,True,observed,reference_inferred
2026-04-14,GOLD_USD,global,W07,True,True,observed,reference_inferred
2026-04-15,GOLD_USD,global,W07,True,True,observed,reference_inferred
2026-04-16,GOLD_USD,global,W07,True,True,observed,reference_inferred
2026-04-17,GOLD_USD,global,W07,True,True,observed,reference_inferred
2026-04-18,GOLD_USD,global,W08,False,False,market_closed,reference_inferred
2026-04-19,GOLD_USD,global,W08,False,False,market_closed,reference_inferred
2026-04-20,GOLD_USD,global,W08,True,True,observed,reference_inferred
2026-04-21,GOLD_USD,global,W08,True,True,observed,reference_inferred
2026-04-22,GOLD_USD,global,W08,True,True,observed,reference_inferred
2026-04-23,GOLD_USD,global,W08,True,True,observed,reference_inferred
2026-04-24,GOLD_USD,global,W08,True,True,observed,reference_inferred
2026-04-25,GOLD_USD,global,W09,False,False,market_closed,reference_inferred
2026-04-26,GOLD_USD,global,W09,False,False,market_closed,reference_inferred
2026-04-27,GOLD_USD,global,W09,True,True,observed,reference_inferred
2026-04-28,GOLD_USD,global,W09,True,True,observed,reference_inferred
2026-04-29,GOLD_USD,global,W09,True,True,observed,reference_inferred
2026-04-30,GOLD_USD,global,W09,True,True,observed,reference_inferred
2026-05-01,GOLD_USD,global,W09,True,True,observed,reference_inferred
2026-05-02,GOLD_USD,global,W10,False,False,market_closed,reference_inferred
2026-05-03,GOLD_USD,global,W10,False,False,market_closed,reference_inferred
2026-05-04,GOLD_USD,global,W10,True,True,observed,reference_inferred
2026-05-05,GOLD_USD,global,W10,True,True,observed,reference_inferred
2026-05-06,GOLD_USD,global,W10,True,True,observed,reference_inferred
2026-05-07,GOLD_USD,global,W10,True,True,observed,reference_inferred
2026-05-08,GOLD_USD,global,W10,True,True,observed,reference_inferred
2026-05-09,GOLD_USD,global,W11,False,False,market_closed,reference_inferred
2026-05-10,GOLD_USD,global,W11,False,False,market_closed,reference_inferred
2026-05-11,GOLD_USD,global,W11,True,True,observed,reference_inferred
2026-05-12,GOLD_USD,global,W11,True,True,observed,reference_inferred
2026-05-13,GOLD_USD,global,W11,True,True,observed,reference_inferred
2026-05-14,GOLD_USD,global,W11,True,True,observed,reference_inferred
2026-05-15,GOLD_USD,global,W11,True,True,observed,reference_inferred
2026-05-16,GOLD_USD,global,W12,False,False,market_closed,reference_inferred
2026-05-17,GOLD_USD,global,W12,False,False,market_closed,reference_inferred
2026-05-18,GOLD_USD,global,W12,True,True,observed,reference_inferred
2026-05-19,GOLD_USD,global,W12,True,True,observed,reference_inferred
2026-05-20,GOLD_USD,global,W12,True,True,observed,reference_inferred
2026-05-21,GOLD_USD,global,W12,True,True,observed,reference_inferred
2026-05-22,GOLD_USD,global,W12,True,True,observed,reference_inferred
2026-05-23,GOLD_USD,global,W13,False,False,market_closed,reference_inferred
2026-05-24,GOLD_USD,global,W13,False,False,market_closed,reference_inferred
2026-05-25,GOLD_USD,global,W13,False,False,market_closed,reference_inferred
2026-05-26,GOLD_USD,global,W13,True,True,observed,reference_inferred
2026-05-27,GOLD_USD,global,W13,True,True,observed,reference_inferred
2026-05-28,GOLD_USD,global,W13,True,True,observed,reference_inferred
2026-05-29,GOLD_USD,global,W13,True,True,observed,reference_inferred
2026-05-30,GOLD_USD,global,W14,False,False,market_closed,reference_inferred
2026-05-31,GOLD_USD,global,W14,False,False,market_closed,reference_inferred
2026-06-01,GOLD_USD,global,W14,True,True,observed,reference_inferred
2026-06-02,GOLD_USD,global,W14,True,True,observed,reference_inferred
2026-06-03,GOLD_USD,global,W14,True,True,observed,reference_inferred
2026-06-04,GOLD_USD,global,W14,True,True,observed,reference_inferred
2026-06-05,GOLD_USD,global,W14,True,True,observed,reference_inferred
2026-06-06,GOLD_USD,global,W15,False,False,market_closed,reference_inferred
2026-06-07,GOLD_USD,global,W15,False,False,market_closed,reference_inferred
2026-06-08,GOLD_USD,global,W15,True,True,observed,reference_inferred
2026-06-09,GOLD_USD,global,W15,True,True,observed,reference_inferred
2026-06-10,GOLD_USD,global,W15,True,True,observed,reference_inferred
2026-06-11,GOLD_USD,global,W15,True,True,observed,reference_inferred
2026-06-12,GOLD_USD,global,W15,True,True,observed,reference_inferred
2026-06-13,GOLD_USD,global,W16,False,False,market_closed,reference_inferred
2026-06-14,GOLD_USD,global,W16,False,False,market_closed,reference_inferred
2026-06-15,GOLD_USD,global,W16,True,True,observed,reference_inferred
2026-06-16,GOLD_USD,global,W16,True,True,observed,reference_inferred
2026-06-17,GOLD_USD,global,W16,True,True,observed,reference_inferred
2026-06-18,GOLD_USD,global,W16,True,True,observed,reference_inferred
2026-06-19,GOLD_USD,global,W16,False,False,market_closed,reference_inferred
2026-06-20,GOLD_USD,global,W17,False,False,market_closed,reference_inferred
2026-06-21,GOLD_USD,global,W17,False,False,market_closed,reference_inferred
2026-06-22,GOLD_USD,global,W17,True,True,observed,reference_inferred
2026-06-23,GOLD_USD,global,W17,True,True,observed,reference_inferred
2026-06-24,GOLD_USD,global,W17,True,True,observed,reference_inferred
2026-06-25,GOLD_USD,global,W17,True,True,observed,reference_inferred
2026-06-26,GOLD_USD,global,W17,True,True,observed,reference_inferred
2026-06-27,GOLD_USD,global,W18,False,False,market_closed,reference_inferred
2026-06-28,GOLD_USD,global,W18,False,False,market_closed,reference_inferred
2026-06-29,GOLD_USD,global,W18,True,True,observed,reference_inferred
2026-06-30,GOLD_USD,global,W18,True,True,observed,reference_inferred
2026-07-01,GOLD_USD,global,W18,True,True,observed,reference_inferred
2026-07-02,GOLD_USD,global,W18,True,True,observed,reference_inferred
2026-07-03,GOLD_USD,global,W18,False,False,market_closed,reference_inferred
2026-07-04,GOLD_USD,global,W19,False,False,market_closed,reference_inferred
2026-07-05,GOLD_USD,global,W19,False,False,market_closed,reference_inferred
2026-07-06,GOLD_USD,global,W19,True,True,observed,reference_inferred
2026-07-07,GOLD_USD,global,W19,True,True,observed,reference_inferred
2026-07-08,GOLD_USD,global,W19,True,True,observed,reference_inferred
2026-07-09,GOLD_USD,global,W19,True,True,observed,reference_inferred
2026-07-10,GOLD_USD,global,W19,True,True,observed,reference_inferred
2026-07-11,GOLD_USD,global,W20,False,False,market_closed,reference_inferred
2026-07-12,GOLD_USD,global,W20,False,False,market_closed,reference_inferred
2026-07-13,GOLD_USD,global,W20,True,True,observed,reference_inferred
2026-07-14,GOLD_USD,global,W20,True,True,observed,reference_inferred
2026-07-15,GOLD_USD,global,W20,True,True,observed,reference_inferred
2026-07-16,GOLD_USD,global,W20,True,True,observed,reference_inferred
2026-07-17,GOLD_USD,global,W20,True,True,observed,reference_inferred
2026-07-18,GOLD_USD,global,W21,False,False,market_closed,reference_inferred
2026-07-19,GOLD_USD,global,W21,False,False,market_closed,reference_inferred
2026-07-20,GOLD_USD,global,W21,True,True,observed,reference_inferred
2026-07-21,GOLD_USD,global,W21,True,True,observed,reference_inferred
2026-07-22,GOLD_USD,global,W21,True,True,observed,reference_inferred
2026-02-28,IRR_COIN,iran_otc,W01,True,True,observed,reference_inferred
2026-03-01,IRR_COIN,iran_otc,W01,True,True,observed,reference_inferred
2026-03-02,IRR_COIN,iran_otc,W01,True,True,observed,reference_inferred
2026-03-03,IRR_COIN,iran_otc,W01,True,True,observed,reference_inferred
2026-03-04,IRR_COIN,iran_otc,W01,True,True,observed,reference_inferred
2026-03-05,IRR_COIN,iran_otc,W01,True,True,observed,reference_inferred
2026-03-06,IRR_COIN,iran_otc,W01,False,False,invalidated_by_cleaning,reference_inferred
2026-03-07,IRR_COIN,iran_otc,W02,True,True,observed,reference_inferred
2026-03-08,IRR_COIN,iran_otc,W02,True,True,observed,reference_inferred
2026-03-09,IRR_COIN,iran_otc,W02,True,True,observed,reference_inferred
2026-03-10,IRR_COIN,iran_otc,W02,True,True,observed,reference_inferred
2026-03-11,IRR_COIN,iran_otc,W02,True,True,observed,reference_inferred
2026-03-12,IRR_COIN,iran_otc,W02,True,True,observed,reference_inferred
2026-03-13,IRR_COIN,iran_otc,W02,False,False,invalidated_by_cleaning,reference_inferred
2026-03-14,IRR_COIN,iran_otc,W03,True,True,observed,reference_inferred
2026-03-15,IRR_COIN,iran_otc,W03,True,True,observed,reference_inferred
2026-03-16,IRR_COIN,iran_otc,W03,True,True,observed,reference_inferred
2026-03-17,IRR_COIN,iran_otc,W03,True,True,observed,reference_inferred
2026-03-18,IRR_COIN,iran_otc,W03,True,True,observed,reference_inferred
2026-03-19,IRR_COIN,iran_otc,W03,True,True,observed,reference_inferred
2026-03-20,IRR_COIN,iran_otc,W03,False,False,invalidated_by_cleaning,reference_inferred
2026-03-21,IRR_COIN,iran_otc,W04,True,True,observed,reference_inferred
2026-03-22,IRR_COIN,iran_otc,W04,True,True,observed,reference_inferred
2026-03-23,IRR_COIN,iran_otc,W04,True,True,observed,reference_inferred
2026-03-24,IRR_COIN,iran_otc,W04,True,True,observed,reference_inferred
2026-03-25,IRR_COIN,iran_otc,W04,True,True,observed,reference_inferred
2026-03-26,IRR_COIN,iran_otc,W04,True,True,observed,reference_inferred
2026-03-27,IRR_COIN,iran_otc,W04,False,False,invalidated_by_cleaning,reference_inferred
2026-03-28,IRR_COIN,iran_otc,W05,True,True,observed,reference_inferred
2026-03-29,IRR_COIN,iran_otc,W05,True,True,observed,reference_inferred
2026-03-30,IRR_COIN,iran_otc,W05,True,True,observed,reference_inferred
2026-03-31,IRR_COIN,iran_otc,W05,True,True,observed,reference_inferred
2026-04-01,IRR_COIN,iran_otc,W05,True,True,observed,reference_inferred
2026-04-02,IRR_COIN,iran_otc,W05,True,True,observed,reference_inferred
2026-04-03,IRR_COIN,iran_otc,W05,False,False,invalidated_by_cleaning,reference_inferred
2026-04-04,IRR_COIN,iran_otc,W06,True,True,observed,reference_inferred
2026-04-05,IRR_COIN,iran_otc,W06,True,True,observed,reference_inferred
2026-04-06,IRR_COIN,iran_otc,W06,True,True,observed,reference_inferred
2026-04-07,IRR_COIN,iran_otc,W06,True,True,observed,reference_inferred
2026-04-08,IRR_COIN,iran_otc,W06,True,True,observed,reference_inferred
2026-04-09,IRR_COIN,iran_otc,W06,True,True,observed,reference_inferred
2026-04-10,IRR_COIN,iran_otc,W06,False,False,invalidated_by_cleaning,reference_inferred
2026-04-11,IRR_COIN,iran_otc,W07,True,True,observed,reference_inferred
2026-04-12,IRR_COIN,iran_otc,W07,True,True,observed,reference_inferred
2026-04-13,IRR_COIN,iran_otc,W07,True,True,observed,reference_inferred
2026-04-14,IRR_COIN,iran_otc,W07,True,True,observed,reference_inferred
2026-04-15,IRR_COIN,iran_otc,W07,True,True,observed,reference_inferred
2026-04-16,IRR_COIN,iran_otc,W07,True,True,observed,reference_inferred
2026-04-17,IRR_COIN,iran_otc,W07,False,False,invalidated_by_cleaning,reference_inferred
2026-04-18,IRR_COIN,iran_otc,W08,True,True,observed,reference_inferred
2026-04-19,IRR_COIN,iran_otc,W08,True,True,observed,reference_inferred
2026-04-20,IRR_COIN,iran_otc,W08,True,True,observed,reference_inferred
2026-04-21,IRR_COIN,iran_otc,W08,True,True,observed,reference_inferred
2026-04-22,IRR_COIN,iran_otc,W08,True,True,observed,reference_inferred
2026-04-23,IRR_COIN,iran_otc,W08,True,True,observed,reference_inferred
2026-04-24,IRR_COIN,iran_otc,W08,False,False,invalidated_by_cleaning,reference_inferred
2026-04-25,IRR_COIN,iran_otc,W09,True,True,observed,reference_inferred
2026-04-26,IRR_COIN,iran_otc,W09,True,True,observed,reference_inferred
2026-04-27,IRR_COIN,iran_otc,W09,True,True,observed,reference_inferred
2026-04-28,IRR_COIN,iran_otc,W09,True,True,observed,reference_inferred
2026-04-29,IRR_COIN,iran_otc,W09,True,True,observed,reference_inferred
2026-04-30,IRR_COIN,iran_otc,W09,True,True,observed,reference_inferred
2026-05-01,IRR_COIN,iran_otc,W09,False,False,invalidated_by_cleaning,reference_inferred
2026-05-02,IRR_COIN,iran_otc,W10,True,True,observed,reference_inferred
2026-05-03,IRR_COIN,iran_otc,W10,True,True,observed,reference_inferred
2026-05-04,IRR_COIN,iran_otc,W10,True,True,observed,reference_inferred
2026-05-05,IRR_COIN,iran_otc,W10,True,True,observed,reference_inferred
2026-05-06,IRR_COIN,iran_otc,W10,True,True,observed,reference_inferred
2026-05-07,IRR_COIN,iran_otc,W10,True,True,observed,reference_inferred
2026-05-08,IRR_COIN,iran_otc,W10,False,False,invalidated_by_cleaning,reference_inferred
2026-05-09,IRR_COIN,iran_otc,W11,True,True,observed,reference_inferred
2026-05-10,IRR_COIN,iran_otc,W11,True,True,observed,reference_inferred
2026-05-11,IRR_COIN,iran_otc,W11,True,True,observed,reference_inferred
2026-05-12,IRR_COIN,iran_otc,W11,True,True,observed,reference_inferred
2026-05-13,IRR_COIN,iran_otc,W11,True,True,observed,reference_inferred
2026-05-14,IRR_COIN,iran_otc,W11,True,True,observed,reference_inferred
2026-05-15,IRR_COIN,iran_otc,W11,False,False,invalidated_by_cleaning,reference_inferred
2026-05-16,IRR_COIN,iran_otc,W12,True,True,observed,reference_inferred
2026-05-17,IRR_COIN,iran_otc,W12,True,True,observed,reference_inferred
2026-05-18,IRR_COIN,iran_otc,W12,True,True,observed,reference_inferred
2026-05-19,IRR_COIN,iran_otc,W12,True,True,observed,reference_inferred
2026-05-20,IRR_COIN,iran_otc,W12,True,True,observed,reference_inferred
2026-05-21,IRR_COIN,iran_otc,W12,True,True,observed,reference_inferred
2026-05-22,IRR_COIN,iran_otc,W12,False,False,invalidated_by_cleaning,reference_inferred
2026-05-23,IRR_COIN,iran_otc,W13,True,True,observed,reference_inferred
2026-05-24,IRR_COIN,iran_otc,W13,True,True,observed,reference_inferred
2026-05-25,IRR_COIN,iran_otc,W13,True,True,observed,reference_inferred
2026-05-26,IRR_COIN,iran_otc,W13,True,True,observed,reference_inferred
2026-05-27,IRR_COIN,iran_otc,W13,True,True,observed,reference_inferred
2026-05-28,IRR_COIN,iran_otc,W13,True,True,observed,reference_inferred
2026-05-29,IRR_COIN,iran_otc,W13,False,False,invalidated_by_cleaning,reference_inferred
2026-05-30,IRR_COIN,iran_otc,W14,True,True,observed,reference_inferred
2026-05-31,IRR_COIN,iran_otc,W14,True,True,observed,reference_inferred
2026-06-01,IRR_COIN,iran_otc,W14,True,True,observed,reference_inferred
2026-06-02,IRR_COIN,iran_otc,W14,True,True,observed,reference_inferred
2026-06-03,IRR_COIN,iran_otc,W14,True,True,observed,reference_inferred
2026-06-04,IRR_COIN,iran_otc,W14,True,True,observed,reference_inferred
2026-06-05,IRR_COIN,iran_otc,W14,False,False,invalidated_by_cleaning,reference_inferred
2026-06-06,IRR_COIN,iran_otc,W15,True,True,observed,reference_inferred
2026-06-07,IRR_COIN,iran_otc,W15,True,True,observed,reference_inferred
2026-06-08,IRR_COIN,iran_otc,W15,True,True,observed,reference_inferred
2026-06-09,IRR_COIN,iran_otc,W15,True,True,observed,reference_inferred
2026-06-10,IRR_COIN,iran_otc,W15,True,True,observed,reference_inferred
2026-06-11,IRR_COIN,iran_otc,W15,True,True,observed,reference_inferred
2026-06-12,IRR_COIN,iran_otc,W15,False,False,invalidated_by_cleaning,reference_inferred
2026-06-13,IRR_COIN,iran_otc,W16,True,True,observed,reference_inferred
2026-06-14,IRR_COIN,iran_otc,W16,True,True,observed,reference_inferred
2026-06-15,IRR_COIN,iran_otc,W16,True,True,observed,reference_inferred
2026-06-16,IRR_COIN,iran_otc,W16,True,True,observed,reference_inferred
2026-06-17,IRR_COIN,iran_otc,W16,True,True,observed,reference_inferred
2026-06-18,IRR_COIN,iran_otc,W16,True,True,observed,reference_inferred
2026-06-19,IRR_COIN,iran_otc,W16,False,False,invalidated_by_cleaning,reference_inferred
2026-06-20,IRR_COIN,iran_otc,W17,True,True,observed,reference_inferred
2026-06-21,IRR_COIN,iran_otc,W17,True,True,observed,reference_inferred
2026-06-22,IRR_COIN,iran_otc,W17,True,True,observed,reference_inferred
2026-06-23,IRR_COIN,iran_otc,W17,True,True,observed,reference_inferred
2026-06-24,IRR_COIN,iran_otc,W17,True,True,observed,reference_inferred
2026-06-25,IRR_COIN,iran_otc,W17,True,True,observed,reference_inferred
2026-06-26,IRR_COIN,iran_otc,W17,False,False,invalidated_by_cleaning,reference_inferred
2026-06-27,IRR_COIN,iran_otc,W18,True,True,observed,reference_inferred
2026-06-28,IRR_COIN,iran_otc,W18,True,True,observed,reference_inferred
2026-06-29,IRR_COIN,iran_otc,W18,True,True,observed,reference_inferred
2026-06-30,IRR_COIN,iran_otc,W18,True,True,observed,reference_inferred
2026-07-01,IRR_COIN,iran_otc,W18,True,True,observed,reference_inferred
2026-07-02,IRR_COIN,iran_otc,W18,True,True,observed,reference_inferred
2026-07-03,IRR_COIN,iran_otc,W18,False,False,invalidated_by_cleaning,reference_inferred
2026-07-04,IRR_COIN,iran_otc,W19,True,True,observed,reference_inferred
2026-07-05,IRR_COIN,iran_otc,W19,True,True,observed,reference_inferred
2026-07-06,IRR_COIN,iran_otc,W19,True,True,observed,reference_inferred
2026-07-07,IRR_COIN,iran_otc,W19,True,True,observed,reference_inferred
2026-07-08,IRR_COIN,iran_otc,W19,True,True,observed,reference_inferred
2026-07-09,IRR_COIN,iran_otc,W19,True,True,observed,reference_inferred
2026-07-10,IRR_COIN,iran_otc,W19,False,False,invalidated_by_cleaning,reference_inferred
2026-07-11,IRR_COIN,iran_otc,W20,True,True,observed,reference_inferred
2026-07-12,IRR_COIN,iran_otc,W20,True,True,observed,reference_inferred
2026-07-13,IRR_COIN,iran_otc,W20,True,True,observed,reference_inferred
2026-07-14,IRR_COIN,iran_otc,W20,True,True,observed,reference_inferred
2026-07-15,IRR_COIN,iran_otc,W20,True,True,observed,reference_inferred
2026-07-16,IRR_COIN,iran_otc,W20,True,True,observed,reference_inferred
2026-07-17,IRR_COIN,iran_otc,W20,False,False,invalidated_by_cleaning,reference_inferred
2026-07-18,IRR_COIN,iran_otc,W21,True,True,observed,reference_inferred
2026-07-19,IRR_COIN,iran_otc,W21,True,True,observed,reference_inferred
2026-07-20,IRR_COIN,iran_otc,W21,True,True,observed,reference_inferred
2026-07-21,IRR_COIN,iran_otc,W21,True,True,observed,reference_inferred
2026-07-22,IRR_COIN,iran_otc,W21,True,True,observed,reference_inferred
2026-02-28,IRR_COIN_G,iran_otc,W01,True,True,observed,reference_inferred
2026-03-01,IRR_COIN_G,iran_otc,W01,True,True,observed,reference_inferred
2026-03-02,IRR_COIN_G,iran_otc,W01,True,True,observed,reference_inferred
2026-03-03,IRR_COIN_G,iran_otc,W01,True,True,observed,reference_inferred
2026-03-04,IRR_COIN_G,iran_otc,W01,True,True,observed,reference_inferred
2026-03-05,IRR_COIN_G,iran_otc,W01,True,True,observed,reference_inferred
2026-03-06,IRR_COIN_G,iran_otc,W01,False,False,invalidated_by_cleaning,reference_inferred
2026-03-07,IRR_COIN_G,iran_otc,W02,True,True,observed,reference_inferred
2026-03-08,IRR_COIN_G,iran_otc,W02,True,True,observed,reference_inferred
2026-03-09,IRR_COIN_G,iran_otc,W02,True,True,observed,reference_inferred
2026-03-10,IRR_COIN_G,iran_otc,W02,True,True,observed,reference_inferred
2026-03-11,IRR_COIN_G,iran_otc,W02,True,True,observed,reference_inferred
2026-03-12,IRR_COIN_G,iran_otc,W02,True,True,observed,reference_inferred
2026-03-13,IRR_COIN_G,iran_otc,W02,False,False,invalidated_by_cleaning,reference_inferred
2026-03-14,IRR_COIN_G,iran_otc,W03,True,True,observed,reference_inferred
2026-03-15,IRR_COIN_G,iran_otc,W03,True,True,observed,reference_inferred
2026-03-16,IRR_COIN_G,iran_otc,W03,True,True,observed,reference_inferred
2026-03-17,IRR_COIN_G,iran_otc,W03,True,True,observed,reference_inferred
2026-03-18,IRR_COIN_G,iran_otc,W03,True,True,observed,reference_inferred
2026-03-19,IRR_COIN_G,iran_otc,W03,True,True,observed,reference_inferred
2026-03-20,IRR_COIN_G,iran_otc,W03,False,False,invalidated_by_cleaning,reference_inferred
2026-03-21,IRR_COIN_G,iran_otc,W04,True,True,observed,reference_inferred
2026-03-22,IRR_COIN_G,iran_otc,W04,True,True,observed,reference_inferred
2026-03-23,IRR_COIN_G,iran_otc,W04,True,True,observed,reference_inferred
2026-03-24,IRR_COIN_G,iran_otc,W04,True,True,observed,reference_inferred
2026-03-25,IRR_COIN_G,iran_otc,W04,True,True,observed,reference_inferred
2026-03-26,IRR_COIN_G,iran_otc,W04,True,True,observed,reference_inferred
2026-03-27,IRR_COIN_G,iran_otc,W04,False,False,invalidated_by_cleaning,reference_inferred
2026-03-28,IRR_COIN_G,iran_otc,W05,True,True,observed,reference_inferred
2026-03-29,IRR_COIN_G,iran_otc,W05,True,True,observed,reference_inferred
2026-03-30,IRR_COIN_G,iran_otc,W05,True,True,observed,reference_inferred
2026-03-31,IRR_COIN_G,iran_otc,W05,True,True,observed,reference_inferred
2026-04-01,IRR_COIN_G,iran_otc,W05,True,True,observed,reference_inferred
2026-04-02,IRR_COIN_G,iran_otc,W05,True,True,observed,reference_inferred
2026-04-03,IRR_COIN_G,iran_otc,W05,False,False,invalidated_by_cleaning,reference_inferred
2026-04-04,IRR_COIN_G,iran_otc,W06,True,True,observed,reference_inferred
2026-04-05,IRR_COIN_G,iran_otc,W06,True,True,observed,reference_inferred
2026-04-06,IRR_COIN_G,iran_otc,W06,True,True,observed,reference_inferred
2026-04-07,IRR_COIN_G,iran_otc,W06,True,True,observed,reference_inferred
2026-04-08,IRR_COIN_G,iran_otc,W06,True,True,observed,reference_inferred
2026-04-09,IRR_COIN_G,iran_otc,W06,True,True,observed,reference_inferred
2026-04-10,IRR_COIN_G,iran_otc,W06,False,False,invalidated_by_cleaning,reference_inferred
2026-04-11,IRR_COIN_G,iran_otc,W07,True,True,observed,reference_inferred
2026-04-12,IRR_COIN_G,iran_otc,W07,True,True,observed,reference_inferred
2026-04-13,IRR_COIN_G,iran_otc,W07,True,True,observed,reference_inferred
2026-04-14,IRR_COIN_G,iran_otc,W07,True,True,observed,reference_inferred
2026-04-15,IRR_COIN_G,iran_otc,W07,True,True,observed,reference_inferred
2026-04-16,IRR_COIN_G,iran_otc,W07,True,True,observed,reference_inferred
2026-04-17,IRR_COIN_G,iran_otc,W07,False,False,invalidated_by_cleaning,reference_inferred
2026-04-18,IRR_COIN_G,iran_otc,W08,True,True,observed,reference_inferred
2026-04-19,IRR_COIN_G,iran_otc,W08,True,True,observed,reference_inferred
2026-04-20,IRR_COIN_G,iran_otc,W08,True,True,observed,reference_inferred
2026-04-21,IRR_COIN_G,iran_otc,W08,True,True,observed,reference_inferred
2026-04-22,IRR_COIN_G,iran_otc,W08,True,True,observed,reference_inferred
2026-04-23,IRR_COIN_G,iran_otc,W08,True,True,observed,reference_inferred
2026-04-24,IRR_COIN_G,iran_otc,W08,False,False,invalidated_by_cleaning,reference_inferred
2026-04-25,IRR_COIN_G,iran_otc,W09,True,True,observed,reference_inferred
2026-04-26,IRR_COIN_G,iran_otc,W09,True,True,observed,reference_inferred
2026-04-27,IRR_COIN_G,iran_otc,W09,True,True,observed,reference_inferred
2026-04-28,IRR_COIN_G,iran_otc,W09,True,True,observed,reference_inferred
2026-04-29,IRR_COIN_G,iran_otc,W09,True,True,observed,reference_inferred
2026-04-30,IRR_COIN_G,iran_otc,W09,True,True,observed,reference_inferred
2026-05-01,IRR_COIN_G,iran_otc,W09,False,False,invalidated_by_cleaning,reference_inferred
2026-05-02,IRR_COIN_G,iran_otc,W10,True,True,observed,reference_inferred
2026-05-03,IRR_COIN_G,iran_otc,W10,True,True,observed,reference_inferred
2026-05-04,IRR_COIN_G,iran_otc,W10,True,True,observed,reference_inferred
2026-05-05,IRR_COIN_G,iran_otc,W10,True,True,observed,reference_inferred
2026-05-06,IRR_COIN_G,iran_otc,W10,True,True,observed,reference_inferred
2026-05-07,IRR_COIN_G,iran_otc,W10,True,True,observed,reference_inferred
2026-05-08,IRR_COIN_G,iran_otc,W10,False,False,invalidated_by_cleaning,reference_inferred
2026-05-09,IRR_COIN_G,iran_otc,W11,True,True,observed,reference_inferred
2026-05-10,IRR_COIN_G,iran_otc,W11,True,True,observed,reference_inferred
2026-05-11,IRR_COIN_G,iran_otc,W11,True,True,observed,reference_inferred
2026-05-12,IRR_COIN_G,iran_otc,W11,True,True,observed,reference_inferred
2026-05-13,IRR_COIN_G,iran_otc,W11,True,True,observed,reference_inferred
2026-05-14,IRR_COIN_G,iran_otc,W11,True,True,observed,reference_inferred
2026-05-15,IRR_COIN_G,iran_otc,W11,False,False,invalidated_by_cleaning,reference_inferred
2026-05-16,IRR_COIN_G,iran_otc,W12,True,True,observed,reference_inferred
2026-05-17,IRR_COIN_G,iran_otc,W12,True,True,observed,reference_inferred
2026-05-18,IRR_COIN_G,iran_otc,W12,True,True,observed,reference_inferred
2026-05-19,IRR_COIN_G,iran_otc,W12,True,True,observed,reference_inferred
2026-05-20,IRR_COIN_G,iran_otc,W12,True,True,observed,reference_inferred
2026-05-21,IRR_COIN_G,iran_otc,W12,True,True,observed,reference_inferred
2026-05-22,IRR_COIN_G,iran_otc,W12,False,False,invalidated_by_cleaning,reference_inferred
2026-05-23,IRR_COIN_G,iran_otc,W13,True,True,observed,reference_inferred
2026-05-24,IRR_COIN_G,iran_otc,W13,True,True,observed,reference_inferred
2026-05-25,IRR_COIN_G,iran_otc,W13,True,True,observed,reference_inferred
2026-05-26,IRR_COIN_G,iran_otc,W13,True,True,observed,reference_inferred
2026-05-27,IRR_COIN_G,iran_otc,W13,True,True,observed,reference_inferred
2026-05-28,IRR_COIN_G,iran_otc,W13,True,True,observed,reference_inferred
2026-05-29,IRR_COIN_G,iran_otc,W13,False,False,invalidated_by_cleaning,reference_inferred
2026-05-30,IRR_COIN_G,iran_otc,W14,True,True,observed,reference_inferred
2026-05-31,IRR_COIN_G,iran_otc,W14,True,True,observed,reference_inferred
2026-06-01,IRR_COIN_G,iran_otc,W14,True,True,observed,reference_inferred
2026-06-02,IRR_COIN_G,iran_otc,W14,True,True,observed,reference_inferred
2026-06-03,IRR_COIN_G,iran_otc,W14,True,True,observed,reference_inferred
2026-06-04,IRR_COIN_G,iran_otc,W14,True,True,observed,reference_inferred
2026-06-05,IRR_COIN_G,iran_otc,W14,False,False,invalidated_by_cleaning,reference_inferred
2026-06-06,IRR_COIN_G,iran_otc,W15,True,True,observed,reference_inferred
2026-06-07,IRR_COIN_G,iran_otc,W15,True,True,observed,reference_inferred
2026-06-08,IRR_COIN_G,iran_otc,W15,True,True,observed,reference_inferred
2026-06-09,IRR_COIN_G,iran_otc,W15,True,True,observed,reference_inferred
2026-06-10,IRR_COIN_G,iran_otc,W15,True,True,observed,reference_inferred
2026-06-11,IRR_COIN_G,iran_otc,W15,True,True,observed,reference_inferred
2026-06-12,IRR_COIN_G,iran_otc,W15,False,False,invalidated_by_cleaning,reference_inferred
2026-06-13,IRR_COIN_G,iran_otc,W16,True,True,observed,reference_inferred
2026-06-14,IRR_COIN_G,iran_otc,W16,True,True,observed,reference_inferred
2026-06-15,IRR_COIN_G,iran_otc,W16,True,True,observed,reference_inferred
2026-06-16,IRR_COIN_G,iran_otc,W16,True,True,observed,reference_inferred
2026-06-17,IRR_COIN_G,iran_otc,W16,True,True,observed,reference_inferred
2026-06-18,IRR_COIN_G,iran_otc,W16,True,True,observed,reference_inferred
2026-06-19,IRR_COIN_G,iran_otc,W16,False,False,invalidated_by_cleaning,reference_inferred
2026-06-20,IRR_COIN_G,iran_otc,W17,True,True,observed,reference_inferred
2026-06-21,IRR_COIN_G,iran_otc,W17,True,True,observed,reference_inferred
2026-06-22,IRR_COIN_G,iran_otc,W17,True,True,observed,reference_inferred
2026-06-23,IRR_COIN_G,iran_otc,W17,True,True,observed,reference_inferred
2026-06-24,IRR_COIN_G,iran_otc,W17,True,True,observed,reference_inferred
2026-06-25,IRR_COIN_G,iran_otc,W17,True,True,observed,reference_inferred
2026-06-26,IRR_COIN_G,iran_otc,W17,False,False,invalidated_by_cleaning,reference_inferred
2026-06-27,IRR_COIN_G,iran_otc,W18,True,True,observed,reference_inferred
2026-06-28,IRR_COIN_G,iran_otc,W18,True,True,observed,reference_inferred
2026-06-29,IRR_COIN_G,iran_otc,W18,True,True,observed,reference_inferred
2026-06-30,IRR_COIN_G,iran_otc,W18,True,True,observed,reference_inferred
2026-07-01,IRR_COIN_G,iran_otc,W18,True,True,observed,reference_inferred
2026-07-02,IRR_COIN_G,iran_otc,W18,True,True,observed,reference_inferred
2026-07-03,IRR_COIN_G,iran_otc,W18,False,False,invalidated_by_cleaning,reference_inferred
2026-07-04,IRR_COIN_G,iran_otc,W19,True,True,observed,reference_inferred
2026-07-05,IRR_COIN_G,iran_otc,W19,True,True,observed,reference_inferred
2026-07-06,IRR_COIN_G,iran_otc,W19,True,True,observed,reference_inferred
2026-07-07,IRR_COIN_G,iran_otc,W19,True,True,observed,reference_inferred
2026-07-08,IRR_COIN_G,iran_otc,W19,True,True,observed,reference_inferred
2026-07-09,IRR_COIN_G,iran_otc,W19,True,True,observed,reference_inferred
2026-07-10,IRR_COIN_G,iran_otc,W19,False,False,invalidated_by_cleaning,reference_inferred
2026-07-11,IRR_COIN_G,iran_otc,W20,True,True,observed,reference_inferred
2026-07-12,IRR_COIN_G,iran_otc,W20,True,True,observed,reference_inferred
2026-07-13,IRR_COIN_G,iran_otc,W20,True,True,observed,reference_inferred
2026-07-14,IRR_COIN_G,iran_otc,W20,True,True,observed,reference_inferred
2026-07-15,IRR_COIN_G,iran_otc,W20,True,True,observed,reference_inferred
2026-07-16,IRR_COIN_G,iran_otc,W20,True,True,observed,reference_inferred
2026-07-17,IRR_COIN_G,iran_otc,W20,False,False,invalidated_by_cleaning,reference_inferred
2026-07-18,IRR_COIN_G,iran_otc,W21,True,True,observed,reference_inferred
2026-07-19,IRR_COIN_G,iran_otc,W21,True,True,observed,reference_inferred
2026-07-20,IRR_COIN_G,iran_otc,W21,True,True,observed,reference_inferred
2026-07-21,IRR_COIN_G,iran_otc,W21,True,True,observed,reference_inferred
2026-07-22,IRR_COIN_G,iran_otc,W21,True,True,observed,reference_inferred
2026-02-28,IRR_GOLD18,iran_otc,W01,True,True,observed,reference_inferred
2026-03-01,IRR_GOLD18,iran_otc,W01,True,True,observed,reference_inferred
2026-03-02,IRR_GOLD18,iran_otc,W01,True,True,observed,reference_inferred
2026-03-03,IRR_GOLD18,iran_otc,W01,True,True,observed,reference_inferred
2026-03-04,IRR_GOLD18,iran_otc,W01,True,True,observed,reference_inferred
2026-03-05,IRR_GOLD18,iran_otc,W01,True,True,observed,reference_inferred
2026-03-06,IRR_GOLD18,iran_otc,W01,False,False,invalidated_by_cleaning,reference_inferred
2026-03-07,IRR_GOLD18,iran_otc,W02,True,True,observed,reference_inferred
2026-03-08,IRR_GOLD18,iran_otc,W02,True,True,observed,reference_inferred
2026-03-09,IRR_GOLD18,iran_otc,W02,True,True,observed,reference_inferred
2026-03-10,IRR_GOLD18,iran_otc,W02,True,True,observed,reference_inferred
2026-03-11,IRR_GOLD18,iran_otc,W02,True,True,observed,reference_inferred
2026-03-12,IRR_GOLD18,iran_otc,W02,True,True,observed,reference_inferred
2026-03-13,IRR_GOLD18,iran_otc,W02,False,False,invalidated_by_cleaning,reference_inferred
2026-03-14,IRR_GOLD18,iran_otc,W03,True,True,observed,reference_inferred
2026-03-15,IRR_GOLD18,iran_otc,W03,True,True,observed,reference_inferred
2026-03-16,IRR_GOLD18,iran_otc,W03,True,True,observed,reference_inferred
2026-03-17,IRR_GOLD18,iran_otc,W03,True,True,observed,reference_inferred
2026-03-18,IRR_GOLD18,iran_otc,W03,True,True,observed,reference_inferred
2026-03-19,IRR_GOLD18,iran_otc,W03,True,True,observed,reference_inferred
2026-03-20,IRR_GOLD18,iran_otc,W03,False,False,invalidated_by_cleaning,reference_inferred
2026-03-21,IRR_GOLD18,iran_otc,W04,True,True,observed,reference_inferred
2026-03-22,IRR_GOLD18,iran_otc,W04,True,True,observed,reference_inferred
2026-03-23,IRR_GOLD18,iran_otc,W04,True,True,observed,reference_inferred
2026-03-24,IRR_GOLD18,iran_otc,W04,True,True,observed,reference_inferred
2026-03-25,IRR_GOLD18,iran_otc,W04,True,True,observed,reference_inferred
2026-03-26,IRR_GOLD18,iran_otc,W04,True,True,observed,reference_inferred
2026-03-27,IRR_GOLD18,iran_otc,W04,False,False,invalidated_by_cleaning,reference_inferred
2026-03-28,IRR_GOLD18,iran_otc,W05,True,True,observed,reference_inferred
2026-03-29,IRR_GOLD18,iran_otc,W05,True,True,observed,reference_inferred
2026-03-30,IRR_GOLD18,iran_otc,W05,True,True,observed,reference_inferred
2026-03-31,IRR_GOLD18,iran_otc,W05,True,True,observed,reference_inferred
2026-04-01,IRR_GOLD18,iran_otc,W05,True,True,observed,reference_inferred
2026-04-02,IRR_GOLD18,iran_otc,W05,True,True,observed,reference_inferred
2026-04-03,IRR_GOLD18,iran_otc,W05,False,False,invalidated_by_cleaning,reference_inferred
2026-04-04,IRR_GOLD18,iran_otc,W06,True,True,observed,reference_inferred
2026-04-05,IRR_GOLD18,iran_otc,W06,True,True,observed,reference_inferred
2026-04-06,IRR_GOLD18,iran_otc,W06,True,True,observed,reference_inferred
2026-04-07,IRR_GOLD18,iran_otc,W06,True,True,observed,reference_inferred
2026-04-08,IRR_GOLD18,iran_otc,W06,True,True,observed,reference_inferred
2026-04-09,IRR_GOLD18,iran_otc,W06,True,True,observed,reference_inferred
2026-04-10,IRR_GOLD18,iran_otc,W06,False,False,invalidated_by_cleaning,reference_inferred
2026-04-11,IRR_GOLD18,iran_otc,W07,True,True,observed,reference_inferred
2026-04-12,IRR_GOLD18,iran_otc,W07,True,True,observed,reference_inferred
2026-04-13,IRR_GOLD18,iran_otc,W07,True,True,observed,reference_inferred
2026-04-14,IRR_GOLD18,iran_otc,W07,True,True,observed,reference_inferred
2026-04-15,IRR_GOLD18,iran_otc,W07,True,True,observed,reference_inferred
2026-04-16,IRR_GOLD18,iran_otc,W07,True,True,observed,reference_inferred
2026-04-17,IRR_GOLD18,iran_otc,W07,False,False,invalidated_by_cleaning,reference_inferred
2026-04-18,IRR_GOLD18,iran_otc,W08,True,True,observed,reference_inferred
2026-04-19,IRR_GOLD18,iran_otc,W08,True,True,observed,reference_inferred
2026-04-20,IRR_GOLD18,iran_otc,W08,True,True,observed,reference_inferred
2026-04-21,IRR_GOLD18,iran_otc,W08,True,True,observed,reference_inferred
2026-04-22,IRR_GOLD18,iran_otc,W08,True,True,observed,reference_inferred
2026-04-23,IRR_GOLD18,iran_otc,W08,True,True,observed,reference_inferred
2026-04-24,IRR_GOLD18,iran_otc,W08,False,False,invalidated_by_cleaning,reference_inferred
2026-04-25,IRR_GOLD18,iran_otc,W09,True,True,observed,reference_inferred
2026-04-26,IRR_GOLD18,iran_otc,W09,True,True,observed,reference_inferred
2026-04-27,IRR_GOLD18,iran_otc,W09,True,True,observed,reference_inferred
2026-04-28,IRR_GOLD18,iran_otc,W09,True,True,observed,reference_inferred
2026-04-29,IRR_GOLD18,iran_otc,W09,True,True,observed,reference_inferred
2026-04-30,IRR_GOLD18,iran_otc,W09,True,True,observed,reference_inferred
2026-05-01,IRR_GOLD18,iran_otc,W09,False,False,invalidated_by_cleaning,reference_inferred
2026-05-02,IRR_GOLD18,iran_otc,W10,True,True,observed,reference_inferred
2026-05-03,IRR_GOLD18,iran_otc,W10,True,True,observed,reference_inferred
2026-05-04,IRR_GOLD18,iran_otc,W10,True,True,observed,reference_inferred
2026-05-05,IRR_GOLD18,iran_otc,W10,True,True,observed,reference_inferred
2026-05-06,IRR_GOLD18,iran_otc,W10,True,True,observed,reference_inferred
2026-05-07,IRR_GOLD18,iran_otc,W10,True,True,observed,reference_inferred
2026-05-08,IRR_GOLD18,iran_otc,W10,False,False,invalidated_by_cleaning,reference_inferred
2026-05-09,IRR_GOLD18,iran_otc,W11,True,True,observed,reference_inferred
2026-05-10,IRR_GOLD18,iran_otc,W11,True,True,observed,reference_inferred
2026-05-11,IRR_GOLD18,iran_otc,W11,True,True,observed,reference_inferred
2026-05-12,IRR_GOLD18,iran_otc,W11,True,True,observed,reference_inferred
2026-05-13,IRR_GOLD18,iran_otc,W11,True,True,observed,reference_inferred
2026-05-14,IRR_GOLD18,iran_otc,W11,True,True,observed,reference_inferred
2026-05-15,IRR_GOLD18,iran_otc,W11,False,False,invalidated_by_cleaning,reference_inferred
2026-05-16,IRR_GOLD18,iran_otc,W12,True,True,observed,reference_inferred
2026-05-17,IRR_GOLD18,iran_otc,W12,True,True,observed,reference_inferred
2026-05-18,IRR_GOLD18,iran_otc,W12,True,True,observed,reference_inferred
2026-05-19,IRR_GOLD18,iran_otc,W12,True,True,observed,reference_inferred
2026-05-20,IRR_GOLD18,iran_otc,W12,True,True,observed,reference_inferred
2026-05-21,IRR_GOLD18,iran_otc,W12,True,True,observed,reference_inferred
2026-05-22,IRR_GOLD18,iran_otc,W12,False,False,invalidated_by_cleaning,reference_inferred
2026-05-23,IRR_GOLD18,iran_otc,W13,True,True,observed,reference_inferred
2026-05-24,IRR_GOLD18,iran_otc,W13,True,True,observed,reference_inferred
2026-05-25,IRR_GOLD18,iran_otc,W13,True,True,observed,reference_inferred
2026-05-26,IRR_GOLD18,iran_otc,W13,True,True,observed,reference_inferred
2026-05-27,IRR_GOLD18,iran_otc,W13,True,True,observed,reference_inferred
2026-05-28,IRR_GOLD18,iran_otc,W13,True,True,observed,reference_inferred
2026-05-29,IRR_GOLD18,iran_otc,W13,False,False,invalidated_by_cleaning,reference_inferred
2026-05-30,IRR_GOLD18,iran_otc,W14,True,True,observed,reference_inferred
2026-05-31,IRR_GOLD18,iran_otc,W14,True,True,observed,reference_inferred
2026-06-01,IRR_GOLD18,iran_otc,W14,True,True,observed,reference_inferred
2026-06-02,IRR_GOLD18,iran_otc,W14,True,True,observed,reference_inferred
2026-06-03,IRR_GOLD18,iran_otc,W14,True,True,observed,reference_inferred
2026-06-04,IRR_GOLD18,iran_otc,W14,True,True,observed,reference_inferred
2026-06-05,IRR_GOLD18,iran_otc,W14,False,False,invalidated_by_cleaning,reference_inferred
2026-06-06,IRR_GOLD18,iran_otc,W15,True,True,observed,reference_inferred
2026-06-07,IRR_GOLD18,iran_otc,W15,True,True,observed,reference_inferred
2026-06-08,IRR_GOLD18,iran_otc,W15,True,True,observed,reference_inferred
2026-06-09,IRR_GOLD18,iran_otc,W15,True,True,observed,reference_inferred
2026-06-10,IRR_GOLD18,iran_otc,W15,True,True,observed,reference_inferred
2026-06-11,IRR_GOLD18,iran_otc,W15,True,True,observed,reference_inferred
2026-06-12,IRR_GOLD18,iran_otc,W15,False,False,invalidated_by_cleaning,reference_inferred
2026-06-13,IRR_GOLD18,iran_otc,W16,True,True,observed,reference_inferred
2026-06-14,IRR_GOLD18,iran_otc,W16,True,True,observed,reference_inferred
2026-06-15,IRR_GOLD18,iran_otc,W16,True,True,observed,reference_inferred
2026-06-16,IRR_GOLD18,iran_otc,W16,True,True,observed,reference_inferred
2026-06-17,IRR_GOLD18,iran_otc,W16,True,True,observed,reference_inferred
2026-06-18,IRR_GOLD18,iran_otc,W16,True,True,observed,reference_inferred
2026-06-19,IRR_GOLD18,iran_otc,W16,False,False,invalidated_by_cleaning,reference_inferred
2026-06-20,IRR_GOLD18,iran_otc,W17,True,True,observed,reference_inferred
2026-06-21,IRR_GOLD18,iran_otc,W17,True,True,observed,reference_inferred
2026-06-22,IRR_GOLD18,iran_otc,W17,True,True,observed,reference_inferred
2026-06-23,IRR_GOLD18,iran_otc,W17,True,True,observed,reference_inferred
2026-06-24,IRR_GOLD18,iran_otc,W17,True,True,observed,reference_inferred
2026-06-25,IRR_GOLD18,iran_otc,W17,True,True,observed,reference_inferred
2026-06-26,IRR_GOLD18,iran_otc,W17,False,False,invalidated_by_cleaning,reference_inferred
2026-06-27,IRR_GOLD18,iran_otc,W18,True,True,observed,reference_inferred
2026-06-28,IRR_GOLD18,iran_otc,W18,True,True,observed,reference_inferred
2026-06-29,IRR_GOLD18,iran_otc,W18,True,True,observed,reference_inferred
2026-06-30,IRR_GOLD18,iran_otc,W18,True,True,observed,reference_inferred
2026-07-01,IRR_GOLD18,iran_otc,W18,True,True,observed,reference_inferred
2026-07-02,IRR_GOLD18,iran_otc,W18,True,True,observed,reference_inferred
2026-07-03,IRR_GOLD18,iran_otc,W18,False,False,invalidated_by_cleaning,reference_inferred
2026-07-04,IRR_GOLD18,iran_otc,W19,True,True,observed,reference_inferred
2026-07-05,IRR_GOLD18,iran_otc,W19,True,True,observed,reference_inferred
2026-07-06,IRR_GOLD18,iran_otc,W19,True,True,observed,reference_inferred
2026-07-07,IRR_GOLD18,iran_otc,W19,True,True,observed,reference_inferred
2026-07-08,IRR_GOLD18,iran_otc,W19,True,True,observed,reference_inferred
2026-07-09,IRR_GOLD18,iran_otc,W19,True,True,observed,reference_inferred
2026-07-10,IRR_GOLD18,iran_otc,W19,False,False,invalidated_by_cleaning,reference_inferred
2026-07-11,IRR_GOLD18,iran_otc,W20,True,True,observed,reference_inferred
2026-07-12,IRR_GOLD18,iran_otc,W20,True,True,observed,reference_inferred
2026-07-13,IRR_GOLD18,iran_otc,W20,True,True,observed,reference_inferred
2026-07-14,IRR_GOLD18,iran_otc,W20,True,True,observed,reference_inferred
2026-07-15,IRR_GOLD18,iran_otc,W20,True,True,observed,reference_inferred
2026-07-16,IRR_GOLD18,iran_otc,W20,True,True,observed,reference_inferred
2026-07-17,IRR_GOLD18,iran_otc,W20,False,False,invalidated_by_cleaning,reference_inferred
2026-07-18,IRR_GOLD18,iran_otc,W21,True,True,observed,reference_inferred
2026-07-19,IRR_GOLD18,iran_otc,W21,True,True,observed,reference_inferred
2026-07-20,IRR_GOLD18,iran_otc,W21,True,True,observed,reference_inferred
2026-07-21,IRR_GOLD18,iran_otc,W21,True,True,observed,reference_inferred
2026-07-22,IRR_GOLD18,iran_otc,W21,True,True,observed,reference_inferred
2026-02-28,IRR_GOLD24,iran_otc,W01,True,True,observed,reference_inferred
2026-03-01,IRR_GOLD24,iran_otc,W01,True,True,observed,reference_inferred
2026-03-02,IRR_GOLD24,iran_otc,W01,True,True,observed,reference_inferred
2026-03-03,IRR_GOLD24,iran_otc,W01,True,True,observed,reference_inferred
2026-03-04,IRR_GOLD24,iran_otc,W01,True,True,observed,reference_inferred
2026-03-05,IRR_GOLD24,iran_otc,W01,True,True,observed,reference_inferred
2026-03-06,IRR_GOLD24,iran_otc,W01,False,False,invalidated_by_cleaning,reference_inferred
2026-03-07,IRR_GOLD24,iran_otc,W02,True,True,observed,reference_inferred
2026-03-08,IRR_GOLD24,iran_otc,W02,True,True,observed,reference_inferred
2026-03-09,IRR_GOLD24,iran_otc,W02,True,True,observed,reference_inferred
2026-03-10,IRR_GOLD24,iran_otc,W02,True,True,observed,reference_inferred
2026-03-11,IRR_GOLD24,iran_otc,W02,True,True,observed,reference_inferred
2026-03-12,IRR_GOLD24,iran_otc,W02,True,True,observed,reference_inferred
2026-03-13,IRR_GOLD24,iran_otc,W02,False,False,invalidated_by_cleaning,reference_inferred
2026-03-14,IRR_GOLD24,iran_otc,W03,True,True,observed,reference_inferred
2026-03-15,IRR_GOLD24,iran_otc,W03,True,True,observed,reference_inferred
2026-03-16,IRR_GOLD24,iran_otc,W03,True,True,observed,reference_inferred
2026-03-17,IRR_GOLD24,iran_otc,W03,True,True,observed,reference_inferred
2026-03-18,IRR_GOLD24,iran_otc,W03,True,True,observed,reference_inferred
2026-03-19,IRR_GOLD24,iran_otc,W03,True,True,observed,reference_inferred
2026-03-20,IRR_GOLD24,iran_otc,W03,False,False,invalidated_by_cleaning,reference_inferred
2026-03-21,IRR_GOLD24,iran_otc,W04,True,True,observed,reference_inferred
2026-03-22,IRR_GOLD24,iran_otc,W04,True,True,observed,reference_inferred
2026-03-23,IRR_GOLD24,iran_otc,W04,True,True,observed,reference_inferred
2026-03-24,IRR_GOLD24,iran_otc,W04,True,True,observed,reference_inferred
2026-03-25,IRR_GOLD24,iran_otc,W04,True,True,observed,reference_inferred
2026-03-26,IRR_GOLD24,iran_otc,W04,True,True,observed,reference_inferred
2026-03-27,IRR_GOLD24,iran_otc,W04,False,False,invalidated_by_cleaning,reference_inferred
2026-03-28,IRR_GOLD24,iran_otc,W05,True,True,observed,reference_inferred
2026-03-29,IRR_GOLD24,iran_otc,W05,True,True,observed,reference_inferred
2026-03-30,IRR_GOLD24,iran_otc,W05,True,True,observed,reference_inferred
2026-03-31,IRR_GOLD24,iran_otc,W05,True,True,observed,reference_inferred
2026-04-01,IRR_GOLD24,iran_otc,W05,True,True,observed,reference_inferred
2026-04-02,IRR_GOLD24,iran_otc,W05,True,True,observed,reference_inferred
2026-04-03,IRR_GOLD24,iran_otc,W05,False,False,invalidated_by_cleaning,reference_inferred
2026-04-04,IRR_GOLD24,iran_otc,W06,True,True,observed,reference_inferred
2026-04-05,IRR_GOLD24,iran_otc,W06,True,True,observed,reference_inferred
2026-04-06,IRR_GOLD24,iran_otc,W06,True,True,observed,reference_inferred
2026-04-07,IRR_GOLD24,iran_otc,W06,True,True,observed,reference_inferred
2026-04-08,IRR_GOLD24,iran_otc,W06,True,True,observed,reference_inferred
2026-04-09,IRR_GOLD24,iran_otc,W06,True,True,observed,reference_inferred
2026-04-10,IRR_GOLD24,iran_otc,W06,False,False,invalidated_by_cleaning,reference_inferred
2026-04-11,IRR_GOLD24,iran_otc,W07,True,True,observed,reference_inferred
2026-04-12,IRR_GOLD24,iran_otc,W07,True,True,observed,reference_inferred
2026-04-13,IRR_GOLD24,iran_otc,W07,True,True,observed,reference_inferred
2026-04-14,IRR_GOLD24,iran_otc,W07,True,True,observed,reference_inferred
2026-04-15,IRR_GOLD24,iran_otc,W07,True,True,observed,reference_inferred
2026-04-16,IRR_GOLD24,iran_otc,W07,True,True,observed,reference_inferred
2026-04-17,IRR_GOLD24,iran_otc,W07,False,False,invalidated_by_cleaning,reference_inferred
2026-04-18,IRR_GOLD24,iran_otc,W08,True,True,observed,reference_inferred
2026-04-19,IRR_GOLD24,iran_otc,W08,True,True,observed,reference_inferred
2026-04-20,IRR_GOLD24,iran_otc,W08,True,True,observed,reference_inferred
2026-04-21,IRR_GOLD24,iran_otc,W08,True,True,observed,reference_inferred
2026-04-22,IRR_GOLD24,iran_otc,W08,True,True,observed,reference_inferred
2026-04-23,IRR_GOLD24,iran_otc,W08,True,True,observed,reference_inferred
2026-04-24,IRR_GOLD24,iran_otc,W08,False,False,invalidated_by_cleaning,reference_inferred
2026-04-25,IRR_GOLD24,iran_otc,W09,True,True,observed,reference_inferred
2026-04-26,IRR_GOLD24,iran_otc,W09,True,True,observed,reference_inferred
2026-04-27,IRR_GOLD24,iran_otc,W09,True,True,observed,reference_inferred
2026-04-28,IRR_GOLD24,iran_otc,W09,True,True,observed,reference_inferred
2026-04-29,IRR_GOLD24,iran_otc,W09,True,True,observed,reference_inferred
2026-04-30,IRR_GOLD24,iran_otc,W09,True,True,observed,reference_inferred
2026-05-01,IRR_GOLD24,iran_otc,W09,False,False,invalidated_by_cleaning,reference_inferred
2026-05-02,IRR_GOLD24,iran_otc,W10,True,True,observed,reference_inferred
2026-05-03,IRR_GOLD24,iran_otc,W10,True,True,observed,reference_inferred
2026-05-04,IRR_GOLD24,iran_otc,W10,True,True,observed,reference_inferred
2026-05-05,IRR_GOLD24,iran_otc,W10,True,True,observed,reference_inferred
2026-05-06,IRR_GOLD24,iran_otc,W10,True,True,observed,reference_inferred
2026-05-07,IRR_GOLD24,iran_otc,W10,True,True,observed,reference_inferred
2026-05-08,IRR_GOLD24,iran_otc,W10,False,False,invalidated_by_cleaning,reference_inferred
2026-05-09,IRR_GOLD24,iran_otc,W11,True,True,observed,reference_inferred
2026-05-10,IRR_GOLD24,iran_otc,W11,True,True,observed,reference_inferred
2026-05-11,IRR_GOLD24,iran_otc,W11,True,True,observed,reference_inferred
2026-05-12,IRR_GOLD24,iran_otc,W11,True,True,observed,reference_inferred
2026-05-13,IRR_GOLD24,iran_otc,W11,True,True,observed,reference_inferred
2026-05-14,IRR_GOLD24,iran_otc,W11,True,True,observed,reference_inferred
2026-05-15,IRR_GOLD24,iran_otc,W11,False,False,invalidated_by_cleaning,reference_inferred
2026-05-16,IRR_GOLD24,iran_otc,W12,True,True,observed,reference_inferred
2026-05-17,IRR_GOLD24,iran_otc,W12,True,True,observed,reference_inferred
2026-05-18,IRR_GOLD24,iran_otc,W12,True,True,observed,reference_inferred
2026-05-19,IRR_GOLD24,iran_otc,W12,True,True,observed,reference_inferred
2026-05-20,IRR_GOLD24,iran_otc,W12,True,True,observed,reference_inferred
2026-05-21,IRR_GOLD24,iran_otc,W12,True,True,observed,reference_inferred
2026-05-22,IRR_GOLD24,iran_otc,W12,False,False,invalidated_by_cleaning,reference_inferred
2026-05-23,IRR_GOLD24,iran_otc,W13,True,True,observed,reference_inferred
2026-05-24,IRR_GOLD24,iran_otc,W13,True,True,observed,reference_inferred
2026-05-25,IRR_GOLD24,iran_otc,W13,True,True,observed,reference_inferred
2026-05-26,IRR_GOLD24,iran_otc,W13,True,True,observed,reference_inferred
2026-05-27,IRR_GOLD24,iran_otc,W13,True,True,observed,reference_inferred
2026-05-28,IRR_GOLD24,iran_otc,W13,True,True,observed,reference_inferred
2026-05-29,IRR_GOLD24,iran_otc,W13,False,False,invalidated_by_cleaning,reference_inferred
2026-05-30,IRR_GOLD24,iran_otc,W14,True,True,observed,reference_inferred
2026-05-31,IRR_GOLD24,iran_otc,W14,True,True,observed,reference_inferred
2026-06-01,IRR_GOLD24,iran_otc,W14,True,True,observed,reference_inferred
2026-06-02,IRR_GOLD24,iran_otc,W14,True,True,observed,reference_inferred
2026-06-03,IRR_GOLD24,iran_otc,W14,True,True,observed,reference_inferred
2026-06-04,IRR_GOLD24,iran_otc,W14,True,True,observed,reference_inferred
2026-06-05,IRR_GOLD24,iran_otc,W14,False,False,invalidated_by_cleaning,reference_inferred
2026-06-06,IRR_GOLD24,iran_otc,W15,True,True,observed,reference_inferred
2026-06-07,IRR_GOLD24,iran_otc,W15,True,True,observed,reference_inferred
2026-06-08,IRR_GOLD24,iran_otc,W15,True,True,observed,reference_inferred
2026-06-09,IRR_GOLD24,iran_otc,W15,True,True,observed,reference_inferred
2026-06-10,IRR_GOLD24,iran_otc,W15,True,True,observed,reference_inferred
2026-06-11,IRR_GOLD24,iran_otc,W15,True,True,observed,reference_inferred
2026-06-12,IRR_GOLD24,iran_otc,W15,False,False,invalidated_by_cleaning,reference_inferred
2026-06-13,IRR_GOLD24,iran_otc,W16,True,True,observed,reference_inferred
2026-06-14,IRR_GOLD24,iran_otc,W16,True,True,observed,reference_inferred
2026-06-15,IRR_GOLD24,iran_otc,W16,True,True,observed,reference_inferred
2026-06-16,IRR_GOLD24,iran_otc,W16,True,True,observed,reference_inferred
2026-06-17,IRR_GOLD24,iran_otc,W16,True,True,observed,reference_inferred
2026-06-18,IRR_GOLD24,iran_otc,W16,True,True,observed,reference_inferred
2026-06-19,IRR_GOLD24,iran_otc,W16,False,False,invalidated_by_cleaning,reference_inferred
2026-06-20,IRR_GOLD24,iran_otc,W17,True,True,observed,reference_inferred
2026-06-21,IRR_GOLD24,iran_otc,W17,True,True,observed,reference_inferred
2026-06-22,IRR_GOLD24,iran_otc,W17,True,True,observed,reference_inferred
2026-06-23,IRR_GOLD24,iran_otc,W17,True,True,observed,reference_inferred
2026-06-24,IRR_GOLD24,iran_otc,W17,True,True,observed,reference_inferred
2026-06-25,IRR_GOLD24,iran_otc,W17,True,True,observed,reference_inferred
2026-06-26,IRR_GOLD24,iran_otc,W17,False,False,invalidated_by_cleaning,reference_inferred
2026-06-27,IRR_GOLD24,iran_otc,W18,True,True,observed,reference_inferred
2026-06-28,IRR_GOLD24,iran_otc,W18,True,True,observed,reference_inferred
2026-06-29,IRR_GOLD24,iran_otc,W18,True,True,observed,reference_inferred
2026-06-30,IRR_GOLD24,iran_otc,W18,True,True,observed,reference_inferred
2026-07-01,IRR_GOLD24,iran_otc,W18,True,True,observed,reference_inferred
2026-07-02,IRR_GOLD24,iran_otc,W18,True,True,observed,reference_inferred
2026-07-03,IRR_GOLD24,iran_otc,W18,False,False,invalidated_by_cleaning,reference_inferred
2026-07-04,IRR_GOLD24,iran_otc,W19,True,True,observed,reference_inferred
2026-07-05,IRR_GOLD24,iran_otc,W19,True,True,observed,reference_inferred
2026-07-06,IRR_GOLD24,iran_otc,W19,True,True,observed,reference_inferred
2026-07-07,IRR_GOLD24,iran_otc,W19,True,True,observed,reference_inferred
2026-07-08,IRR_GOLD24,iran_otc,W19,True,True,observed,reference_inferred
2026-07-09,IRR_GOLD24,iran_otc,W19,True,True,observed,reference_inferred
2026-07-10,IRR_GOLD24,iran_otc,W19,False,False,invalidated_by_cleaning,reference_inferred
2026-07-11,IRR_GOLD24,iran_otc,W20,True,True,observed,reference_inferred
2026-07-12,IRR_GOLD24,iran_otc,W20,True,True,observed,reference_inferred
2026-07-13,IRR_GOLD24,iran_otc,W20,True,True,observed,reference_inferred
2026-07-14,IRR_GOLD24,iran_otc,W20,True,True,observed,reference_inferred
2026-07-15,IRR_GOLD24,iran_otc,W20,True,True,observed,reference_inferred
2026-07-16,IRR_GOLD24,iran_otc,W20,True,True,observed,reference_inferred
2026-07-17,IRR_GOLD24,iran_otc,W20,False,False,invalidated_by_cleaning,reference_inferred
2026-07-18,IRR_GOLD24,iran_otc,W21,True,True,observed,reference_inferred
2026-07-19,IRR_GOLD24,iran_otc,W21,True,True,observed,reference_inferred
2026-07-20,IRR_GOLD24,iran_otc,W21,True,True,observed,reference_inferred
2026-07-21,IRR_GOLD24,iran_otc,W21,True,True,observed,reference_inferred
2026-07-22,IRR_GOLD24,iran_otc,W21,True,True,observed,reference_inferred
2026-02-28,IRR_IMPLIED_USD,iran_otc,W01,True,False,dependency_missing,reference_inferred
2026-03-01,IRR_IMPLIED_USD,iran_otc,W01,True,False,dependency_missing,reference_inferred
2026-03-02,IRR_IMPLIED_USD,iran_otc,W01,True,True,observed,reference_inferred
2026-03-03,IRR_IMPLIED_USD,iran_otc,W01,True,True,observed,reference_inferred
2026-03-04,IRR_IMPLIED_USD,iran_otc,W01,True,True,observed,reference_inferred
2026-03-05,IRR_IMPLIED_USD,iran_otc,W01,True,True,observed,reference_inferred
2026-03-06,IRR_IMPLIED_USD,iran_otc,W01,False,False,market_closed,reference_inferred
2026-03-07,IRR_IMPLIED_USD,iran_otc,W02,True,False,dependency_missing,reference_inferred
2026-03-08,IRR_IMPLIED_USD,iran_otc,W02,True,False,dependency_missing,reference_inferred
2026-03-09,IRR_IMPLIED_USD,iran_otc,W02,True,True,observed,reference_inferred
2026-03-10,IRR_IMPLIED_USD,iran_otc,W02,True,True,observed,reference_inferred
2026-03-11,IRR_IMPLIED_USD,iran_otc,W02,True,True,observed,reference_inferred
2026-03-12,IRR_IMPLIED_USD,iran_otc,W02,True,True,observed,reference_inferred
2026-03-13,IRR_IMPLIED_USD,iran_otc,W02,False,False,market_closed,reference_inferred
2026-03-14,IRR_IMPLIED_USD,iran_otc,W03,True,False,dependency_missing,reference_inferred
2026-03-15,IRR_IMPLIED_USD,iran_otc,W03,True,False,dependency_missing,reference_inferred
2026-03-16,IRR_IMPLIED_USD,iran_otc,W03,True,True,observed,reference_inferred
2026-03-17,IRR_IMPLIED_USD,iran_otc,W03,True,True,observed,reference_inferred
2026-03-18,IRR_IMPLIED_USD,iran_otc,W03,True,True,observed,reference_inferred
2026-03-19,IRR_IMPLIED_USD,iran_otc,W03,True,True,observed,reference_inferred
2026-03-20,IRR_IMPLIED_USD,iran_otc,W03,False,False,market_closed,reference_inferred
2026-03-21,IRR_IMPLIED_USD,iran_otc,W04,True,False,dependency_missing,reference_inferred
2026-03-22,IRR_IMPLIED_USD,iran_otc,W04,True,False,dependency_missing,reference_inferred
2026-03-23,IRR_IMPLIED_USD,iran_otc,W04,True,True,observed,reference_inferred
2026-03-24,IRR_IMPLIED_USD,iran_otc,W04,True,True,observed,reference_inferred
2026-03-25,IRR_IMPLIED_USD,iran_otc,W04,True,True,observed,reference_inferred
2026-03-26,IRR_IMPLIED_USD,iran_otc,W04,True,True,observed,reference_inferred
2026-03-27,IRR_IMPLIED_USD,iran_otc,W04,False,False,market_closed,reference_inferred
2026-03-28,IRR_IMPLIED_USD,iran_otc,W05,True,False,dependency_missing,reference_inferred
2026-03-29,IRR_IMPLIED_USD,iran_otc,W05,True,False,dependency_missing,reference_inferred
2026-03-30,IRR_IMPLIED_USD,iran_otc,W05,True,True,observed,reference_inferred
2026-03-31,IRR_IMPLIED_USD,iran_otc,W05,True,True,observed,reference_inferred
2026-04-01,IRR_IMPLIED_USD,iran_otc,W05,True,True,observed,reference_inferred
2026-04-02,IRR_IMPLIED_USD,iran_otc,W05,True,True,observed,reference_inferred
2026-04-03,IRR_IMPLIED_USD,iran_otc,W05,False,False,market_closed,reference_inferred
2026-04-04,IRR_IMPLIED_USD,iran_otc,W06,True,False,dependency_missing,reference_inferred
2026-04-05,IRR_IMPLIED_USD,iran_otc,W06,True,False,dependency_missing,reference_inferred
2026-04-06,IRR_IMPLIED_USD,iran_otc,W06,True,True,observed,reference_inferred
2026-04-07,IRR_IMPLIED_USD,iran_otc,W06,True,True,observed,reference_inferred
2026-04-08,IRR_IMPLIED_USD,iran_otc,W06,True,True,observed,reference_inferred
2026-04-09,IRR_IMPLIED_USD,iran_otc,W06,True,True,observed,reference_inferred
2026-04-10,IRR_IMPLIED_USD,iran_otc,W06,False,False,market_closed,reference_inferred
2026-04-11,IRR_IMPLIED_USD,iran_otc,W07,True,False,dependency_missing,reference_inferred
2026-04-12,IRR_IMPLIED_USD,iran_otc,W07,True,False,dependency_missing,reference_inferred
2026-04-13,IRR_IMPLIED_USD,iran_otc,W07,True,True,observed,reference_inferred
2026-04-14,IRR_IMPLIED_USD,iran_otc,W07,True,True,observed,reference_inferred
2026-04-15,IRR_IMPLIED_USD,iran_otc,W07,True,True,observed,reference_inferred
2026-04-16,IRR_IMPLIED_USD,iran_otc,W07,True,True,observed,reference_inferred
2026-04-17,IRR_IMPLIED_USD,iran_otc,W07,False,False,market_closed,reference_inferred
2026-04-18,IRR_IMPLIED_USD,iran_otc,W08,True,False,dependency_missing,reference_inferred
2026-04-19,IRR_IMPLIED_USD,iran_otc,W08,True,False,dependency_missing,reference_inferred
2026-04-20,IRR_IMPLIED_USD,iran_otc,W08,True,True,observed,reference_inferred
2026-04-21,IRR_IMPLIED_USD,iran_otc,W08,True,True,observed,reference_inferred
2026-04-22,IRR_IMPLIED_USD,iran_otc,W08,True,True,observed,reference_inferred
2026-04-23,IRR_IMPLIED_USD,iran_otc,W08,True,True,observed,reference_inferred
2026-04-24,IRR_IMPLIED_USD,iran_otc,W08,False,False,market_closed,reference_inferred
2026-04-25,IRR_IMPLIED_USD,iran_otc,W09,True,False,dependency_missing,reference_inferred
2026-04-26,IRR_IMPLIED_USD,iran_otc,W09,True,False,dependency_missing,reference_inferred
2026-04-27,IRR_IMPLIED_USD,iran_otc,W09,True,True,observed,reference_inferred
2026-04-28,IRR_IMPLIED_USD,iran_otc,W09,True,True,observed,reference_inferred
2026-04-29,IRR_IMPLIED_USD,iran_otc,W09,True,True,observed,reference_inferred
2026-04-30,IRR_IMPLIED_USD,iran_otc,W09,True,True,observed,reference_inferred
2026-05-01,IRR_IMPLIED_USD,iran_otc,W09,False,False,market_closed,reference_inferred
2026-05-02,IRR_IMPLIED_USD,iran_otc,W10,True,False,dependency_missing,reference_inferred
2026-05-03,IRR_IMPLIED_USD,iran_otc,W10,True,False,dependency_missing,reference_inferred
2026-05-04,IRR_IMPLIED_USD,iran_otc,W10,True,True,observed,reference_inferred
2026-05-05,IRR_IMPLIED_USD,iran_otc,W10,True,True,observed,reference_inferred
2026-05-06,IRR_IMPLIED_USD,iran_otc,W10,True,True,observed,reference_inferred
2026-05-07,IRR_IMPLIED_USD,iran_otc,W10,True,True,observed,reference_inferred
2026-05-08,IRR_IMPLIED_USD,iran_otc,W10,False,False,market_closed,reference_inferred
2026-05-09,IRR_IMPLIED_USD,iran_otc,W11,True,False,dependency_missing,reference_inferred
2026-05-10,IRR_IMPLIED_USD,iran_otc,W11,True,False,dependency_missing,reference_inferred
2026-05-11,IRR_IMPLIED_USD,iran_otc,W11,True,True,observed,reference_inferred
2026-05-12,IRR_IMPLIED_USD,iran_otc,W11,True,True,observed,reference_inferred
2026-05-13,IRR_IMPLIED_USD,iran_otc,W11,True,True,observed,reference_inferred
2026-05-14,IRR_IMPLIED_USD,iran_otc,W11,True,True,observed,reference_inferred
2026-05-15,IRR_IMPLIED_USD,iran_otc,W11,False,False,market_closed,reference_inferred
2026-05-16,IRR_IMPLIED_USD,iran_otc,W12,True,False,dependency_missing,reference_inferred
2026-05-17,IRR_IMPLIED_USD,iran_otc,W12,True,False,dependency_missing,reference_inferred
2026-05-18,IRR_IMPLIED_USD,iran_otc,W12,True,True,observed,reference_inferred
2026-05-19,IRR_IMPLIED_USD,iran_otc,W12,True,True,observed,reference_inferred
2026-05-20,IRR_IMPLIED_USD,iran_otc,W12,True,True,observed,reference_inferred
2026-05-21,IRR_IMPLIED_USD,iran_otc,W12,True,True,observed,reference_inferred
2026-05-22,IRR_IMPLIED_USD,iran_otc,W12,False,False,market_closed,reference_inferred
2026-05-23,IRR_IMPLIED_USD,iran_otc,W13,True,False,dependency_missing,reference_inferred
2026-05-24,IRR_IMPLIED_USD,iran_otc,W13,True,False,dependency_missing,reference_inferred
2026-05-25,IRR_IMPLIED_USD,iran_otc,W13,True,False,dependency_missing,reference_inferred
2026-05-26,IRR_IMPLIED_USD,iran_otc,W13,True,True,observed,reference_inferred
2026-05-27,IRR_IMPLIED_USD,iran_otc,W13,True,True,observed,reference_inferred
2026-05-28,IRR_IMPLIED_USD,iran_otc,W13,True,True,observed,reference_inferred
2026-05-29,IRR_IMPLIED_USD,iran_otc,W13,False,False,market_closed,reference_inferred
2026-05-30,IRR_IMPLIED_USD,iran_otc,W14,True,False,dependency_missing,reference_inferred
2026-05-31,IRR_IMPLIED_USD,iran_otc,W14,True,False,dependency_missing,reference_inferred
2026-06-01,IRR_IMPLIED_USD,iran_otc,W14,True,True,observed,reference_inferred
2026-06-02,IRR_IMPLIED_USD,iran_otc,W14,True,True,observed,reference_inferred
2026-06-03,IRR_IMPLIED_USD,iran_otc,W14,True,True,observed,reference_inferred
2026-06-04,IRR_IMPLIED_USD,iran_otc,W14,True,True,observed,reference_inferred
2026-06-05,IRR_IMPLIED_USD,iran_otc,W14,False,False,market_closed,reference_inferred
2026-06-06,IRR_IMPLIED_USD,iran_otc,W15,True,False,dependency_missing,reference_inferred
2026-06-07,IRR_IMPLIED_USD,iran_otc,W15,True,False,dependency_missing,reference_inferred
2026-06-08,IRR_IMPLIED_USD,iran_otc,W15,True,True,observed,reference_inferred
2026-06-09,IRR_IMPLIED_USD,iran_otc,W15,True,True,observed,reference_inferred
2026-06-10,IRR_IMPLIED_USD,iran_otc,W15,True,True,observed,reference_inferred
2026-06-11,IRR_IMPLIED_USD,iran_otc,W15,True,True,observed,reference_inferred
2026-06-12,IRR_IMPLIED_USD,iran_otc,W15,False,False,market_closed,reference_inferred
2026-06-13,IRR_IMPLIED_USD,iran_otc,W16,True,False,dependency_missing,reference_inferred
2026-06-14,IRR_IMPLIED_USD,iran_otc,W16,True,False,dependency_missing,reference_inferred
2026-06-15,IRR_IMPLIED_USD,iran_otc,W16,True,True,observed,reference_inferred
2026-06-16,IRR_IMPLIED_USD,iran_otc,W16,True,True,observed,reference_inferred
2026-06-17,IRR_IMPLIED_USD,iran_otc,W16,True,True,observed,reference_inferred
2026-06-18,IRR_IMPLIED_USD,iran_otc,W16,True,True,observed,reference_inferred
2026-06-19,IRR_IMPLIED_USD,iran_otc,W16,False,False,market_closed,reference_inferred
2026-06-20,IRR_IMPLIED_USD,iran_otc,W17,True,False,dependency_missing,reference_inferred
2026-06-21,IRR_IMPLIED_USD,iran_otc,W17,True,False,dependency_missing,reference_inferred
2026-06-22,IRR_IMPLIED_USD,iran_otc,W17,True,True,observed,reference_inferred
2026-06-23,IRR_IMPLIED_USD,iran_otc,W17,True,True,observed,reference_inferred
2026-06-24,IRR_IMPLIED_USD,iran_otc,W17,True,True,observed,reference_inferred
2026-06-25,IRR_IMPLIED_USD,iran_otc,W17,True,True,observed,reference_inferred
2026-06-26,IRR_IMPLIED_USD,iran_otc,W17,False,False,market_closed,reference_inferred
2026-06-27,IRR_IMPLIED_USD,iran_otc,W18,True,False,dependency_missing,reference_inferred
2026-06-28,IRR_IMPLIED_USD,iran_otc,W18,True,False,dependency_missing,reference_inferred
2026-06-29,IRR_IMPLIED_USD,iran_otc,W18,True,True,observed,reference_inferred
2026-06-30,IRR_IMPLIED_USD,iran_otc,W18,True,True,observed,reference_inferred
2026-07-01,IRR_IMPLIED_USD,iran_otc,W18,True,True,observed,reference_inferred
2026-07-02,IRR_IMPLIED_USD,iran_otc,W18,True,True,observed,reference_inferred
2026-07-03,IRR_IMPLIED_USD,iran_otc,W18,False,False,market_closed,reference_inferred
2026-07-04,IRR_IMPLIED_USD,iran_otc,W19,True,False,dependency_missing,reference_inferred
2026-07-05,IRR_IMPLIED_USD,iran_otc,W19,True,False,dependency_missing,reference_inferred
2026-07-06,IRR_IMPLIED_USD,iran_otc,W19,True,True,observed,reference_inferred
2026-07-07,IRR_IMPLIED_USD,iran_otc,W19,True,True,observed,reference_inferred
2026-07-08,IRR_IMPLIED_USD,iran_otc,W19,True,True,observed,reference_inferred
2026-07-09,IRR_IMPLIED_USD,iran_otc,W19,True,True,observed,reference_inferred
2026-07-10,IRR_IMPLIED_USD,iran_otc,W19,False,False,market_closed,reference_inferred
2026-07-11,IRR_IMPLIED_USD,iran_otc,W20,True,False,dependency_missing,reference_inferred
2026-07-12,IRR_IMPLIED_USD,iran_otc,W20,True,False,dependency_missing,reference_inferred
2026-07-13,IRR_IMPLIED_USD,iran_otc,W20,True,True,observed,reference_inferred
2026-07-14,IRR_IMPLIED_USD,iran_otc,W20,True,True,observed,reference_inferred
2026-07-15,IRR_IMPLIED_USD,iran_otc,W20,True,True,observed,reference_inferred
2026-07-16,IRR_IMPLIED_USD,iran_otc,W20,True,True,observed,reference_inferred
2026-07-17,IRR_IMPLIED_USD,iran_otc,W20,False,False,market_closed,reference_inferred
2026-07-18,IRR_IMPLIED_USD,iran_otc,W21,True,False,dependency_missing,reference_inferred
2026-07-19,IRR_IMPLIED_USD,iran_otc,W21,True,False,dependency_missing,reference_inferred
2026-07-20,IRR_IMPLIED_USD,iran_otc,W21,True,True,observed,reference_inferred
2026-07-21,IRR_IMPLIED_USD,iran_otc,W21,True,True,observed,reference_inferred
2026-07-22,IRR_IMPLIED_USD,iran_otc,W21,True,True,observed,reference_inferred
2026-02-28,IRR_USD,iran_otc,W01,True,True,observed,reference_inferred
2026-03-01,IRR_USD,iran_otc,W01,True,True,observed,reference_inferred
2026-03-02,IRR_USD,iran_otc,W01,True,True,observed,reference_inferred
2026-03-03,IRR_USD,iran_otc,W01,True,True,observed,reference_inferred
2026-03-04,IRR_USD,iran_otc,W01,True,True,observed,reference_inferred
2026-03-05,IRR_USD,iran_otc,W01,True,True,observed,reference_inferred
2026-03-06,IRR_USD,iran_otc,W01,False,False,invalidated_by_cleaning,reference_inferred
2026-03-07,IRR_USD,iran_otc,W02,True,True,observed,reference_inferred
2026-03-08,IRR_USD,iran_otc,W02,True,True,observed,reference_inferred
2026-03-09,IRR_USD,iran_otc,W02,True,True,observed,reference_inferred
2026-03-10,IRR_USD,iran_otc,W02,True,True,observed,reference_inferred
2026-03-11,IRR_USD,iran_otc,W02,True,True,observed,reference_inferred
2026-03-12,IRR_USD,iran_otc,W02,True,True,observed,reference_inferred
2026-03-13,IRR_USD,iran_otc,W02,False,False,invalidated_by_cleaning,reference_inferred
2026-03-14,IRR_USD,iran_otc,W03,True,True,observed,reference_inferred
2026-03-15,IRR_USD,iran_otc,W03,True,True,observed,reference_inferred
2026-03-16,IRR_USD,iran_otc,W03,True,True,observed,reference_inferred
2026-03-17,IRR_USD,iran_otc,W03,True,True,observed,reference_inferred
2026-03-18,IRR_USD,iran_otc,W03,True,True,observed,reference_inferred
2026-03-19,IRR_USD,iran_otc,W03,True,True,observed,reference_inferred
2026-03-20,IRR_USD,iran_otc,W03,False,False,invalidated_by_cleaning,reference_inferred
2026-03-21,IRR_USD,iran_otc,W04,True,True,observed,reference_inferred
2026-03-22,IRR_USD,iran_otc,W04,True,True,observed,reference_inferred
2026-03-23,IRR_USD,iran_otc,W04,True,True,observed,reference_inferred
2026-03-24,IRR_USD,iran_otc,W04,True,True,observed,reference_inferred
2026-03-25,IRR_USD,iran_otc,W04,True,True,observed,reference_inferred
2026-03-26,IRR_USD,iran_otc,W04,True,True,observed,reference_inferred
2026-03-27,IRR_USD,iran_otc,W04,False,False,invalidated_by_cleaning,reference_inferred
2026-03-28,IRR_USD,iran_otc,W05,True,True,observed,reference_inferred
2026-03-29,IRR_USD,iran_otc,W05,True,True,observed,reference_inferred
2026-03-30,IRR_USD,iran_otc,W05,True,True,observed,reference_inferred
2026-03-31,IRR_USD,iran_otc,W05,True,True,observed,reference_inferred
2026-04-01,IRR_USD,iran_otc,W05,True,True,observed,reference_inferred
2026-04-02,IRR_USD,iran_otc,W05,True,True,observed,reference_inferred
2026-04-03,IRR_USD,iran_otc,W05,False,False,invalidated_by_cleaning,reference_inferred
2026-04-04,IRR_USD,iran_otc,W06,True,True,observed,reference_inferred
2026-04-05,IRR_USD,iran_otc,W06,True,True,observed,reference_inferred
2026-04-06,IRR_USD,iran_otc,W06,True,True,observed,reference_inferred
2026-04-07,IRR_USD,iran_otc,W06,True,True,observed,reference_inferred
2026-04-08,IRR_USD,iran_otc,W06,True,True,observed,reference_inferred
2026-04-09,IRR_USD,iran_otc,W06,True,True,observed,reference_inferred
2026-04-10,IRR_USD,iran_otc,W06,False,False,invalidated_by_cleaning,reference_inferred
2026-04-11,IRR_USD,iran_otc,W07,True,True,observed,reference_inferred
2026-04-12,IRR_USD,iran_otc,W07,True,True,observed,reference_inferred
2026-04-13,IRR_USD,iran_otc,W07,True,True,observed,reference_inferred
2026-04-14,IRR_USD,iran_otc,W07,True,True,observed,reference_inferred
2026-04-15,IRR_USD,iran_otc,W07,True,True,observed,reference_inferred
2026-04-16,IRR_USD,iran_otc,W07,True,True,observed,reference_inferred
2026-04-17,IRR_USD,iran_otc,W07,False,False,invalidated_by_cleaning,reference_inferred
2026-04-18,IRR_USD,iran_otc,W08,True,True,observed,reference_inferred
2026-04-19,IRR_USD,iran_otc,W08,True,True,observed,reference_inferred
2026-04-20,IRR_USD,iran_otc,W08,True,True,observed,reference_inferred
2026-04-21,IRR_USD,iran_otc,W08,True,True,observed,reference_inferred
2026-04-22,IRR_USD,iran_otc,W08,True,True,observed,reference_inferred
2026-04-23,IRR_USD,iran_otc,W08,True,True,observed,reference_inferred
2026-04-24,IRR_USD,iran_otc,W08,False,False,invalidated_by_cleaning,reference_inferred
2026-04-25,IRR_USD,iran_otc,W09,True,True,observed,reference_inferred
2026-04-26,IRR_USD,iran_otc,W09,True,True,observed,reference_inferred
2026-04-27,IRR_USD,iran_otc,W09,True,True,observed,reference_inferred
2026-04-28,IRR_USD,iran_otc,W09,True,True,observed,reference_inferred
2026-04-29,IRR_USD,iran_otc,W09,True,True,observed,reference_inferred
2026-04-30,IRR_USD,iran_otc,W09,True,True,observed,reference_inferred
2026-05-01,IRR_USD,iran_otc,W09,False,False,invalidated_by_cleaning,reference_inferred
2026-05-02,IRR_USD,iran_otc,W10,True,True,observed,reference_inferred
2026-05-03,IRR_USD,iran_otc,W10,True,True,observed,reference_inferred
2026-05-04,IRR_USD,iran_otc,W10,True,True,observed,reference_inferred
2026-05-05,IRR_USD,iran_otc,W10,True,True,observed,reference_inferred
2026-05-06,IRR_USD,iran_otc,W10,True,True,observed,reference_inferred
2026-05-07,IRR_USD,iran_otc,W10,True,True,observed,reference_inferred
2026-05-08,IRR_USD,iran_otc,W10,False,False,invalidated_by_cleaning,reference_inferred
2026-05-09,IRR_USD,iran_otc,W11,True,True,observed,reference_inferred
2026-05-10,IRR_USD,iran_otc,W11,True,True,observed,reference_inferred
2026-05-11,IRR_USD,iran_otc,W11,True,True,observed,reference_inferred
2026-05-12,IRR_USD,iran_otc,W11,True,True,observed,reference_inferred
2026-05-13,IRR_USD,iran_otc,W11,True,True,observed,reference_inferred
2026-05-14,IRR_USD,iran_otc,W11,True,True,observed,reference_inferred
2026-05-15,IRR_USD,iran_otc,W11,False,False,invalidated_by_cleaning,reference_inferred
2026-05-16,IRR_USD,iran_otc,W12,True,True,observed,reference_inferred
2026-05-17,IRR_USD,iran_otc,W12,True,True,observed,reference_inferred
2026-05-18,IRR_USD,iran_otc,W12,True,True,observed,reference_inferred
2026-05-19,IRR_USD,iran_otc,W12,True,True,observed,reference_inferred
2026-05-20,IRR_USD,iran_otc,W12,True,True,observed,reference_inferred
2026-05-21,IRR_USD,iran_otc,W12,True,True,observed,reference_inferred
2026-05-22,IRR_USD,iran_otc,W12,False,False,invalidated_by_cleaning,reference_inferred
2026-05-23,IRR_USD,iran_otc,W13,True,True,observed,reference_inferred
2026-05-24,IRR_USD,iran_otc,W13,True,True,observed,reference_inferred
2026-05-25,IRR_USD,iran_otc,W13,True,True,observed,reference_inferred
2026-05-26,IRR_USD,iran_otc,W13,True,True,observed,reference_inferred
2026-05-27,IRR_USD,iran_otc,W13,True,True,observed,reference_inferred
2026-05-28,IRR_USD,iran_otc,W13,True,True,observed,reference_inferred
2026-05-29,IRR_USD,iran_otc,W13,False,False,invalidated_by_cleaning,reference_inferred
2026-05-30,IRR_USD,iran_otc,W14,True,True,observed,reference_inferred
2026-05-31,IRR_USD,iran_otc,W14,True,True,observed,reference_inferred
2026-06-01,IRR_USD,iran_otc,W14,True,True,observed,reference_inferred
2026-06-02,IRR_USD,iran_otc,W14,True,True,observed,reference_inferred
2026-06-03,IRR_USD,iran_otc,W14,True,True,observed,reference_inferred
2026-06-04,IRR_USD,iran_otc,W14,True,True,observed,reference_inferred
2026-06-05,IRR_USD,iran_otc,W14,False,False,invalidated_by_cleaning,reference_inferred
2026-06-06,IRR_USD,iran_otc,W15,True,True,observed,reference_inferred
2026-06-07,IRR_USD,iran_otc,W15,True,True,observed,reference_inferred
2026-06-08,IRR_USD,iran_otc,W15,True,True,observed,reference_inferred
2026-06-09,IRR_USD,iran_otc,W15,True,True,observed,reference_inferred
2026-06-10,IRR_USD,iran_otc,W15,True,True,observed,reference_inferred
2026-06-11,IRR_USD,iran_otc,W15,True,True,observed,reference_inferred
2026-06-12,IRR_USD,iran_otc,W15,False,False,invalidated_by_cleaning,reference_inferred
2026-06-13,IRR_USD,iran_otc,W16,True,True,observed,reference_inferred
2026-06-14,IRR_USD,iran_otc,W16,True,True,observed,reference_inferred
2026-06-15,IRR_USD,iran_otc,W16,True,True,observed,reference_inferred
2026-06-16,IRR_USD,iran_otc,W16,True,True,observed,reference_inferred
2026-06-17,IRR_USD,iran_otc,W16,True,True,observed,reference_inferred
2026-06-18,IRR_USD,iran_otc,W16,True,True,observed,reference_inferred
2026-06-19,IRR_USD,iran_otc,W16,False,False,invalidated_by_cleaning,reference_inferred
2026-06-20,IRR_USD,iran_otc,W17,True,True,observed,reference_inferred
2026-06-21,IRR_USD,iran_otc,W17,True,True,observed,reference_inferred
2026-06-22,IRR_USD,iran_otc,W17,True,True,observed,reference_inferred
2026-06-23,IRR_USD,iran_otc,W17,True,True,observed,reference_inferred
2026-06-24,IRR_USD,iran_otc,W17,True,True,observed,reference_inferred
2026-06-25,IRR_USD,iran_otc,W17,True,True,observed,reference_inferred
2026-06-26,IRR_USD,iran_otc,W17,False,False,invalidated_by_cleaning,reference_inferred
2026-06-27,IRR_USD,iran_otc,W18,True,True,observed,reference_inferred
2026-06-28,IRR_USD,iran_otc,W18,True,True,observed,reference_inferred
2026-06-29,IRR_USD,iran_otc,W18,True,True,observed,reference_inferred
2026-06-30,IRR_USD,iran_otc,W18,True,True,observed,reference_inferred
2026-07-01,IRR_USD,iran_otc,W18,True,True,observed,reference_inferred
2026-07-02,IRR_USD,iran_otc,W18,True,True,observed,reference_inferred
2026-07-03,IRR_USD,iran_otc,W18,False,False,invalidated_by_cleaning,reference_inferred
2026-07-04,IRR_USD,iran_otc,W19,True,True,observed,reference_inferred
2026-07-05,IRR_USD,iran_otc,W19,True,True,observed,reference_inferred
2026-07-06,IRR_USD,iran_otc,W19,True,True,observed,reference_inferred
2026-07-07,IRR_USD,iran_otc,W19,True,True,observed,reference_inferred
2026-07-08,IRR_USD,iran_otc,W19,True,True,observed,reference_inferred
2026-07-09,IRR_USD,iran_otc,W19,True,True,observed,reference_inferred
2026-07-10,IRR_USD,iran_otc,W19,False,False,invalidated_by_cleaning,reference_inferred
2026-07-11,IRR_USD,iran_otc,W20,True,True,observed,reference_inferred
2026-07-12,IRR_USD,iran_otc,W20,True,True,observed,reference_inferred
2026-07-13,IRR_USD,iran_otc,W20,True,True,observed,reference_inferred
2026-07-14,IRR_USD,iran_otc,W20,True,True,observed,reference_inferred
2026-07-15,IRR_USD,iran_otc,W20,True,True,observed,reference_inferred
2026-07-16,IRR_USD,iran_otc,W20,True,True,observed,reference_inferred
2026-07-17,IRR_USD,iran_otc,W20,False,False,invalidated_by_cleaning,reference_inferred
2026-07-18,IRR_USD,iran_otc,W21,True,True,observed,reference_inferred
2026-07-19,IRR_USD,iran_otc,W21,True,True,observed,reference_inferred
2026-07-20,IRR_USD,iran_otc,W21,True,True,observed,reference_inferred
2026-07-21,IRR_USD,iran_otc,W21,True,True,observed,reference_inferred
2026-07-22,IRR_USD,iran_otc,W21,True,True,observed,reference_inferred
2026-02-28,OIL_BRENT,global,W01,False,False,market_closed,reference_inferred
2026-03-01,OIL_BRENT,global,W01,False,False,market_closed,reference_inferred
2026-03-02,OIL_BRENT,global,W01,True,True,observed,reference_inferred
2026-03-03,OIL_BRENT,global,W01,True,True,observed,reference_inferred
2026-03-04,OIL_BRENT,global,W01,True,True,observed,reference_inferred
2026-03-05,OIL_BRENT,global,W01,True,True,observed,reference_inferred
2026-03-06,OIL_BRENT,global,W01,True,True,observed,reference_inferred
2026-03-07,OIL_BRENT,global,W02,False,False,market_closed,reference_inferred
2026-03-08,OIL_BRENT,global,W02,False,False,market_closed,reference_inferred
2026-03-09,OIL_BRENT,global,W02,True,True,observed,reference_inferred
2026-03-10,OIL_BRENT,global,W02,True,True,observed,reference_inferred
2026-03-11,OIL_BRENT,global,W02,True,True,observed,reference_inferred
2026-03-12,OIL_BRENT,global,W02,True,True,observed,reference_inferred
2026-03-13,OIL_BRENT,global,W02,True,True,observed,reference_inferred
2026-03-14,OIL_BRENT,global,W03,False,False,market_closed,reference_inferred
2026-03-15,OIL_BRENT,global,W03,False,False,market_closed,reference_inferred
2026-03-16,OIL_BRENT,global,W03,True,True,observed,reference_inferred
2026-03-17,OIL_BRENT,global,W03,True,True,observed,reference_inferred
2026-03-18,OIL_BRENT,global,W03,True,True,observed,reference_inferred
2026-03-19,OIL_BRENT,global,W03,True,True,observed,reference_inferred
2026-03-20,OIL_BRENT,global,W03,True,True,observed,reference_inferred
2026-03-21,OIL_BRENT,global,W04,False,False,market_closed,reference_inferred
2026-03-22,OIL_BRENT,global,W04,False,False,market_closed,reference_inferred
2026-03-23,OIL_BRENT,global,W04,True,True,observed,reference_inferred
2026-03-24,OIL_BRENT,global,W04,True,True,observed,reference_inferred
2026-03-25,OIL_BRENT,global,W04,True,True,observed,reference_inferred
2026-03-26,OIL_BRENT,global,W04,True,True,observed,reference_inferred
2026-03-27,OIL_BRENT,global,W04,True,True,observed,reference_inferred
2026-03-28,OIL_BRENT,global,W05,False,False,market_closed,reference_inferred
2026-03-29,OIL_BRENT,global,W05,False,False,market_closed,reference_inferred
2026-03-30,OIL_BRENT,global,W05,True,True,observed,reference_inferred
2026-03-31,OIL_BRENT,global,W05,True,True,observed,reference_inferred
2026-04-01,OIL_BRENT,global,W05,True,True,observed,reference_inferred
2026-04-02,OIL_BRENT,global,W05,True,True,observed,reference_inferred
2026-04-03,OIL_BRENT,global,W05,False,False,market_closed,reference_inferred
2026-04-04,OIL_BRENT,global,W06,False,False,market_closed,reference_inferred
2026-04-05,OIL_BRENT,global,W06,False,False,market_closed,reference_inferred
2026-04-06,OIL_BRENT,global,W06,True,True,observed,reference_inferred
2026-04-07,OIL_BRENT,global,W06,True,True,observed,reference_inferred
2026-04-08,OIL_BRENT,global,W06,True,True,observed,reference_inferred
2026-04-09,OIL_BRENT,global,W06,True,True,observed,reference_inferred
2026-04-10,OIL_BRENT,global,W06,True,True,observed,reference_inferred
2026-04-11,OIL_BRENT,global,W07,False,False,market_closed,reference_inferred
2026-04-12,OIL_BRENT,global,W07,False,False,market_closed,reference_inferred
2026-04-13,OIL_BRENT,global,W07,True,True,observed,reference_inferred
2026-04-14,OIL_BRENT,global,W07,True,True,observed,reference_inferred
2026-04-15,OIL_BRENT,global,W07,True,True,observed,reference_inferred
2026-04-16,OIL_BRENT,global,W07,True,True,observed,reference_inferred
2026-04-17,OIL_BRENT,global,W07,True,True,observed,reference_inferred
2026-04-18,OIL_BRENT,global,W08,False,False,market_closed,reference_inferred
2026-04-19,OIL_BRENT,global,W08,False,False,market_closed,reference_inferred
2026-04-20,OIL_BRENT,global,W08,True,True,observed,reference_inferred
2026-04-21,OIL_BRENT,global,W08,True,True,observed,reference_inferred
2026-04-22,OIL_BRENT,global,W08,True,True,observed,reference_inferred
2026-04-23,OIL_BRENT,global,W08,True,True,observed,reference_inferred
2026-04-24,OIL_BRENT,global,W08,True,True,observed,reference_inferred
2026-04-25,OIL_BRENT,global,W09,False,False,market_closed,reference_inferred
2026-04-26,OIL_BRENT,global,W09,False,False,market_closed,reference_inferred
2026-04-27,OIL_BRENT,global,W09,True,True,observed,reference_inferred
2026-04-28,OIL_BRENT,global,W09,True,True,observed,reference_inferred
2026-04-29,OIL_BRENT,global,W09,True,True,observed,reference_inferred
2026-04-30,OIL_BRENT,global,W09,True,True,observed,reference_inferred
2026-05-01,OIL_BRENT,global,W09,True,True,observed,reference_inferred
2026-05-02,OIL_BRENT,global,W10,False,False,market_closed,reference_inferred
2026-05-03,OIL_BRENT,global,W10,False,False,market_closed,reference_inferred
2026-05-04,OIL_BRENT,global,W10,True,True,observed,reference_inferred
2026-05-05,OIL_BRENT,global,W10,True,True,observed,reference_inferred
2026-05-06,OIL_BRENT,global,W10,True,True,observed,reference_inferred
2026-05-07,OIL_BRENT,global,W10,True,True,observed,reference_inferred
2026-05-08,OIL_BRENT,global,W10,True,True,observed,reference_inferred
2026-05-09,OIL_BRENT,global,W11,False,False,market_closed,reference_inferred
2026-05-10,OIL_BRENT,global,W11,False,False,market_closed,reference_inferred
2026-05-11,OIL_BRENT,global,W11,True,True,observed,reference_inferred
2026-05-12,OIL_BRENT,global,W11,True,True,observed,reference_inferred
2026-05-13,OIL_BRENT,global,W11,True,True,observed,reference_inferred
2026-05-14,OIL_BRENT,global,W11,True,True,observed,reference_inferred
2026-05-15,OIL_BRENT,global,W11,True,True,observed,reference_inferred
2026-05-16,OIL_BRENT,global,W12,False,False,market_closed,reference_inferred
2026-05-17,OIL_BRENT,global,W12,False,False,market_closed,reference_inferred
2026-05-18,OIL_BRENT,global,W12,True,True,observed,reference_inferred
2026-05-19,OIL_BRENT,global,W12,True,True,observed,reference_inferred
2026-05-20,OIL_BRENT,global,W12,True,True,observed,reference_inferred
2026-05-21,OIL_BRENT,global,W12,True,True,observed,reference_inferred
2026-05-22,OIL_BRENT,global,W12,True,True,observed,reference_inferred
2026-05-23,OIL_BRENT,global,W13,False,False,market_closed,reference_inferred
2026-05-24,OIL_BRENT,global,W13,False,False,market_closed,reference_inferred
2026-05-25,OIL_BRENT,global,W13,False,False,market_closed,reference_inferred
2026-05-26,OIL_BRENT,global,W13,True,True,observed,reference_inferred
2026-05-27,OIL_BRENT,global,W13,True,True,observed,reference_inferred
2026-05-28,OIL_BRENT,global,W13,True,True,observed,reference_inferred
2026-05-29,OIL_BRENT,global,W13,True,True,observed,reference_inferred
2026-05-30,OIL_BRENT,global,W14,False,False,market_closed,reference_inferred
2026-05-31,OIL_BRENT,global,W14,False,False,market_closed,reference_inferred
2026-06-01,OIL_BRENT,global,W14,True,True,observed,reference_inferred
2026-06-02,OIL_BRENT,global,W14,True,True,observed,reference_inferred
2026-06-03,OIL_BRENT,global,W14,True,True,observed,reference_inferred
2026-06-04,OIL_BRENT,global,W14,True,True,observed,reference_inferred
2026-06-05,OIL_BRENT,global,W14,True,True,observed,reference_inferred
2026-06-06,OIL_BRENT,global,W15,False,False,market_closed,reference_inferred
2026-06-07,OIL_BRENT,global,W15,False,False,market_closed,reference_inferred
2026-06-08,OIL_BRENT,global,W15,True,True,observed,reference_inferred
2026-06-09,OIL_BRENT,global,W15,True,True,observed,reference_inferred
2026-06-10,OIL_BRENT,global,W15,True,True,observed,reference_inferred
2026-06-11,OIL_BRENT,global,W15,True,True,observed,reference_inferred
2026-06-12,OIL_BRENT,global,W15,True,True,observed,reference_inferred
2026-06-13,OIL_BRENT,global,W16,False,False,market_closed,reference_inferred
2026-06-14,OIL_BRENT,global,W16,False,False,market_closed,reference_inferred
2026-06-15,OIL_BRENT,global,W16,True,True,observed,reference_inferred
2026-06-16,OIL_BRENT,global,W16,True,True,observed,reference_inferred
2026-06-17,OIL_BRENT,global,W16,True,True,observed,reference_inferred
2026-06-18,OIL_BRENT,global,W16,True,True,observed,reference_inferred
2026-06-19,OIL_BRENT,global,W16,False,False,market_closed,reference_inferred
2026-06-20,OIL_BRENT,global,W17,False,False,market_closed,reference_inferred
2026-06-21,OIL_BRENT,global,W17,False,False,market_closed,reference_inferred
2026-06-22,OIL_BRENT,global,W17,True,True,observed,reference_inferred
2026-06-23,OIL_BRENT,global,W17,True,True,observed,reference_inferred
2026-06-24,OIL_BRENT,global,W17,True,True,observed,reference_inferred
2026-06-25,OIL_BRENT,global,W17,True,True,observed,reference_inferred
2026-06-26,OIL_BRENT,global,W17,True,True,observed,reference_inferred
2026-06-27,OIL_BRENT,global,W18,False,False,market_closed,reference_inferred
2026-06-28,OIL_BRENT,global,W18,False,False,market_closed,reference_inferred
2026-06-29,OIL_BRENT,global,W18,True,True,observed,reference_inferred
2026-06-30,OIL_BRENT,global,W18,True,True,observed,reference_inferred
2026-07-01,OIL_BRENT,global,W18,True,True,observed,reference_inferred
2026-07-02,OIL_BRENT,global,W18,True,True,observed,reference_inferred
2026-07-03,OIL_BRENT,global,W18,False,False,market_closed,reference_inferred
2026-07-04,OIL_BRENT,global,W19,False,False,market_closed,reference_inferred
2026-07-05,OIL_BRENT,global,W19,False,False,market_closed,reference_inferred
2026-07-06,OIL_BRENT,global,W19,True,True,observed,reference_inferred
2026-07-07,OIL_BRENT,global,W19,True,True,observed,reference_inferred
2026-07-08,OIL_BRENT,global,W19,True,True,observed,reference_inferred
2026-07-09,OIL_BRENT,global,W19,True,True,observed,reference_inferred
2026-07-10,OIL_BRENT,global,W19,True,True,observed,reference_inferred
2026-07-11,OIL_BRENT,global,W20,False,False,market_closed,reference_inferred
2026-07-12,OIL_BRENT,global,W20,False,False,market_closed,reference_inferred
2026-07-13,OIL_BRENT,global,W20,True,True,observed,reference_inferred
2026-07-14,OIL_BRENT,global,W20,True,True,observed,reference_inferred
2026-07-15,OIL_BRENT,global,W20,True,True,observed,reference_inferred
2026-07-16,OIL_BRENT,global,W20,True,True,observed,reference_inferred
2026-07-17,OIL_BRENT,global,W20,True,True,observed,reference_inferred
2026-07-18,OIL_BRENT,global,W21,False,False,market_closed,reference_inferred
2026-07-19,OIL_BRENT,global,W21,False,False,market_closed,reference_inferred
2026-07-20,OIL_BRENT,global,W21,True,True,observed,reference_inferred
2026-07-21,OIL_BRENT,global,W21,True,True,observed,reference_inferred
2026-07-22,OIL_BRENT,global,W21,True,True,observed,reference_inferred
2026-02-28,OIL_WTI,global,W01,False,False,market_closed,reference_inferred
2026-03-01,OIL_WTI,global,W01,False,False,market_closed,reference_inferred
2026-03-02,OIL_WTI,global,W01,True,True,observed,reference_inferred
2026-03-03,OIL_WTI,global,W01,True,True,observed,reference_inferred
2026-03-04,OIL_WTI,global,W01,True,True,observed,reference_inferred
2026-03-05,OIL_WTI,global,W01,True,True,observed,reference_inferred
2026-03-06,OIL_WTI,global,W01,True,True,observed,reference_inferred
2026-03-07,OIL_WTI,global,W02,False,False,market_closed,reference_inferred
2026-03-08,OIL_WTI,global,W02,False,False,market_closed,reference_inferred
2026-03-09,OIL_WTI,global,W02,True,True,observed,reference_inferred
2026-03-10,OIL_WTI,global,W02,True,True,observed,reference_inferred
2026-03-11,OIL_WTI,global,W02,True,True,observed,reference_inferred
2026-03-12,OIL_WTI,global,W02,True,True,observed,reference_inferred
2026-03-13,OIL_WTI,global,W02,True,True,observed,reference_inferred
2026-03-14,OIL_WTI,global,W03,False,False,market_closed,reference_inferred
2026-03-15,OIL_WTI,global,W03,False,False,market_closed,reference_inferred
2026-03-16,OIL_WTI,global,W03,True,True,observed,reference_inferred
2026-03-17,OIL_WTI,global,W03,True,True,observed,reference_inferred
2026-03-18,OIL_WTI,global,W03,True,True,observed,reference_inferred
2026-03-19,OIL_WTI,global,W03,True,True,observed,reference_inferred
2026-03-20,OIL_WTI,global,W03,True,True,observed,reference_inferred
2026-03-21,OIL_WTI,global,W04,False,False,market_closed,reference_inferred
2026-03-22,OIL_WTI,global,W04,False,False,market_closed,reference_inferred
2026-03-23,OIL_WTI,global,W04,True,True,observed,reference_inferred
2026-03-24,OIL_WTI,global,W04,True,True,observed,reference_inferred
2026-03-25,OIL_WTI,global,W04,True,True,observed,reference_inferred
2026-03-26,OIL_WTI,global,W04,True,True,observed,reference_inferred
2026-03-27,OIL_WTI,global,W04,True,True,observed,reference_inferred
2026-03-28,OIL_WTI,global,W05,False,False,market_closed,reference_inferred
2026-03-29,OIL_WTI,global,W05,False,False,market_closed,reference_inferred
2026-03-30,OIL_WTI,global,W05,True,True,observed,reference_inferred
2026-03-31,OIL_WTI,global,W05,True,True,observed,reference_inferred
2026-04-01,OIL_WTI,global,W05,True,True,observed,reference_inferred
2026-04-02,OIL_WTI,global,W05,True,True,observed,reference_inferred
2026-04-03,OIL_WTI,global,W05,False,False,market_closed,reference_inferred
2026-04-04,OIL_WTI,global,W06,False,False,market_closed,reference_inferred
2026-04-05,OIL_WTI,global,W06,False,False,market_closed,reference_inferred
2026-04-06,OIL_WTI,global,W06,True,True,observed,reference_inferred
2026-04-07,OIL_WTI,global,W06,True,True,observed,reference_inferred
2026-04-08,OIL_WTI,global,W06,True,True,observed,reference_inferred
2026-04-09,OIL_WTI,global,W06,True,True,observed,reference_inferred
2026-04-10,OIL_WTI,global,W06,True,True,observed,reference_inferred
2026-04-11,OIL_WTI,global,W07,False,False,market_closed,reference_inferred
2026-04-12,OIL_WTI,global,W07,False,False,market_closed,reference_inferred
2026-04-13,OIL_WTI,global,W07,True,True,observed,reference_inferred
2026-04-14,OIL_WTI,global,W07,True,True,observed,reference_inferred
2026-04-15,OIL_WTI,global,W07,True,True,observed,reference_inferred
2026-04-16,OIL_WTI,global,W07,True,True,observed,reference_inferred
2026-04-17,OIL_WTI,global,W07,True,True,observed,reference_inferred
2026-04-18,OIL_WTI,global,W08,False,False,market_closed,reference_inferred
2026-04-19,OIL_WTI,global,W08,False,False,market_closed,reference_inferred
2026-04-20,OIL_WTI,global,W08,True,True,observed,reference_inferred
2026-04-21,OIL_WTI,global,W08,True,True,observed,reference_inferred
2026-04-22,OIL_WTI,global,W08,True,True,observed,reference_inferred
2026-04-23,OIL_WTI,global,W08,True,True,observed,reference_inferred
2026-04-24,OIL_WTI,global,W08,True,True,observed,reference_inferred
2026-04-25,OIL_WTI,global,W09,False,False,market_closed,reference_inferred
2026-04-26,OIL_WTI,global,W09,False,False,market_closed,reference_inferred
2026-04-27,OIL_WTI,global,W09,True,True,observed,reference_inferred
2026-04-28,OIL_WTI,global,W09,True,True,observed,reference_inferred
2026-04-29,OIL_WTI,global,W09,True,True,observed,reference_inferred
2026-04-30,OIL_WTI,global,W09,True,True,observed,reference_inferred
2026-05-01,OIL_WTI,global,W09,True,True,observed,reference_inferred
2026-05-02,OIL_WTI,global,W10,False,False,market_closed,reference_inferred
2026-05-03,OIL_WTI,global,W10,False,False,market_closed,reference_inferred
2026-05-04,OIL_WTI,global,W10,True,True,observed,reference_inferred
2026-05-05,OIL_WTI,global,W10,True,True,observed,reference_inferred
2026-05-06,OIL_WTI,global,W10,True,True,observed,reference_inferred
2026-05-07,OIL_WTI,global,W10,True,True,observed,reference_inferred
2026-05-08,OIL_WTI,global,W10,True,True,observed,reference_inferred
2026-05-09,OIL_WTI,global,W11,False,False,market_closed,reference_inferred
2026-05-10,OIL_WTI,global,W11,False,False,market_closed,reference_inferred
2026-05-11,OIL_WTI,global,W11,True,True,observed,reference_inferred
2026-05-12,OIL_WTI,global,W11,True,True,observed,reference_inferred
2026-05-13,OIL_WTI,global,W11,True,True,observed,reference_inferred
2026-05-14,OIL_WTI,global,W11,True,True,observed,reference_inferred
2026-05-15,OIL_WTI,global,W11,True,True,observed,reference_inferred
2026-05-16,OIL_WTI,global,W12,False,False,market_closed,reference_inferred
2026-05-17,OIL_WTI,global,W12,False,False,market_closed,reference_inferred
2026-05-18,OIL_WTI,global,W12,True,True,observed,reference_inferred
2026-05-19,OIL_WTI,global,W12,True,True,observed,reference_inferred
2026-05-20,OIL_WTI,global,W12,True,True,observed,reference_inferred
2026-05-21,OIL_WTI,global,W12,True,True,observed,reference_inferred
2026-05-22,OIL_WTI,global,W12,True,True,observed,reference_inferred
2026-05-23,OIL_WTI,global,W13,False,False,market_closed,reference_inferred
2026-05-24,OIL_WTI,global,W13,False,False,market_closed,reference_inferred
2026-05-25,OIL_WTI,global,W13,False,False,market_closed,reference_inferred
2026-05-26,OIL_WTI,global,W13,True,True,observed,reference_inferred
2026-05-27,OIL_WTI,global,W13,True,True,observed,reference_inferred
2026-05-28,OIL_WTI,global,W13,True,True,observed,reference_inferred
2026-05-29,OIL_WTI,global,W13,True,True,observed,reference_inferred
2026-05-30,OIL_WTI,global,W14,False,False,market_closed,reference_inferred
2026-05-31,OIL_WTI,global,W14,False,False,market_closed,reference_inferred
2026-06-01,OIL_WTI,global,W14,True,True,observed,reference_inferred
2026-06-02,OIL_WTI,global,W14,True,True,observed,reference_inferred
2026-06-03,OIL_WTI,global,W14,True,True,observed,reference_inferred
2026-06-04,OIL_WTI,global,W14,True,True,observed,reference_inferred
2026-06-05,OIL_WTI,global,W14,True,True,observed,reference_inferred
2026-06-06,OIL_WTI,global,W15,False,False,market_closed,reference_inferred
2026-06-07,OIL_WTI,global,W15,False,False,market_closed,reference_inferred
2026-06-08,OIL_WTI,global,W15,True,True,observed,reference_inferred
2026-06-09,OIL_WTI,global,W15,True,True,observed,reference_inferred
2026-06-10,OIL_WTI,global,W15,True,True,observed,reference_inferred
2026-06-11,OIL_WTI,global,W15,True,True,observed,reference_inferred
2026-06-12,OIL_WTI,global,W15,True,True,observed,reference_inferred
2026-06-13,OIL_WTI,global,W16,False,False,market_closed,reference_inferred
2026-06-14,OIL_WTI,global,W16,False,False,market_closed,reference_inferred
2026-06-15,OIL_WTI,global,W16,True,True,observed,reference_inferred
2026-06-16,OIL_WTI,global,W16,True,True,observed,reference_inferred
2026-06-17,OIL_WTI,global,W16,True,True,observed,reference_inferred
2026-06-18,OIL_WTI,global,W16,True,True,observed,reference_inferred
2026-06-19,OIL_WTI,global,W16,False,False,market_closed,reference_inferred
2026-06-20,OIL_WTI,global,W17,False,False,market_closed,reference_inferred
2026-06-21,OIL_WTI,global,W17,False,False,market_closed,reference_inferred
2026-06-22,OIL_WTI,global,W17,True,True,observed,reference_inferred
2026-06-23,OIL_WTI,global,W17,True,True,observed,reference_inferred
2026-06-24,OIL_WTI,global,W17,True,True,observed,reference_inferred
2026-06-25,OIL_WTI,global,W17,True,True,observed,reference_inferred
2026-06-26,OIL_WTI,global,W17,True,True,observed,reference_inferred
2026-06-27,OIL_WTI,global,W18,False,False,market_closed,reference_inferred
2026-06-28,OIL_WTI,global,W18,False,False,market_closed,reference_inferred
2026-06-29,OIL_WTI,global,W18,True,True,observed,reference_inferred
2026-06-30,OIL_WTI,global,W18,True,True,observed,reference_inferred
2026-07-01,OIL_WTI,global,W18,True,True,observed,reference_inferred
2026-07-02,OIL_WTI,global,W18,True,True,observed,reference_inferred
2026-07-03,OIL_WTI,global,W18,False,False,market_closed,reference_inferred
2026-07-04,OIL_WTI,global,W19,False,False,market_closed,reference_inferred
2026-07-05,OIL_WTI,global,W19,False,False,market_closed,reference_inferred
2026-07-06,OIL_WTI,global,W19,True,True,observed,reference_inferred
2026-07-07,OIL_WTI,global,W19,True,True,observed,reference_inferred
2026-07-08,OIL_WTI,global,W19,True,True,observed,reference_inferred
2026-07-09,OIL_WTI,global,W19,True,True,observed,reference_inferred
2026-07-10,OIL_WTI,global,W19,True,True,observed,reference_inferred
2026-07-11,OIL_WTI,global,W20,False,False,market_closed,reference_inferred
2026-07-12,OIL_WTI,global,W20,False,False,market_closed,reference_inferred
2026-07-13,OIL_WTI,global,W20,True,True,observed,reference_inferred
2026-07-14,OIL_WTI,global,W20,True,True,observed,reference_inferred
2026-07-15,OIL_WTI,global,W20,True,True,observed,reference_inferred
2026-07-16,OIL_WTI,global,W20,True,True,observed,reference_inferred
2026-07-17,OIL_WTI,global,W20,True,True,observed,reference_inferred
2026-07-18,OIL_WTI,global,W21,False,False,market_closed,reference_inferred
2026-07-19,OIL_WTI,global,W21,False,False,market_closed,reference_inferred
2026-07-20,OIL_WTI,global,W21,True,True,observed,reference_inferred
2026-07-21,OIL_WTI,global,W21,True,True,observed,reference_inferred
2026-07-22,OIL_WTI,global,W21,True,True,observed,reference_inferred
2026-02-28,OVX,global,W01,False,False,market_closed,reference_inferred
2026-03-01,OVX,global,W01,False,False,market_closed,reference_inferred
2026-03-02,OVX,global,W01,True,True,observed,reference_inferred
2026-03-03,OVX,global,W01,True,True,observed,reference_inferred
2026-03-04,OVX,global,W01,True,True,observed,reference_inferred
2026-03-05,OVX,global,W01,True,True,observed,reference_inferred
2026-03-06,OVX,global,W01,True,True,observed,reference_inferred
2026-03-07,OVX,global,W02,False,False,market_closed,reference_inferred
2026-03-08,OVX,global,W02,False,False,market_closed,reference_inferred
2026-03-09,OVX,global,W02,True,True,observed,reference_inferred
2026-03-10,OVX,global,W02,True,True,observed,reference_inferred
2026-03-11,OVX,global,W02,True,True,observed,reference_inferred
2026-03-12,OVX,global,W02,True,True,observed,reference_inferred
2026-03-13,OVX,global,W02,True,True,observed,reference_inferred
2026-03-14,OVX,global,W03,False,False,market_closed,reference_inferred
2026-03-15,OVX,global,W03,False,False,market_closed,reference_inferred
2026-03-16,OVX,global,W03,True,True,observed,reference_inferred
2026-03-17,OVX,global,W03,True,True,observed,reference_inferred
2026-03-18,OVX,global,W03,True,True,observed,reference_inferred
2026-03-19,OVX,global,W03,True,True,observed,reference_inferred
2026-03-20,OVX,global,W03,True,True,observed,reference_inferred
2026-03-21,OVX,global,W04,False,False,market_closed,reference_inferred
2026-03-22,OVX,global,W04,False,False,market_closed,reference_inferred
2026-03-23,OVX,global,W04,True,True,observed,reference_inferred
2026-03-24,OVX,global,W04,True,True,observed,reference_inferred
2026-03-25,OVX,global,W04,True,True,observed,reference_inferred
2026-03-26,OVX,global,W04,True,True,observed,reference_inferred
2026-03-27,OVX,global,W04,True,True,observed,reference_inferred
2026-03-28,OVX,global,W05,False,False,market_closed,reference_inferred
2026-03-29,OVX,global,W05,False,False,market_closed,reference_inferred
2026-03-30,OVX,global,W05,True,True,observed,reference_inferred
2026-03-31,OVX,global,W05,True,True,observed,reference_inferred
2026-04-01,OVX,global,W05,True,True,observed,reference_inferred
2026-04-02,OVX,global,W05,True,True,observed,reference_inferred
2026-04-03,OVX,global,W05,False,False,market_closed,reference_inferred
2026-04-04,OVX,global,W06,False,False,market_closed,reference_inferred
2026-04-05,OVX,global,W06,False,False,market_closed,reference_inferred
2026-04-06,OVX,global,W06,True,True,observed,reference_inferred
2026-04-07,OVX,global,W06,True,True,observed,reference_inferred
2026-04-08,OVX,global,W06,True,True,observed,reference_inferred
2026-04-09,OVX,global,W06,True,True,observed,reference_inferred
2026-04-10,OVX,global,W06,True,True,observed,reference_inferred
2026-04-11,OVX,global,W07,False,False,market_closed,reference_inferred
2026-04-12,OVX,global,W07,False,False,market_closed,reference_inferred
2026-04-13,OVX,global,W07,True,True,observed,reference_inferred
2026-04-14,OVX,global,W07,True,True,observed,reference_inferred
2026-04-15,OVX,global,W07,True,True,observed,reference_inferred
2026-04-16,OVX,global,W07,True,True,observed,reference_inferred
2026-04-17,OVX,global,W07,True,True,observed,reference_inferred
2026-04-18,OVX,global,W08,False,False,market_closed,reference_inferred
2026-04-19,OVX,global,W08,False,False,market_closed,reference_inferred
2026-04-20,OVX,global,W08,True,True,observed,reference_inferred
2026-04-21,OVX,global,W08,True,True,observed,reference_inferred
2026-04-22,OVX,global,W08,True,True,observed,reference_inferred
2026-04-23,OVX,global,W08,True,True,observed,reference_inferred
2026-04-24,OVX,global,W08,True,True,observed,reference_inferred
2026-04-25,OVX,global,W09,False,False,market_closed,reference_inferred
2026-04-26,OVX,global,W09,False,False,market_closed,reference_inferred
2026-04-27,OVX,global,W09,True,True,observed,reference_inferred
2026-04-28,OVX,global,W09,True,True,observed,reference_inferred
2026-04-29,OVX,global,W09,True,True,observed,reference_inferred
2026-04-30,OVX,global,W09,True,True,observed,reference_inferred
2026-05-01,OVX,global,W09,True,True,observed,reference_inferred
2026-05-02,OVX,global,W10,False,False,market_closed,reference_inferred
2026-05-03,OVX,global,W10,False,False,market_closed,reference_inferred
2026-05-04,OVX,global,W10,True,True,observed,reference_inferred
2026-05-05,OVX,global,W10,True,True,observed,reference_inferred
2026-05-06,OVX,global,W10,True,True,observed,reference_inferred
2026-05-07,OVX,global,W10,True,True,observed,reference_inferred
2026-05-08,OVX,global,W10,True,True,observed,reference_inferred
2026-05-09,OVX,global,W11,False,False,market_closed,reference_inferred
2026-05-10,OVX,global,W11,False,False,market_closed,reference_inferred
2026-05-11,OVX,global,W11,True,True,observed,reference_inferred
2026-05-12,OVX,global,W11,True,True,observed,reference_inferred
2026-05-13,OVX,global,W11,True,True,observed,reference_inferred
2026-05-14,OVX,global,W11,True,True,observed,reference_inferred
2026-05-15,OVX,global,W11,True,True,observed,reference_inferred
2026-05-16,OVX,global,W12,False,False,market_closed,reference_inferred
2026-05-17,OVX,global,W12,False,False,market_closed,reference_inferred
2026-05-18,OVX,global,W12,True,True,observed,reference_inferred
2026-05-19,OVX,global,W12,True,True,observed,reference_inferred
2026-05-20,OVX,global,W12,True,True,observed,reference_inferred
2026-05-21,OVX,global,W12,True,True,observed,reference_inferred
2026-05-22,OVX,global,W12,True,True,observed,reference_inferred
2026-05-23,OVX,global,W13,False,False,market_closed,reference_inferred
2026-05-24,OVX,global,W13,False,False,market_closed,reference_inferred
2026-05-25,OVX,global,W13,False,False,market_closed,reference_inferred
2026-05-26,OVX,global,W13,True,True,observed,reference_inferred
2026-05-27,OVX,global,W13,True,True,observed,reference_inferred
2026-05-28,OVX,global,W13,True,True,observed,reference_inferred
2026-05-29,OVX,global,W13,True,True,observed,reference_inferred
2026-05-30,OVX,global,W14,False,False,market_closed,reference_inferred
2026-05-31,OVX,global,W14,False,False,market_closed,reference_inferred
2026-06-01,OVX,global,W14,True,True,observed,reference_inferred
2026-06-02,OVX,global,W14,True,True,observed,reference_inferred
2026-06-03,OVX,global,W14,True,True,observed,reference_inferred
2026-06-04,OVX,global,W14,True,True,observed,reference_inferred
2026-06-05,OVX,global,W14,True,True,observed,reference_inferred
2026-06-06,OVX,global,W15,False,False,market_closed,reference_inferred
2026-06-07,OVX,global,W15,False,False,market_closed,reference_inferred
2026-06-08,OVX,global,W15,True,True,observed,reference_inferred
2026-06-09,OVX,global,W15,True,True,observed,reference_inferred
2026-06-10,OVX,global,W15,True,True,observed,reference_inferred
2026-06-11,OVX,global,W15,True,True,observed,reference_inferred
2026-06-12,OVX,global,W15,True,True,observed,reference_inferred
2026-06-13,OVX,global,W16,False,False,market_closed,reference_inferred
2026-06-14,OVX,global,W16,False,False,market_closed,reference_inferred
2026-06-15,OVX,global,W16,True,True,observed,reference_inferred
2026-06-16,OVX,global,W16,True,True,observed,reference_inferred
2026-06-17,OVX,global,W16,True,True,observed,reference_inferred
2026-06-18,OVX,global,W16,True,True,observed,reference_inferred
2026-06-19,OVX,global,W16,False,False,market_closed,reference_inferred
2026-06-20,OVX,global,W17,False,False,market_closed,reference_inferred
2026-06-21,OVX,global,W17,False,False,market_closed,reference_inferred
2026-06-22,OVX,global,W17,True,True,observed,reference_inferred
2026-06-23,OVX,global,W17,True,True,observed,reference_inferred
2026-06-24,OVX,global,W17,True,True,observed,reference_inferred
2026-06-25,OVX,global,W17,True,True,observed,reference_inferred
2026-06-26,OVX,global,W17,True,True,observed,reference_inferred
2026-06-27,OVX,global,W18,False,False,market_closed,reference_inferred
2026-06-28,OVX,global,W18,False,False,market_closed,reference_inferred
2026-06-29,OVX,global,W18,True,True,observed,reference_inferred
2026-06-30,OVX,global,W18,True,True,observed,reference_inferred
2026-07-01,OVX,global,W18,True,True,observed,reference_inferred
2026-07-02,OVX,global,W18,True,True,observed,reference_inferred
2026-07-03,OVX,global,W18,False,False,market_closed,reference_inferred
2026-07-04,OVX,global,W19,False,False,market_closed,reference_inferred
2026-07-05,OVX,global,W19,False,False,market_closed,reference_inferred
2026-07-06,OVX,global,W19,True,True,observed,reference_inferred
2026-07-07,OVX,global,W19,True,True,observed,reference_inferred
2026-07-08,OVX,global,W19,True,True,observed,reference_inferred
2026-07-09,OVX,global,W19,True,True,observed,reference_inferred
2026-07-10,OVX,global,W19,True,True,observed,reference_inferred
2026-07-11,OVX,global,W20,False,False,market_closed,reference_inferred
2026-07-12,OVX,global,W20,False,False,market_closed,reference_inferred
2026-07-13,OVX,global,W20,True,True,observed,reference_inferred
2026-07-14,OVX,global,W20,True,True,observed,reference_inferred
2026-07-15,OVX,global,W20,True,True,observed,reference_inferred
2026-07-16,OVX,global,W20,True,True,observed,reference_inferred
2026-07-17,OVX,global,W20,True,True,observed,reference_inferred
2026-07-18,OVX,global,W21,False,False,market_closed,reference_inferred
2026-07-19,OVX,global,W21,False,False,market_closed,reference_inferred
2026-07-20,OVX,global,W21,True,True,observed,reference_inferred
2026-07-21,OVX,global,W21,True,True,observed,reference_inferred
2026-07-22,OVX,global,W21,True,True,observed,reference_inferred
2026-02-28,RV_BRENT_10D,global,W01,False,False,market_closed,reference_inferred
2026-03-01,RV_BRENT_10D,global,W01,False,False,market_closed,reference_inferred
2026-03-02,RV_BRENT_10D,global,W01,True,False,rolling_window_warmup,reference_inferred
2026-03-03,RV_BRENT_10D,global,W01,True,False,rolling_window_warmup,reference_inferred
2026-03-04,RV_BRENT_10D,global,W01,True,False,rolling_window_warmup,reference_inferred
2026-03-05,RV_BRENT_10D,global,W01,True,False,rolling_window_warmup,reference_inferred
2026-03-06,RV_BRENT_10D,global,W01,True,False,rolling_window_warmup,reference_inferred
2026-03-07,RV_BRENT_10D,global,W02,False,False,market_closed,reference_inferred
2026-03-08,RV_BRENT_10D,global,W02,False,False,market_closed,reference_inferred
2026-03-09,RV_BRENT_10D,global,W02,True,False,rolling_window_warmup,reference_inferred
2026-03-10,RV_BRENT_10D,global,W02,True,False,rolling_window_warmup,reference_inferred
2026-03-11,RV_BRENT_10D,global,W02,True,False,rolling_window_warmup,reference_inferred
2026-03-12,RV_BRENT_10D,global,W02,True,False,rolling_window_warmup,reference_inferred
2026-03-13,RV_BRENT_10D,global,W02,True,False,rolling_window_warmup,reference_inferred
2026-03-14,RV_BRENT_10D,global,W03,False,False,market_closed,reference_inferred
2026-03-15,RV_BRENT_10D,global,W03,False,False,market_closed,reference_inferred
2026-03-16,RV_BRENT_10D,global,W03,True,True,observed,reference_inferred
2026-03-17,RV_BRENT_10D,global,W03,True,True,observed,reference_inferred
2026-03-18,RV_BRENT_10D,global,W03,True,True,observed,reference_inferred
2026-03-19,RV_BRENT_10D,global,W03,True,True,observed,reference_inferred
2026-03-20,RV_BRENT_10D,global,W03,True,True,observed,reference_inferred
2026-03-21,RV_BRENT_10D,global,W04,False,False,market_closed,reference_inferred
2026-03-22,RV_BRENT_10D,global,W04,False,False,market_closed,reference_inferred
2026-03-23,RV_BRENT_10D,global,W04,True,True,observed,reference_inferred
2026-03-24,RV_BRENT_10D,global,W04,True,True,observed,reference_inferred
2026-03-25,RV_BRENT_10D,global,W04,True,True,observed,reference_inferred
2026-03-26,RV_BRENT_10D,global,W04,True,True,observed,reference_inferred
2026-03-27,RV_BRENT_10D,global,W04,True,True,observed,reference_inferred
2026-03-28,RV_BRENT_10D,global,W05,False,False,market_closed,reference_inferred
2026-03-29,RV_BRENT_10D,global,W05,False,False,market_closed,reference_inferred
2026-03-30,RV_BRENT_10D,global,W05,True,True,observed,reference_inferred
2026-03-31,RV_BRENT_10D,global,W05,True,True,observed,reference_inferred
2026-04-01,RV_BRENT_10D,global,W05,True,True,observed,reference_inferred
2026-04-02,RV_BRENT_10D,global,W05,True,True,observed,reference_inferred
2026-04-03,RV_BRENT_10D,global,W05,False,False,market_closed,reference_inferred
2026-04-04,RV_BRENT_10D,global,W06,False,False,market_closed,reference_inferred
2026-04-05,RV_BRENT_10D,global,W06,False,False,market_closed,reference_inferred
2026-04-06,RV_BRENT_10D,global,W06,True,True,observed,reference_inferred
2026-04-07,RV_BRENT_10D,global,W06,True,True,observed,reference_inferred
2026-04-08,RV_BRENT_10D,global,W06,True,True,observed,reference_inferred
2026-04-09,RV_BRENT_10D,global,W06,True,True,observed,reference_inferred
2026-04-10,RV_BRENT_10D,global,W06,True,True,observed,reference_inferred
2026-04-11,RV_BRENT_10D,global,W07,False,False,market_closed,reference_inferred
2026-04-12,RV_BRENT_10D,global,W07,False,False,market_closed,reference_inferred
2026-04-13,RV_BRENT_10D,global,W07,True,True,observed,reference_inferred
2026-04-14,RV_BRENT_10D,global,W07,True,True,observed,reference_inferred
2026-04-15,RV_BRENT_10D,global,W07,True,True,observed,reference_inferred
2026-04-16,RV_BRENT_10D,global,W07,True,True,observed,reference_inferred
2026-04-17,RV_BRENT_10D,global,W07,True,True,observed,reference_inferred
2026-04-18,RV_BRENT_10D,global,W08,False,False,market_closed,reference_inferred
2026-04-19,RV_BRENT_10D,global,W08,False,False,market_closed,reference_inferred
2026-04-20,RV_BRENT_10D,global,W08,True,True,observed,reference_inferred
2026-04-21,RV_BRENT_10D,global,W08,True,True,observed,reference_inferred
2026-04-22,RV_BRENT_10D,global,W08,True,True,observed,reference_inferred
2026-04-23,RV_BRENT_10D,global,W08,True,True,observed,reference_inferred
2026-04-24,RV_BRENT_10D,global,W08,True,True,observed,reference_inferred
2026-04-25,RV_BRENT_10D,global,W09,False,False,market_closed,reference_inferred
2026-04-26,RV_BRENT_10D,global,W09,False,False,market_closed,reference_inferred
2026-04-27,RV_BRENT_10D,global,W09,True,True,observed,reference_inferred
2026-04-28,RV_BRENT_10D,global,W09,True,True,observed,reference_inferred
2026-04-29,RV_BRENT_10D,global,W09,True,True,observed,reference_inferred
2026-04-30,RV_BRENT_10D,global,W09,True,True,observed,reference_inferred
2026-05-01,RV_BRENT_10D,global,W09,True,True,observed,reference_inferred
2026-05-02,RV_BRENT_10D,global,W10,False,False,market_closed,reference_inferred
2026-05-03,RV_BRENT_10D,global,W10,False,False,market_closed,reference_inferred
2026-05-04,RV_BRENT_10D,global,W10,True,True,observed,reference_inferred
2026-05-05,RV_BRENT_10D,global,W10,True,True,observed,reference_inferred
2026-05-06,RV_BRENT_10D,global,W10,True,True,observed,reference_inferred
2026-05-07,RV_BRENT_10D,global,W10,True,True,observed,reference_inferred
2026-05-08,RV_BRENT_10D,global,W10,True,True,observed,reference_inferred
2026-05-09,RV_BRENT_10D,global,W11,False,False,market_closed,reference_inferred
2026-05-10,RV_BRENT_10D,global,W11,False,False,market_closed,reference_inferred
2026-05-11,RV_BRENT_10D,global,W11,True,True,observed,reference_inferred
2026-05-12,RV_BRENT_10D,global,W11,True,True,observed,reference_inferred
2026-05-13,RV_BRENT_10D,global,W11,True,True,observed,reference_inferred
2026-05-14,RV_BRENT_10D,global,W11,True,True,observed,reference_inferred
2026-05-15,RV_BRENT_10D,global,W11,True,True,observed,reference_inferred
2026-05-16,RV_BRENT_10D,global,W12,False,False,market_closed,reference_inferred
2026-05-17,RV_BRENT_10D,global,W12,False,False,market_closed,reference_inferred
2026-05-18,RV_BRENT_10D,global,W12,True,True,observed,reference_inferred
2026-05-19,RV_BRENT_10D,global,W12,True,True,observed,reference_inferred
2026-05-20,RV_BRENT_10D,global,W12,True,True,observed,reference_inferred
2026-05-21,RV_BRENT_10D,global,W12,True,True,observed,reference_inferred
2026-05-22,RV_BRENT_10D,global,W12,True,True,observed,reference_inferred
2026-05-23,RV_BRENT_10D,global,W13,False,False,market_closed,reference_inferred
2026-05-24,RV_BRENT_10D,global,W13,False,False,market_closed,reference_inferred
2026-05-25,RV_BRENT_10D,global,W13,False,False,market_closed,reference_inferred
2026-05-26,RV_BRENT_10D,global,W13,True,True,observed,reference_inferred
2026-05-27,RV_BRENT_10D,global,W13,True,True,observed,reference_inferred
2026-05-28,RV_BRENT_10D,global,W13,True,True,observed,reference_inferred
2026-05-29,RV_BRENT_10D,global,W13,True,True,observed,reference_inferred
2026-05-30,RV_BRENT_10D,global,W14,False,False,market_closed,reference_inferred
2026-05-31,RV_BRENT_10D,global,W14,False,False,market_closed,reference_inferred
2026-06-01,RV_BRENT_10D,global,W14,True,True,observed,reference_inferred
2026-06-02,RV_BRENT_10D,global,W14,True,True,observed,reference_inferred
2026-06-03,RV_BRENT_10D,global,W14,True,True,observed,reference_inferred
2026-06-04,RV_BRENT_10D,global,W14,True,True,observed,reference_inferred
2026-06-05,RV_BRENT_10D,global,W14,True,True,observed,reference_inferred
2026-06-06,RV_BRENT_10D,global,W15,False,False,market_closed,reference_inferred
2026-06-07,RV_BRENT_10D,global,W15,False,False,market_closed,reference_inferred
2026-06-08,RV_BRENT_10D,global,W15,True,True,observed,reference_inferred
2026-06-09,RV_BRENT_10D,global,W15,True,True,observed,reference_inferred
2026-06-10,RV_BRENT_10D,global,W15,True,True,observed,reference_inferred
2026-06-11,RV_BRENT_10D,global,W15,True,True,observed,reference_inferred
2026-06-12,RV_BRENT_10D,global,W15,True,True,observed,reference_inferred
2026-06-13,RV_BRENT_10D,global,W16,False,False,market_closed,reference_inferred
2026-06-14,RV_BRENT_10D,global,W16,False,False,market_closed,reference_inferred
2026-06-15,RV_BRENT_10D,global,W16,True,True,observed,reference_inferred
2026-06-16,RV_BRENT_10D,global,W16,True,True,observed,reference_inferred
2026-06-17,RV_BRENT_10D,global,W16,True,True,observed,reference_inferred
2026-06-18,RV_BRENT_10D,global,W16,True,True,observed,reference_inferred
2026-06-19,RV_BRENT_10D,global,W16,False,False,market_closed,reference_inferred
2026-06-20,RV_BRENT_10D,global,W17,False,False,market_closed,reference_inferred
2026-06-21,RV_BRENT_10D,global,W17,False,False,market_closed,reference_inferred
2026-06-22,RV_BRENT_10D,global,W17,True,True,observed,reference_inferred
2026-06-23,RV_BRENT_10D,global,W17,True,True,observed,reference_inferred
2026-06-24,RV_BRENT_10D,global,W17,True,True,observed,reference_inferred
2026-06-25,RV_BRENT_10D,global,W17,True,True,observed,reference_inferred
2026-06-26,RV_BRENT_10D,global,W17,True,True,observed,reference_inferred
2026-06-27,RV_BRENT_10D,global,W18,False,False,market_closed,reference_inferred
2026-06-28,RV_BRENT_10D,global,W18,False,False,market_closed,reference_inferred
2026-06-29,RV_BRENT_10D,global,W18,True,True,observed,reference_inferred
2026-06-30,RV_BRENT_10D,global,W18,True,True,observed,reference_inferred
2026-07-01,RV_BRENT_10D,global,W18,True,True,observed,reference_inferred
2026-07-02,RV_BRENT_10D,global,W18,True,True,observed,reference_inferred
2026-07-03,RV_BRENT_10D,global,W18,False,False,market_closed,reference_inferred
2026-07-04,RV_BRENT_10D,global,W19,False,False,market_closed,reference_inferred
2026-07-05,RV_BRENT_10D,global,W19,False,False,market_closed,reference_inferred
2026-07-06,RV_BRENT_10D,global,W19,True,True,observed,reference_inferred
2026-07-07,RV_BRENT_10D,global,W19,True,True,observed,reference_inferred
2026-07-08,RV_BRENT_10D,global,W19,True,True,observed,reference_inferred
2026-07-09,RV_BRENT_10D,global,W19,True,True,observed,reference_inferred
2026-07-10,RV_BRENT_10D,global,W19,True,True,observed,reference_inferred
2026-07-11,RV_BRENT_10D,global,W20,False,False,market_closed,reference_inferred
2026-07-12,RV_BRENT_10D,global,W20,False,False,market_closed,reference_inferred
2026-07-13,RV_BRENT_10D,global,W20,True,True,observed,reference_inferred
2026-07-14,RV_BRENT_10D,global,W20,True,True,observed,reference_inferred
2026-07-15,RV_BRENT_10D,global,W20,True,True,observed,reference_inferred
2026-07-16,RV_BRENT_10D,global,W20,True,True,observed,reference_inferred
2026-07-17,RV_BRENT_10D,global,W20,True,True,observed,reference_inferred
2026-07-18,RV_BRENT_10D,global,W21,False,False,market_closed,reference_inferred
2026-07-19,RV_BRENT_10D,global,W21,False,False,market_closed,reference_inferred
2026-07-20,RV_BRENT_10D,global,W21,True,True,observed,reference_inferred
2026-07-21,RV_BRENT_10D,global,W21,True,True,observed,reference_inferred
2026-07-22,RV_BRENT_10D,global,W21,True,True,observed,reference_inferred
2026-02-28,SP500,global,W01,False,False,market_closed,reference_inferred
2026-03-01,SP500,global,W01,False,False,market_closed,reference_inferred
2026-03-02,SP500,global,W01,True,True,observed,reference_inferred
2026-03-03,SP500,global,W01,True,True,observed,reference_inferred
2026-03-04,SP500,global,W01,True,True,observed,reference_inferred
2026-03-05,SP500,global,W01,True,True,observed,reference_inferred
2026-03-06,SP500,global,W01,True,True,observed,reference_inferred
2026-03-07,SP500,global,W02,False,False,market_closed,reference_inferred
2026-03-08,SP500,global,W02,False,False,market_closed,reference_inferred
2026-03-09,SP500,global,W02,True,True,observed,reference_inferred
2026-03-10,SP500,global,W02,True,True,observed,reference_inferred
2026-03-11,SP500,global,W02,True,True,observed,reference_inferred
2026-03-12,SP500,global,W02,True,True,observed,reference_inferred
2026-03-13,SP500,global,W02,True,True,observed,reference_inferred
2026-03-14,SP500,global,W03,False,False,market_closed,reference_inferred
2026-03-15,SP500,global,W03,False,False,market_closed,reference_inferred
2026-03-16,SP500,global,W03,True,True,observed,reference_inferred
2026-03-17,SP500,global,W03,True,True,observed,reference_inferred
2026-03-18,SP500,global,W03,True,True,observed,reference_inferred
2026-03-19,SP500,global,W03,True,True,observed,reference_inferred
2026-03-20,SP500,global,W03,True,True,observed,reference_inferred
2026-03-21,SP500,global,W04,False,False,market_closed,reference_inferred
2026-03-22,SP500,global,W04,False,False,market_closed,reference_inferred
2026-03-23,SP500,global,W04,True,True,observed,reference_inferred
2026-03-24,SP500,global,W04,True,True,observed,reference_inferred
2026-03-25,SP500,global,W04,True,True,observed,reference_inferred
2026-03-26,SP500,global,W04,True,True,observed,reference_inferred
2026-03-27,SP500,global,W04,True,True,observed,reference_inferred
2026-03-28,SP500,global,W05,False,False,market_closed,reference_inferred
2026-03-29,SP500,global,W05,False,False,market_closed,reference_inferred
2026-03-30,SP500,global,W05,True,True,observed,reference_inferred
2026-03-31,SP500,global,W05,True,True,observed,reference_inferred
2026-04-01,SP500,global,W05,True,True,observed,reference_inferred
2026-04-02,SP500,global,W05,True,True,observed,reference_inferred
2026-04-03,SP500,global,W05,False,False,market_closed,reference_inferred
2026-04-04,SP500,global,W06,False,False,market_closed,reference_inferred
2026-04-05,SP500,global,W06,False,False,market_closed,reference_inferred
2026-04-06,SP500,global,W06,True,True,observed,reference_inferred
2026-04-07,SP500,global,W06,True,True,observed,reference_inferred
2026-04-08,SP500,global,W06,True,True,observed,reference_inferred
2026-04-09,SP500,global,W06,True,True,observed,reference_inferred
2026-04-10,SP500,global,W06,True,True,observed,reference_inferred
2026-04-11,SP500,global,W07,False,False,market_closed,reference_inferred
2026-04-12,SP500,global,W07,False,False,market_closed,reference_inferred
2026-04-13,SP500,global,W07,True,True,observed,reference_inferred
2026-04-14,SP500,global,W07,True,True,observed,reference_inferred
2026-04-15,SP500,global,W07,True,True,observed,reference_inferred
2026-04-16,SP500,global,W07,True,True,observed,reference_inferred
2026-04-17,SP500,global,W07,True,True,observed,reference_inferred
2026-04-18,SP500,global,W08,False,False,market_closed,reference_inferred
2026-04-19,SP500,global,W08,False,False,market_closed,reference_inferred
2026-04-20,SP500,global,W08,True,True,observed,reference_inferred
2026-04-21,SP500,global,W08,True,True,observed,reference_inferred
2026-04-22,SP500,global,W08,True,True,observed,reference_inferred
2026-04-23,SP500,global,W08,True,True,observed,reference_inferred
2026-04-24,SP500,global,W08,True,True,observed,reference_inferred
2026-04-25,SP500,global,W09,False,False,market_closed,reference_inferred
2026-04-26,SP500,global,W09,False,False,market_closed,reference_inferred
2026-04-27,SP500,global,W09,True,True,observed,reference_inferred
2026-04-28,SP500,global,W09,True,True,observed,reference_inferred
2026-04-29,SP500,global,W09,True,True,observed,reference_inferred
2026-04-30,SP500,global,W09,True,True,observed,reference_inferred
2026-05-01,SP500,global,W09,True,True,observed,reference_inferred
2026-05-02,SP500,global,W10,False,False,market_closed,reference_inferred
2026-05-03,SP500,global,W10,False,False,market_closed,reference_inferred
2026-05-04,SP500,global,W10,True,True,observed,reference_inferred
2026-05-05,SP500,global,W10,True,True,observed,reference_inferred
2026-05-06,SP500,global,W10,True,True,observed,reference_inferred
2026-05-07,SP500,global,W10,True,True,observed,reference_inferred
2026-05-08,SP500,global,W10,True,True,observed,reference_inferred
2026-05-09,SP500,global,W11,False,False,market_closed,reference_inferred
2026-05-10,SP500,global,W11,False,False,market_closed,reference_inferred
2026-05-11,SP500,global,W11,True,True,observed,reference_inferred
2026-05-12,SP500,global,W11,True,True,observed,reference_inferred
2026-05-13,SP500,global,W11,True,True,observed,reference_inferred
2026-05-14,SP500,global,W11,True,True,observed,reference_inferred
2026-05-15,SP500,global,W11,True,True,observed,reference_inferred
2026-05-16,SP500,global,W12,False,False,market_closed,reference_inferred
2026-05-17,SP500,global,W12,False,False,market_closed,reference_inferred
2026-05-18,SP500,global,W12,True,True,observed,reference_inferred
2026-05-19,SP500,global,W12,True,True,observed,reference_inferred
2026-05-20,SP500,global,W12,True,True,observed,reference_inferred
2026-05-21,SP500,global,W12,True,True,observed,reference_inferred
2026-05-22,SP500,global,W12,True,True,observed,reference_inferred
2026-05-23,SP500,global,W13,False,False,market_closed,reference_inferred
2026-05-24,SP500,global,W13,False,False,market_closed,reference_inferred
2026-05-25,SP500,global,W13,False,False,market_closed,reference_inferred
2026-05-26,SP500,global,W13,True,True,observed,reference_inferred
2026-05-27,SP500,global,W13,True,True,observed,reference_inferred
2026-05-28,SP500,global,W13,True,True,observed,reference_inferred
2026-05-29,SP500,global,W13,True,True,observed,reference_inferred
2026-05-30,SP500,global,W14,False,False,market_closed,reference_inferred
2026-05-31,SP500,global,W14,False,False,market_closed,reference_inferred
2026-06-01,SP500,global,W14,True,True,observed,reference_inferred
2026-06-02,SP500,global,W14,True,True,observed,reference_inferred
2026-06-03,SP500,global,W14,True,True,observed,reference_inferred
2026-06-04,SP500,global,W14,True,True,observed,reference_inferred
2026-06-05,SP500,global,W14,True,True,observed,reference_inferred
2026-06-06,SP500,global,W15,False,False,market_closed,reference_inferred
2026-06-07,SP500,global,W15,False,False,market_closed,reference_inferred
2026-06-08,SP500,global,W15,True,True,observed,reference_inferred
2026-06-09,SP500,global,W15,True,True,observed,reference_inferred
2026-06-10,SP500,global,W15,True,True,observed,reference_inferred
2026-06-11,SP500,global,W15,True,True,observed,reference_inferred
2026-06-12,SP500,global,W15,True,True,observed,reference_inferred
2026-06-13,SP500,global,W16,False,False,market_closed,reference_inferred
2026-06-14,SP500,global,W16,False,False,market_closed,reference_inferred
2026-06-15,SP500,global,W16,True,True,observed,reference_inferred
2026-06-16,SP500,global,W16,True,True,observed,reference_inferred
2026-06-17,SP500,global,W16,True,True,observed,reference_inferred
2026-06-18,SP500,global,W16,True,True,observed,reference_inferred
2026-06-19,SP500,global,W16,False,False,market_closed,reference_inferred
2026-06-20,SP500,global,W17,False,False,market_closed,reference_inferred
2026-06-21,SP500,global,W17,False,False,market_closed,reference_inferred
2026-06-22,SP500,global,W17,True,True,observed,reference_inferred
2026-06-23,SP500,global,W17,True,True,observed,reference_inferred
2026-06-24,SP500,global,W17,True,True,observed,reference_inferred
2026-06-25,SP500,global,W17,True,True,observed,reference_inferred
2026-06-26,SP500,global,W17,True,True,observed,reference_inferred
2026-06-27,SP500,global,W18,False,False,market_closed,reference_inferred
2026-06-28,SP500,global,W18,False,False,market_closed,reference_inferred
2026-06-29,SP500,global,W18,True,True,observed,reference_inferred
2026-06-30,SP500,global,W18,True,True,observed,reference_inferred
2026-07-01,SP500,global,W18,True,True,observed,reference_inferred
2026-07-02,SP500,global,W18,True,True,observed,reference_inferred
2026-07-03,SP500,global,W18,False,False,market_closed,reference_inferred
2026-07-04,SP500,global,W19,False,False,market_closed,reference_inferred
2026-07-05,SP500,global,W19,False,False,market_closed,reference_inferred
2026-07-06,SP500,global,W19,True,True,observed,reference_inferred
2026-07-07,SP500,global,W19,True,True,observed,reference_inferred
2026-07-08,SP500,global,W19,True,True,observed,reference_inferred
2026-07-09,SP500,global,W19,True,True,observed,reference_inferred
2026-07-10,SP500,global,W19,True,True,observed,reference_inferred
2026-07-11,SP500,global,W20,False,False,market_closed,reference_inferred
2026-07-12,SP500,global,W20,False,False,market_closed,reference_inferred
2026-07-13,SP500,global,W20,True,True,observed,reference_inferred
2026-07-14,SP500,global,W20,True,True,observed,reference_inferred
2026-07-15,SP500,global,W20,True,True,observed,reference_inferred
2026-07-16,SP500,global,W20,True,True,observed,reference_inferred
2026-07-17,SP500,global,W20,True,True,observed,reference_inferred
2026-07-18,SP500,global,W21,False,False,market_closed,reference_inferred
2026-07-19,SP500,global,W21,False,False,market_closed,reference_inferred
2026-07-20,SP500,global,W21,True,True,observed,reference_inferred
2026-07-21,SP500,global,W21,True,True,observed,reference_inferred
2026-07-22,SP500,global,W21,True,True,observed,reference_inferred
2026-02-28,SPREAD_BRENT_WTI,global,W01,False,False,market_closed,reference_inferred
2026-03-01,SPREAD_BRENT_WTI,global,W01,False,False,market_closed,reference_inferred
2026-03-02,SPREAD_BRENT_WTI,global,W01,True,True,observed,reference_inferred
2026-03-03,SPREAD_BRENT_WTI,global,W01,True,True,observed,reference_inferred
2026-03-04,SPREAD_BRENT_WTI,global,W01,True,True,observed,reference_inferred
2026-03-05,SPREAD_BRENT_WTI,global,W01,True,True,observed,reference_inferred
2026-03-06,SPREAD_BRENT_WTI,global,W01,True,True,observed,reference_inferred
2026-03-07,SPREAD_BRENT_WTI,global,W02,False,False,market_closed,reference_inferred
2026-03-08,SPREAD_BRENT_WTI,global,W02,False,False,market_closed,reference_inferred
2026-03-09,SPREAD_BRENT_WTI,global,W02,True,True,observed,reference_inferred
2026-03-10,SPREAD_BRENT_WTI,global,W02,True,True,observed,reference_inferred
2026-03-11,SPREAD_BRENT_WTI,global,W02,True,True,observed,reference_inferred
2026-03-12,SPREAD_BRENT_WTI,global,W02,True,True,observed,reference_inferred
2026-03-13,SPREAD_BRENT_WTI,global,W02,True,True,observed,reference_inferred
2026-03-14,SPREAD_BRENT_WTI,global,W03,False,False,market_closed,reference_inferred
2026-03-15,SPREAD_BRENT_WTI,global,W03,False,False,market_closed,reference_inferred
2026-03-16,SPREAD_BRENT_WTI,global,W03,True,True,observed,reference_inferred
2026-03-17,SPREAD_BRENT_WTI,global,W03,True,True,observed,reference_inferred
2026-03-18,SPREAD_BRENT_WTI,global,W03,True,True,observed,reference_inferred
2026-03-19,SPREAD_BRENT_WTI,global,W03,True,True,observed,reference_inferred
2026-03-20,SPREAD_BRENT_WTI,global,W03,True,True,observed,reference_inferred
2026-03-21,SPREAD_BRENT_WTI,global,W04,False,False,market_closed,reference_inferred
2026-03-22,SPREAD_BRENT_WTI,global,W04,False,False,market_closed,reference_inferred
2026-03-23,SPREAD_BRENT_WTI,global,W04,True,True,observed,reference_inferred
2026-03-24,SPREAD_BRENT_WTI,global,W04,True,True,observed,reference_inferred
2026-03-25,SPREAD_BRENT_WTI,global,W04,True,True,observed,reference_inferred
2026-03-26,SPREAD_BRENT_WTI,global,W04,True,True,observed,reference_inferred
2026-03-27,SPREAD_BRENT_WTI,global,W04,True,True,observed,reference_inferred
2026-03-28,SPREAD_BRENT_WTI,global,W05,False,False,market_closed,reference_inferred
2026-03-29,SPREAD_BRENT_WTI,global,W05,False,False,market_closed,reference_inferred
2026-03-30,SPREAD_BRENT_WTI,global,W05,True,True,observed,reference_inferred
2026-03-31,SPREAD_BRENT_WTI,global,W05,True,True,observed,reference_inferred
2026-04-01,SPREAD_BRENT_WTI,global,W05,True,True,observed,reference_inferred
2026-04-02,SPREAD_BRENT_WTI,global,W05,True,True,observed,reference_inferred
2026-04-03,SPREAD_BRENT_WTI,global,W05,False,False,market_closed,reference_inferred
2026-04-04,SPREAD_BRENT_WTI,global,W06,False,False,market_closed,reference_inferred
2026-04-05,SPREAD_BRENT_WTI,global,W06,False,False,market_closed,reference_inferred
2026-04-06,SPREAD_BRENT_WTI,global,W06,True,True,observed,reference_inferred
2026-04-07,SPREAD_BRENT_WTI,global,W06,True,True,observed,reference_inferred
2026-04-08,SPREAD_BRENT_WTI,global,W06,True,True,observed,reference_inferred
2026-04-09,SPREAD_BRENT_WTI,global,W06,True,True,observed,reference_inferred
2026-04-10,SPREAD_BRENT_WTI,global,W06,True,True,observed,reference_inferred
2026-04-11,SPREAD_BRENT_WTI,global,W07,False,False,market_closed,reference_inferred
2026-04-12,SPREAD_BRENT_WTI,global,W07,False,False,market_closed,reference_inferred
2026-04-13,SPREAD_BRENT_WTI,global,W07,True,True,observed,reference_inferred
2026-04-14,SPREAD_BRENT_WTI,global,W07,True,True,observed,reference_inferred
2026-04-15,SPREAD_BRENT_WTI,global,W07,True,True,observed,reference_inferred
2026-04-16,SPREAD_BRENT_WTI,global,W07,True,True,observed,reference_inferred
2026-04-17,SPREAD_BRENT_WTI,global,W07,True,True,observed,reference_inferred
2026-04-18,SPREAD_BRENT_WTI,global,W08,False,False,market_closed,reference_inferred
2026-04-19,SPREAD_BRENT_WTI,global,W08,False,False,market_closed,reference_inferred
2026-04-20,SPREAD_BRENT_WTI,global,W08,True,True,observed,reference_inferred
2026-04-21,SPREAD_BRENT_WTI,global,W08,True,True,observed,reference_inferred
2026-04-22,SPREAD_BRENT_WTI,global,W08,True,True,observed,reference_inferred
2026-04-23,SPREAD_BRENT_WTI,global,W08,True,True,observed,reference_inferred
2026-04-24,SPREAD_BRENT_WTI,global,W08,True,True,observed,reference_inferred
2026-04-25,SPREAD_BRENT_WTI,global,W09,False,False,market_closed,reference_inferred
2026-04-26,SPREAD_BRENT_WTI,global,W09,False,False,market_closed,reference_inferred
2026-04-27,SPREAD_BRENT_WTI,global,W09,True,True,observed,reference_inferred
2026-04-28,SPREAD_BRENT_WTI,global,W09,True,True,observed,reference_inferred
2026-04-29,SPREAD_BRENT_WTI,global,W09,True,True,observed,reference_inferred
2026-04-30,SPREAD_BRENT_WTI,global,W09,True,True,observed,reference_inferred
2026-05-01,SPREAD_BRENT_WTI,global,W09,True,True,observed,reference_inferred
2026-05-02,SPREAD_BRENT_WTI,global,W10,False,False,market_closed,reference_inferred
2026-05-03,SPREAD_BRENT_WTI,global,W10,False,False,market_closed,reference_inferred
2026-05-04,SPREAD_BRENT_WTI,global,W10,True,True,observed,reference_inferred
2026-05-05,SPREAD_BRENT_WTI,global,W10,True,True,observed,reference_inferred
2026-05-06,SPREAD_BRENT_WTI,global,W10,True,True,observed,reference_inferred
2026-05-07,SPREAD_BRENT_WTI,global,W10,True,True,observed,reference_inferred
2026-05-08,SPREAD_BRENT_WTI,global,W10,True,True,observed,reference_inferred
2026-05-09,SPREAD_BRENT_WTI,global,W11,False,False,market_closed,reference_inferred
2026-05-10,SPREAD_BRENT_WTI,global,W11,False,False,market_closed,reference_inferred
2026-05-11,SPREAD_BRENT_WTI,global,W11,True,True,observed,reference_inferred
2026-05-12,SPREAD_BRENT_WTI,global,W11,True,True,observed,reference_inferred
2026-05-13,SPREAD_BRENT_WTI,global,W11,True,True,observed,reference_inferred
2026-05-14,SPREAD_BRENT_WTI,global,W11,True,True,observed,reference_inferred
2026-05-15,SPREAD_BRENT_WTI,global,W11,True,True,observed,reference_inferred
2026-05-16,SPREAD_BRENT_WTI,global,W12,False,False,market_closed,reference_inferred
2026-05-17,SPREAD_BRENT_WTI,global,W12,False,False,market_closed,reference_inferred
2026-05-18,SPREAD_BRENT_WTI,global,W12,True,True,observed,reference_inferred
2026-05-19,SPREAD_BRENT_WTI,global,W12,True,True,observed,reference_inferred
2026-05-20,SPREAD_BRENT_WTI,global,W12,True,True,observed,reference_inferred
2026-05-21,SPREAD_BRENT_WTI,global,W12,True,True,observed,reference_inferred
2026-05-22,SPREAD_BRENT_WTI,global,W12,True,True,observed,reference_inferred
2026-05-23,SPREAD_BRENT_WTI,global,W13,False,False,market_closed,reference_inferred
2026-05-24,SPREAD_BRENT_WTI,global,W13,False,False,market_closed,reference_inferred
2026-05-25,SPREAD_BRENT_WTI,global,W13,False,False,market_closed,reference_inferred
2026-05-26,SPREAD_BRENT_WTI,global,W13,True,True,observed,reference_inferred
2026-05-27,SPREAD_BRENT_WTI,global,W13,True,True,observed,reference_inferred
2026-05-28,SPREAD_BRENT_WTI,global,W13,True,True,observed,reference_inferred
2026-05-29,SPREAD_BRENT_WTI,global,W13,True,True,observed,reference_inferred
2026-05-30,SPREAD_BRENT_WTI,global,W14,False,False,market_closed,reference_inferred
2026-05-31,SPREAD_BRENT_WTI,global,W14,False,False,market_closed,reference_inferred
2026-06-01,SPREAD_BRENT_WTI,global,W14,True,True,observed,reference_inferred
2026-06-02,SPREAD_BRENT_WTI,global,W14,True,True,observed,reference_inferred
2026-06-03,SPREAD_BRENT_WTI,global,W14,True,True,observed,reference_inferred
2026-06-04,SPREAD_BRENT_WTI,global,W14,True,True,observed,reference_inferred
2026-06-05,SPREAD_BRENT_WTI,global,W14,True,True,observed,reference_inferred
2026-06-06,SPREAD_BRENT_WTI,global,W15,False,False,market_closed,reference_inferred
2026-06-07,SPREAD_BRENT_WTI,global,W15,False,False,market_closed,reference_inferred
2026-06-08,SPREAD_BRENT_WTI,global,W15,True,True,observed,reference_inferred
2026-06-09,SPREAD_BRENT_WTI,global,W15,True,True,observed,reference_inferred
2026-06-10,SPREAD_BRENT_WTI,global,W15,True,True,observed,reference_inferred
2026-06-11,SPREAD_BRENT_WTI,global,W15,True,True,observed,reference_inferred
2026-06-12,SPREAD_BRENT_WTI,global,W15,True,True,observed,reference_inferred
2026-06-13,SPREAD_BRENT_WTI,global,W16,False,False,market_closed,reference_inferred
2026-06-14,SPREAD_BRENT_WTI,global,W16,False,False,market_closed,reference_inferred
2026-06-15,SPREAD_BRENT_WTI,global,W16,True,True,observed,reference_inferred
2026-06-16,SPREAD_BRENT_WTI,global,W16,True,True,observed,reference_inferred
2026-06-17,SPREAD_BRENT_WTI,global,W16,True,True,observed,reference_inferred
2026-06-18,SPREAD_BRENT_WTI,global,W16,True,True,observed,reference_inferred
2026-06-19,SPREAD_BRENT_WTI,global,W16,False,False,market_closed,reference_inferred
2026-06-20,SPREAD_BRENT_WTI,global,W17,False,False,market_closed,reference_inferred
2026-06-21,SPREAD_BRENT_WTI,global,W17,False,False,market_closed,reference_inferred
2026-06-22,SPREAD_BRENT_WTI,global,W17,True,True,observed,reference_inferred
2026-06-23,SPREAD_BRENT_WTI,global,W17,True,True,observed,reference_inferred
2026-06-24,SPREAD_BRENT_WTI,global,W17,True,True,observed,reference_inferred
2026-06-25,SPREAD_BRENT_WTI,global,W17,True,True,observed,reference_inferred
2026-06-26,SPREAD_BRENT_WTI,global,W17,True,True,observed,reference_inferred
2026-06-27,SPREAD_BRENT_WTI,global,W18,False,False,market_closed,reference_inferred
2026-06-28,SPREAD_BRENT_WTI,global,W18,False,False,market_closed,reference_inferred
2026-06-29,SPREAD_BRENT_WTI,global,W18,True,True,observed,reference_inferred
2026-06-30,SPREAD_BRENT_WTI,global,W18,True,True,observed,reference_inferred
2026-07-01,SPREAD_BRENT_WTI,global,W18,True,True,observed,reference_inferred
2026-07-02,SPREAD_BRENT_WTI,global,W18,True,True,observed,reference_inferred
2026-07-03,SPREAD_BRENT_WTI,global,W18,False,False,market_closed,reference_inferred
2026-07-04,SPREAD_BRENT_WTI,global,W19,False,False,market_closed,reference_inferred
2026-07-05,SPREAD_BRENT_WTI,global,W19,False,False,market_closed,reference_inferred
2026-07-06,SPREAD_BRENT_WTI,global,W19,True,True,observed,reference_inferred
2026-07-07,SPREAD_BRENT_WTI,global,W19,True,True,observed,reference_inferred
2026-07-08,SPREAD_BRENT_WTI,global,W19,True,True,observed,reference_inferred
2026-07-09,SPREAD_BRENT_WTI,global,W19,True,True,observed,reference_inferred
2026-07-10,SPREAD_BRENT_WTI,global,W19,True,True,observed,reference_inferred
2026-07-11,SPREAD_BRENT_WTI,global,W20,False,False,market_closed,reference_inferred
2026-07-12,SPREAD_BRENT_WTI,global,W20,False,False,market_closed,reference_inferred
2026-07-13,SPREAD_BRENT_WTI,global,W20,True,True,observed,reference_inferred
2026-07-14,SPREAD_BRENT_WTI,global,W20,True,True,observed,reference_inferred
2026-07-15,SPREAD_BRENT_WTI,global,W20,True,True,observed,reference_inferred
2026-07-16,SPREAD_BRENT_WTI,global,W20,True,True,observed,reference_inferred
2026-07-17,SPREAD_BRENT_WTI,global,W20,True,True,observed,reference_inferred
2026-07-18,SPREAD_BRENT_WTI,global,W21,False,False,market_closed,reference_inferred
2026-07-19,SPREAD_BRENT_WTI,global,W21,False,False,market_closed,reference_inferred
2026-07-20,SPREAD_BRENT_WTI,global,W21,True,True,observed,reference_inferred
2026-07-21,SPREAD_BRENT_WTI,global,W21,True,True,observed,reference_inferred
2026-07-22,SPREAD_BRENT_WTI,global,W21,True,True,observed,reference_inferred
2026-02-28,TA125,global,W01,False,False,market_closed,reference_inferred
2026-03-01,TA125,global,W01,False,False,market_closed,reference_inferred
2026-03-02,TA125,global,W01,True,True,observed,reference_inferred
2026-03-03,TA125,global,W01,True,False,source_gap,reference_inferred
2026-03-04,TA125,global,W01,True,True,observed,reference_inferred
2026-03-05,TA125,global,W01,True,True,observed,reference_inferred
2026-03-06,TA125,global,W01,True,True,observed,reference_inferred
2026-03-07,TA125,global,W02,False,False,market_closed,reference_inferred
2026-03-08,TA125,global,W02,False,False,market_closed,reference_inferred
2026-03-09,TA125,global,W02,True,True,observed,reference_inferred
2026-03-10,TA125,global,W02,True,True,observed,reference_inferred
2026-03-11,TA125,global,W02,True,True,observed,reference_inferred
2026-03-12,TA125,global,W02,True,True,observed,reference_inferred
2026-03-13,TA125,global,W02,True,True,observed,reference_inferred
2026-03-14,TA125,global,W03,False,False,market_closed,reference_inferred
2026-03-15,TA125,global,W03,False,False,market_closed,reference_inferred
2026-03-16,TA125,global,W03,True,True,observed,reference_inferred
2026-03-17,TA125,global,W03,True,True,observed,reference_inferred
2026-03-18,TA125,global,W03,True,True,observed,reference_inferred
2026-03-19,TA125,global,W03,True,True,observed,reference_inferred
2026-03-20,TA125,global,W03,True,True,observed,reference_inferred
2026-03-21,TA125,global,W04,False,False,market_closed,reference_inferred
2026-03-22,TA125,global,W04,False,False,market_closed,reference_inferred
2026-03-23,TA125,global,W04,True,True,observed,reference_inferred
2026-03-24,TA125,global,W04,True,True,observed,reference_inferred
2026-03-25,TA125,global,W04,True,True,observed,reference_inferred
2026-03-26,TA125,global,W04,True,True,observed,reference_inferred
2026-03-27,TA125,global,W04,True,True,observed,reference_inferred
2026-03-28,TA125,global,W05,False,False,market_closed,reference_inferred
2026-03-29,TA125,global,W05,False,False,market_closed,reference_inferred
2026-03-30,TA125,global,W05,True,True,observed,reference_inferred
2026-03-31,TA125,global,W05,True,True,observed,reference_inferred
2026-04-01,TA125,global,W05,True,False,source_gap,reference_inferred
2026-04-02,TA125,global,W05,True,False,source_gap,reference_inferred
2026-04-03,TA125,global,W05,False,True,observed,reference_inferred
2026-04-04,TA125,global,W06,False,False,market_closed,reference_inferred
2026-04-05,TA125,global,W06,False,False,market_closed,reference_inferred
2026-04-06,TA125,global,W06,True,True,observed,reference_inferred
2026-04-07,TA125,global,W06,True,False,source_gap,reference_inferred
2026-04-08,TA125,global,W06,True,False,source_gap,reference_inferred
2026-04-09,TA125,global,W06,True,True,observed,reference_inferred
2026-04-10,TA125,global,W06,True,True,observed,reference_inferred
2026-04-11,TA125,global,W07,False,False,market_closed,reference_inferred
2026-04-12,TA125,global,W07,False,False,market_closed,reference_inferred
2026-04-13,TA125,global,W07,True,True,observed,reference_inferred
2026-04-14,TA125,global,W07,True,True,observed,reference_inferred
2026-04-15,TA125,global,W07,True,True,observed,reference_inferred
2026-04-16,TA125,global,W07,True,True,observed,reference_inferred
2026-04-17,TA125,global,W07,True,True,observed,reference_inferred
2026-04-18,TA125,global,W08,False,False,market_closed,reference_inferred
2026-04-19,TA125,global,W08,False,False,market_closed,reference_inferred
2026-04-20,TA125,global,W08,True,True,observed,reference_inferred
2026-04-21,TA125,global,W08,True,False,source_gap,reference_inferred
2026-04-22,TA125,global,W08,True,False,source_gap,reference_inferred
2026-04-23,TA125,global,W08,True,True,observed,reference_inferred
2026-04-24,TA125,global,W08,True,True,observed,reference_inferred
2026-04-25,TA125,global,W09,False,False,market_closed,reference_inferred
2026-04-26,TA125,global,W09,False,False,market_closed,reference_inferred
2026-04-27,TA125,global,W09,True,True,observed,reference_inferred
2026-04-28,TA125,global,W09,True,True,observed,reference_inferred
2026-04-29,TA125,global,W09,True,True,observed,reference_inferred
2026-04-30,TA125,global,W09,True,True,observed,reference_inferred
2026-05-01,TA125,global,W09,True,True,observed,reference_inferred
2026-05-02,TA125,global,W10,False,False,market_closed,reference_inferred
2026-05-03,TA125,global,W10,False,False,market_closed,reference_inferred
2026-05-04,TA125,global,W10,True,True,observed,reference_inferred
2026-05-05,TA125,global,W10,True,True,observed,reference_inferred
2026-05-06,TA125,global,W10,True,True,observed,reference_inferred
2026-05-07,TA125,global,W10,True,True,observed,reference_inferred
2026-05-08,TA125,global,W10,True,True,observed,reference_inferred
2026-05-09,TA125,global,W11,False,False,market_closed,reference_inferred
2026-05-10,TA125,global,W11,False,False,market_closed,reference_inferred
2026-05-11,TA125,global,W11,True,True,observed,reference_inferred
2026-05-12,TA125,global,W11,True,True,observed,reference_inferred
2026-05-13,TA125,global,W11,True,True,observed,reference_inferred
2026-05-14,TA125,global,W11,True,True,observed,reference_inferred
2026-05-15,TA125,global,W11,True,True,observed,reference_inferred
2026-05-16,TA125,global,W12,False,False,market_closed,reference_inferred
2026-05-17,TA125,global,W12,False,False,market_closed,reference_inferred
2026-05-18,TA125,global,W12,True,True,observed,reference_inferred
2026-05-19,TA125,global,W12,True,True,observed,reference_inferred
2026-05-20,TA125,global,W12,True,True,observed,reference_inferred
2026-05-21,TA125,global,W12,True,False,source_gap,reference_inferred
2026-05-22,TA125,global,W12,True,False,source_gap,reference_inferred
2026-05-23,TA125,global,W13,False,False,market_closed,reference_inferred
2026-05-24,TA125,global,W13,False,False,market_closed,reference_inferred
2026-05-25,TA125,global,W13,False,True,observed,reference_inferred
2026-05-26,TA125,global,W13,True,True,observed,reference_inferred
2026-05-27,TA125,global,W13,True,True,observed,reference_inferred
2026-05-28,TA125,global,W13,True,True,observed,reference_inferred
2026-05-29,TA125,global,W13,True,True,observed,reference_inferred
2026-05-30,TA125,global,W14,False,False,market_closed,reference_inferred
2026-05-31,TA125,global,W14,False,False,market_closed,reference_inferred
2026-06-01,TA125,global,W14,True,True,observed,reference_inferred
2026-06-02,TA125,global,W14,True,True,observed,reference_inferred
2026-06-03,TA125,global,W14,True,True,observed,reference_inferred
2026-06-04,TA125,global,W14,True,True,observed,reference_inferred
2026-06-05,TA125,global,W14,True,True,observed,reference_inferred
2026-06-06,TA125,global,W15,False,False,market_closed,reference_inferred
2026-06-07,TA125,global,W15,False,False,market_closed,reference_inferred
2026-06-08,TA125,global,W15,True,True,observed,reference_inferred
2026-06-09,TA125,global,W15,True,True,observed,reference_inferred
2026-06-10,TA125,global,W15,True,True,observed,reference_inferred
2026-06-11,TA125,global,W15,True,True,observed,reference_inferred
2026-06-12,TA125,global,W15,True,True,observed,reference_inferred
2026-06-13,TA125,global,W16,False,False,market_closed,reference_inferred
2026-06-14,TA125,global,W16,False,False,market_closed,reference_inferred
2026-06-15,TA125,global,W16,True,True,observed,reference_inferred
2026-06-16,TA125,global,W16,True,True,observed,reference_inferred
2026-06-17,TA125,global,W16,True,True,observed,reference_inferred
2026-06-18,TA125,global,W16,True,True,observed,reference_inferred
2026-06-19,TA125,global,W16,False,True,observed,reference_inferred
2026-06-20,TA125,global,W17,False,False,market_closed,reference_inferred
2026-06-21,TA125,global,W17,False,False,market_closed,reference_inferred
2026-06-22,TA125,global,W17,True,True,observed,reference_inferred
2026-06-23,TA125,global,W17,True,True,observed,reference_inferred
2026-06-24,TA125,global,W17,True,True,observed,reference_inferred
2026-06-25,TA125,global,W17,True,True,observed,reference_inferred
2026-06-26,TA125,global,W17,True,True,observed,reference_inferred
2026-06-27,TA125,global,W18,False,False,market_closed,reference_inferred
2026-06-28,TA125,global,W18,False,False,market_closed,reference_inferred
2026-06-29,TA125,global,W18,True,True,observed,reference_inferred
2026-06-30,TA125,global,W18,True,True,observed,reference_inferred
2026-07-01,TA125,global,W18,True,True,observed,reference_inferred
2026-07-02,TA125,global,W18,True,True,observed,reference_inferred
2026-07-03,TA125,global,W18,False,True,observed,reference_inferred
2026-07-04,TA125,global,W19,False,False,market_closed,reference_inferred
2026-07-05,TA125,global,W19,False,False,market_closed,reference_inferred
2026-07-06,TA125,global,W19,True,True,observed,reference_inferred
2026-07-07,TA125,global,W19,True,True,observed,reference_inferred
2026-07-08,TA125,global,W19,True,True,observed,reference_inferred
2026-07-09,TA125,global,W19,True,True,observed,reference_inferred
2026-07-10,TA125,global,W19,True,True,observed,reference_inferred
2026-07-11,TA125,global,W20,False,False,market_closed,reference_inferred
2026-07-12,TA125,global,W20,False,False,market_closed,reference_inferred
2026-07-13,TA125,global,W20,True,True,observed,reference_inferred
2026-07-14,TA125,global,W20,True,True,observed,reference_inferred
2026-07-15,TA125,global,W20,True,True,observed,reference_inferred
2026-07-16,TA125,global,W20,True,True,observed,reference_inferred
2026-07-17,TA125,global,W20,True,True,observed,reference_inferred
2026-07-18,TA125,global,W21,False,False,market_closed,reference_inferred
2026-07-19,TA125,global,W21,False,False,market_closed,reference_inferred
2026-07-20,TA125,global,W21,True,True,observed,reference_inferred
2026-07-21,TA125,global,W21,True,True,observed,reference_inferred
2026-07-22,TA125,global,W21,True,True,observed,reference_inferred
2026-02-28,TANKER_BASKET,global,W01,False,False,market_closed,reference_inferred
2026-03-01,TANKER_BASKET,global,W01,False,False,market_closed,reference_inferred
2026-03-02,TANKER_BASKET,global,W01,True,True,observed,reference_inferred
2026-03-03,TANKER_BASKET,global,W01,True,True,observed,reference_inferred
2026-03-04,TANKER_BASKET,global,W01,True,True,observed,reference_inferred
2026-03-05,TANKER_BASKET,global,W01,True,True,observed,reference_inferred
2026-03-06,TANKER_BASKET,global,W01,True,True,observed,reference_inferred
2026-03-07,TANKER_BASKET,global,W02,False,False,market_closed,reference_inferred
2026-03-08,TANKER_BASKET,global,W02,False,False,market_closed,reference_inferred
2026-03-09,TANKER_BASKET,global,W02,True,True,observed,reference_inferred
2026-03-10,TANKER_BASKET,global,W02,True,True,observed,reference_inferred
2026-03-11,TANKER_BASKET,global,W02,True,True,observed,reference_inferred
2026-03-12,TANKER_BASKET,global,W02,True,True,observed,reference_inferred
2026-03-13,TANKER_BASKET,global,W02,True,True,observed,reference_inferred
2026-03-14,TANKER_BASKET,global,W03,False,False,market_closed,reference_inferred
2026-03-15,TANKER_BASKET,global,W03,False,False,market_closed,reference_inferred
2026-03-16,TANKER_BASKET,global,W03,True,True,observed,reference_inferred
2026-03-17,TANKER_BASKET,global,W03,True,True,observed,reference_inferred
2026-03-18,TANKER_BASKET,global,W03,True,True,observed,reference_inferred
2026-03-19,TANKER_BASKET,global,W03,True,True,observed,reference_inferred
2026-03-20,TANKER_BASKET,global,W03,True,True,observed,reference_inferred
2026-03-21,TANKER_BASKET,global,W04,False,False,market_closed,reference_inferred
2026-03-22,TANKER_BASKET,global,W04,False,False,market_closed,reference_inferred
2026-03-23,TANKER_BASKET,global,W04,True,True,observed,reference_inferred
2026-03-24,TANKER_BASKET,global,W04,True,True,observed,reference_inferred
2026-03-25,TANKER_BASKET,global,W04,True,True,observed,reference_inferred
2026-03-26,TANKER_BASKET,global,W04,True,True,observed,reference_inferred
2026-03-27,TANKER_BASKET,global,W04,True,True,observed,reference_inferred
2026-03-28,TANKER_BASKET,global,W05,False,False,market_closed,reference_inferred
2026-03-29,TANKER_BASKET,global,W05,False,False,market_closed,reference_inferred
2026-03-30,TANKER_BASKET,global,W05,True,True,observed,reference_inferred
2026-03-31,TANKER_BASKET,global,W05,True,True,observed,reference_inferred
2026-04-01,TANKER_BASKET,global,W05,True,True,observed,reference_inferred
2026-04-02,TANKER_BASKET,global,W05,True,True,observed,reference_inferred
2026-04-03,TANKER_BASKET,global,W05,False,False,market_closed,reference_inferred
2026-04-04,TANKER_BASKET,global,W06,False,False,market_closed,reference_inferred
2026-04-05,TANKER_BASKET,global,W06,False,False,market_closed,reference_inferred
2026-04-06,TANKER_BASKET,global,W06,True,True,observed,reference_inferred
2026-04-07,TANKER_BASKET,global,W06,True,True,observed,reference_inferred
2026-04-08,TANKER_BASKET,global,W06,True,True,observed,reference_inferred
2026-04-09,TANKER_BASKET,global,W06,True,True,observed,reference_inferred
2026-04-10,TANKER_BASKET,global,W06,True,True,observed,reference_inferred
2026-04-11,TANKER_BASKET,global,W07,False,False,market_closed,reference_inferred
2026-04-12,TANKER_BASKET,global,W07,False,False,market_closed,reference_inferred
2026-04-13,TANKER_BASKET,global,W07,True,True,observed,reference_inferred
2026-04-14,TANKER_BASKET,global,W07,True,True,observed,reference_inferred
2026-04-15,TANKER_BASKET,global,W07,True,True,observed,reference_inferred
2026-04-16,TANKER_BASKET,global,W07,True,True,observed,reference_inferred
2026-04-17,TANKER_BASKET,global,W07,True,True,observed,reference_inferred
2026-04-18,TANKER_BASKET,global,W08,False,False,market_closed,reference_inferred
2026-04-19,TANKER_BASKET,global,W08,False,False,market_closed,reference_inferred
2026-04-20,TANKER_BASKET,global,W08,True,True,observed,reference_inferred
2026-04-21,TANKER_BASKET,global,W08,True,True,observed,reference_inferred
2026-04-22,TANKER_BASKET,global,W08,True,True,observed,reference_inferred
2026-04-23,TANKER_BASKET,global,W08,True,True,observed,reference_inferred
2026-04-24,TANKER_BASKET,global,W08,True,True,observed,reference_inferred
2026-04-25,TANKER_BASKET,global,W09,False,False,market_closed,reference_inferred
2026-04-26,TANKER_BASKET,global,W09,False,False,market_closed,reference_inferred
2026-04-27,TANKER_BASKET,global,W09,True,True,observed,reference_inferred
2026-04-28,TANKER_BASKET,global,W09,True,True,observed,reference_inferred
2026-04-29,TANKER_BASKET,global,W09,True,True,observed,reference_inferred
2026-04-30,TANKER_BASKET,global,W09,True,True,observed,reference_inferred
2026-05-01,TANKER_BASKET,global,W09,True,True,observed,reference_inferred
2026-05-02,TANKER_BASKET,global,W10,False,False,market_closed,reference_inferred
2026-05-03,TANKER_BASKET,global,W10,False,False,market_closed,reference_inferred
2026-05-04,TANKER_BASKET,global,W10,True,True,observed,reference_inferred
2026-05-05,TANKER_BASKET,global,W10,True,True,observed,reference_inferred
2026-05-06,TANKER_BASKET,global,W10,True,True,observed,reference_inferred
2026-05-07,TANKER_BASKET,global,W10,True,True,observed,reference_inferred
2026-05-08,TANKER_BASKET,global,W10,True,True,observed,reference_inferred
2026-05-09,TANKER_BASKET,global,W11,False,False,market_closed,reference_inferred
2026-05-10,TANKER_BASKET,global,W11,False,False,market_closed,reference_inferred
2026-05-11,TANKER_BASKET,global,W11,True,True,observed,reference_inferred
2026-05-12,TANKER_BASKET,global,W11,True,True,observed,reference_inferred
2026-05-13,TANKER_BASKET,global,W11,True,True,observed,reference_inferred
2026-05-14,TANKER_BASKET,global,W11,True,True,observed,reference_inferred
2026-05-15,TANKER_BASKET,global,W11,True,True,observed,reference_inferred
2026-05-16,TANKER_BASKET,global,W12,False,False,market_closed,reference_inferred
2026-05-17,TANKER_BASKET,global,W12,False,False,market_closed,reference_inferred
2026-05-18,TANKER_BASKET,global,W12,True,True,observed,reference_inferred
2026-05-19,TANKER_BASKET,global,W12,True,True,observed,reference_inferred
2026-05-20,TANKER_BASKET,global,W12,True,True,observed,reference_inferred
2026-05-21,TANKER_BASKET,global,W12,True,True,observed,reference_inferred
2026-05-22,TANKER_BASKET,global,W12,True,True,observed,reference_inferred
2026-05-23,TANKER_BASKET,global,W13,False,False,market_closed,reference_inferred
2026-05-24,TANKER_BASKET,global,W13,False,False,market_closed,reference_inferred
2026-05-25,TANKER_BASKET,global,W13,False,False,market_closed,reference_inferred
2026-05-26,TANKER_BASKET,global,W13,True,True,observed,reference_inferred
2026-05-27,TANKER_BASKET,global,W13,True,True,observed,reference_inferred
2026-05-28,TANKER_BASKET,global,W13,True,True,observed,reference_inferred
2026-05-29,TANKER_BASKET,global,W13,True,True,observed,reference_inferred
2026-05-30,TANKER_BASKET,global,W14,False,False,market_closed,reference_inferred
2026-05-31,TANKER_BASKET,global,W14,False,False,market_closed,reference_inferred
2026-06-01,TANKER_BASKET,global,W14,True,True,observed,reference_inferred
2026-06-02,TANKER_BASKET,global,W14,True,True,observed,reference_inferred
2026-06-03,TANKER_BASKET,global,W14,True,True,observed,reference_inferred
2026-06-04,TANKER_BASKET,global,W14,True,True,observed,reference_inferred
2026-06-05,TANKER_BASKET,global,W14,True,True,observed,reference_inferred
2026-06-06,TANKER_BASKET,global,W15,False,False,market_closed,reference_inferred
2026-06-07,TANKER_BASKET,global,W15,False,False,market_closed,reference_inferred
2026-06-08,TANKER_BASKET,global,W15,True,True,observed,reference_inferred
2026-06-09,TANKER_BASKET,global,W15,True,True,observed,reference_inferred
2026-06-10,TANKER_BASKET,global,W15,True,True,observed,reference_inferred
2026-06-11,TANKER_BASKET,global,W15,True,True,observed,reference_inferred
2026-06-12,TANKER_BASKET,global,W15,True,True,observed,reference_inferred
2026-06-13,TANKER_BASKET,global,W16,False,False,market_closed,reference_inferred
2026-06-14,TANKER_BASKET,global,W16,False,False,market_closed,reference_inferred
2026-06-15,TANKER_BASKET,global,W16,True,True,observed,reference_inferred
2026-06-16,TANKER_BASKET,global,W16,True,True,observed,reference_inferred
2026-06-17,TANKER_BASKET,global,W16,True,True,observed,reference_inferred
2026-06-18,TANKER_BASKET,global,W16,True,True,observed,reference_inferred
2026-06-19,TANKER_BASKET,global,W16,False,False,market_closed,reference_inferred
2026-06-20,TANKER_BASKET,global,W17,False,False,market_closed,reference_inferred
2026-06-21,TANKER_BASKET,global,W17,False,False,market_closed,reference_inferred
2026-06-22,TANKER_BASKET,global,W17,True,True,observed,reference_inferred
2026-06-23,TANKER_BASKET,global,W17,True,True,observed,reference_inferred
2026-06-24,TANKER_BASKET,global,W17,True,True,observed,reference_inferred
2026-06-25,TANKER_BASKET,global,W17,True,True,observed,reference_inferred
2026-06-26,TANKER_BASKET,global,W17,True,True,observed,reference_inferred
2026-06-27,TANKER_BASKET,global,W18,False,False,market_closed,reference_inferred
2026-06-28,TANKER_BASKET,global,W18,False,False,market_closed,reference_inferred
2026-06-29,TANKER_BASKET,global,W18,True,True,observed,reference_inferred
2026-06-30,TANKER_BASKET,global,W18,True,True,observed,reference_inferred
2026-07-01,TANKER_BASKET,global,W18,True,True,observed,reference_inferred
2026-07-02,TANKER_BASKET,global,W18,True,True,observed,reference_inferred
2026-07-03,TANKER_BASKET,global,W18,False,False,market_closed,reference_inferred
2026-07-04,TANKER_BASKET,global,W19,False,False,market_closed,reference_inferred
2026-07-05,TANKER_BASKET,global,W19,False,False,market_closed,reference_inferred
2026-07-06,TANKER_BASKET,global,W19,True,True,observed,reference_inferred
2026-07-07,TANKER_BASKET,global,W19,True,True,observed,reference_inferred
2026-07-08,TANKER_BASKET,global,W19,True,True,observed,reference_inferred
2026-07-09,TANKER_BASKET,global,W19,True,True,observed,reference_inferred
2026-07-10,TANKER_BASKET,global,W19,True,True,observed,reference_inferred
2026-07-11,TANKER_BASKET,global,W20,False,False,market_closed,reference_inferred
2026-07-12,TANKER_BASKET,global,W20,False,False,market_closed,reference_inferred
2026-07-13,TANKER_BASKET,global,W20,True,True,observed,reference_inferred
2026-07-14,TANKER_BASKET,global,W20,True,True,observed,reference_inferred
2026-07-15,TANKER_BASKET,global,W20,True,True,observed,reference_inferred
2026-07-16,TANKER_BASKET,global,W20,True,True,observed,reference_inferred
2026-07-17,TANKER_BASKET,global,W20,True,True,observed,reference_inferred
2026-07-18,TANKER_BASKET,global,W21,False,False,market_closed,reference_inferred
2026-07-19,TANKER_BASKET,global,W21,False,False,market_closed,reference_inferred
2026-07-20,TANKER_BASKET,global,W21,True,True,observed,reference_inferred
2026-07-21,TANKER_BASKET,global,W21,True,True,observed,reference_inferred
2026-07-22,TANKER_BASKET,global,W21,True,True,observed,reference_inferred
2026-02-28,TANKER_DHT,global,W01,False,False,market_closed,reference_inferred
2026-03-01,TANKER_DHT,global,W01,False,False,market_closed,reference_inferred
2026-03-02,TANKER_DHT,global,W01,True,True,observed,reference_inferred
2026-03-03,TANKER_DHT,global,W01,True,True,observed,reference_inferred
2026-03-04,TANKER_DHT,global,W01,True,True,observed,reference_inferred
2026-03-05,TANKER_DHT,global,W01,True,True,observed,reference_inferred
2026-03-06,TANKER_DHT,global,W01,True,True,observed,reference_inferred
2026-03-07,TANKER_DHT,global,W02,False,False,market_closed,reference_inferred
2026-03-08,TANKER_DHT,global,W02,False,False,market_closed,reference_inferred
2026-03-09,TANKER_DHT,global,W02,True,True,observed,reference_inferred
2026-03-10,TANKER_DHT,global,W02,True,True,observed,reference_inferred
2026-03-11,TANKER_DHT,global,W02,True,True,observed,reference_inferred
2026-03-12,TANKER_DHT,global,W02,True,True,observed,reference_inferred
2026-03-13,TANKER_DHT,global,W02,True,True,observed,reference_inferred
2026-03-14,TANKER_DHT,global,W03,False,False,market_closed,reference_inferred
2026-03-15,TANKER_DHT,global,W03,False,False,market_closed,reference_inferred
2026-03-16,TANKER_DHT,global,W03,True,True,observed,reference_inferred
2026-03-17,TANKER_DHT,global,W03,True,True,observed,reference_inferred
2026-03-18,TANKER_DHT,global,W03,True,True,observed,reference_inferred
2026-03-19,TANKER_DHT,global,W03,True,True,observed,reference_inferred
2026-03-20,TANKER_DHT,global,W03,True,True,observed,reference_inferred
2026-03-21,TANKER_DHT,global,W04,False,False,market_closed,reference_inferred
2026-03-22,TANKER_DHT,global,W04,False,False,market_closed,reference_inferred
2026-03-23,TANKER_DHT,global,W04,True,True,observed,reference_inferred
2026-03-24,TANKER_DHT,global,W04,True,True,observed,reference_inferred
2026-03-25,TANKER_DHT,global,W04,True,True,observed,reference_inferred
2026-03-26,TANKER_DHT,global,W04,True,True,observed,reference_inferred
2026-03-27,TANKER_DHT,global,W04,True,True,observed,reference_inferred
2026-03-28,TANKER_DHT,global,W05,False,False,market_closed,reference_inferred
2026-03-29,TANKER_DHT,global,W05,False,False,market_closed,reference_inferred
2026-03-30,TANKER_DHT,global,W05,True,True,observed,reference_inferred
2026-03-31,TANKER_DHT,global,W05,True,True,observed,reference_inferred
2026-04-01,TANKER_DHT,global,W05,True,True,observed,reference_inferred
2026-04-02,TANKER_DHT,global,W05,True,True,observed,reference_inferred
2026-04-03,TANKER_DHT,global,W05,False,False,market_closed,reference_inferred
2026-04-04,TANKER_DHT,global,W06,False,False,market_closed,reference_inferred
2026-04-05,TANKER_DHT,global,W06,False,False,market_closed,reference_inferred
2026-04-06,TANKER_DHT,global,W06,True,True,observed,reference_inferred
2026-04-07,TANKER_DHT,global,W06,True,True,observed,reference_inferred
2026-04-08,TANKER_DHT,global,W06,True,True,observed,reference_inferred
2026-04-09,TANKER_DHT,global,W06,True,True,observed,reference_inferred
2026-04-10,TANKER_DHT,global,W06,True,True,observed,reference_inferred
2026-04-11,TANKER_DHT,global,W07,False,False,market_closed,reference_inferred
2026-04-12,TANKER_DHT,global,W07,False,False,market_closed,reference_inferred
2026-04-13,TANKER_DHT,global,W07,True,True,observed,reference_inferred
2026-04-14,TANKER_DHT,global,W07,True,True,observed,reference_inferred
2026-04-15,TANKER_DHT,global,W07,True,True,observed,reference_inferred
2026-04-16,TANKER_DHT,global,W07,True,True,observed,reference_inferred
2026-04-17,TANKER_DHT,global,W07,True,True,observed,reference_inferred
2026-04-18,TANKER_DHT,global,W08,False,False,market_closed,reference_inferred
2026-04-19,TANKER_DHT,global,W08,False,False,market_closed,reference_inferred
2026-04-20,TANKER_DHT,global,W08,True,True,observed,reference_inferred
2026-04-21,TANKER_DHT,global,W08,True,True,observed,reference_inferred
2026-04-22,TANKER_DHT,global,W08,True,True,observed,reference_inferred
2026-04-23,TANKER_DHT,global,W08,True,True,observed,reference_inferred
2026-04-24,TANKER_DHT,global,W08,True,True,observed,reference_inferred
2026-04-25,TANKER_DHT,global,W09,False,False,market_closed,reference_inferred
2026-04-26,TANKER_DHT,global,W09,False,False,market_closed,reference_inferred
2026-04-27,TANKER_DHT,global,W09,True,True,observed,reference_inferred
2026-04-28,TANKER_DHT,global,W09,True,True,observed,reference_inferred
2026-04-29,TANKER_DHT,global,W09,True,True,observed,reference_inferred
2026-04-30,TANKER_DHT,global,W09,True,True,observed,reference_inferred
2026-05-01,TANKER_DHT,global,W09,True,True,observed,reference_inferred
2026-05-02,TANKER_DHT,global,W10,False,False,market_closed,reference_inferred
2026-05-03,TANKER_DHT,global,W10,False,False,market_closed,reference_inferred
2026-05-04,TANKER_DHT,global,W10,True,True,observed,reference_inferred
2026-05-05,TANKER_DHT,global,W10,True,True,observed,reference_inferred
2026-05-06,TANKER_DHT,global,W10,True,True,observed,reference_inferred
2026-05-07,TANKER_DHT,global,W10,True,True,observed,reference_inferred
2026-05-08,TANKER_DHT,global,W10,True,True,observed,reference_inferred
2026-05-09,TANKER_DHT,global,W11,False,False,market_closed,reference_inferred
2026-05-10,TANKER_DHT,global,W11,False,False,market_closed,reference_inferred
2026-05-11,TANKER_DHT,global,W11,True,True,observed,reference_inferred
2026-05-12,TANKER_DHT,global,W11,True,True,observed,reference_inferred
2026-05-13,TANKER_DHT,global,W11,True,True,observed,reference_inferred
2026-05-14,TANKER_DHT,global,W11,True,True,observed,reference_inferred
2026-05-15,TANKER_DHT,global,W11,True,True,observed,reference_inferred
2026-05-16,TANKER_DHT,global,W12,False,False,market_closed,reference_inferred
2026-05-17,TANKER_DHT,global,W12,False,False,market_closed,reference_inferred
2026-05-18,TANKER_DHT,global,W12,True,True,observed,reference_inferred
2026-05-19,TANKER_DHT,global,W12,True,True,observed,reference_inferred
2026-05-20,TANKER_DHT,global,W12,True,True,observed,reference_inferred
2026-05-21,TANKER_DHT,global,W12,True,True,observed,reference_inferred
2026-05-22,TANKER_DHT,global,W12,True,True,observed,reference_inferred
2026-05-23,TANKER_DHT,global,W13,False,False,market_closed,reference_inferred
2026-05-24,TANKER_DHT,global,W13,False,False,market_closed,reference_inferred
2026-05-25,TANKER_DHT,global,W13,False,False,market_closed,reference_inferred
2026-05-26,TANKER_DHT,global,W13,True,True,observed,reference_inferred
2026-05-27,TANKER_DHT,global,W13,True,True,observed,reference_inferred
2026-05-28,TANKER_DHT,global,W13,True,True,observed,reference_inferred
2026-05-29,TANKER_DHT,global,W13,True,True,observed,reference_inferred
2026-05-30,TANKER_DHT,global,W14,False,False,market_closed,reference_inferred
2026-05-31,TANKER_DHT,global,W14,False,False,market_closed,reference_inferred
2026-06-01,TANKER_DHT,global,W14,True,True,observed,reference_inferred
2026-06-02,TANKER_DHT,global,W14,True,True,observed,reference_inferred
2026-06-03,TANKER_DHT,global,W14,True,True,observed,reference_inferred
2026-06-04,TANKER_DHT,global,W14,True,True,observed,reference_inferred
2026-06-05,TANKER_DHT,global,W14,True,True,observed,reference_inferred
2026-06-06,TANKER_DHT,global,W15,False,False,market_closed,reference_inferred
2026-06-07,TANKER_DHT,global,W15,False,False,market_closed,reference_inferred
2026-06-08,TANKER_DHT,global,W15,True,True,observed,reference_inferred
2026-06-09,TANKER_DHT,global,W15,True,True,observed,reference_inferred
2026-06-10,TANKER_DHT,global,W15,True,True,observed,reference_inferred
2026-06-11,TANKER_DHT,global,W15,True,True,observed,reference_inferred
2026-06-12,TANKER_DHT,global,W15,True,True,observed,reference_inferred
2026-06-13,TANKER_DHT,global,W16,False,False,market_closed,reference_inferred
2026-06-14,TANKER_DHT,global,W16,False,False,market_closed,reference_inferred
2026-06-15,TANKER_DHT,global,W16,True,True,observed,reference_inferred
2026-06-16,TANKER_DHT,global,W16,True,True,observed,reference_inferred
2026-06-17,TANKER_DHT,global,W16,True,True,observed,reference_inferred
2026-06-18,TANKER_DHT,global,W16,True,True,observed,reference_inferred
2026-06-19,TANKER_DHT,global,W16,False,False,market_closed,reference_inferred
2026-06-20,TANKER_DHT,global,W17,False,False,market_closed,reference_inferred
2026-06-21,TANKER_DHT,global,W17,False,False,market_closed,reference_inferred
2026-06-22,TANKER_DHT,global,W17,True,True,observed,reference_inferred
2026-06-23,TANKER_DHT,global,W17,True,True,observed,reference_inferred
2026-06-24,TANKER_DHT,global,W17,True,True,observed,reference_inferred
2026-06-25,TANKER_DHT,global,W17,True,True,observed,reference_inferred
2026-06-26,TANKER_DHT,global,W17,True,True,observed,reference_inferred
2026-06-27,TANKER_DHT,global,W18,False,False,market_closed,reference_inferred
2026-06-28,TANKER_DHT,global,W18,False,False,market_closed,reference_inferred
2026-06-29,TANKER_DHT,global,W18,True,True,observed,reference_inferred
2026-06-30,TANKER_DHT,global,W18,True,True,observed,reference_inferred
2026-07-01,TANKER_DHT,global,W18,True,True,observed,reference_inferred
2026-07-02,TANKER_DHT,global,W18,True,True,observed,reference_inferred
2026-07-03,TANKER_DHT,global,W18,False,False,market_closed,reference_inferred
2026-07-04,TANKER_DHT,global,W19,False,False,market_closed,reference_inferred
2026-07-05,TANKER_DHT,global,W19,False,False,market_closed,reference_inferred
2026-07-06,TANKER_DHT,global,W19,True,True,observed,reference_inferred
2026-07-07,TANKER_DHT,global,W19,True,True,observed,reference_inferred
2026-07-08,TANKER_DHT,global,W19,True,True,observed,reference_inferred
2026-07-09,TANKER_DHT,global,W19,True,True,observed,reference_inferred
2026-07-10,TANKER_DHT,global,W19,True,True,observed,reference_inferred
2026-07-11,TANKER_DHT,global,W20,False,False,market_closed,reference_inferred
2026-07-12,TANKER_DHT,global,W20,False,False,market_closed,reference_inferred
2026-07-13,TANKER_DHT,global,W20,True,True,observed,reference_inferred
2026-07-14,TANKER_DHT,global,W20,True,True,observed,reference_inferred
2026-07-15,TANKER_DHT,global,W20,True,True,observed,reference_inferred
2026-07-16,TANKER_DHT,global,W20,True,True,observed,reference_inferred
2026-07-17,TANKER_DHT,global,W20,True,True,observed,reference_inferred
2026-07-18,TANKER_DHT,global,W21,False,False,market_closed,reference_inferred
2026-07-19,TANKER_DHT,global,W21,False,False,market_closed,reference_inferred
2026-07-20,TANKER_DHT,global,W21,True,True,observed,reference_inferred
2026-07-21,TANKER_DHT,global,W21,True,True,observed,reference_inferred
2026-07-22,TANKER_DHT,global,W21,True,True,observed,reference_inferred
2026-02-28,TANKER_FRO,global,W01,False,False,market_closed,reference_inferred
2026-03-01,TANKER_FRO,global,W01,False,False,market_closed,reference_inferred
2026-03-02,TANKER_FRO,global,W01,True,True,observed,reference_inferred
2026-03-03,TANKER_FRO,global,W01,True,True,observed,reference_inferred
2026-03-04,TANKER_FRO,global,W01,True,True,observed,reference_inferred
2026-03-05,TANKER_FRO,global,W01,True,True,observed,reference_inferred
2026-03-06,TANKER_FRO,global,W01,True,True,observed,reference_inferred
2026-03-07,TANKER_FRO,global,W02,False,False,market_closed,reference_inferred
2026-03-08,TANKER_FRO,global,W02,False,False,market_closed,reference_inferred
2026-03-09,TANKER_FRO,global,W02,True,True,observed,reference_inferred
2026-03-10,TANKER_FRO,global,W02,True,True,observed,reference_inferred
2026-03-11,TANKER_FRO,global,W02,True,True,observed,reference_inferred
2026-03-12,TANKER_FRO,global,W02,True,True,observed,reference_inferred
2026-03-13,TANKER_FRO,global,W02,True,True,observed,reference_inferred
2026-03-14,TANKER_FRO,global,W03,False,False,market_closed,reference_inferred
2026-03-15,TANKER_FRO,global,W03,False,False,market_closed,reference_inferred
2026-03-16,TANKER_FRO,global,W03,True,True,observed,reference_inferred
2026-03-17,TANKER_FRO,global,W03,True,True,observed,reference_inferred
2026-03-18,TANKER_FRO,global,W03,True,True,observed,reference_inferred
2026-03-19,TANKER_FRO,global,W03,True,True,observed,reference_inferred
2026-03-20,TANKER_FRO,global,W03,True,True,observed,reference_inferred
2026-03-21,TANKER_FRO,global,W04,False,False,market_closed,reference_inferred
2026-03-22,TANKER_FRO,global,W04,False,False,market_closed,reference_inferred
2026-03-23,TANKER_FRO,global,W04,True,True,observed,reference_inferred
2026-03-24,TANKER_FRO,global,W04,True,True,observed,reference_inferred
2026-03-25,TANKER_FRO,global,W04,True,True,observed,reference_inferred
2026-03-26,TANKER_FRO,global,W04,True,True,observed,reference_inferred
2026-03-27,TANKER_FRO,global,W04,True,True,observed,reference_inferred
2026-03-28,TANKER_FRO,global,W05,False,False,market_closed,reference_inferred
2026-03-29,TANKER_FRO,global,W05,False,False,market_closed,reference_inferred
2026-03-30,TANKER_FRO,global,W05,True,True,observed,reference_inferred
2026-03-31,TANKER_FRO,global,W05,True,True,observed,reference_inferred
2026-04-01,TANKER_FRO,global,W05,True,True,observed,reference_inferred
2026-04-02,TANKER_FRO,global,W05,True,True,observed,reference_inferred
2026-04-03,TANKER_FRO,global,W05,False,False,market_closed,reference_inferred
2026-04-04,TANKER_FRO,global,W06,False,False,market_closed,reference_inferred
2026-04-05,TANKER_FRO,global,W06,False,False,market_closed,reference_inferred
2026-04-06,TANKER_FRO,global,W06,True,True,observed,reference_inferred
2026-04-07,TANKER_FRO,global,W06,True,True,observed,reference_inferred
2026-04-08,TANKER_FRO,global,W06,True,True,observed,reference_inferred
2026-04-09,TANKER_FRO,global,W06,True,True,observed,reference_inferred
2026-04-10,TANKER_FRO,global,W06,True,True,observed,reference_inferred
2026-04-11,TANKER_FRO,global,W07,False,False,market_closed,reference_inferred
2026-04-12,TANKER_FRO,global,W07,False,False,market_closed,reference_inferred
2026-04-13,TANKER_FRO,global,W07,True,True,observed,reference_inferred
2026-04-14,TANKER_FRO,global,W07,True,True,observed,reference_inferred
2026-04-15,TANKER_FRO,global,W07,True,True,observed,reference_inferred
2026-04-16,TANKER_FRO,global,W07,True,True,observed,reference_inferred
2026-04-17,TANKER_FRO,global,W07,True,True,observed,reference_inferred
2026-04-18,TANKER_FRO,global,W08,False,False,market_closed,reference_inferred
2026-04-19,TANKER_FRO,global,W08,False,False,market_closed,reference_inferred
2026-04-20,TANKER_FRO,global,W08,True,True,observed,reference_inferred
2026-04-21,TANKER_FRO,global,W08,True,True,observed,reference_inferred
2026-04-22,TANKER_FRO,global,W08,True,True,observed,reference_inferred
2026-04-23,TANKER_FRO,global,W08,True,True,observed,reference_inferred
2026-04-24,TANKER_FRO,global,W08,True,True,observed,reference_inferred
2026-04-25,TANKER_FRO,global,W09,False,False,market_closed,reference_inferred
2026-04-26,TANKER_FRO,global,W09,False,False,market_closed,reference_inferred
2026-04-27,TANKER_FRO,global,W09,True,True,observed,reference_inferred
2026-04-28,TANKER_FRO,global,W09,True,True,observed,reference_inferred
2026-04-29,TANKER_FRO,global,W09,True,True,observed,reference_inferred
2026-04-30,TANKER_FRO,global,W09,True,True,observed,reference_inferred
2026-05-01,TANKER_FRO,global,W09,True,True,observed,reference_inferred
2026-05-02,TANKER_FRO,global,W10,False,False,market_closed,reference_inferred
2026-05-03,TANKER_FRO,global,W10,False,False,market_closed,reference_inferred
2026-05-04,TANKER_FRO,global,W10,True,True,observed,reference_inferred
2026-05-05,TANKER_FRO,global,W10,True,True,observed,reference_inferred
2026-05-06,TANKER_FRO,global,W10,True,True,observed,reference_inferred
2026-05-07,TANKER_FRO,global,W10,True,True,observed,reference_inferred
2026-05-08,TANKER_FRO,global,W10,True,True,observed,reference_inferred
2026-05-09,TANKER_FRO,global,W11,False,False,market_closed,reference_inferred
2026-05-10,TANKER_FRO,global,W11,False,False,market_closed,reference_inferred
2026-05-11,TANKER_FRO,global,W11,True,True,observed,reference_inferred
2026-05-12,TANKER_FRO,global,W11,True,True,observed,reference_inferred
2026-05-13,TANKER_FRO,global,W11,True,True,observed,reference_inferred
2026-05-14,TANKER_FRO,global,W11,True,True,observed,reference_inferred
2026-05-15,TANKER_FRO,global,W11,True,True,observed,reference_inferred
2026-05-16,TANKER_FRO,global,W12,False,False,market_closed,reference_inferred
2026-05-17,TANKER_FRO,global,W12,False,False,market_closed,reference_inferred
2026-05-18,TANKER_FRO,global,W12,True,True,observed,reference_inferred
2026-05-19,TANKER_FRO,global,W12,True,True,observed,reference_inferred
2026-05-20,TANKER_FRO,global,W12,True,True,observed,reference_inferred
2026-05-21,TANKER_FRO,global,W12,True,True,observed,reference_inferred
2026-05-22,TANKER_FRO,global,W12,True,True,observed,reference_inferred
2026-05-23,TANKER_FRO,global,W13,False,False,market_closed,reference_inferred
2026-05-24,TANKER_FRO,global,W13,False,False,market_closed,reference_inferred
2026-05-25,TANKER_FRO,global,W13,False,False,market_closed,reference_inferred
2026-05-26,TANKER_FRO,global,W13,True,True,observed,reference_inferred
2026-05-27,TANKER_FRO,global,W13,True,True,observed,reference_inferred
2026-05-28,TANKER_FRO,global,W13,True,True,observed,reference_inferred
2026-05-29,TANKER_FRO,global,W13,True,True,observed,reference_inferred
2026-05-30,TANKER_FRO,global,W14,False,False,market_closed,reference_inferred
2026-05-31,TANKER_FRO,global,W14,False,False,market_closed,reference_inferred
2026-06-01,TANKER_FRO,global,W14,True,True,observed,reference_inferred
2026-06-02,TANKER_FRO,global,W14,True,True,observed,reference_inferred
2026-06-03,TANKER_FRO,global,W14,True,True,observed,reference_inferred
2026-06-04,TANKER_FRO,global,W14,True,True,observed,reference_inferred
2026-06-05,TANKER_FRO,global,W14,True,True,observed,reference_inferred
2026-06-06,TANKER_FRO,global,W15,False,False,market_closed,reference_inferred
2026-06-07,TANKER_FRO,global,W15,False,False,market_closed,reference_inferred
2026-06-08,TANKER_FRO,global,W15,True,True,observed,reference_inferred
2026-06-09,TANKER_FRO,global,W15,True,True,observed,reference_inferred
2026-06-10,TANKER_FRO,global,W15,True,True,observed,reference_inferred
2026-06-11,TANKER_FRO,global,W15,True,True,observed,reference_inferred
2026-06-12,TANKER_FRO,global,W15,True,True,observed,reference_inferred
2026-06-13,TANKER_FRO,global,W16,False,False,market_closed,reference_inferred
2026-06-14,TANKER_FRO,global,W16,False,False,market_closed,reference_inferred
2026-06-15,TANKER_FRO,global,W16,True,True,observed,reference_inferred
2026-06-16,TANKER_FRO,global,W16,True,True,observed,reference_inferred
2026-06-17,TANKER_FRO,global,W16,True,True,observed,reference_inferred
2026-06-18,TANKER_FRO,global,W16,True,True,observed,reference_inferred
2026-06-19,TANKER_FRO,global,W16,False,False,market_closed,reference_inferred
2026-06-20,TANKER_FRO,global,W17,False,False,market_closed,reference_inferred
2026-06-21,TANKER_FRO,global,W17,False,False,market_closed,reference_inferred
2026-06-22,TANKER_FRO,global,W17,True,True,observed,reference_inferred
2026-06-23,TANKER_FRO,global,W17,True,True,observed,reference_inferred
2026-06-24,TANKER_FRO,global,W17,True,True,observed,reference_inferred
2026-06-25,TANKER_FRO,global,W17,True,True,observed,reference_inferred
2026-06-26,TANKER_FRO,global,W17,True,True,observed,reference_inferred
2026-06-27,TANKER_FRO,global,W18,False,False,market_closed,reference_inferred
2026-06-28,TANKER_FRO,global,W18,False,False,market_closed,reference_inferred
2026-06-29,TANKER_FRO,global,W18,True,True,observed,reference_inferred
2026-06-30,TANKER_FRO,global,W18,True,True,observed,reference_inferred
2026-07-01,TANKER_FRO,global,W18,True,True,observed,reference_inferred
2026-07-02,TANKER_FRO,global,W18,True,True,observed,reference_inferred
2026-07-03,TANKER_FRO,global,W18,False,False,market_closed,reference_inferred
2026-07-04,TANKER_FRO,global,W19,False,False,market_closed,reference_inferred
2026-07-05,TANKER_FRO,global,W19,False,False,market_closed,reference_inferred
2026-07-06,TANKER_FRO,global,W19,True,True,observed,reference_inferred
2026-07-07,TANKER_FRO,global,W19,True,True,observed,reference_inferred
2026-07-08,TANKER_FRO,global,W19,True,True,observed,reference_inferred
2026-07-09,TANKER_FRO,global,W19,True,True,observed,reference_inferred
2026-07-10,TANKER_FRO,global,W19,True,True,observed,reference_inferred
2026-07-11,TANKER_FRO,global,W20,False,False,market_closed,reference_inferred
2026-07-12,TANKER_FRO,global,W20,False,False,market_closed,reference_inferred
2026-07-13,TANKER_FRO,global,W20,True,True,observed,reference_inferred
2026-07-14,TANKER_FRO,global,W20,True,True,observed,reference_inferred
2026-07-15,TANKER_FRO,global,W20,True,True,observed,reference_inferred
2026-07-16,TANKER_FRO,global,W20,True,True,observed,reference_inferred
2026-07-17,TANKER_FRO,global,W20,True,True,observed,reference_inferred
2026-07-18,TANKER_FRO,global,W21,False,False,market_closed,reference_inferred
2026-07-19,TANKER_FRO,global,W21,False,False,market_closed,reference_inferred
2026-07-20,TANKER_FRO,global,W21,True,True,observed,reference_inferred
2026-07-21,TANKER_FRO,global,W21,True,True,observed,reference_inferred
2026-07-22,TANKER_FRO,global,W21,True,True,observed,reference_inferred
2026-02-28,TANKER_STNG,global,W01,False,False,market_closed,reference_inferred
2026-03-01,TANKER_STNG,global,W01,False,False,market_closed,reference_inferred
2026-03-02,TANKER_STNG,global,W01,True,True,observed,reference_inferred
2026-03-03,TANKER_STNG,global,W01,True,True,observed,reference_inferred
2026-03-04,TANKER_STNG,global,W01,True,True,observed,reference_inferred
2026-03-05,TANKER_STNG,global,W01,True,True,observed,reference_inferred
2026-03-06,TANKER_STNG,global,W01,True,True,observed,reference_inferred
2026-03-07,TANKER_STNG,global,W02,False,False,market_closed,reference_inferred
2026-03-08,TANKER_STNG,global,W02,False,False,market_closed,reference_inferred
2026-03-09,TANKER_STNG,global,W02,True,True,observed,reference_inferred
2026-03-10,TANKER_STNG,global,W02,True,True,observed,reference_inferred
2026-03-11,TANKER_STNG,global,W02,True,True,observed,reference_inferred
2026-03-12,TANKER_STNG,global,W02,True,True,observed,reference_inferred
2026-03-13,TANKER_STNG,global,W02,True,True,observed,reference_inferred
2026-03-14,TANKER_STNG,global,W03,False,False,market_closed,reference_inferred
2026-03-15,TANKER_STNG,global,W03,False,False,market_closed,reference_inferred
2026-03-16,TANKER_STNG,global,W03,True,True,observed,reference_inferred
2026-03-17,TANKER_STNG,global,W03,True,True,observed,reference_inferred
2026-03-18,TANKER_STNG,global,W03,True,True,observed,reference_inferred
2026-03-19,TANKER_STNG,global,W03,True,True,observed,reference_inferred
2026-03-20,TANKER_STNG,global,W03,True,True,observed,reference_inferred
2026-03-21,TANKER_STNG,global,W04,False,False,market_closed,reference_inferred
2026-03-22,TANKER_STNG,global,W04,False,False,market_closed,reference_inferred
2026-03-23,TANKER_STNG,global,W04,True,True,observed,reference_inferred
2026-03-24,TANKER_STNG,global,W04,True,True,observed,reference_inferred
2026-03-25,TANKER_STNG,global,W04,True,True,observed,reference_inferred
2026-03-26,TANKER_STNG,global,W04,True,True,observed,reference_inferred
2026-03-27,TANKER_STNG,global,W04,True,True,observed,reference_inferred
2026-03-28,TANKER_STNG,global,W05,False,False,market_closed,reference_inferred
2026-03-29,TANKER_STNG,global,W05,False,False,market_closed,reference_inferred
2026-03-30,TANKER_STNG,global,W05,True,True,observed,reference_inferred
2026-03-31,TANKER_STNG,global,W05,True,True,observed,reference_inferred
2026-04-01,TANKER_STNG,global,W05,True,True,observed,reference_inferred
2026-04-02,TANKER_STNG,global,W05,True,True,observed,reference_inferred
2026-04-03,TANKER_STNG,global,W05,False,False,market_closed,reference_inferred
2026-04-04,TANKER_STNG,global,W06,False,False,market_closed,reference_inferred
2026-04-05,TANKER_STNG,global,W06,False,False,market_closed,reference_inferred
2026-04-06,TANKER_STNG,global,W06,True,True,observed,reference_inferred
2026-04-07,TANKER_STNG,global,W06,True,True,observed,reference_inferred
2026-04-08,TANKER_STNG,global,W06,True,True,observed,reference_inferred
2026-04-09,TANKER_STNG,global,W06,True,True,observed,reference_inferred
2026-04-10,TANKER_STNG,global,W06,True,True,observed,reference_inferred
2026-04-11,TANKER_STNG,global,W07,False,False,market_closed,reference_inferred
2026-04-12,TANKER_STNG,global,W07,False,False,market_closed,reference_inferred
2026-04-13,TANKER_STNG,global,W07,True,True,observed,reference_inferred
2026-04-14,TANKER_STNG,global,W07,True,True,observed,reference_inferred
2026-04-15,TANKER_STNG,global,W07,True,True,observed,reference_inferred
2026-04-16,TANKER_STNG,global,W07,True,True,observed,reference_inferred
2026-04-17,TANKER_STNG,global,W07,True,True,observed,reference_inferred
2026-04-18,TANKER_STNG,global,W08,False,False,market_closed,reference_inferred
2026-04-19,TANKER_STNG,global,W08,False,False,market_closed,reference_inferred
2026-04-20,TANKER_STNG,global,W08,True,True,observed,reference_inferred
2026-04-21,TANKER_STNG,global,W08,True,True,observed,reference_inferred
2026-04-22,TANKER_STNG,global,W08,True,True,observed,reference_inferred
2026-04-23,TANKER_STNG,global,W08,True,True,observed,reference_inferred
2026-04-24,TANKER_STNG,global,W08,True,True,observed,reference_inferred
2026-04-25,TANKER_STNG,global,W09,False,False,market_closed,reference_inferred
2026-04-26,TANKER_STNG,global,W09,False,False,market_closed,reference_inferred
2026-04-27,TANKER_STNG,global,W09,True,True,observed,reference_inferred
2026-04-28,TANKER_STNG,global,W09,True,True,observed,reference_inferred
2026-04-29,TANKER_STNG,global,W09,True,True,observed,reference_inferred
2026-04-30,TANKER_STNG,global,W09,True,True,observed,reference_inferred
2026-05-01,TANKER_STNG,global,W09,True,True,observed,reference_inferred
2026-05-02,TANKER_STNG,global,W10,False,False,market_closed,reference_inferred
2026-05-03,TANKER_STNG,global,W10,False,False,market_closed,reference_inferred
2026-05-04,TANKER_STNG,global,W10,True,True,observed,reference_inferred
2026-05-05,TANKER_STNG,global,W10,True,True,observed,reference_inferred
2026-05-06,TANKER_STNG,global,W10,True,True,observed,reference_inferred
2026-05-07,TANKER_STNG,global,W10,True,True,observed,reference_inferred
2026-05-08,TANKER_STNG,global,W10,True,True,observed,reference_inferred
2026-05-09,TANKER_STNG,global,W11,False,False,market_closed,reference_inferred
2026-05-10,TANKER_STNG,global,W11,False,False,market_closed,reference_inferred
2026-05-11,TANKER_STNG,global,W11,True,True,observed,reference_inferred
2026-05-12,TANKER_STNG,global,W11,True,True,observed,reference_inferred
2026-05-13,TANKER_STNG,global,W11,True,True,observed,reference_inferred
2026-05-14,TANKER_STNG,global,W11,True,True,observed,reference_inferred
2026-05-15,TANKER_STNG,global,W11,True,True,observed,reference_inferred
2026-05-16,TANKER_STNG,global,W12,False,False,market_closed,reference_inferred
2026-05-17,TANKER_STNG,global,W12,False,False,market_closed,reference_inferred
2026-05-18,TANKER_STNG,global,W12,True,True,observed,reference_inferred
2026-05-19,TANKER_STNG,global,W12,True,True,observed,reference_inferred
2026-05-20,TANKER_STNG,global,W12,True,True,observed,reference_inferred
2026-05-21,TANKER_STNG,global,W12,True,True,observed,reference_inferred
2026-05-22,TANKER_STNG,global,W12,True,True,observed,reference_inferred
2026-05-23,TANKER_STNG,global,W13,False,False,market_closed,reference_inferred
2026-05-24,TANKER_STNG,global,W13,False,False,market_closed,reference_inferred
2026-05-25,TANKER_STNG,global,W13,False,False,market_closed,reference_inferred
2026-05-26,TANKER_STNG,global,W13,True,True,observed,reference_inferred
2026-05-27,TANKER_STNG,global,W13,True,True,observed,reference_inferred
2026-05-28,TANKER_STNG,global,W13,True,True,observed,reference_inferred
2026-05-29,TANKER_STNG,global,W13,True,True,observed,reference_inferred
2026-05-30,TANKER_STNG,global,W14,False,False,market_closed,reference_inferred
2026-05-31,TANKER_STNG,global,W14,False,False,market_closed,reference_inferred
2026-06-01,TANKER_STNG,global,W14,True,True,observed,reference_inferred
2026-06-02,TANKER_STNG,global,W14,True,True,observed,reference_inferred
2026-06-03,TANKER_STNG,global,W14,True,True,observed,reference_inferred
2026-06-04,TANKER_STNG,global,W14,True,True,observed,reference_inferred
2026-06-05,TANKER_STNG,global,W14,True,True,observed,reference_inferred
2026-06-06,TANKER_STNG,global,W15,False,False,market_closed,reference_inferred
2026-06-07,TANKER_STNG,global,W15,False,False,market_closed,reference_inferred
2026-06-08,TANKER_STNG,global,W15,True,True,observed,reference_inferred
2026-06-09,TANKER_STNG,global,W15,True,True,observed,reference_inferred
2026-06-10,TANKER_STNG,global,W15,True,True,observed,reference_inferred
2026-06-11,TANKER_STNG,global,W15,True,True,observed,reference_inferred
2026-06-12,TANKER_STNG,global,W15,True,True,observed,reference_inferred
2026-06-13,TANKER_STNG,global,W16,False,False,market_closed,reference_inferred
2026-06-14,TANKER_STNG,global,W16,False,False,market_closed,reference_inferred
2026-06-15,TANKER_STNG,global,W16,True,True,observed,reference_inferred
2026-06-16,TANKER_STNG,global,W16,True,True,observed,reference_inferred
2026-06-17,TANKER_STNG,global,W16,True,True,observed,reference_inferred
2026-06-18,TANKER_STNG,global,W16,True,True,observed,reference_inferred
2026-06-19,TANKER_STNG,global,W16,False,False,market_closed,reference_inferred
2026-06-20,TANKER_STNG,global,W17,False,False,market_closed,reference_inferred
2026-06-21,TANKER_STNG,global,W17,False,False,market_closed,reference_inferred
2026-06-22,TANKER_STNG,global,W17,True,True,observed,reference_inferred
2026-06-23,TANKER_STNG,global,W17,True,True,observed,reference_inferred
2026-06-24,TANKER_STNG,global,W17,True,True,observed,reference_inferred
2026-06-25,TANKER_STNG,global,W17,True,True,observed,reference_inferred
2026-06-26,TANKER_STNG,global,W17,True,True,observed,reference_inferred
2026-06-27,TANKER_STNG,global,W18,False,False,market_closed,reference_inferred
2026-06-28,TANKER_STNG,global,W18,False,False,market_closed,reference_inferred
2026-06-29,TANKER_STNG,global,W18,True,True,observed,reference_inferred
2026-06-30,TANKER_STNG,global,W18,True,True,observed,reference_inferred
2026-07-01,TANKER_STNG,global,W18,True,True,observed,reference_inferred
2026-07-02,TANKER_STNG,global,W18,True,True,observed,reference_inferred
2026-07-03,TANKER_STNG,global,W18,False,False,market_closed,reference_inferred
2026-07-04,TANKER_STNG,global,W19,False,False,market_closed,reference_inferred
2026-07-05,TANKER_STNG,global,W19,False,False,market_closed,reference_inferred
2026-07-06,TANKER_STNG,global,W19,True,True,observed,reference_inferred
2026-07-07,TANKER_STNG,global,W19,True,True,observed,reference_inferred
2026-07-08,TANKER_STNG,global,W19,True,True,observed,reference_inferred
2026-07-09,TANKER_STNG,global,W19,True,True,observed,reference_inferred
2026-07-10,TANKER_STNG,global,W19,True,True,observed,reference_inferred
2026-07-11,TANKER_STNG,global,W20,False,False,market_closed,reference_inferred
2026-07-12,TANKER_STNG,global,W20,False,False,market_closed,reference_inferred
2026-07-13,TANKER_STNG,global,W20,True,True,observed,reference_inferred
2026-07-14,TANKER_STNG,global,W20,True,True,observed,reference_inferred
2026-07-15,TANKER_STNG,global,W20,True,True,observed,reference_inferred
2026-07-16,TANKER_STNG,global,W20,True,True,observed,reference_inferred
2026-07-17,TANKER_STNG,global,W20,True,True,observed,reference_inferred
2026-07-18,TANKER_STNG,global,W21,False,False,market_closed,reference_inferred
2026-07-19,TANKER_STNG,global,W21,False,False,market_closed,reference_inferred
2026-07-20,TANKER_STNG,global,W21,True,True,observed,reference_inferred
2026-07-21,TANKER_STNG,global,W21,True,True,observed,reference_inferred
2026-07-22,TANKER_STNG,global,W21,True,True,observed,reference_inferred
2026-02-28,TEDPIX,iran_exchange,W01,False,False,invalidated_by_cleaning,reference_inferred
2026-03-01,TEDPIX,iran_exchange,W01,False,False,market_closed,reference_inferred
2026-03-02,TEDPIX,iran_exchange,W01,False,False,invalidated_by_cleaning,reference_inferred
2026-03-03,TEDPIX,iran_exchange,W01,False,False,invalidated_by_cleaning,reference_inferred
2026-03-04,TEDPIX,iran_exchange,W01,False,False,invalidated_by_cleaning,reference_inferred
2026-03-05,TEDPIX,iran_exchange,W01,False,False,market_closed,reference_inferred
2026-03-06,TEDPIX,iran_exchange,W01,False,False,market_closed,reference_inferred
2026-03-07,TEDPIX,iran_exchange,W02,False,False,invalidated_by_cleaning,reference_inferred
2026-03-08,TEDPIX,iran_exchange,W02,False,False,invalidated_by_cleaning,reference_inferred
2026-03-09,TEDPIX,iran_exchange,W02,False,False,invalidated_by_cleaning,reference_inferred
2026-03-10,TEDPIX,iran_exchange,W02,False,False,invalidated_by_cleaning,reference_inferred
2026-03-11,TEDPIX,iran_exchange,W02,False,False,market_closed,reference_inferred
2026-03-12,TEDPIX,iran_exchange,W02,False,False,market_closed,reference_inferred
2026-03-13,TEDPIX,iran_exchange,W02,False,False,market_closed,reference_inferred
2026-03-14,TEDPIX,iran_exchange,W03,False,False,invalidated_by_cleaning,reference_inferred
2026-03-15,TEDPIX,iran_exchange,W03,False,False,invalidated_by_cleaning,reference_inferred
2026-03-16,TEDPIX,iran_exchange,W03,False,False,invalidated_by_cleaning,reference_inferred
2026-03-17,TEDPIX,iran_exchange,W03,False,False,invalidated_by_cleaning,reference_inferred
2026-03-18,TEDPIX,iran_exchange,W03,False,False,invalidated_by_cleaning,reference_inferred
2026-03-19,TEDPIX,iran_exchange,W03,False,False,market_closed,reference_inferred
2026-03-20,TEDPIX,iran_exchange,W03,False,False,market_closed,reference_inferred
2026-03-21,TEDPIX,iran_exchange,W04,False,False,market_closed,reference_inferred
2026-03-22,TEDPIX,iran_exchange,W04,False,False,market_closed,reference_inferred
2026-03-23,TEDPIX,iran_exchange,W04,False,False,market_closed,reference_inferred
2026-03-24,TEDPIX,iran_exchange,W04,False,False,market_closed,reference_inferred
2026-03-25,TEDPIX,iran_exchange,W04,False,False,invalidated_by_cleaning,reference_inferred
2026-03-26,TEDPIX,iran_exchange,W04,False,False,market_closed,reference_inferred
2026-03-27,TEDPIX,iran_exchange,W04,False,False,market_closed,reference_inferred
2026-03-28,TEDPIX,iran_exchange,W05,False,False,invalidated_by_cleaning,reference_inferred
2026-03-29,TEDPIX,iran_exchange,W05,False,False,invalidated_by_cleaning,reference_inferred
2026-03-30,TEDPIX,iran_exchange,W05,False,False,invalidated_by_cleaning,reference_inferred
2026-03-31,TEDPIX,iran_exchange,W05,False,False,invalidated_by_cleaning,reference_inferred
2026-04-01,TEDPIX,iran_exchange,W05,False,False,market_closed,reference_inferred
2026-04-02,TEDPIX,iran_exchange,W05,False,False,market_closed,reference_inferred
2026-04-03,TEDPIX,iran_exchange,W05,False,False,market_closed,reference_inferred
2026-04-04,TEDPIX,iran_exchange,W06,False,False,invalidated_by_cleaning,reference_inferred
2026-04-05,TEDPIX,iran_exchange,W06,False,False,invalidated_by_cleaning,reference_inferred
2026-04-06,TEDPIX,iran_exchange,W06,False,False,invalidated_by_cleaning,reference_inferred
2026-04-07,TEDPIX,iran_exchange,W06,False,False,invalidated_by_cleaning,reference_inferred
2026-04-08,TEDPIX,iran_exchange,W06,False,False,invalidated_by_cleaning,reference_inferred
2026-04-09,TEDPIX,iran_exchange,W06,False,False,market_closed,reference_inferred
2026-04-10,TEDPIX,iran_exchange,W06,False,False,market_closed,reference_inferred
2026-04-11,TEDPIX,iran_exchange,W07,False,False,invalidated_by_cleaning,reference_inferred
2026-04-12,TEDPIX,iran_exchange,W07,False,False,invalidated_by_cleaning,reference_inferred
2026-04-13,TEDPIX,iran_exchange,W07,False,False,invalidated_by_cleaning,reference_inferred
2026-04-14,TEDPIX,iran_exchange,W07,False,False,market_closed,reference_inferred
2026-04-15,TEDPIX,iran_exchange,W07,False,False,invalidated_by_cleaning,reference_inferred
2026-04-16,TEDPIX,iran_exchange,W07,False,False,market_closed,reference_inferred
2026-04-17,TEDPIX,iran_exchange,W07,False,False,market_closed,reference_inferred
2026-04-18,TEDPIX,iran_exchange,W08,False,False,invalidated_by_cleaning,reference_inferred
2026-04-19,TEDPIX,iran_exchange,W08,False,False,invalidated_by_cleaning,reference_inferred
2026-04-20,TEDPIX,iran_exchange,W08,False,False,invalidated_by_cleaning,reference_inferred
2026-04-21,TEDPIX,iran_exchange,W08,False,False,invalidated_by_cleaning,reference_inferred
2026-04-22,TEDPIX,iran_exchange,W08,False,False,invalidated_by_cleaning,reference_inferred
2026-04-23,TEDPIX,iran_exchange,W08,False,False,market_closed,reference_inferred
2026-04-24,TEDPIX,iran_exchange,W08,False,False,market_closed,reference_inferred
2026-04-25,TEDPIX,iran_exchange,W09,False,False,invalidated_by_cleaning,reference_inferred
2026-04-26,TEDPIX,iran_exchange,W09,False,False,invalidated_by_cleaning,reference_inferred
2026-04-27,TEDPIX,iran_exchange,W09,False,False,invalidated_by_cleaning,reference_inferred
2026-04-28,TEDPIX,iran_exchange,W09,False,False,invalidated_by_cleaning,reference_inferred
2026-04-29,TEDPIX,iran_exchange,W09,False,False,invalidated_by_cleaning,reference_inferred
2026-04-30,TEDPIX,iran_exchange,W09,False,False,market_closed,reference_inferred
2026-05-01,TEDPIX,iran_exchange,W09,False,False,market_closed,reference_inferred
2026-05-02,TEDPIX,iran_exchange,W10,False,False,invalidated_by_cleaning,reference_inferred
2026-05-03,TEDPIX,iran_exchange,W10,False,False,invalidated_by_cleaning,reference_inferred
2026-05-04,TEDPIX,iran_exchange,W10,False,False,invalidated_by_cleaning,reference_inferred
2026-05-05,TEDPIX,iran_exchange,W10,False,False,invalidated_by_cleaning,reference_inferred
2026-05-06,TEDPIX,iran_exchange,W10,False,False,invalidated_by_cleaning,reference_inferred
2026-05-07,TEDPIX,iran_exchange,W10,False,False,market_closed,reference_inferred
2026-05-08,TEDPIX,iran_exchange,W10,False,False,market_closed,reference_inferred
2026-05-09,TEDPIX,iran_exchange,W11,False,False,invalidated_by_cleaning,reference_inferred
2026-05-10,TEDPIX,iran_exchange,W11,False,False,invalidated_by_cleaning,reference_inferred
2026-05-11,TEDPIX,iran_exchange,W11,False,False,invalidated_by_cleaning,reference_inferred
2026-05-12,TEDPIX,iran_exchange,W11,False,False,invalidated_by_cleaning,reference_inferred
2026-05-13,TEDPIX,iran_exchange,W11,False,False,invalidated_by_cleaning,reference_inferred
2026-05-14,TEDPIX,iran_exchange,W11,False,False,market_closed,reference_inferred
2026-05-15,TEDPIX,iran_exchange,W11,False,False,market_closed,reference_inferred
2026-05-16,TEDPIX,iran_exchange,W12,False,False,invalidated_by_cleaning,reference_inferred
2026-05-17,TEDPIX,iran_exchange,W12,False,False,invalidated_by_cleaning,reference_inferred
2026-05-18,TEDPIX,iran_exchange,W12,False,False,invalidated_by_cleaning,reference_inferred
2026-05-19,TEDPIX,iran_exchange,W12,True,True,observed,reference_inferred
2026-05-20,TEDPIX,iran_exchange,W12,True,True,observed,reference_inferred
2026-05-21,TEDPIX,iran_exchange,W12,False,False,market_closed,reference_inferred
2026-05-22,TEDPIX,iran_exchange,W12,False,False,market_closed,reference_inferred
2026-05-23,TEDPIX,iran_exchange,W13,True,True,observed,reference_inferred
2026-05-24,TEDPIX,iran_exchange,W13,True,True,observed,reference_inferred
2026-05-25,TEDPIX,iran_exchange,W13,True,True,observed,reference_inferred
2026-05-26,TEDPIX,iran_exchange,W13,True,True,observed,reference_inferred
2026-05-27,TEDPIX,iran_exchange,W13,False,False,market_closed,reference_inferred
2026-05-28,TEDPIX,iran_exchange,W13,False,False,market_closed,reference_inferred
2026-05-29,TEDPIX,iran_exchange,W13,False,False,market_closed,reference_inferred
2026-05-30,TEDPIX,iran_exchange,W14,True,True,observed,reference_inferred
2026-05-31,TEDPIX,iran_exchange,W14,True,True,observed,reference_inferred
2026-06-01,TEDPIX,iran_exchange,W14,True,True,observed,reference_inferred
2026-06-02,TEDPIX,iran_exchange,W14,True,True,observed,reference_inferred
2026-06-03,TEDPIX,iran_exchange,W14,True,True,observed,reference_inferred
2026-06-04,TEDPIX,iran_exchange,W14,False,False,market_closed,reference_inferred
2026-06-05,TEDPIX,iran_exchange,W14,False,False,market_closed,reference_inferred
2026-06-06,TEDPIX,iran_exchange,W15,True,True,observed,reference_inferred
2026-06-07,TEDPIX,iran_exchange,W15,True,True,observed,reference_inferred
2026-06-08,TEDPIX,iran_exchange,W15,True,True,observed,reference_inferred
2026-06-09,TEDPIX,iran_exchange,W15,True,True,observed,reference_inferred
2026-06-10,TEDPIX,iran_exchange,W15,True,True,observed,reference_inferred
2026-06-11,TEDPIX,iran_exchange,W15,False,False,market_closed,reference_inferred
2026-06-12,TEDPIX,iran_exchange,W15,False,False,market_closed,reference_inferred
2026-06-13,TEDPIX,iran_exchange,W16,True,True,observed,reference_inferred
2026-06-14,TEDPIX,iran_exchange,W16,True,True,observed,reference_inferred
2026-06-15,TEDPIX,iran_exchange,W16,True,True,observed,reference_inferred
2026-06-16,TEDPIX,iran_exchange,W16,True,True,observed,reference_inferred
2026-06-17,TEDPIX,iran_exchange,W16,True,True,observed,reference_inferred
2026-06-18,TEDPIX,iran_exchange,W16,False,False,market_closed,reference_inferred
2026-06-19,TEDPIX,iran_exchange,W16,False,False,market_closed,reference_inferred
2026-06-20,TEDPIX,iran_exchange,W17,True,True,observed,reference_inferred
2026-06-21,TEDPIX,iran_exchange,W17,True,True,observed,reference_inferred
2026-06-22,TEDPIX,iran_exchange,W17,True,True,observed,reference_inferred
2026-06-23,TEDPIX,iran_exchange,W17,True,True,observed,reference_inferred
2026-06-24,TEDPIX,iran_exchange,W17,False,False,market_closed,reference_inferred
2026-06-25,TEDPIX,iran_exchange,W17,False,False,market_closed,reference_inferred
2026-06-26,TEDPIX,iran_exchange,W17,False,False,market_closed,reference_inferred
2026-06-27,TEDPIX,iran_exchange,W18,True,True,observed,reference_inferred
2026-06-28,TEDPIX,iran_exchange,W18,True,True,observed,reference_inferred
2026-06-29,TEDPIX,iran_exchange,W18,True,True,observed,reference_inferred
2026-06-30,TEDPIX,iran_exchange,W18,True,True,observed,reference_inferred
2026-07-01,TEDPIX,iran_exchange,W18,True,True,observed,reference_inferred
2026-07-02,TEDPIX,iran_exchange,W18,False,False,market_closed,reference_inferred
2026-07-03,TEDPIX,iran_exchange,W18,False,False,market_closed,reference_inferred
2026-07-04,TEDPIX,iran_exchange,W19,False,False,market_closed,reference_inferred
2026-07-05,TEDPIX,iran_exchange,W19,False,False,market_closed,reference_inferred
2026-07-06,TEDPIX,iran_exchange,W19,False,False,market_closed,reference_inferred
2026-07-07,TEDPIX,iran_exchange,W19,True,True,observed,reference_inferred
2026-07-08,TEDPIX,iran_exchange,W19,True,True,observed,reference_inferred
2026-07-09,TEDPIX,iran_exchange,W19,False,False,market_closed,reference_inferred
2026-07-10,TEDPIX,iran_exchange,W19,False,False,market_closed,reference_inferred
2026-07-11,TEDPIX,iran_exchange,W20,True,True,observed,reference_inferred
2026-07-12,TEDPIX,iran_exchange,W20,True,True,observed,reference_inferred
2026-07-13,TEDPIX,iran_exchange,W20,True,True,observed,reference_inferred
2026-07-14,TEDPIX,iran_exchange,W20,True,True,observed,reference_inferred
2026-07-15,TEDPIX,iran_exchange,W20,True,True,observed,reference_inferred
2026-07-16,TEDPIX,iran_exchange,W20,False,False,market_closed,reference_inferred
2026-07-17,TEDPIX,iran_exchange,W20,False,False,market_closed,reference_inferred
2026-07-18,TEDPIX,iran_exchange,W21,True,True,observed,reference_inferred
2026-07-19,TEDPIX,iran_exchange,W21,True,True,observed,reference_inferred
2026-07-20,TEDPIX,iran_exchange,W21,True,True,observed,reference_inferred
2026-07-21,TEDPIX,iran_exchange,W21,True,True,observed,reference_inferred
2026-07-22,TEDPIX,iran_exchange,W21,True,True,observed,reference_inferred
2026-02-28,UST10Y,global,W01,False,False,market_closed,reference_inferred
2026-03-01,UST10Y,global,W01,False,False,market_closed,reference_inferred
2026-03-02,UST10Y,global,W01,True,True,observed,reference_inferred
2026-03-03,UST10Y,global,W01,True,True,observed,reference_inferred
2026-03-04,UST10Y,global,W01,True,True,observed,reference_inferred
2026-03-05,UST10Y,global,W01,True,True,observed,reference_inferred
2026-03-06,UST10Y,global,W01,True,True,observed,reference_inferred
2026-03-07,UST10Y,global,W02,False,False,market_closed,reference_inferred
2026-03-08,UST10Y,global,W02,False,False,market_closed,reference_inferred
2026-03-09,UST10Y,global,W02,True,True,observed,reference_inferred
2026-03-10,UST10Y,global,W02,True,True,observed,reference_inferred
2026-03-11,UST10Y,global,W02,True,True,observed,reference_inferred
2026-03-12,UST10Y,global,W02,True,True,observed,reference_inferred
2026-03-13,UST10Y,global,W02,True,True,observed,reference_inferred
2026-03-14,UST10Y,global,W03,False,False,market_closed,reference_inferred
2026-03-15,UST10Y,global,W03,False,False,market_closed,reference_inferred
2026-03-16,UST10Y,global,W03,True,True,observed,reference_inferred
2026-03-17,UST10Y,global,W03,True,True,observed,reference_inferred
2026-03-18,UST10Y,global,W03,True,True,observed,reference_inferred
2026-03-19,UST10Y,global,W03,True,True,observed,reference_inferred
2026-03-20,UST10Y,global,W03,True,True,observed,reference_inferred
2026-03-21,UST10Y,global,W04,False,False,market_closed,reference_inferred
2026-03-22,UST10Y,global,W04,False,False,market_closed,reference_inferred
2026-03-23,UST10Y,global,W04,True,True,observed,reference_inferred
2026-03-24,UST10Y,global,W04,True,True,observed,reference_inferred
2026-03-25,UST10Y,global,W04,True,True,observed,reference_inferred
2026-03-26,UST10Y,global,W04,True,True,observed,reference_inferred
2026-03-27,UST10Y,global,W04,True,True,observed,reference_inferred
2026-03-28,UST10Y,global,W05,False,False,market_closed,reference_inferred
2026-03-29,UST10Y,global,W05,False,False,market_closed,reference_inferred
2026-03-30,UST10Y,global,W05,True,True,observed,reference_inferred
2026-03-31,UST10Y,global,W05,True,True,observed,reference_inferred
2026-04-01,UST10Y,global,W05,True,True,observed,reference_inferred
2026-04-02,UST10Y,global,W05,True,True,observed,reference_inferred
2026-04-03,UST10Y,global,W05,False,False,market_closed,reference_inferred
2026-04-04,UST10Y,global,W06,False,False,market_closed,reference_inferred
2026-04-05,UST10Y,global,W06,False,False,market_closed,reference_inferred
2026-04-06,UST10Y,global,W06,True,True,observed,reference_inferred
2026-04-07,UST10Y,global,W06,True,True,observed,reference_inferred
2026-04-08,UST10Y,global,W06,True,True,observed,reference_inferred
2026-04-09,UST10Y,global,W06,True,True,observed,reference_inferred
2026-04-10,UST10Y,global,W06,True,True,observed,reference_inferred
2026-04-11,UST10Y,global,W07,False,False,market_closed,reference_inferred
2026-04-12,UST10Y,global,W07,False,False,market_closed,reference_inferred
2026-04-13,UST10Y,global,W07,True,True,observed,reference_inferred
2026-04-14,UST10Y,global,W07,True,True,observed,reference_inferred
2026-04-15,UST10Y,global,W07,True,True,observed,reference_inferred
2026-04-16,UST10Y,global,W07,True,True,observed,reference_inferred
2026-04-17,UST10Y,global,W07,True,True,observed,reference_inferred
2026-04-18,UST10Y,global,W08,False,False,market_closed,reference_inferred
2026-04-19,UST10Y,global,W08,False,False,market_closed,reference_inferred
2026-04-20,UST10Y,global,W08,True,True,observed,reference_inferred
2026-04-21,UST10Y,global,W08,True,True,observed,reference_inferred
2026-04-22,UST10Y,global,W08,True,True,observed,reference_inferred
2026-04-23,UST10Y,global,W08,True,True,observed,reference_inferred
2026-04-24,UST10Y,global,W08,True,True,observed,reference_inferred
2026-04-25,UST10Y,global,W09,False,False,market_closed,reference_inferred
2026-04-26,UST10Y,global,W09,False,False,market_closed,reference_inferred
2026-04-27,UST10Y,global,W09,True,True,observed,reference_inferred
2026-04-28,UST10Y,global,W09,True,True,observed,reference_inferred
2026-04-29,UST10Y,global,W09,True,True,observed,reference_inferred
2026-04-30,UST10Y,global,W09,True,True,observed,reference_inferred
2026-05-01,UST10Y,global,W09,True,True,observed,reference_inferred
2026-05-02,UST10Y,global,W10,False,False,market_closed,reference_inferred
2026-05-03,UST10Y,global,W10,False,False,market_closed,reference_inferred
2026-05-04,UST10Y,global,W10,True,True,observed,reference_inferred
2026-05-05,UST10Y,global,W10,True,True,observed,reference_inferred
2026-05-06,UST10Y,global,W10,True,True,observed,reference_inferred
2026-05-07,UST10Y,global,W10,True,True,observed,reference_inferred
2026-05-08,UST10Y,global,W10,True,True,observed,reference_inferred
2026-05-09,UST10Y,global,W11,False,False,market_closed,reference_inferred
2026-05-10,UST10Y,global,W11,False,False,market_closed,reference_inferred
2026-05-11,UST10Y,global,W11,True,True,observed,reference_inferred
2026-05-12,UST10Y,global,W11,True,True,observed,reference_inferred
2026-05-13,UST10Y,global,W11,True,True,observed,reference_inferred
2026-05-14,UST10Y,global,W11,True,True,observed,reference_inferred
2026-05-15,UST10Y,global,W11,True,True,observed,reference_inferred
2026-05-16,UST10Y,global,W12,False,False,market_closed,reference_inferred
2026-05-17,UST10Y,global,W12,False,False,market_closed,reference_inferred
2026-05-18,UST10Y,global,W12,True,True,observed,reference_inferred
2026-05-19,UST10Y,global,W12,True,True,observed,reference_inferred
2026-05-20,UST10Y,global,W12,True,True,observed,reference_inferred
2026-05-21,UST10Y,global,W12,True,True,observed,reference_inferred
2026-05-22,UST10Y,global,W12,True,True,observed,reference_inferred
2026-05-23,UST10Y,global,W13,False,False,market_closed,reference_inferred
2026-05-24,UST10Y,global,W13,False,False,market_closed,reference_inferred
2026-05-25,UST10Y,global,W13,False,False,market_closed,reference_inferred
2026-05-26,UST10Y,global,W13,True,True,observed,reference_inferred
2026-05-27,UST10Y,global,W13,True,True,observed,reference_inferred
2026-05-28,UST10Y,global,W13,True,True,observed,reference_inferred
2026-05-29,UST10Y,global,W13,True,True,observed,reference_inferred
2026-05-30,UST10Y,global,W14,False,False,market_closed,reference_inferred
2026-05-31,UST10Y,global,W14,False,False,market_closed,reference_inferred
2026-06-01,UST10Y,global,W14,True,True,observed,reference_inferred
2026-06-02,UST10Y,global,W14,True,True,observed,reference_inferred
2026-06-03,UST10Y,global,W14,True,True,observed,reference_inferred
2026-06-04,UST10Y,global,W14,True,True,observed,reference_inferred
2026-06-05,UST10Y,global,W14,True,True,observed,reference_inferred
2026-06-06,UST10Y,global,W15,False,False,market_closed,reference_inferred
2026-06-07,UST10Y,global,W15,False,False,market_closed,reference_inferred
2026-06-08,UST10Y,global,W15,True,True,observed,reference_inferred
2026-06-09,UST10Y,global,W15,True,True,observed,reference_inferred
2026-06-10,UST10Y,global,W15,True,True,observed,reference_inferred
2026-06-11,UST10Y,global,W15,True,True,observed,reference_inferred
2026-06-12,UST10Y,global,W15,True,True,observed,reference_inferred
2026-06-13,UST10Y,global,W16,False,False,market_closed,reference_inferred
2026-06-14,UST10Y,global,W16,False,False,market_closed,reference_inferred
2026-06-15,UST10Y,global,W16,True,True,observed,reference_inferred
2026-06-16,UST10Y,global,W16,True,True,observed,reference_inferred
2026-06-17,UST10Y,global,W16,True,True,observed,reference_inferred
2026-06-18,UST10Y,global,W16,True,True,observed,reference_inferred
2026-06-19,UST10Y,global,W16,False,False,market_closed,reference_inferred
2026-06-20,UST10Y,global,W17,False,False,market_closed,reference_inferred
2026-06-21,UST10Y,global,W17,False,False,market_closed,reference_inferred
2026-06-22,UST10Y,global,W17,True,True,observed,reference_inferred
2026-06-23,UST10Y,global,W17,True,True,observed,reference_inferred
2026-06-24,UST10Y,global,W17,True,True,observed,reference_inferred
2026-06-25,UST10Y,global,W17,True,True,observed,reference_inferred
2026-06-26,UST10Y,global,W17,True,True,observed,reference_inferred
2026-06-27,UST10Y,global,W18,False,False,market_closed,reference_inferred
2026-06-28,UST10Y,global,W18,False,False,market_closed,reference_inferred
2026-06-29,UST10Y,global,W18,True,True,observed,reference_inferred
2026-06-30,UST10Y,global,W18,True,True,observed,reference_inferred
2026-07-01,UST10Y,global,W18,True,True,observed,reference_inferred
2026-07-02,UST10Y,global,W18,True,True,observed,reference_inferred
2026-07-03,UST10Y,global,W18,False,False,market_closed,reference_inferred
2026-07-04,UST10Y,global,W19,False,False,market_closed,reference_inferred
2026-07-05,UST10Y,global,W19,False,False,market_closed,reference_inferred
2026-07-06,UST10Y,global,W19,True,True,observed,reference_inferred
2026-07-07,UST10Y,global,W19,True,True,observed,reference_inferred
2026-07-08,UST10Y,global,W19,True,True,observed,reference_inferred
2026-07-09,UST10Y,global,W19,True,True,observed,reference_inferred
2026-07-10,UST10Y,global,W19,True,True,observed,reference_inferred
2026-07-11,UST10Y,global,W20,False,False,market_closed,reference_inferred
2026-07-12,UST10Y,global,W20,False,False,market_closed,reference_inferred
2026-07-13,UST10Y,global,W20,True,True,observed,reference_inferred
2026-07-14,UST10Y,global,W20,True,True,observed,reference_inferred
2026-07-15,UST10Y,global,W20,True,True,observed,reference_inferred
2026-07-16,UST10Y,global,W20,True,True,observed,reference_inferred
2026-07-17,UST10Y,global,W20,True,True,observed,reference_inferred
2026-07-18,UST10Y,global,W21,False,False,market_closed,reference_inferred
2026-07-19,UST10Y,global,W21,False,False,market_closed,reference_inferred
2026-07-20,UST10Y,global,W21,True,True,observed,reference_inferred
2026-07-21,UST10Y,global,W21,True,True,observed,reference_inferred
2026-07-22,UST10Y,global,W21,True,True,observed,reference_inferred
2026-02-28,VIX,global,W01,False,False,market_closed,reference_inferred
2026-03-01,VIX,global,W01,False,False,market_closed,reference_inferred
2026-03-02,VIX,global,W01,True,True,observed,reference_inferred
2026-03-03,VIX,global,W01,True,True,observed,reference_inferred
2026-03-04,VIX,global,W01,True,True,observed,reference_inferred
2026-03-05,VIX,global,W01,True,True,observed,reference_inferred
2026-03-06,VIX,global,W01,True,True,observed,reference_inferred
2026-03-07,VIX,global,W02,False,False,market_closed,reference_inferred
2026-03-08,VIX,global,W02,False,False,market_closed,reference_inferred
2026-03-09,VIX,global,W02,True,True,observed,reference_inferred
2026-03-10,VIX,global,W02,True,True,observed,reference_inferred
2026-03-11,VIX,global,W02,True,True,observed,reference_inferred
2026-03-12,VIX,global,W02,True,True,observed,reference_inferred
2026-03-13,VIX,global,W02,True,True,observed,reference_inferred
2026-03-14,VIX,global,W03,False,False,market_closed,reference_inferred
2026-03-15,VIX,global,W03,False,False,market_closed,reference_inferred
2026-03-16,VIX,global,W03,True,True,observed,reference_inferred
2026-03-17,VIX,global,W03,True,True,observed,reference_inferred
2026-03-18,VIX,global,W03,True,True,observed,reference_inferred
2026-03-19,VIX,global,W03,True,True,observed,reference_inferred
2026-03-20,VIX,global,W03,True,True,observed,reference_inferred
2026-03-21,VIX,global,W04,False,False,market_closed,reference_inferred
2026-03-22,VIX,global,W04,False,False,market_closed,reference_inferred
2026-03-23,VIX,global,W04,True,True,observed,reference_inferred
2026-03-24,VIX,global,W04,True,True,observed,reference_inferred
2026-03-25,VIX,global,W04,True,True,observed,reference_inferred
2026-03-26,VIX,global,W04,True,True,observed,reference_inferred
2026-03-27,VIX,global,W04,True,True,observed,reference_inferred
2026-03-28,VIX,global,W05,False,False,market_closed,reference_inferred
2026-03-29,VIX,global,W05,False,False,market_closed,reference_inferred
2026-03-30,VIX,global,W05,True,True,observed,reference_inferred
2026-03-31,VIX,global,W05,True,True,observed,reference_inferred
2026-04-01,VIX,global,W05,True,True,observed,reference_inferred
2026-04-02,VIX,global,W05,True,True,observed,reference_inferred
2026-04-03,VIX,global,W05,False,False,market_closed,reference_inferred
2026-04-04,VIX,global,W06,False,False,market_closed,reference_inferred
2026-04-05,VIX,global,W06,False,False,market_closed,reference_inferred
2026-04-06,VIX,global,W06,True,True,observed,reference_inferred
2026-04-07,VIX,global,W06,True,True,observed,reference_inferred
2026-04-08,VIX,global,W06,True,True,observed,reference_inferred
2026-04-09,VIX,global,W06,True,True,observed,reference_inferred
2026-04-10,VIX,global,W06,True,True,observed,reference_inferred
2026-04-11,VIX,global,W07,False,False,market_closed,reference_inferred
2026-04-12,VIX,global,W07,False,False,market_closed,reference_inferred
2026-04-13,VIX,global,W07,True,True,observed,reference_inferred
2026-04-14,VIX,global,W07,True,True,observed,reference_inferred
2026-04-15,VIX,global,W07,True,True,observed,reference_inferred
2026-04-16,VIX,global,W07,True,True,observed,reference_inferred
2026-04-17,VIX,global,W07,True,True,observed,reference_inferred
2026-04-18,VIX,global,W08,False,False,market_closed,reference_inferred
2026-04-19,VIX,global,W08,False,False,market_closed,reference_inferred
2026-04-20,VIX,global,W08,True,True,observed,reference_inferred
2026-04-21,VIX,global,W08,True,True,observed,reference_inferred
2026-04-22,VIX,global,W08,True,True,observed,reference_inferred
2026-04-23,VIX,global,W08,True,True,observed,reference_inferred
2026-04-24,VIX,global,W08,True,True,observed,reference_inferred
2026-04-25,VIX,global,W09,False,False,market_closed,reference_inferred
2026-04-26,VIX,global,W09,False,False,market_closed,reference_inferred
2026-04-27,VIX,global,W09,True,True,observed,reference_inferred
2026-04-28,VIX,global,W09,True,True,observed,reference_inferred
2026-04-29,VIX,global,W09,True,True,observed,reference_inferred
2026-04-30,VIX,global,W09,True,True,observed,reference_inferred
2026-05-01,VIX,global,W09,True,True,observed,reference_inferred
2026-05-02,VIX,global,W10,False,False,market_closed,reference_inferred
2026-05-03,VIX,global,W10,False,False,market_closed,reference_inferred
2026-05-04,VIX,global,W10,True,True,observed,reference_inferred
2026-05-05,VIX,global,W10,True,True,observed,reference_inferred
2026-05-06,VIX,global,W10,True,True,observed,reference_inferred
2026-05-07,VIX,global,W10,True,True,observed,reference_inferred
2026-05-08,VIX,global,W10,True,True,observed,reference_inferred
2026-05-09,VIX,global,W11,False,False,market_closed,reference_inferred
2026-05-10,VIX,global,W11,False,False,market_closed,reference_inferred
2026-05-11,VIX,global,W11,True,True,observed,reference_inferred
2026-05-12,VIX,global,W11,True,True,observed,reference_inferred
2026-05-13,VIX,global,W11,True,True,observed,reference_inferred
2026-05-14,VIX,global,W11,True,True,observed,reference_inferred
2026-05-15,VIX,global,W11,True,True,observed,reference_inferred
2026-05-16,VIX,global,W12,False,False,market_closed,reference_inferred
2026-05-17,VIX,global,W12,False,False,market_closed,reference_inferred
2026-05-18,VIX,global,W12,True,True,observed,reference_inferred
2026-05-19,VIX,global,W12,True,True,observed,reference_inferred
2026-05-20,VIX,global,W12,True,True,observed,reference_inferred
2026-05-21,VIX,global,W12,True,True,observed,reference_inferred
2026-05-22,VIX,global,W12,True,True,observed,reference_inferred
2026-05-23,VIX,global,W13,False,False,market_closed,reference_inferred
2026-05-24,VIX,global,W13,False,False,market_closed,reference_inferred
2026-05-25,VIX,global,W13,False,True,observed,reference_inferred
2026-05-26,VIX,global,W13,True,True,observed,reference_inferred
2026-05-27,VIX,global,W13,True,True,observed,reference_inferred
2026-05-28,VIX,global,W13,True,True,observed,reference_inferred
2026-05-29,VIX,global,W13,True,True,observed,reference_inferred
2026-05-30,VIX,global,W14,False,False,market_closed,reference_inferred
2026-05-31,VIX,global,W14,False,False,market_closed,reference_inferred
2026-06-01,VIX,global,W14,True,True,observed,reference_inferred
2026-06-02,VIX,global,W14,True,True,observed,reference_inferred
2026-06-03,VIX,global,W14,True,True,observed,reference_inferred
2026-06-04,VIX,global,W14,True,True,observed,reference_inferred
2026-06-05,VIX,global,W14,True,True,observed,reference_inferred
2026-06-06,VIX,global,W15,False,False,market_closed,reference_inferred
2026-06-07,VIX,global,W15,False,False,market_closed,reference_inferred
2026-06-08,VIX,global,W15,True,True,observed,reference_inferred
2026-06-09,VIX,global,W15,True,True,observed,reference_inferred
2026-06-10,VIX,global,W15,True,True,observed,reference_inferred
2026-06-11,VIX,global,W15,True,True,observed,reference_inferred
2026-06-12,VIX,global,W15,True,True,observed,reference_inferred
2026-06-13,VIX,global,W16,False,False,market_closed,reference_inferred
2026-06-14,VIX,global,W16,False,False,market_closed,reference_inferred
2026-06-15,VIX,global,W16,True,True,observed,reference_inferred
2026-06-16,VIX,global,W16,True,True,observed,reference_inferred
2026-06-17,VIX,global,W16,True,True,observed,reference_inferred
2026-06-18,VIX,global,W16,True,True,observed,reference_inferred
2026-06-19,VIX,global,W16,False,False,market_closed,reference_inferred
2026-06-20,VIX,global,W17,False,False,market_closed,reference_inferred
2026-06-21,VIX,global,W17,False,False,market_closed,reference_inferred
2026-06-22,VIX,global,W17,True,True,observed,reference_inferred
2026-06-23,VIX,global,W17,True,True,observed,reference_inferred
2026-06-24,VIX,global,W17,True,True,observed,reference_inferred
2026-06-25,VIX,global,W17,True,True,observed,reference_inferred
2026-06-26,VIX,global,W17,True,True,observed,reference_inferred
2026-06-27,VIX,global,W18,False,False,market_closed,reference_inferred
2026-06-28,VIX,global,W18,False,False,market_closed,reference_inferred
2026-06-29,VIX,global,W18,True,True,observed,reference_inferred
2026-06-30,VIX,global,W18,True,True,observed,reference_inferred
2026-07-01,VIX,global,W18,True,True,observed,reference_inferred
2026-07-02,VIX,global,W18,True,True,observed,reference_inferred
2026-07-03,VIX,global,W18,False,False,market_closed,reference_inferred
2026-07-04,VIX,global,W19,False,False,market_closed,reference_inferred
2026-07-05,VIX,global,W19,False,False,market_closed,reference_inferred
2026-07-06,VIX,global,W19,True,True,observed,reference_inferred
2026-07-07,VIX,global,W19,True,True,observed,reference_inferred
2026-07-08,VIX,global,W19,True,True,observed,reference_inferred
2026-07-09,VIX,global,W19,True,True,observed,reference_inferred
2026-07-10,VIX,global,W19,True,True,observed,reference_inferred
2026-07-11,VIX,global,W20,False,False,market_closed,reference_inferred
2026-07-12,VIX,global,W20,False,False,market_closed,reference_inferred
2026-07-13,VIX,global,W20,True,True,observed,reference_inferred
2026-07-14,VIX,global,W20,True,True,observed,reference_inferred
2026-07-15,VIX,global,W20,True,True,observed,reference_inferred
2026-07-16,VIX,global,W20,True,True,observed,reference_inferred
2026-07-17,VIX,global,W20,True,True,observed,reference_inferred
2026-07-18,VIX,global,W21,False,False,market_closed,reference_inferred
2026-07-19,VIX,global,W21,False,False,market_closed,reference_inferred
2026-07-20,VIX,global,W21,True,True,observed,reference_inferred
2026-07-21,VIX,global,W21,True,True,observed,reference_inferred
2026-07-22,VIX,global,W21,True,True,observed,reference_inferred
