collection_run_id,platform,assigned_query_registry_version,query_id,assigned_query,executed_query,requested_start_utc,requested_end_utc,sort_mode,cap,pagination_status,execution_status,evidence_source,evidence_path,notes
XRUN-XQ-001-W01-D0-worker-2-20260807T174344747911Z,x,v3.0,XQ-001,"(""Iran-US war"" OR ""US-Iran tensions"" OR ""Iran war"" OR ""US Iran war"")","((""Iran-US war"" OR ""US-Iran tensions"" OR ""Iran war"" OR ""US Iran war"")) since:2026-02-28 until:2026-03-07",2026-02-28,2026-03-07,live,unknown,scrolled;scrolls_used=4,done,X_Scraper_v4_7_Target20K_Current.xlsx,Jobs+Subruns (depth=0),project_week=W01;depth=0;records_in_window=14
XRUN-XQ-002-W01-D0-worker-3-20260807T174352911677Z,x,v3.0,XQ-002,"(""Iran"" AND (""airstrike"" OR ""missile strike"" OR ""drone attack""))","((""Iran"" AND (""airstrike"" OR ""missile strike"" OR ""drone attack""))) since:2026-02-28 until:2026-03-07",2026-02-28,2026-03-07,live,unknown,scrolled;scrolls_used=2,done,X_Scraper_v4_7_Target20K_Current.xlsx,Jobs+Subruns (depth=0),project_week=W01;depth=0;records_in_window=0
XRUN-XQ-003-W01-D0-worker-3-20260807T174415924548Z,x,v3.0,XQ-003,"((""Iran"" OR ""IRGC"") AND (""US military"" OR ""United States"") AND (""airstrike"" OR ""missile strike""))","(((""Iran"" OR ""IRGC"") AND (""US military"" OR ""United States"") AND (""airstrike"" OR ""missile strike""))) since:2026-02-28 until:2026-03-07",2026-02-28,2026-03-07,live,unknown,scrolled;scrolls_used=2,done,X_Scraper_v4_7_Target20K_Current.xlsx,Jobs+Subruns (depth=0),project_week=W01;depth=0;records_in_window=0
XRUN-XQ-004-W01-D0-worker-3-20260807T174434347807Z,x,v3.0,XQ-004,"((""Iran"" OR ""United States"") AND (""ceasefire"" OR ""negotiations"" OR ""peace talks""))","(((""Iran"" OR ""United States"") AND (""ceasefire"" OR ""negotiations"" OR ""peace talks""))) since:2026-02-28 until:2026-03-07",2026-02-28,2026-03-07,live,unknown,scrolled;scrolls_used=2,done,X_Scraper_v4_7_Target20K_Current.xlsx,Jobs+Subruns (depth=0),project_week=W01;depth=0;records_in_window=0
XRUN-XQ-005-W01-D0-worker-3-20260807T174449816849Z,x,v3.0,XQ-005,"((""Iran"" OR ""United States"") AND (""sanctions"" OR ""nuclear programme"" OR ""nuclear program""))","(((""Iran"" OR ""United States"") AND (""sanctions"" OR ""nuclear programme"" OR ""nuclear program""))) since:2026-02-28 until:2026-03-07",2026-02-28,2026-03-07,live,unknown,scrolled;scrolls_used=4,done,X_Scraper_v4_7_Target20K_Current.xlsx,Jobs+Subruns (depth=0),project_week=W01;depth=0;records_in_window=15
XRUN-XQ-006-W01-D0-worker-2-20260807T174555965392Z,x,v3.0,XQ-006,"((""Iran"" OR ""Iran-US war"") AND (""civilian casualties"" OR ""humanitarian crisis""))","(((""Iran"" OR ""Iran-US war"") AND (""civilian casualties"" OR ""humanitarian crisis""))) since:2026-02-28 until:2026-03-07",2026-02-28,2026-03-07,live,unknown,scrolled;scrolls_used=4,done,X_Scraper_v4_7_Target20K_Current.xlsx,Jobs+Subruns (depth=0),project_week=W01;depth=0;records_in_window=15
XRUN-XQ-007-W01-D0-worker-3-20260807T174605446998Z,x,v3.0,XQ-007,"((""Iran"" OR ""Iran-US war"") AND (""misinformation"" OR ""propaganda""))","(((""Iran"" OR ""Iran-US war"") AND (""misinformation"" OR ""propaganda""))) since:2026-02-28 until:2026-03-07",2026-02-28,2026-03-07,live,sampling_applied;returned=17;stored=16,scrolled;scrolls_used=4,done,X_Scraper_v4_7_Target20K_Current.xlsx,Jobs+Subruns (depth=0),project_week=W01;depth=0;records_in_window=17
XRUN-XQ-008-W01-D0-worker-2-20260807T174646973259Z,x,v3.0,XQ-008,"((""Iran"" OR ""Iran-US war"") AND (""oil price"" OR ""exchange rate"" OR ""gold price"" OR ""market volatility""))","(((""Iran"" OR ""Iran-US war"") AND (""oil price"" OR ""exchange rate"" OR ""gold price"" OR ""market volatility""))) since:2026-02-28 until:2026-03-07",2026-02-28,2026-03-07,live,unknown,split_triggered;scrolls_used=4,job_split_to_children,X_Scraper_v4_7_Target20K_Current.xlsx,Jobs+Subruns (depth=0),project_week=W01;depth=0;records_in_window=14
XRUN-XQ-008-W01-D1-worker-2-20260809T093137591472Z,x,v3.0,XQ-008,"((""Iran"" OR ""Iran-US war"") AND (""oil price"" OR ""exchange rate"" OR ""gold price"" OR ""market volatility""))","(((""Iran"" OR ""Iran-US war"") AND (""oil price"" OR ""exchange rate"" OR ""gold price"" OR ""market volatility""))) since:2026-02-28 until:2026-03-03",2026-02-28,2026-03-03,live,unknown,scrolled;scrolls_used=4,done,X_Scraper_v4_7_Target20K_Current.xlsx,Jobs+Subruns (depth=>0),project_week=W01;depth=1;records_in_window=15
XRUN-XQ-008-W01-D1-worker-1-20260809T093153457343Z,x,v3.0,XQ-008,"((""Iran"" OR ""Iran-US war"") AND (""oil price"" OR ""exchange rate"" OR ""gold price"" OR ""market volatility""))","(((""Iran"" OR ""Iran-US war"") AND (""oil price"" OR ""exchange rate"" OR ""gold price"" OR ""market volatility""))) since:2026-03-03 until:2026-03-07",2026-03-03,2026-03-07,live,sampling_applied;returned=13;stored=6,scrolled;scrolls_used=4,done,X_Scraper_v4_7_Target20K_Current.xlsx,Jobs+Subruns (depth=>0),project_week=W01;depth=1;records_in_window=13
XRUN-XQ-009-W01-D0-worker-3-20260807T174654123574Z,x,v3.0,XQ-009,"((""Iran"" OR ""Iran-US war"") AND (""Strait of Hormuz"" OR Hormuz OR ""oil price""))","(((""Iran"" OR ""Iran-US war"") AND (""Strait of Hormuz"" OR Hormuz OR ""oil price""))) since:2026-02-28 until:2026-03-07",2026-02-28,2026-03-07,live,sampling_applied;returned=13;stored=12,scrolled;scrolls_used=4,done,X_Scraper_v4_7_Target20K_Current.xlsx,Jobs+Subruns (depth=0),project_week=W01;depth=0;records_in_window=13
XRUN-XQ-010-W01-D0-worker-2-20260807T174746576923Z,x,v3.0,XQ-010,"(""جنگ ایران و آمریکا"" OR ""تنش ایران و آمریکا"" OR ""جنگ ایران آمریکا"")","((""جنگ ایران و آمریکا"" OR ""تنش ایران و آمریکا"" OR ""جنگ ایران آمریکا"")) since:2026-02-28 until:2026-03-07",2026-02-28,2026-03-07,live,unknown,scrolled;scrolls_used=2,done,X_Scraper_v4_7_Target20K_Current.xlsx,Jobs+Subruns (depth=0),project_week=W01;depth=0;records_in_window=0
XRUN-XQ-011-W01-D0-worker-3-20260807T174749127635Z,x,v3.0,XQ-011,"(""ایران"" AND (""حمله هوایی"" OR ""حمله موشکی"" OR ""حمله پهپادی""))","((""ایران"" AND (""حمله هوایی"" OR ""حمله موشکی"" OR ""حمله پهپادی""))) since:2026-02-28 until:2026-03-07",2026-02-28,2026-03-07,live,unknown,scrolled;scrolls_used=4,done,X_Scraper_v4_7_Target20K_Current.xlsx,Jobs+Subruns (depth=0),project_week=W01;depth=0;records_in_window=12
XRUN-XQ-012-W01-D0-worker-2-20260807T174757387965Z,x,v3.0,XQ-012,"((""ایران"" OR ""سپاه"") AND (""ارتش آمریکا"" OR ""ایالات متحده"") AND (""حمله هوایی"" OR ""حمله موشکی""))","(((""ایران"" OR ""سپاه"") AND (""ارتش آمریکا"" OR ""ایالات متحده"") AND (""حمله هوایی"" OR ""حمله موشکی""))) since:2026-02-28 until:2026-03-07",2026-02-28,2026-03-07,live,unknown,scrolled;scrolls_used=4,done,X_Scraper_v4_7_Target20K_Current.xlsx,Jobs+Subruns (depth=0),project_week=W01;depth=0;records_in_window=8
XRUN-XQ-013-W01-D0-worker-2-20260807T174838581411Z,x,v3.0,XQ-013,"((""ایران"" OR ""ایالات متحده"" OR ""آمریکا"") AND (""آتش‌بس"" OR ""مذاکرات"" OR ""صلح""))","(((""ایران"" OR ""ایالات متحده"" OR ""آمریکا"") AND (""آتش‌بس"" OR ""مذاکرات"" OR ""صلح""))) since:2026-02-28 until:2026-03-07",2026-02-28,2026-03-07,live,unknown,scrolled;scrolls_used=4,done,X_Scraper_v4_7_Target20K_Current.xlsx,Jobs+Subruns (depth=0),project_week=W01;depth=0;records_in_window=10
XRUN-XQ-014-W01-D0-worker-3-20260807T174849791257Z,x,v3.0,XQ-014,"((""ایران"" OR ""ایالات متحده"") AND (""تحریم‌ها"" OR ""برنامه هسته‌ای""))","(((""ایران"" OR ""ایالات متحده"") AND (""تحریم‌ها"" OR ""برنامه هسته‌ای""))) since:2026-02-28 until:2026-03-07",2026-02-28,2026-03-07,live,unknown,scrolled;scrolls_used=2,done,X_Scraper_v4_7_Target20K_Current.xlsx,Jobs+Subruns (depth=0),project_week=W01;depth=0;records_in_window=0
XRUN-XQ-015-W01-D0-worker-3-20260807T174858415834Z,x,v3.0,XQ-015,"((""ایران"" OR ""جنگ ایران و آمریکا"") AND (""تلفات غیرنظامیان"" OR ""بحران انسانی""))","(((""ایران"" OR ""جنگ ایران و آمریکا"") AND (""تلفات غیرنظامیان"" OR ""بحران انسانی""))) since:2026-02-28 until:2026-03-07",2026-02-28,2026-03-07,live,unknown,scrolled;scrolls_used=4,done,X_Scraper_v4_7_Target20K_Current.xlsx,Jobs+Subruns (depth=0),project_week=W01;depth=0;records_in_window=9
XRUN-XQ-016-W01-D0-worker-2-20260807T174922320364Z,x,v3.0,XQ-016,"((""ایران"" OR ""جنگ ایران و آمریکا"") AND (""اطلاعات نادرست"" OR ""تبلیغات سیاسی""))","(((""ایران"" OR ""جنگ ایران و آمریکا"") AND (""اطلاعات نادرست"" OR ""تبلیغات سیاسی""))) since:2026-02-28 until:2026-03-07",2026-02-28,2026-03-07,live,unknown,scrolled;scrolls_used=4,done_with_errors;error_count=5,X_Scraper_v4_7_Target20K_Current.xlsx,Jobs+Subruns (depth=0),project_week=W01;depth=0;records_in_window=12
XRUN-XQ-017-W01-D0-worker-3-20260807T174952848552Z,x,v3.0,XQ-017,"((""ایران"" OR ""جنگ ایران و آمریکا"") AND (""قیمت نفت"" OR ""نرخ ارز"" OR ""قیمت طلا"" OR ""نوسان بازار""))","(((""ایران"" OR ""جنگ ایران و آمریکا"") AND (""قیمت نفت"" OR ""نرخ ارز"" OR ""قیمت طلا"" OR ""نوسان بازار""))) since:2026-02-28 until:2026-03-07",2026-02-28,2026-03-07,live,unknown,scrolled;scrolls_used=4,done,X_Scraper_v4_7_Target20K_Current.xlsx,Jobs+Subruns (depth=0),project_week=W01;depth=0;records_in_window=11
XRUN-XQ-018-W01-D0-worker-2-20260807T175026496707Z,x,v3.0,XQ-018,"((""ایران"" OR ""جنگ ایران و آمریکا"") AND (""تنگه هرمز"" OR ""قیمت نفت""))","(((""ایران"" OR ""جنگ ایران و آمریکا"") AND (""تنگه هرمز"" OR ""قیمت نفت""))) since:2026-02-28 until:2026-03-07",2026-02-28,2026-03-07,live,sampling_applied;returned=14;stored=11,scrolled;scrolls_used=4,done,X_Scraper_v4_7_Target20K_Current.xlsx,Jobs+Subruns (depth=0),project_week=W01;depth=0;records_in_window=14
XRUN-XQ-019-W01-D0-worker-3-20260807T175038779593Z,x,v3.0,XQ-019,"(""Epic Fury"" OR ""Operation Epic Fury"" OR ""Roaring Lion"")","((""Epic Fury"" OR ""Operation Epic Fury"" OR ""Roaring Lion"")) since:2026-02-28 until:2026-03-07",2026-02-28,2026-03-07,live,sampling_applied;returned=16;stored=15,scrolled;scrolls_used=4,done,X_Scraper_v4_7_Target20K_Current.xlsx,Jobs+Subruns (depth=0),project_week=W01;depth=0;records_in_window=16
XRUN-XQ-020-W01-D0-worker-2-20260807T175126230817Z,x,v3.0,XQ-020,"(Hormuz OR ""Strait of Hormuz"") AND (blockade OR closed OR reopened OR shipping OR transit)","((Hormuz OR ""Strait of Hormuz"") AND (blockade OR closed OR reopened OR shipping OR transit)) since:2026-02-28 until:2026-03-07",2026-02-28,2026-03-07,live,sampling_applied;returned=14;stored=9,scrolled;scrolls_used=4,done,X_Scraper_v4_7_Target20K_Current.xlsx,Jobs+Subruns (depth=0),project_week=W01;depth=0;records_in_window=14
XRUN-XQ-021-W01-D0-worker-3-20260807T175143040363Z,x,v3.0,XQ-021,"((""Islamabad"" OR MOU OR ""memorandum of understanding"") AND (Iran OR ""United States"" OR Trump))","(((""Islamabad"" OR MOU OR ""memorandum of understanding"") AND (Iran OR ""United States"" OR Trump))) since:2026-02-28 until:2026-03-07",2026-02-28,2026-03-07,live,unknown,scrolled;scrolls_used=2,done,X_Scraper_v4_7_Target20K_Current.xlsx,Jobs+Subruns (depth=0),project_week=W01;depth=0;records_in_window=0
XRUN-XQ-022-W01-D0-worker-3-20260807T175157427926Z,x,v3.0,XQ-022,"(""اپیک فیوری"" OR ""عملیات حماسه"" OR ""حماسه خشم"" OR ""روآرینگ لاین"")","((""اپیک فیوری"" OR ""عملیات حماسه"" OR ""حماسه خشم"" OR ""روآرینگ لاین"")) since:2026-02-28 until:2026-03-07",2026-02-28,2026-03-07,live,unknown,scrolled;scrolls_used=4,done,X_Scraper_v4_7_Target20K_Current.xlsx,Jobs+Subruns (depth=0),project_week=W01;depth=0;records_in_window=12
XRUN-XQ-023-W01-D0-worker-2-20260807T175225415749Z,x,v3.0,XQ-023,"(""تنگه هرمز"") AND (""بسته"" OR ""مسدود"" OR ""محاصره"" OR ""بازگشایی"" OR ""کشتیرانی"")","((""تنگه هرمز"") AND (""بسته"" OR ""مسدود"" OR ""محاصره"" OR ""بازگشایی"" OR ""کشتیرانی"")) since:2026-02-28 until:2026-03-07",2026-02-28,2026-03-07,live,sampling_applied;returned=12;stored=10,scrolled;scrolls_used=4,done,X_Scraper_v4_7_Target20K_Current.xlsx,Jobs+Subruns (depth=0),project_week=W01;depth=0;records_in_window=12
XRUN-XQ-024-W01-D0-worker-3-20260807T175259100550Z,x,v3.0,XQ-024,"(""اسلام‌آباد"" OR ""تفاهم‌نامه"" OR ""تفاهم نامه"") AND (""ایران"" OR ""آمریکا"")","((""اسلام‌آباد"" OR ""تفاهم‌نامه"" OR ""تفاهم نامه"") AND (""ایران"" OR ""آمریکا"")) since:2026-02-28 until:2026-03-07",2026-02-28,2026-03-07,live,unknown,scrolled;scrolls_used=2,done,X_Scraper_v4_7_Target20K_Current.xlsx,Jobs+Subruns (depth=0),project_week=W01;depth=0;records_in_window=0
XRUN-XQ-H01-W01-D0-worker-2-20260807T175303961033Z,x,v3.0,XQ-H01,#IranWar OR #IranWar2026 OR #USIranWar OR #IranIsraelWar OR #EpicFury,(#IranWar OR #IranWar2026 OR #USIranWar OR #IranIsraelWar OR #EpicFury) since:2026-02-28 until:2026-03-07,2026-02-28,2026-03-07,live,sampling_applied;returned=13;stored=12,scrolled;scrolls_used=4,done,X_Scraper_v4_7_Target20K_Current.xlsx,Jobs+Subruns (depth=0),project_week=W01;depth=0;records_in_window=13
XRUN-XQ-H02-W01-D0-worker-3-20260807T175311739959Z,x,v3.0,XQ-H02,#StraitOfHormuz OR #MiddleEastWar OR #MiddleEastConflict OR #Hormuz,(#StraitOfHormuz OR #MiddleEastWar OR #MiddleEastConflict OR #Hormuz) since:2026-02-28 until:2026-03-07,2026-02-28,2026-03-07,live,sampling_applied;returned=15;stored=14,scrolled;scrolls_used=4,done_with_errors;error_count=1,X_Scraper_v4_7_Target20K_Current.xlsx,Jobs+Subruns (depth=0),project_week=W01;depth=0;records_in_window=15
XRUN-XQ-001-W02-D0-worker-2-20260807T175413268173Z,x,v3.0,XQ-001,"(""Iran-US war"" OR ""US-Iran tensions"" OR ""Iran war"" OR ""US Iran war"")","((""Iran-US war"" OR ""US-Iran tensions"" OR ""Iran war"" OR ""US Iran war"")) since:2026-03-07 until:2026-03-14",2026-03-07,2026-03-14,live,unknown,scrolled;scrolls_used=2,done,X_Scraper_v4_7_Target20K_Current.xlsx,Jobs+Subruns (depth=0),project_week=W02;depth=0;records_in_window=0
XRUN-XQ-002-W02-D0-worker-2-20260807T175425738842Z,x,v3.0,XQ-002,"(""Iran"" AND (""airstrike"" OR ""missile strike"" OR ""drone attack""))","((""Iran"" AND (""airstrike"" OR ""missile strike"" OR ""drone attack""))) since:2026-03-07 until:2026-03-14",2026-03-07,2026-03-14,live,unknown,scrolled;scrolls_used=4,done,X_Scraper_v4_7_Target20K_Current.xlsx,Jobs+Subruns (depth=0),project_week=W02;depth=0;records_in_window=12
XRUN-XQ-003-W02-D0-worker-3-20260807T175444042277Z,x,v3.0,XQ-003,"((""Iran"" OR ""IRGC"") AND (""US military"" OR ""United States"") AND (""airstrike"" OR ""missile strike""))","(((""Iran"" OR ""IRGC"") AND (""US military"" OR ""United States"") AND (""airstrike"" OR ""missile strike""))) since:2026-03-07 until:2026-03-14",2026-03-07,2026-03-14,live,unknown,scrolled;scrolls_used=4,done,X_Scraper_v4_7_Target20K_Current.xlsx,Jobs+Subruns (depth=0),project_week=W02;depth=0;records_in_window=12
XRUN-XQ-004-W02-D0-worker-3-20260807T175532157937Z,x,v3.0,XQ-004,"((""Iran"" OR ""United States"") AND (""ceasefire"" OR ""negotiations"" OR ""peace talks""))","(((""Iran"" OR ""United States"") AND (""ceasefire"" OR ""negotiations"" OR ""peace talks""))) since:2026-03-07 until:2026-03-14",2026-03-07,2026-03-14,live,unknown,scrolled;scrolls_used=4,done,X_Scraper_v4_7_Target20K_Current.xlsx,Jobs+Subruns (depth=0),project_week=W02;depth=0;records_in_window=12
XRUN-XQ-005-W02-D0-worker-2-20260807T175536613788Z,x,v3.0,XQ-005,"((""Iran"" OR ""United States"") AND (""sanctions"" OR ""nuclear programme"" OR ""nuclear program""))","(((""Iran"" OR ""United States"") AND (""sanctions"" OR ""nuclear programme"" OR ""nuclear program""))) since:2026-03-07 until:2026-03-14",2026-03-07,2026-03-14,live,unknown,scrolled;scrolls_used=2,done,X_Scraper_v4_7_Target20K_Current.xlsx,Jobs+Subruns (depth=0),project_week=W02;depth=0;records_in_window=0
XRUN-XQ-006-W02-D0-worker-2-20260807T175546726264Z,x,v3.0,XQ-006,"((""Iran"" OR ""Iran-US war"") AND (""civilian casualties"" OR ""humanitarian crisis""))","(((""Iran"" OR ""Iran-US war"") AND (""civilian casualties"" OR ""humanitarian crisis""))) since:2026-03-07 until:2026-03-14",2026-03-07,2026-03-14,live,unknown,scrolled;scrolls_used=4,done_with_errors;error_count=2,X_Scraper_v4_7_Target20K_Current.xlsx,Jobs+Subruns (depth=0),project_week=W02;depth=0;records_in_window=13
XRUN-XQ-007-W02-D0-worker-3-20260807T175626005830Z,x,v3.0,XQ-007,"((""Iran"" OR ""Iran-US war"") AND (""misinformation"" OR ""propaganda""))","(((""Iran"" OR ""Iran-US war"") AND (""misinformation"" OR ""propaganda""))) since:2026-03-07 until:2026-03-14",2026-03-07,2026-03-14,live,sampling_applied;returned=23;stored=22,scrolled;scrolls_used=4,done,X_Scraper_v4_7_Target20K_Current.xlsx,Jobs+Subruns (depth=0),project_week=W02;depth=0;records_in_window=23
XRUN-XQ-008-W02-D0-worker-2-20260807T175645962853Z,x,v3.0,XQ-008,"((""Iran"" OR ""Iran-US war"") AND (""oil price"" OR ""exchange rate"" OR ""gold price"" OR ""market volatility""))","(((""Iran"" OR ""Iran-US war"") AND (""oil price"" OR ""exchange rate"" OR ""gold price"" OR ""market volatility""))) since:2026-03-07 until:2026-03-14",2026-03-07,2026-03-14,live,unknown,scrolled;scrolls_used=4,done,X_Scraper_v4_7_Target20K_Current.xlsx,Jobs+Subruns (depth=0),project_week=W02;depth=0;records_in_window=14
XRUN-XQ-009-W02-D0-worker-2-20260807T175727518422Z,x,v3.0,XQ-009,"((""Iran"" OR ""Iran-US war"") AND (""Strait of Hormuz"" OR Hormuz OR ""oil price""))","(((""Iran"" OR ""Iran-US war"") AND (""Strait of Hormuz"" OR Hormuz OR ""oil price""))) since:2026-03-07 until:2026-03-14",2026-03-07,2026-03-14,live,unknown,scrolled;scrolls_used=4,done,X_Scraper_v4_7_Target20K_Current.xlsx,Jobs+Subruns (depth=0),project_week=W02;depth=0;records_in_window=11
XRUN-XQ-010-W02-D0-worker-3-20260807T175811548531Z,x,v3.0,XQ-010,"(""جنگ ایران و آمریکا"" OR ""تنش ایران و آمریکا"" OR ""جنگ ایران آمریکا"")","((""جنگ ایران و آمریکا"" OR ""تنش ایران و آمریکا"" OR ""جنگ ایران آمریکا"")) since:2026-03-07 until:2026-03-14",2026-03-07,2026-03-14,live,unknown,scrolled;scrolls_used=4,done,X_Scraper_v4_7_Target20K_Current.xlsx,Jobs+Subruns (depth=0),project_week=W02;depth=0;records_in_window=13
XRUN-XQ-011-W02-D0-worker-2-20260807T175837009506Z,x,v3.0,XQ-011,"(""ایران"" AND (""حمله هوایی"" OR ""حمله موشکی"" OR ""حمله پهپادی""))","((""ایران"" AND (""حمله هوایی"" OR ""حمله موشکی"" OR ""حمله پهپادی""))) since:2026-03-07 until:2026-03-14",2026-03-07,2026-03-14,live,sampling_applied;returned=12;stored=11,scrolled;scrolls_used=4,done,X_Scraper_v4_7_Target20K_Current.xlsx,Jobs+Subruns (depth=0),project_week=W02;depth=0;records_in_window=12
XRUN-XQ-012-W02-D0-worker-3-20260807T175910465967Z,x,v3.0,XQ-012,"((""ایران"" OR ""سپاه"") AND (""ارتش آمریکا"" OR ""ایالات متحده"") AND (""حمله هوایی"" OR ""حمله موشکی""))","(((""ایران"" OR ""سپاه"") AND (""ارتش آمریکا"" OR ""ایالات متحده"") AND (""حمله هوایی"" OR ""حمله موشکی""))) since:2026-03-07 until:2026-03-14",2026-03-07,2026-03-14,live,sampling_applied;returned=8;stored=5,scrolled;scrolls_used=4,done,X_Scraper_v4_7_Target20K_Current.xlsx,Jobs+Subruns (depth=0),project_week=W02;depth=0;records_in_window=8
XRUN-XQ-013-W02-D0-worker-2-20260807T175955934199Z,x,v3.0,XQ-013,"((""ایران"" OR ""ایالات متحده"" OR ""آمریکا"") AND (""آتش‌بس"" OR ""مذاکرات"" OR ""صلح""))","(((""ایران"" OR ""ایالات متحده"" OR ""آمریکا"") AND (""آتش‌بس"" OR ""مذاکرات"" OR ""صلح""))) since:2026-03-07 until:2026-03-14",2026-03-07,2026-03-14,live,sampling_applied;returned=9;stored=8,scrolled;scrolls_used=4,done,X_Scraper_v4_7_Target20K_Current.xlsx,Jobs+Subruns (depth=0),project_week=W02;depth=0;records_in_window=9
XRUN-XQ-014-W02-D0-worker-3-20260807T180003917879Z,x,v3.0,XQ-014,"((""ایران"" OR ""ایالات متحده"") AND (""تحریم‌ها"" OR ""برنامه هسته‌ای""))","(((""ایران"" OR ""ایالات متحده"") AND (""تحریم‌ها"" OR ""برنامه هسته‌ای""))) since:2026-03-07 until:2026-03-14",2026-03-07,2026-03-14,live,unknown,scrolled;scrolls_used=4,done,X_Scraper_v4_7_Target20K_Current.xlsx,Jobs+Subruns (depth=0),project_week=W02;depth=0;records_in_window=9
XRUN-XQ-015-W02-D0-worker-2-20260807T180044109881Z,x,v3.0,XQ-015,"((""ایران"" OR ""جنگ ایران و آمریکا"") AND (""تلفات غیرنظامیان"" OR ""بحران انسانی""))","(((""ایران"" OR ""جنگ ایران و آمریکا"") AND (""تلفات غیرنظامیان"" OR ""بحران انسانی""))) since:2026-03-07 until:2026-03-14",2026-03-07,2026-03-14,live,unknown,scrolled;scrolls_used=4,done_with_errors;error_count=1,X_Scraper_v4_7_Target20K_Current.xlsx,Jobs+Subruns (depth=0),project_week=W02;depth=0;records_in_window=8
XRUN-XQ-016-W02-D0-worker-3-20260807T180049769523Z,x,v3.0,XQ-016,"((""ایران"" OR ""جنگ ایران و آمریکا"") AND (""اطلاعات نادرست"" OR ""تبلیغات سیاسی""))","(((""ایران"" OR ""جنگ ایران و آمریکا"") AND (""اطلاعات نادرست"" OR ""تبلیغات سیاسی""))) since:2026-03-07 until:2026-03-14",2026-03-07,2026-03-14,live,unknown,scrolled;scrolls_used=2,done,X_Scraper_v4_7_Target20K_Current.xlsx,Jobs+Subruns (depth=0),project_week=W02;depth=0;records_in_window=0
XRUN-XQ-017-W02-D0-worker-3-20260807T180106097792Z,x,v3.0,XQ-017,"((""ایران"" OR ""جنگ ایران و آمریکا"") AND (""قیمت نفت"" OR ""نرخ ارز"" OR ""قیمت طلا"" OR ""نوسان بازار""))","(((""ایران"" OR ""جنگ ایران و آمریکا"") AND (""قیمت نفت"" OR ""نرخ ارز"" OR ""قیمت طلا"" OR ""نوسان بازار""))) since:2026-03-07 until:2026-03-14",2026-03-07,2026-03-14,live,unknown,scrolled;scrolls_used=2,done,X_Scraper_v4_7_Target20K_Current.xlsx,Jobs+Subruns (depth=0),project_week=W02;depth=0;records_in_window=0
XRUN-XQ-018-W02-D0-worker-3-20260807T180119657881Z,x,v3.0,XQ-018,"((""ایران"" OR ""جنگ ایران و آمریکا"") AND (""تنگه هرمز"" OR ""قیمت نفت""))","(((""ایران"" OR ""جنگ ایران و آمریکا"") AND (""تنگه هرمز"" OR ""قیمت نفت""))) since:2026-03-07 until:2026-03-14",2026-03-07,2026-03-14,live,unknown,scrolled;scrolls_used=2,done,X_Scraper_v4_7_Target20K_Current.xlsx,Jobs+Subruns (depth=0),project_week=W02;depth=0;records_in_window=0
XRUN-XQ-019-W02-D0-worker-3-20260807T180133992929Z,x,v3.0,XQ-019,"(""Epic Fury"" OR ""Operation Epic Fury"" OR ""Roaring Lion"")","((""Epic Fury"" OR ""Operation Epic Fury"" OR ""Roaring Lion"")) since:2026-03-07 until:2026-03-14",2026-03-07,2026-03-14,live,unknown,scrolled;scrolls_used=4,done_with_errors;error_count=1,X_Scraper_v4_7_Target20K_Current.xlsx,Jobs+Subruns (depth=0),project_week=W02;depth=0;records_in_window=11
XRUN-XQ-020-W02-D0-worker-2-20260807T180200490074Z,x,v3.0,XQ-020,"(Hormuz OR ""Strait of Hormuz"") AND (blockade OR closed OR reopened OR shipping OR transit)","((Hormuz OR ""Strait of Hormuz"") AND (blockade OR closed OR reopened OR shipping OR transit)) since:2026-03-07 until:2026-03-14",2026-03-07,2026-03-14,live,sampling_applied;returned=13;stored=12,scrolled;scrolls_used=4,done,X_Scraper_v4_7_Target20K_Current.xlsx,Jobs+Subruns (depth=0),project_week=W02;depth=0;records_in_window=13
XRUN-XQ-021-W02-D0-worker-3-20260807T180251008339Z,x,v3.0,XQ-021,"((""Islamabad"" OR MOU OR ""memorandum of understanding"") AND (Iran OR ""United States"" OR Trump))","(((""Islamabad"" OR MOU OR ""memorandum of understanding"") AND (Iran OR ""United States"" OR Trump))) since:2026-03-07 until:2026-03-14",2026-03-07,2026-03-14,live,unknown,scrolled;scrolls_used=4,done_with_errors;error_count=1,X_Scraper_v4_7_Target20K_Current.xlsx,Jobs+Subruns (depth=0),project_week=W02;depth=0;records_in_window=12
XRUN-XQ-022-W02-D0-worker-2-20260807T180310434891Z,x,v3.0,XQ-022,"(""اپیک فیوری"" OR ""عملیات حماسه"" OR ""حماسه خشم"" OR ""روآرینگ لاین"")","((""اپیک فیوری"" OR ""عملیات حماسه"" OR ""حماسه خشم"" OR ""روآرینگ لاین"")) since:2026-03-07 until:2026-03-14",2026-03-07,2026-03-14,live,sampling_applied;returned=4;stored=2,scrolled;scrolls_used=3,done,X_Scraper_v4_7_Target20K_Current.xlsx,Jobs+Subruns (depth=0),project_week=W02;depth=0;records_in_window=4
XRUN-XQ-023-W02-D0-worker-2-20260807T180339402344Z,x,v3.0,XQ-023,"(""تنگه هرمز"") AND (""بسته"" OR ""مسدود"" OR ""محاصره"" OR ""بازگشایی"" OR ""کشتیرانی"")","((""تنگه هرمز"") AND (""بسته"" OR ""مسدود"" OR ""محاصره"" OR ""بازگشایی"" OR ""کشتیرانی"")) since:2026-03-07 until:2026-03-14",2026-03-07,2026-03-14,live,sampling_applied;returned=9;stored=8,scrolled;scrolls_used=4,done,X_Scraper_v4_7_Target20K_Current.xlsx,Jobs+Subruns (depth=0),project_week=W02;depth=0;records_in_window=9
XRUN-XQ-024-W02-D0-worker-3-20260807T180342436850Z,x,v3.0,XQ-024,"(""اسلام‌آباد"" OR ""تفاهم‌نامه"" OR ""تفاهم نامه"") AND (""ایران"" OR ""آمریکا"")","((""اسلام‌آباد"" OR ""تفاهم‌نامه"" OR ""تفاهم نامه"") AND (""ایران"" OR ""آمریکا"")) since:2026-03-07 until:2026-03-14",2026-03-07,2026-03-14,live,unknown,scrolled;scrolls_used=2,done,X_Scraper_v4_7_Target20K_Current.xlsx,Jobs+Subruns (depth=0),project_week=W02;depth=0;records_in_window=0
XRUN-XQ-H01-W02-D0-worker-3-20260807T180357463074Z,x,v3.0,XQ-H01,#IranWar OR #IranWar2026 OR #USIranWar OR #IranIsraelWar OR #EpicFury,(#IranWar OR #IranWar2026 OR #USIranWar OR #IranIsraelWar OR #EpicFury) since:2026-03-07 until:2026-03-14,2026-03-07,2026-03-14,live,sampling_applied;returned=13;stored=12,scrolled;scrolls_used=4,done_with_errors;error_count=1,X_Scraper_v4_7_Target20K_Current.xlsx,Jobs+Subruns (depth=0),project_week=W02;depth=0;records_in_window=13
XRUN-XQ-H02-W02-D0-worker-2-20260807T180429997813Z,x,v3.0,XQ-H02,#StraitOfHormuz OR #MiddleEastWar OR #MiddleEastConflict OR #Hormuz,(#StraitOfHormuz OR #MiddleEastWar OR #MiddleEastConflict OR #Hormuz) since:2026-03-07 until:2026-03-14,2026-03-07,2026-03-14,live,sampling_applied;returned=14;stored=12,scrolled;scrolls_used=4,done,X_Scraper_v4_7_Target20K_Current.xlsx,Jobs+Subruns (depth=0),project_week=W02;depth=0;records_in_window=14
XRUN-XQ-001-W03-D0-worker-3-20260807T180530348059Z,x,v3.0,XQ-001,"(""Iran-US war"" OR ""US-Iran tensions"" OR ""Iran war"" OR ""US Iran war"")","((""Iran-US war"" OR ""US-Iran tensions"" OR ""Iran war"" OR ""US Iran war"")) since:2026-03-14 until:2026-03-21",2026-03-14,2026-03-21,live,unknown,scrolled;scrolls_used=4,done_with_errors;error_count=8,X_Scraper_v4_7_Target20K_Current.xlsx,Jobs+Subruns (depth=0),project_week=W03;depth=0;records_in_window=12
XRUN-XQ-002-W03-D0-worker-2-20260807T180554785506Z,x,v3.0,XQ-002,"(""Iran"" AND (""airstrike"" OR ""missile strike"" OR ""drone attack""))","((""Iran"" AND (""airstrike"" OR ""missile strike"" OR ""drone attack""))) since:2026-03-14 until:2026-03-21",2026-03-14,2026-03-21,live,unknown,scrolled;scrolls_used=4,done,X_Scraper_v4_7_Target20K_Current.xlsx,Jobs+Subruns (depth=0),project_week=W03;depth=0;records_in_window=17
XRUN-XQ-003-W03-D0-worker-3-20260807T180615630433Z,x,v3.0,XQ-003,"((""Iran"" OR ""IRGC"") AND (""US military"" OR ""United States"") AND (""airstrike"" OR ""missile strike""))","(((""Iran"" OR ""IRGC"") AND (""US military"" OR ""United States"") AND (""airstrike"" OR ""missile strike""))) since:2026-03-14 until:2026-03-21",2026-03-14,2026-03-21,live,unknown,scrolled;scrolls_used=4,done,X_Scraper_v4_7_Target20K_Current.xlsx,Jobs+Subruns (depth=0),project_week=W03;depth=0;records_in_window=13
XRUN-XQ-004-W03-D0-worker-2-20260807T180652199851Z,x,v3.0,XQ-004,"((""Iran"" OR ""United States"") AND (""ceasefire"" OR ""negotiations"" OR ""peace talks""))","(((""Iran"" OR ""United States"") AND (""ceasefire"" OR ""negotiations"" OR ""peace talks""))) since:2026-03-14 until:2026-03-21",2026-03-14,2026-03-21,live,unknown,scrolled;scrolls_used=4,done_with_errors;error_count=1,X_Scraper_v4_7_Target20K_Current.xlsx,Jobs+Subruns (depth=0),project_week=W03;depth=0;records_in_window=13
XRUN-XQ-005-W03-D0-worker-3-20260807T180721104930Z,x,v3.0,XQ-005,"((""Iran"" OR ""United States"") AND (""sanctions"" OR ""nuclear programme"" OR ""nuclear program""))","(((""Iran"" OR ""United States"") AND (""sanctions"" OR ""nuclear programme"" OR ""nuclear program""))) since:2026-03-14 until:2026-03-21",2026-03-14,2026-03-21,live,unknown,scrolled;scrolls_used=2,done,X_Scraper_v4_7_Target20K_Current.xlsx,Jobs+Subruns (depth=0),project_week=W03;depth=0;records_in_window=0
XRUN-XQ-006-W03-D0-worker-3-20260807T180731671755Z,x,v3.0,XQ-006,"((""Iran"" OR ""Iran-US war"") AND (""civilian casualties"" OR ""humanitarian crisis""))","(((""Iran"" OR ""Iran-US war"") AND (""civilian casualties"" OR ""humanitarian crisis""))) since:2026-03-14 until:2026-03-21",2026-03-14,2026-03-21,live,unknown,split_triggered;scrolls_used=4,job_split_to_children,X_Scraper_v4_7_Target20K_Current.xlsx,Jobs+Subruns (depth=0),project_week=W03;depth=0;records_in_window=15
XRUN-XQ-006-W03-D1-worker-1-20260809T093245267783Z,x,v3.0,XQ-006,"((""Iran"" OR ""Iran-US war"") AND (""civilian casualties"" OR ""humanitarian crisis""))","(((""Iran"" OR ""Iran-US war"") AND (""civilian casualties"" OR ""humanitarian crisis""))) since:2026-03-14 until:2026-03-17",2026-03-14,2026-03-17,live,unknown,scrolled;scrolls_used=4,done,X_Scraper_v4_7_Target20K_Current.xlsx,Jobs+Subruns (depth=>0),project_week=W03;depth=1;records_in_window=18
XRUN-XQ-006-W03-D1-worker-2-20260809T093249886360Z,x,v3.0,XQ-006,"((""Iran"" OR ""Iran-US war"") AND (""civilian casualties"" OR ""humanitarian crisis""))","(((""Iran"" OR ""Iran-US war"") AND (""civilian casualties"" OR ""humanitarian crisis""))) since:2026-03-17 until:2026-03-21",2026-03-17,2026-03-21,live,sampling_applied;returned=15;stored=0,split_triggered;scrolls_used=4,job_split_to_children,X_Scraper_v4_7_Target20K_Current.xlsx,Jobs+Subruns (depth=>0),project_week=W03;depth=1;records_in_window=15
XRUN-XQ-006-W03-D2-worker-2-20260809T095801536089Z,x,v3.0,XQ-006,"((""Iran"" OR ""Iran-US war"") AND (""civilian casualties"" OR ""humanitarian crisis""))","(((""Iran"" OR ""Iran-US war"") AND (""civilian casualties"" OR ""humanitarian crisis""))) since:2026-03-17 until:2026-03-19",2026-03-17,2026-03-19,live,unknown,scrolled;scrolls_used=4,done,X_Scraper_v4_7_Target20K_Current.xlsx,Jobs+Subruns (depth=>0),project_week=W03;depth=2;records_in_window=15
XRUN-XQ-006-W03-D2-worker-1-20260809T095814415089Z,x,v3.0,XQ-006,"((""Iran"" OR ""Iran-US war"") AND (""civilian casualties"" OR ""humanitarian crisis""))","(((""Iran"" OR ""Iran-US war"") AND (""civilian casualties"" OR ""humanitarian crisis""))) since:2026-03-19 until:2026-03-21",2026-03-19,2026-03-21,live,sampling_applied;returned=17;stored=8,scrolled;scrolls_used=4,done,X_Scraper_v4_7_Target20K_Current.xlsx,Jobs+Subruns (depth=>0),project_week=W03;depth=2;records_in_window=17
XRUN-XQ-007-W03-D0-worker-2-20260807T180802182799Z,x,v3.0,XQ-007,"((""Iran"" OR ""Iran-US war"") AND (""misinformation"" OR ""propaganda""))","(((""Iran"" OR ""Iran-US war"") AND (""misinformation"" OR ""propaganda""))) since:2026-03-14 until:2026-03-21",2026-03-14,2026-03-21,live,unknown,scrolled;scrolls_used=4,done,X_Scraper_v4_7_Target20K_Current.xlsx,Jobs+Subruns (depth=0),project_week=W03;depth=0;records_in_window=15
XRUN-XQ-008-W03-D0-worker-3-20260807T180828856143Z,x,v3.0,XQ-008,"((""Iran"" OR ""Iran-US war"") AND (""oil price"" OR ""exchange rate"" OR ""gold price"" OR ""market volatility""))","(((""Iran"" OR ""Iran-US war"") AND (""oil price"" OR ""exchange rate"" OR ""gold price"" OR ""market volatility""))) since:2026-03-14 until:2026-03-21",2026-03-14,2026-03-21,live,unknown,scrolled;scrolls_used=4,done,X_Scraper_v4_7_Target20K_Current.xlsx,Jobs+Subruns (depth=0),project_week=W03;depth=0;records_in_window=15
XRUN-XQ-009-W03-D0-worker-2-20260807T180902888500Z,x,v3.0,XQ-009,"((""Iran"" OR ""Iran-US war"") AND (""Strait of Hormuz"" OR Hormuz OR ""oil price""))","(((""Iran"" OR ""Iran-US war"") AND (""Strait of Hormuz"" OR Hormuz OR ""oil price""))) since:2026-03-14 until:2026-03-21",2026-03-14,2026-03-21,live,sampling_applied;returned=11;stored=9,scrolled;scrolls_used=4,done,X_Scraper_v4_7_Target20K_Current.xlsx,Jobs+Subruns (depth=0),project_week=W03;depth=0;records_in_window=11
XRUN-XQ-010-W03-D0-worker-3-20260807T180944973978Z,x,v3.0,XQ-010,"(""جنگ ایران و آمریکا"" OR ""تنش ایران و آمریکا"" OR ""جنگ ایران آمریکا"")","((""جنگ ایران و آمریکا"" OR ""تنش ایران و آمریکا"" OR ""جنگ ایران آمریکا"")) since:2026-03-14 until:2026-03-21",2026-03-14,2026-03-21,live,unknown,scrolled;scrolls_used=4,done,X_Scraper_v4_7_Target20K_Current.xlsx,Jobs+Subruns (depth=0),project_week=W03;depth=0;records_in_window=13
XRUN-XQ-011-W03-D0-worker-2-20260807T180956995465Z,x,v3.0,XQ-011,"(""ایران"" AND (""حمله هوایی"" OR ""حمله موشکی"" OR ""حمله پهپادی""))","((""ایران"" AND (""حمله هوایی"" OR ""حمله موشکی"" OR ""حمله پهپادی""))) since:2026-03-14 until:2026-03-21",2026-03-14,2026-03-21,live,unknown,scrolled;scrolls_used=4,done,X_Scraper_v4_7_Target20K_Current.xlsx,Jobs+Subruns (depth=0),project_week=W03;depth=0;records_in_window=10
XRUN-XQ-012-W03-D0-worker-2-20260807T181038570817Z,x,v3.0,XQ-012,"((""ایران"" OR ""سپاه"") AND (""ارتش آمریکا"" OR ""ایالات متحده"") AND (""حمله هوایی"" OR ""حمله موشکی""))","(((""ایران"" OR ""سپاه"") AND (""ارتش آمریکا"" OR ""ایالات متحده"") AND (""حمله هوایی"" OR ""حمله موشکی""))) since:2026-03-14 until:2026-03-21",2026-03-14,2026-03-21,live,unknown,scrolled;scrolls_used=2,done,X_Scraper_v4_7_Target20K_Current.xlsx,Jobs+Subruns (depth=0),project_week=W03;depth=0;records_in_window=0
XRUN-XQ-013-W03-D0-worker-3-20260807T181045628217Z,x,v3.0,XQ-013,"((""ایران"" OR ""ایالات متحده"" OR ""آمریکا"") AND (""آتش‌بس"" OR ""مذاکرات"" OR ""صلح""))","(((""ایران"" OR ""ایالات متحده"" OR ""آمریکا"") AND (""آتش‌بس"" OR ""مذاکرات"" OR ""صلح""))) since:2026-03-14 until:2026-03-21",2026-03-14,2026-03-21,live,unknown,scrolled;scrolls_used=4,done,X_Scraper_v4_7_Target20K_Current.xlsx,Jobs+Subruns (depth=0),project_week=W03;depth=0;records_in_window=12
XRUN-XQ-014-W03-D0-worker-2-20260807T181051864564Z,x,v3.0,XQ-014,"((""ایران"" OR ""ایالات متحده"") AND (""تحریم‌ها"" OR ""برنامه هسته‌ای""))","(((""ایران"" OR ""ایالات متحده"") AND (""تحریم‌ها"" OR ""برنامه هسته‌ای""))) since:2026-03-14 until:2026-03-21",2026-03-14,2026-03-21,live,unknown,scrolled;scrolls_used=2,done,X_Scraper_v4_7_Target20K_Current.xlsx,Jobs+Subruns (depth=0),project_week=W03;depth=0;records_in_window=0
XRUN-XQ-015-W03-D0-worker-2-20260807T181100712401Z,x,v3.0,XQ-015,"((""ایران"" OR ""جنگ ایران و آمریکا"") AND (""تلفات غیرنظامیان"" OR ""بحران انسانی""))","(((""ایران"" OR ""جنگ ایران و آمریکا"") AND (""تلفات غیرنظامیان"" OR ""بحران انسانی""))) since:2026-03-14 until:2026-03-21",2026-03-14,2026-03-21,live,unknown,scrolled;scrolls_used=4,done,X_Scraper_v4_7_Target20K_Current.xlsx,Jobs+Subruns (depth=0),project_week=W03;depth=0;records_in_window=9
XRUN-XQ-016-W03-D0-worker-3-20260807T181139384960Z,x,v3.0,XQ-016,"((""ایران"" OR ""جنگ ایران و آمریکا"") AND (""اطلاعات نادرست"" OR ""تبلیغات سیاسی""))","(((""ایران"" OR ""جنگ ایران و آمریکا"") AND (""اطلاعات نادرست"" OR ""تبلیغات سیاسی""))) since:2026-03-14 until:2026-03-21",2026-03-14,2026-03-21,live,unknown,scrolled;scrolls_used=4,done,X_Scraper_v4_7_Target20K_Current.xlsx,Jobs+Subruns (depth=0),project_week=W03;depth=0;records_in_window=11
XRUN-XQ-017-W03-D0-worker-2-20260807T181140967906Z,x,v3.0,XQ-017,"((""ایران"" OR ""جنگ ایران و آمریکا"") AND (""قیمت نفت"" OR ""نرخ ارز"" OR ""قیمت طلا"" OR ""نوسان بازار""))","(((""ایران"" OR ""جنگ ایران و آمریکا"") AND (""قیمت نفت"" OR ""نرخ ارز"" OR ""قیمت طلا"" OR ""نوسان بازار""))) since:2026-03-14 until:2026-03-21",2026-03-14,2026-03-21,live,sampling_applied;returned=14;stored=13,scrolled;scrolls_used=4,done,X_Scraper_v4_7_Target20K_Current.xlsx,Jobs+Subruns (depth=0),project_week=W03;depth=0;records_in_window=14
XRUN-XQ-018-W03-D0-worker-3-20260807T181230247910Z,x,v3.0,XQ-018,"((""ایران"" OR ""جنگ ایران و آمریکا"") AND (""تنگه هرمز"" OR ""قیمت نفت""))","(((""ایران"" OR ""جنگ ایران و آمریکا"") AND (""تنگه هرمز"" OR ""قیمت نفت""))) since:2026-03-14 until:2026-03-21",2026-03-14,2026-03-21,live,sampling_applied;returned=16;stored=14,scrolled;scrolls_used=4,done,X_Scraper_v4_7_Target20K_Current.xlsx,Jobs+Subruns (depth=0),project_week=W03;depth=0;records_in_window=16
XRUN-XQ-019-W03-D0-worker-2-20260807T181249230752Z,x,v3.0,XQ-019,"(""Epic Fury"" OR ""Operation Epic Fury"" OR ""Roaring Lion"")","((""Epic Fury"" OR ""Operation Epic Fury"" OR ""Roaring Lion"")) since:2026-03-14 until:2026-03-21",2026-03-14,2026-03-21,live,sampling_applied;returned=15;stored=14,scrolled;scrolls_used=4,done,X_Scraper_v4_7_Target20K_Current.xlsx,Jobs+Subruns (depth=0),project_week=W03;depth=0;records_in_window=15
XRUN-XQ-020-W03-D0-worker-3-20260807T181328319046Z,x,v3.0,XQ-020,"(Hormuz OR ""Strait of Hormuz"") AND (blockade OR closed OR reopened OR shipping OR transit)","((Hormuz OR ""Strait of Hormuz"") AND (blockade OR closed OR reopened OR shipping OR transit)) since:2026-03-14 until:2026-03-21",2026-03-14,2026-03-21,live,unknown,scrolled;scrolls_used=2,done,X_Scraper_v4_7_Target20K_Current.xlsx,Jobs+Subruns (depth=0),project_week=W03;depth=0;records_in_window=0
XRUN-XQ-021-W03-D0-worker-3-20260807T181342500862Z,x,v3.0,XQ-021,"((""Islamabad"" OR MOU OR ""memorandum of understanding"") AND (Iran OR ""United States"" OR Trump))","(((""Islamabad"" OR MOU OR ""memorandum of understanding"") AND (Iran OR ""United States"" OR Trump))) since:2026-03-14 until:2026-03-21",2026-03-14,2026-03-21,live,unknown,scrolled;scrolls_used=4,done,X_Scraper_v4_7_Target20K_Current.xlsx,Jobs+Subruns (depth=0),project_week=W03;depth=0;records_in_window=14
XRUN-XQ-022-W03-D0-worker-2-20260807T181354803219Z,x,v3.0,XQ-022,"(""اپیک فیوری"" OR ""عملیات حماسه"" OR ""حماسه خشم"" OR ""روآرینگ لاین"")","((""اپیک فیوری"" OR ""عملیات حماسه"" OR ""حماسه خشم"" OR ""روآرینگ لاین"")) since:2026-03-14 until:2026-03-21",2026-03-14,2026-03-21,live,sampling_applied;returned=8;stored=7,scrolled;scrolls_used=4,done,X_Scraper_v4_7_Target20K_Current.xlsx,Jobs+Subruns (depth=0),project_week=W03;depth=0;records_in_window=8
XRUN-XQ-023-W03-D0-worker-2-20260807T181441311003Z,x,v3.0,XQ-023,"(""تنگه هرمز"") AND (""بسته"" OR ""مسدود"" OR ""محاصره"" OR ""بازگشایی"" OR ""کشتیرانی"")","((""تنگه هرمز"") AND (""بسته"" OR ""مسدود"" OR ""محاصره"" OR ""بازگشایی"" OR ""کشتیرانی"")) since:2026-03-14 until:2026-03-21",2026-03-14,2026-03-21,live,sampling_applied;returned=14;stored=10,scrolled;scrolls_used=4,done,X_Scraper_v4_7_Target20K_Current.xlsx,Jobs+Subruns (depth=0),project_week=W03;depth=0;records_in_window=14
XRUN-XQ-024-W03-D0-worker-3-20260807T181457355249Z,x,v3.0,XQ-024,"(""اسلام‌آباد"" OR ""تفاهم‌نامه"" OR ""تفاهم نامه"") AND (""ایران"" OR ""آمریکا"")","((""اسلام‌آباد"" OR ""تفاهم‌نامه"" OR ""تفاهم نامه"") AND (""ایران"" OR ""آمریکا"")) since:2026-03-14 until:2026-03-21",2026-03-14,2026-03-21,live,unknown,scrolled;scrolls_used=4,done,X_Scraper_v4_7_Target20K_Current.xlsx,Jobs+Subruns (depth=0),project_week=W03;depth=0;records_in_window=11
XRUN-XQ-H01-W03-D0-worker-2-20260807T181537287916Z,x,v3.0,XQ-H01,#IranWar OR #IranWar2026 OR #USIranWar OR #IranIsraelWar OR #EpicFury,(#IranWar OR #IranWar2026 OR #USIranWar OR #IranIsraelWar OR #EpicFury) since:2026-03-14 until:2026-03-21,2026-03-14,2026-03-21,live,unknown,scrolled;scrolls_used=4,done_with_errors;error_count=5,X_Scraper_v4_7_Target20K_Current.xlsx,Jobs+Subruns (depth=0),project_week=W03;depth=0;records_in_window=14
XRUN-XQ-H02-W03-D0-worker-3-20260807T181540026932Z,x,v3.0,XQ-H02,#StraitOfHormuz OR #MiddleEastWar OR #MiddleEastConflict OR #Hormuz,(#StraitOfHormuz OR #MiddleEastWar OR #MiddleEastConflict OR #Hormuz) since:2026-03-14 until:2026-03-21,2026-03-14,2026-03-21,live,unknown,scrolled;scrolls_used=2,done,X_Scraper_v4_7_Target20K_Current.xlsx,Jobs+Subruns (depth=0),project_week=W03;depth=0;records_in_window=0
XRUN-XQ-001-W04-D0-worker-3-20260807T181555852671Z,x,v3.0,XQ-001,"(""Iran-US war"" OR ""US-Iran tensions"" OR ""Iran war"" OR ""US Iran war"")","((""Iran-US war"" OR ""US-Iran tensions"" OR ""Iran war"" OR ""US Iran war"")) since:2026-03-21 until:2026-03-28",2026-03-21,2026-03-28,live,unknown,scrolled;scrolls_used=4,done,X_Scraper_v4_7_Target20K_Current.xlsx,Jobs+Subruns (depth=0),project_week=W04;depth=0;records_in_window=17
XRUN-XQ-002-W04-D0-worker-2-20260807T181654603226Z,x,v3.0,XQ-002,"(""Iran"" AND (""airstrike"" OR ""missile strike"" OR ""drone attack""))","((""Iran"" AND (""airstrike"" OR ""missile strike"" OR ""drone attack""))) since:2026-03-21 until:2026-03-28",2026-03-21,2026-03-28,live,unknown,scrolled;scrolls_used=4,done,X_Scraper_v4_7_Target20K_Current.xlsx,Jobs+Subruns (depth=0),project_week=W04;depth=0;records_in_window=13
XRUN-XQ-003-W04-D0-worker-3-20260807T181727469562Z,x,v3.0,XQ-003,"((""Iran"" OR ""IRGC"") AND (""US military"" OR ""United States"") AND (""airstrike"" OR ""missile strike""))","(((""Iran"" OR ""IRGC"") AND (""US military"" OR ""United States"") AND (""airstrike"" OR ""missile strike""))) since:2026-03-21 until:2026-03-28",2026-03-21,2026-03-28,live,unknown,scrolled;scrolls_used=4,done,X_Scraper_v4_7_Target20K_Current.xlsx,Jobs+Subruns (depth=0),project_week=W04;depth=0;records_in_window=11
XRUN-XQ-004-W04-D0-worker-2-20260807T181811242702Z,x,v3.0,XQ-004,"((""Iran"" OR ""United States"") AND (""ceasefire"" OR ""negotiations"" OR ""peace talks""))","(((""Iran"" OR ""United States"") AND (""ceasefire"" OR ""negotiations"" OR ""peace talks""))) since:2026-03-21 until:2026-03-28",2026-03-21,2026-03-28,live,unknown,scrolled;scrolls_used=4,done,X_Scraper_v4_7_Target20K_Current.xlsx,Jobs+Subruns (depth=0),project_week=W04;depth=0;records_in_window=16
XRUN-XQ-005-W04-D0-worker-3-20260807T181850820682Z,x,v3.0,XQ-005,"((""Iran"" OR ""United States"") AND (""sanctions"" OR ""nuclear programme"" OR ""nuclear program""))","(((""Iran"" OR ""United States"") AND (""sanctions"" OR ""nuclear programme"" OR ""nuclear program""))) since:2026-03-21 until:2026-03-28",2026-03-21,2026-03-28,live,unknown,scrolled;scrolls_used=2,done,X_Scraper_v4_7_Target20K_Current.xlsx,Jobs+Subruns (depth=0),project_week=W04;depth=0;records_in_window=0
XRUN-XQ-006-W04-D0-worker-3-20260807T181902788900Z,x,v3.0,XQ-006,"((""Iran"" OR ""Iran-US war"") AND (""civilian casualties"" OR ""humanitarian crisis""))","(((""Iran"" OR ""Iran-US war"") AND (""civilian casualties"" OR ""humanitarian crisis""))) since:2026-03-21 until:2026-03-28",2026-03-21,2026-03-28,live,sampling_applied;returned=18;stored=17,scrolled;scrolls_used=4,done,X_Scraper_v4_7_Target20K_Current.xlsx,Jobs+Subruns (depth=0),project_week=W04;depth=0;records_in_window=18
XRUN-XQ-007-W04-D0-worker-2-20260807T181954798691Z,x,v3.0,XQ-007,"((""Iran"" OR ""Iran-US war"") AND (""misinformation"" OR ""propaganda""))","(((""Iran"" OR ""Iran-US war"") AND (""misinformation"" OR ""propaganda""))) since:2026-03-21 until:2026-03-28",2026-03-21,2026-03-28,live,unknown,split_triggered;scrolls_used=4,job_split_to_children,X_Scraper_v4_7_Target20K_Current.xlsx,Jobs+Subruns (depth=0),project_week=W04;depth=0;records_in_window=17
XRUN-XQ-007-W04-D1-worker-2-20260809T093347403186Z,x,v3.0,XQ-007,"((""Iran"" OR ""Iran-US war"") AND (""misinformation"" OR ""propaganda""))","(((""Iran"" OR ""Iran-US war"") AND (""misinformation"" OR ""propaganda""))) since:2026-03-21 until:2026-03-24",2026-03-21,2026-03-24,live,unknown,scrolled;scrolls_used=4,done,X_Scraper_v4_7_Target20K_Current.xlsx,Jobs+Subruns (depth=>0),project_week=W04;depth=1;records_in_window=18
XRUN-XQ-007-W04-D1-worker-1-20260809T093415385811Z,x,v3.0,XQ-007,"((""Iran"" OR ""Iran-US war"") AND (""misinformation"" OR ""propaganda""))","(((""Iran"" OR ""Iran-US war"") AND (""misinformation"" OR ""propaganda""))) since:2026-03-24 until:2026-03-28",2026-03-24,2026-03-28,live,unknown,scrolled;scrolls_used=2,done,X_Scraper_v4_7_Target20K_Current.xlsx,Jobs+Subruns (depth=>0),project_week=W04;depth=1;records_in_window=0
XRUN-XQ-008-W04-D0-worker-3-20260807T182034706611Z,x,v3.0,XQ-008,"((""Iran"" OR ""Iran-US war"") AND (""oil price"" OR ""exchange rate"" OR ""gold price"" OR ""market volatility""))","(((""Iran"" OR ""Iran-US war"") AND (""oil price"" OR ""exchange rate"" OR ""gold price"" OR ""market volatility""))) since:2026-03-21 until:2026-03-28",2026-03-21,2026-03-28,live,sampling_applied;returned=11;stored=10,scrolled;scrolls_used=4,done,X_Scraper_v4_7_Target20K_Current.xlsx,Jobs+Subruns (depth=0),project_week=W04;depth=0;records_in_window=11
XRUN-XQ-009-W04-D0-worker-2-20260807T182113177741Z,x,v3.0,XQ-009,"((""Iran"" OR ""Iran-US war"") AND (""Strait of Hormuz"" OR Hormuz OR ""oil price""))","(((""Iran"" OR ""Iran-US war"") AND (""Strait of Hormuz"" OR Hormuz OR ""oil price""))) since:2026-03-21 until:2026-03-28",2026-03-21,2026-03-28,live,sampling_applied;returned=12;stored=9,scrolled;scrolls_used=4,done,X_Scraper_v4_7_Target20K_Current.xlsx,Jobs+Subruns (depth=0),project_week=W04;depth=0;records_in_window=12
XRUN-XQ-010-W04-D0-worker-3-20260807T182135165430Z,x,v3.0,XQ-010,"(""جنگ ایران و آمریکا"" OR ""تنش ایران و آمریکا"" OR ""جنگ ایران آمریکا"")","((""جنگ ایران و آمریکا"" OR ""تنش ایران و آمریکا"" OR ""جنگ ایران آمریکا"")) since:2026-03-21 until:2026-03-28",2026-03-21,2026-03-28,live,unknown,scrolled;scrolls_used=2,done,X_Scraper_v4_7_Target20K_Current.xlsx,Jobs+Subruns (depth=0),project_week=W04;depth=0;records_in_window=0
XRUN-XQ-011-W04-D0-worker-3-20260807T182144498835Z,x,v3.0,XQ-011,"(""ایران"" AND (""حمله هوایی"" OR ""حمله موشکی"" OR ""حمله پهپادی""))","((""ایران"" AND (""حمله هوایی"" OR ""حمله موشکی"" OR ""حمله پهپادی""))) since:2026-03-21 until:2026-03-28",2026-03-21,2026-03-28,live,unknown,scrolled;scrolls_used=4,done_with_errors;error_count=5,X_Scraper_v4_7_Target20K_Current.xlsx,Jobs+Subruns (depth=0),project_week=W04;depth=0;records_in_window=11
XRUN-XQ-012-W04-D0-worker-2-20260807T182202957270Z,x,v3.0,XQ-012,"((""ایران"" OR ""سپاه"") AND (""ارتش آمریکا"" OR ""ایالات متحده"") AND (""حمله هوایی"" OR ""حمله موشکی""))","(((""ایران"" OR ""سپاه"") AND (""ارتش آمریکا"" OR ""ایالات متحده"") AND (""حمله هوایی"" OR ""حمله موشکی""))) since:2026-03-21 until:2026-03-28",2026-03-21,2026-03-28,live,unknown,scrolled;scrolls_used=2,done,X_Scraper_v4_7_Target20K_Current.xlsx,Jobs+Subruns (depth=0),project_week=W04;depth=0;records_in_window=0
XRUN-XQ-013-W04-D0-worker-2-20260807T182217566948Z,x,v3.0,XQ-013,"((""ایران"" OR ""ایالات متحده"" OR ""آمریکا"") AND (""آتش‌بس"" OR ""مذاکرات"" OR ""صلح""))","(((""ایران"" OR ""ایالات متحده"" OR ""آمریکا"") AND (""آتش‌بس"" OR ""مذاکرات"" OR ""صلح""))) since:2026-03-21 until:2026-03-28",2026-03-21,2026-03-28,live,unknown,scrolled;scrolls_used=2,done,X_Scraper_v4_7_Target20K_Current.xlsx,Jobs+Subruns (depth=0),project_week=W04;depth=0;records_in_window=0
XRUN-XQ-014-W04-D0-worker-2-20260807T182227918339Z,x,v3.0,XQ-014,"((""ایران"" OR ""ایالات متحده"") AND (""تحریم‌ها"" OR ""برنامه هسته‌ای""))","(((""ایران"" OR ""ایالات متحده"") AND (""تحریم‌ها"" OR ""برنامه هسته‌ای""))) since:2026-03-21 until:2026-03-28",2026-03-21,2026-03-28,live,unknown,scrolled;scrolls_used=4,done_with_errors;error_count=1,X_Scraper_v4_7_Target20K_Current.xlsx,Jobs+Subruns (depth=0),project_week=W04;depth=0;records_in_window=9
XRUN-XQ-015-W04-D0-worker-3-20260807T182235389778Z,x,v3.0,XQ-015,"((""ایران"" OR ""جنگ ایران و آمریکا"") AND (""تلفات غیرنظامیان"" OR ""بحران انسانی""))","(((""ایران"" OR ""جنگ ایران و آمریکا"") AND (""تلفات غیرنظامیان"" OR ""بحران انسانی""))) since:2026-03-21 until:2026-03-28",2026-03-21,2026-03-28,live,unknown,scrolled;scrolls_used=4,done_with_errors;error_count=2,X_Scraper_v4_7_Target20K_Current.xlsx,Jobs+Subruns (depth=0),project_week=W04;depth=0;records_in_window=12
XRUN-XQ-016-W04-D0-worker-2-20260807T182321764109Z,x,v3.0,XQ-016,"((""ایران"" OR ""جنگ ایران و آمریکا"") AND (""اطلاعات نادرست"" OR ""تبلیغات سیاسی""))","(((""ایران"" OR ""جنگ ایران و آمریکا"") AND (""اطلاعات نادرست"" OR ""تبلیغات سیاسی""))) since:2026-03-21 until:2026-03-28",2026-03-21,2026-03-28,live,unknown,scrolled;scrolls_used=4,done,X_Scraper_v4_7_Target20K_Current.xlsx,Jobs+Subruns (depth=0),project_week=W04;depth=0;records_in_window=11
XRUN-XQ-017-W04-D0-worker-3-20260807T182341801549Z,x,v3.0,XQ-017,"((""ایران"" OR ""جنگ ایران و آمریکا"") AND (""قیمت نفت"" OR ""نرخ ارز"" OR ""قیمت طلا"" OR ""نوسان بازار""))","(((""ایران"" OR ""جنگ ایران و آمریکا"") AND (""قیمت نفت"" OR ""نرخ ارز"" OR ""قیمت طلا"" OR ""نوسان بازار""))) since:2026-03-21 until:2026-03-28",2026-03-21,2026-03-28,live,sampling_applied;returned=10;stored=8,scrolled;scrolls_used=4,done,X_Scraper_v4_7_Target20K_Current.xlsx,Jobs+Subruns (depth=0),project_week=W04;depth=0;records_in_window=10
XRUN-XQ-018-W04-D0-worker-2-20260807T182423345982Z,x,v3.0,XQ-018,"((""ایران"" OR ""جنگ ایران و آمریکا"") AND (""تنگه هرمز"" OR ""قیمت نفت""))","(((""ایران"" OR ""جنگ ایران و آمریکا"") AND (""تنگه هرمز"" OR ""قیمت نفت""))) since:2026-03-21 until:2026-03-28",2026-03-21,2026-03-28,live,sampling_applied;returned=10;stored=9,scrolled;scrolls_used=4,done,X_Scraper_v4_7_Target20K_Current.xlsx,Jobs+Subruns (depth=0),project_week=W04;depth=0;records_in_window=10
XRUN-XQ-019-W04-D0-worker-3-20260807T182429774337Z,x,v3.0,XQ-019,"(""Epic Fury"" OR ""Operation Epic Fury"" OR ""Roaring Lion"")","((""Epic Fury"" OR ""Operation Epic Fury"" OR ""Roaring Lion"")) since:2026-03-21 until:2026-03-28",2026-03-21,2026-03-28,live,unknown,scrolled;scrolls_used=4,done,X_Scraper_v4_7_Target20K_Current.xlsx,Jobs+Subruns (depth=0),project_week=W04;depth=0;records_in_window=11
XRUN-XQ-020-W04-D0-worker-2-20260807T182511367386Z,x,v3.0,XQ-020,"(Hormuz OR ""Strait of Hormuz"") AND (blockade OR closed OR reopened OR shipping OR transit)","((Hormuz OR ""Strait of Hormuz"") AND (blockade OR closed OR reopened OR shipping OR transit)) since:2026-03-21 until:2026-03-28",2026-03-21,2026-03-28,live,unknown,scrolled;scrolls_used=4,done,X_Scraper_v4_7_Target20K_Current.xlsx,Jobs+Subruns (depth=0),project_week=W04;depth=0;records_in_window=16
XRUN-XQ-021-W04-D0-worker-3-20260807T182526089707Z,x,v3.0,XQ-021,"((""Islamabad"" OR MOU OR ""memorandum of understanding"") AND (Iran OR ""United States"" OR Trump))","(((""Islamabad"" OR MOU OR ""memorandum of understanding"") AND (Iran OR ""United States"" OR Trump))) since:2026-03-21 until:2026-03-28",2026-03-21,2026-03-28,live,unknown,scrolled;scrolls_used=2,done,X_Scraper_v4_7_Target20K_Current.xlsx,Jobs+Subruns (depth=0),project_week=W04;depth=0;records_in_window=0
XRUN-XQ-022-W04-D0-worker-3-20260807T182539377900Z,x,v3.0,XQ-022,"(""اپیک فیوری"" OR ""عملیات حماسه"" OR ""حماسه خشم"" OR ""روآرینگ لاین"")","((""اپیک فیوری"" OR ""عملیات حماسه"" OR ""حماسه خشم"" OR ""روآرینگ لاین"")) since:2026-03-21 until:2026-03-28",2026-03-21,2026-03-28,live,unknown,scrolled;scrolls_used=4,done,X_Scraper_v4_7_Target20K_Current.xlsx,Jobs+Subruns (depth=0),project_week=W04;depth=0;records_in_window=4
XRUN-XQ-023-W04-D0-worker-3-20260807T182625120769Z,x,v3.0,XQ-023,"(""تنگه هرمز"") AND (""بسته"" OR ""مسدود"" OR ""محاصره"" OR ""بازگشایی"" OR ""کشتیرانی"")","((""تنگه هرمز"") AND (""بسته"" OR ""مسدود"" OR ""محاصره"" OR ""بازگشایی"" OR ""کشتیرانی"")) since:2026-03-21 until:2026-03-28",2026-03-21,2026-03-28,live,sampling_applied;returned=11;stored=6,scrolled;scrolls_used=4,done,X_Scraper_v4_7_Target20K_Current.xlsx,Jobs+Subruns (depth=0),project_week=W04;depth=0;records_in_window=11
XRUN-XQ-024-W04-D0-worker-2-20260807T182631517901Z,x,v3.0,XQ-024,"(""اسلام‌آباد"" OR ""تفاهم‌نامه"" OR ""تفاهم نامه"") AND (""ایران"" OR ""آمریکا"")","((""اسلام‌آباد"" OR ""تفاهم‌نامه"" OR ""تفاهم نامه"") AND (""ایران"" OR ""آمریکا"")) since:2026-03-21 until:2026-03-28",2026-03-21,2026-03-28,live,unknown,scrolled;scrolls_used=2,done,X_Scraper_v4_7_Target20K_Current.xlsx,Jobs+Subruns (depth=0),project_week=W04;depth=0;records_in_window=0
XRUN-XQ-H01-W04-D0-worker-2-20260807T182647680213Z,x,v3.0,XQ-H01,#IranWar OR #IranWar2026 OR #USIranWar OR #IranIsraelWar OR #EpicFury,(#IranWar OR #IranWar2026 OR #USIranWar OR #IranIsraelWar OR #EpicFury) since:2026-03-21 until:2026-03-28,2026-03-21,2026-03-28,live,unknown,scrolled;scrolls_used=4,done,X_Scraper_v4_7_Target20K_Current.xlsx,Jobs+Subruns (depth=0),project_week=W04;depth=0;records_in_window=9
XRUN-XQ-H02-W04-D0-worker-3-20260807T182741668286Z,x,v3.0,XQ-H02,#StraitOfHormuz OR #MiddleEastWar OR #MiddleEastConflict OR #Hormuz,(#StraitOfHormuz OR #MiddleEastWar OR #MiddleEastConflict OR #Hormuz) since:2026-03-21 until:2026-03-28,2026-03-21,2026-03-28,live,unknown,scrolled;scrolls_used=4,done_with_errors;error_count=3,X_Scraper_v4_7_Target20K_Current.xlsx,Jobs+Subruns (depth=0),project_week=W04;depth=0;records_in_window=13
XRUN-XQ-001-W05-D0-worker-2-20260807T182808888864Z,x,v3.0,XQ-001,"(""Iran-US war"" OR ""US-Iran tensions"" OR ""Iran war"" OR ""US Iran war"")","((""Iran-US war"" OR ""US-Iran tensions"" OR ""Iran war"" OR ""US Iran war"")) since:2026-03-28 until:2026-04-04",2026-03-28,2026-04-04,live,unknown,scrolled;scrolls_used=4,done,X_Scraper_v4_7_Target20K_Current.xlsx,Jobs+Subruns (depth=0),project_week=W05;depth=0;records_in_window=13
XRUN-XQ-002-W05-D0-worker-3-20260807T182921520092Z,x,v3.0,XQ-002,"(""Iran"" AND (""airstrike"" OR ""missile strike"" OR ""drone attack""))","((""Iran"" AND (""airstrike"" OR ""missile strike"" OR ""drone attack""))) since:2026-03-28 until:2026-04-04",2026-03-28,2026-04-04,live,unknown,scrolled;scrolls_used=4,done,X_Scraper_v4_7_Target20K_Current.xlsx,Jobs+Subruns (depth=0),project_week=W05;depth=0;records_in_window=10
XRUN-XQ-003-W05-D0-worker-3-20260807T183145388403Z,x,v3.0,XQ-003,"((""Iran"" OR ""IRGC"") AND (""US military"" OR ""United States"") AND (""airstrike"" OR ""missile strike""))","(((""Iran"" OR ""IRGC"") AND (""US military"" OR ""United States"") AND (""airstrike"" OR ""missile strike""))) since:2026-03-28 until:2026-04-04",2026-03-28,2026-04-04,live,sampling_applied;returned=12;stored=11,scrolled;scrolls_used=4,done,X_Scraper_v4_7_Target20K_Current.xlsx,Jobs+Subruns (depth=0),project_week=W05;depth=0;records_in_window=12
XRUN-XQ-004-W05-D0-worker-3-20260807T183015856624Z,x,v3.0,XQ-004,"((""Iran"" OR ""United States"") AND (""ceasefire"" OR ""negotiations"" OR ""peace talks""))","(((""Iran"" OR ""United States"") AND (""ceasefire"" OR ""negotiations"" OR ""peace talks""))) since:2026-03-28 until:2026-04-04",2026-03-28,2026-04-04,live,unknown,scrolled;scrolls_used=4,done,X_Scraper_v4_7_Target20K_Current.xlsx,Jobs+Subruns (depth=0),project_week=W05;depth=0;records_in_window=13
XRUN-XQ-005-W05-D0-worker-3-20260807T183107355913Z,x,v3.0,XQ-005,"((""Iran"" OR ""United States"") AND (""sanctions"" OR ""nuclear programme"" OR ""nuclear program""))","(((""Iran"" OR ""United States"") AND (""sanctions"" OR ""nuclear programme"" OR ""nuclear program""))) since:2026-03-28 until:2026-04-04",2026-03-28,2026-04-04,live,unknown,split_triggered;scrolls_used=4,job_split_to_children,X_Scraper_v4_7_Target20K_Current.xlsx,Jobs+Subruns (depth=0),project_week=W05;depth=0;records_in_window=17
XRUN-XQ-005-W05-D1-worker-1-20260809T093426054991Z,x,v3.0,XQ-005,"((""Iran"" OR ""United States"") AND (""sanctions"" OR ""nuclear programme"" OR ""nuclear program""))","(((""Iran"" OR ""United States"") AND (""sanctions"" OR ""nuclear programme"" OR ""nuclear program""))) since:2026-03-28 until:2026-03-31",2026-03-28,2026-03-31,live,unknown,scrolled;scrolls_used=4,done_with_errors;error_count=1,X_Scraper_v4_7_Target20K_Current.xlsx,Jobs+Subruns (depth=>0),project_week=W05;depth=1;records_in_window=14
XRUN-XQ-005-W05-D1-worker-2-20260809T093510034249Z,x,v3.0,XQ-005,"((""Iran"" OR ""United States"") AND (""sanctions"" OR ""nuclear programme"" OR ""nuclear program""))","(((""Iran"" OR ""United States"") AND (""sanctions"" OR ""nuclear programme"" OR ""nuclear program""))) since:2026-03-31 until:2026-04-04",2026-03-31,2026-04-04,live,unknown,scrolled;scrolls_used=2,done,X_Scraper_v4_7_Target20K_Current.xlsx,Jobs+Subruns (depth=>0),project_week=W05;depth=1;records_in_window=0
XRUN-XQ-006-W05-D0-worker-1-20260809T062705417896Z,x,v3.0,XQ-006,"((""Iran"" OR ""Iran-US war"") AND (""civilian casualties"" OR ""humanitarian crisis""))","(((""Iran"" OR ""Iran-US war"") AND (""civilian casualties"" OR ""humanitarian crisis""))) since:2026-03-28 until:2026-04-04",2026-03-28,2026-04-04,live,unknown,scrolled;scrolls_used=2,done,X_Scraper_v4_7_Target20K_Current.xlsx,Jobs+Subruns (depth=0),project_week=W05;depth=0;records_in_window=0
XRUN-XQ-007-W05-D0-worker-3-20260807T183246987809Z,x,v3.0,XQ-007,"((""Iran"" OR ""Iran-US war"") AND (""misinformation"" OR ""propaganda""))","(((""Iran"" OR ""Iran-US war"") AND (""misinformation"" OR ""propaganda""))) since:2026-03-28 until:2026-04-04",2026-03-28,2026-04-04,live,sampling_applied;returned=20;stored=19,scrolled;scrolls_used=4,done,X_Scraper_v4_7_Target20K_Current.xlsx,Jobs+Subruns (depth=0),project_week=W05;depth=0;records_in_window=20
XRUN-XQ-008-W05-D0-worker-3-20260807T183335151224Z,x,v3.0,XQ-008,"((""Iran"" OR ""Iran-US war"") AND (""oil price"" OR ""exchange rate"" OR ""gold price"" OR ""market volatility""))","(((""Iran"" OR ""Iran-US war"") AND (""oil price"" OR ""exchange rate"" OR ""gold price"" OR ""market volatility""))) since:2026-03-28 until:2026-04-04",2026-03-28,2026-04-04,live,unknown,scrolled;scrolls_used=4,done,X_Scraper_v4_7_Target20K_Current.xlsx,Jobs+Subruns (depth=0),project_week=W05;depth=0;records_in_window=18
XRUN-XQ-009-W05-D0-worker-3-20260807T183428518980Z,x,v3.0,XQ-009,"((""Iran"" OR ""Iran-US war"") AND (""Strait of Hormuz"" OR Hormuz OR ""oil price""))","(((""Iran"" OR ""Iran-US war"") AND (""Strait of Hormuz"" OR Hormuz OR ""oil price""))) since:2026-03-28 until:2026-04-04",2026-03-28,2026-04-04,live,unknown,scrolled;scrolls_used=4,done,X_Scraper_v4_7_Target20K_Current.xlsx,Jobs+Subruns (depth=0),project_week=W05;depth=0;records_in_window=14
XRUN-XQ-010-W05-D0-worker-3-20260807T183505549738Z,x,v3.0,XQ-010,"(""جنگ ایران و آمریکا"" OR ""تنش ایران و آمریکا"" OR ""جنگ ایران آمریکا"")","((""جنگ ایران و آمریکا"" OR ""تنش ایران و آمریکا"" OR ""جنگ ایران آمریکا"")) since:2026-03-28 until:2026-04-04",2026-03-28,2026-04-04,live,unknown,scrolled;scrolls_used=4,done,X_Scraper_v4_7_Target20K_Current.xlsx,Jobs+Subruns (depth=0),project_week=W05;depth=0;records_in_window=12
XRUN-XQ-011-W05-D0-worker-3-20260807T183541320033Z,x,v3.0,XQ-011,"(""ایران"" AND (""حمله هوایی"" OR ""حمله موشکی"" OR ""حمله پهپادی""))","((""ایران"" AND (""حمله هوایی"" OR ""حمله موشکی"" OR ""حمله پهپادی""))) since:2026-03-28 until:2026-04-04",2026-03-28,2026-04-04,live,unknown,scrolled;scrolls_used=4,done,X_Scraper_v4_7_Target20K_Current.xlsx,Jobs+Subruns (depth=0),project_week=W05;depth=0;records_in_window=15
XRUN-XQ-012-W05-D0-worker-2-20260809T062712866806Z,x,v3.0,XQ-012,"((""ایران"" OR ""سپاه"") AND (""ارتش آمریکا"" OR ""ایالات متحده"") AND (""حمله هوایی"" OR ""حمله موشکی""))","(((""ایران"" OR ""سپاه"") AND (""ارتش آمریکا"" OR ""ایالات متحده"") AND (""حمله هوایی"" OR ""حمله موشکی""))) since:2026-03-28 until:2026-04-04",2026-03-28,2026-04-04,live,unknown,scrolled;scrolls_used=2,done,X_Scraper_v4_7_Target20K_Current.xlsx,Jobs+Subruns (depth=0),project_week=W05;depth=0;records_in_window=0
XRUN-XQ-013-W05-D0-worker-1-20260809T062713445773Z,x,v3.0,XQ-013,"((""ایران"" OR ""ایالات متحده"" OR ""آمریکا"") AND (""آتش‌بس"" OR ""مذاکرات"" OR ""صلح""))","(((""ایران"" OR ""ایالات متحده"" OR ""آمریکا"") AND (""آتش‌بس"" OR ""مذاکرات"" OR ""صلح""))) since:2026-03-28 until:2026-04-04",2026-03-28,2026-04-04,live,unknown,scrolled;scrolls_used=2,done,X_Scraper_v4_7_Target20K_Current.xlsx,Jobs+Subruns (depth=0),project_week=W05;depth=0;records_in_window=0
XRUN-XQ-014-W05-D0-worker-2-20260809T062718701777Z,x,v3.0,XQ-014,"((""ایران"" OR ""ایالات متحده"") AND (""تحریم‌ها"" OR ""برنامه هسته‌ای""))","(((""ایران"" OR ""ایالات متحده"") AND (""تحریم‌ها"" OR ""برنامه هسته‌ای""))) since:2026-03-28 until:2026-04-04",2026-03-28,2026-04-04,live,unknown,scrolled;scrolls_used=2,done,X_Scraper_v4_7_Target20K_Current.xlsx,Jobs+Subruns (depth=0),project_week=W05;depth=0;records_in_window=0
XRUN-XQ-015-W05-D0-worker-3-20260809T062720588187Z,x,v3.0,XQ-015,"((""ایران"" OR ""جنگ ایران و آمریکا"") AND (""تلفات غیرنظامیان"" OR ""بحران انسانی""))","(((""ایران"" OR ""جنگ ایران و آمریکا"") AND (""تلفات غیرنظامیان"" OR ""بحران انسانی""))) since:2026-03-28 until:2026-04-04",2026-03-28,2026-04-04,live,unknown,scrolled;scrolls_used=2,done,X_Scraper_v4_7_Target20K_Current.xlsx,Jobs+Subruns (depth=0),project_week=W05;depth=0;records_in_window=0
XRUN-XQ-016-W05-D0-worker-1-20260809T062720659146Z,x,v3.0,XQ-016,"((""ایران"" OR ""جنگ ایران و آمریکا"") AND (""اطلاعات نادرست"" OR ""تبلیغات سیاسی""))","(((""ایران"" OR ""جنگ ایران و آمریکا"") AND (""اطلاعات نادرست"" OR ""تبلیغات سیاسی""))) since:2026-03-28 until:2026-04-04",2026-03-28,2026-04-04,live,unknown,scrolled;scrolls_used=2,done,X_Scraper_v4_7_Target20K_Current.xlsx,Jobs+Subruns (depth=0),project_week=W05;depth=0;records_in_window=0
XRUN-XQ-017-W05-D0-worker-2-20260809T062726906244Z,x,v3.0,XQ-017,"((""ایران"" OR ""جنگ ایران و آمریکا"") AND (""قیمت نفت"" OR ""نرخ ارز"" OR ""قیمت طلا"" OR ""نوسان بازار""))","(((""ایران"" OR ""جنگ ایران و آمریکا"") AND (""قیمت نفت"" OR ""نرخ ارز"" OR ""قیمت طلا"" OR ""نوسان بازار""))) since:2026-03-28 until:2026-04-04",2026-03-28,2026-04-04,live,unknown,scrolled;scrolls_used=2,done,X_Scraper_v4_7_Target20K_Current.xlsx,Jobs+Subruns (depth=0),project_week=W05;depth=0;records_in_window=0
XRUN-XQ-018-W05-D0-worker-3-20260809T062727312326Z,x,v3.0,XQ-018,"((""ایران"" OR ""جنگ ایران و آمریکا"") AND (""تنگه هرمز"" OR ""قیمت نفت""))","(((""ایران"" OR ""جنگ ایران و آمریکا"") AND (""تنگه هرمز"" OR ""قیمت نفت""))) since:2026-03-28 until:2026-04-04",2026-03-28,2026-04-04,live,unknown,scrolled;scrolls_used=2,done,X_Scraper_v4_7_Target20K_Current.xlsx,Jobs+Subruns (depth=0),project_week=W05;depth=0;records_in_window=0
XRUN-XQ-019-W05-D0-worker-1-20260809T062727684294Z,x,v3.0,XQ-019,"(""Epic Fury"" OR ""Operation Epic Fury"" OR ""Roaring Lion"")","((""Epic Fury"" OR ""Operation Epic Fury"" OR ""Roaring Lion"")) since:2026-03-28 until:2026-04-04",2026-03-28,2026-04-04,live,unknown,scrolled;scrolls_used=2,done,X_Scraper_v4_7_Target20K_Current.xlsx,Jobs+Subruns (depth=0),project_week=W05;depth=0;records_in_window=0
XRUN-XQ-020-W05-D0-worker-3-20260809T062732688635Z,x,v3.0,XQ-020,"(Hormuz OR ""Strait of Hormuz"") AND (blockade OR closed OR reopened OR shipping OR transit)","((Hormuz OR ""Strait of Hormuz"") AND (blockade OR closed OR reopened OR shipping OR transit)) since:2026-03-28 until:2026-04-04",2026-03-28,2026-04-04,live,unknown,scrolled;scrolls_used=2,done,X_Scraper_v4_7_Target20K_Current.xlsx,Jobs+Subruns (depth=0),project_week=W05;depth=0;records_in_window=0
XRUN-XQ-021-W05-D0-worker-2-20260809T062732964192Z,x,v3.0,XQ-021,"((""Islamabad"" OR MOU OR ""memorandum of understanding"") AND (Iran OR ""United States"" OR Trump))","(((""Islamabad"" OR MOU OR ""memorandum of understanding"") AND (Iran OR ""United States"" OR Trump))) since:2026-03-28 until:2026-04-04",2026-03-28,2026-04-04,live,unknown,scrolled;scrolls_used=2,done,X_Scraper_v4_7_Target20K_Current.xlsx,Jobs+Subruns (depth=0),project_week=W05;depth=0;records_in_window=0
XRUN-XQ-022-W05-D0-worker-1-20260809T062734758094Z,x,v3.0,XQ-022,"(""اپیک فیوری"" OR ""عملیات حماسه"" OR ""حماسه خشم"" OR ""روآرینگ لاین"")","((""اپیک فیوری"" OR ""عملیات حماسه"" OR ""حماسه خشم"" OR ""روآرینگ لاین"")) since:2026-03-28 until:2026-04-04",2026-03-28,2026-04-04,live,unknown,scrolled;scrolls_used=2,done,X_Scraper_v4_7_Target20K_Current.xlsx,Jobs+Subruns (depth=0),project_week=W05;depth=0;records_in_window=0
XRUN-XQ-023-W05-D0-worker-2-20260809T062739788850Z,x,v3.0,XQ-023,"(""تنگه هرمز"") AND (""بسته"" OR ""مسدود"" OR ""محاصره"" OR ""بازگشایی"" OR ""کشتیرانی"")","((""تنگه هرمز"") AND (""بسته"" OR ""مسدود"" OR ""محاصره"" OR ""بازگشایی"" OR ""کشتیرانی"")) since:2026-03-28 until:2026-04-04",2026-03-28,2026-04-04,live,unknown,scrolled;scrolls_used=2,done,X_Scraper_v4_7_Target20K_Current.xlsx,Jobs+Subruns (depth=0),project_week=W05;depth=0;records_in_window=0
XRUN-XQ-024-W05-D0-worker-3-20260809T062740641046Z,x,v3.0,XQ-024,"(""اسلام‌آباد"" OR ""تفاهم‌نامه"" OR ""تفاهم نامه"") AND (""ایران"" OR ""آمریکا"")","((""اسلام‌آباد"" OR ""تفاهم‌نامه"" OR ""تفاهم نامه"") AND (""ایران"" OR ""آمریکا"")) since:2026-03-28 until:2026-04-04",2026-03-28,2026-04-04,live,unknown,scrolled;scrolls_used=2,done,X_Scraper_v4_7_Target20K_Current.xlsx,Jobs+Subruns (depth=0),project_week=W05;depth=0;records_in_window=0
XRUN-XQ-H01-W05-D0-worker-1-20260809T062741834517Z,x,v3.0,XQ-H01,#IranWar OR #IranWar2026 OR #USIranWar OR #IranIsraelWar OR #EpicFury,(#IranWar OR #IranWar2026 OR #USIranWar OR #IranIsraelWar OR #EpicFury) since:2026-03-28 until:2026-04-04,2026-03-28,2026-04-04,live,unknown,scrolled;scrolls_used=2,done,X_Scraper_v4_7_Target20K_Current.xlsx,Jobs+Subruns (depth=0),project_week=W05;depth=0;records_in_window=0
XRUN-XQ-H02-W05-D0-worker-2-20260809T062745208274Z,x,v3.0,XQ-H02,#StraitOfHormuz OR #MiddleEastWar OR #MiddleEastConflict OR #Hormuz,(#StraitOfHormuz OR #MiddleEastWar OR #MiddleEastConflict OR #Hormuz) since:2026-03-28 until:2026-04-04,2026-03-28,2026-04-04,live,unknown,scrolled;scrolls_used=2,done,X_Scraper_v4_7_Target20K_Current.xlsx,Jobs+Subruns (depth=0),project_week=W05;depth=0;records_in_window=0
XRUN-XQ-001-W06-D0-worker-3-20260809T062747132842Z,x,v3.0,XQ-001,"(""Iran-US war"" OR ""US-Iran tensions"" OR ""Iran war"" OR ""US Iran war"")","((""Iran-US war"" OR ""US-Iran tensions"" OR ""Iran war"" OR ""US Iran war"")) since:2026-04-04 until:2026-04-11",2026-04-04,2026-04-11,live,unknown,scrolled;scrolls_used=2,done,X_Scraper_v4_7_Target20K_Current.xlsx,Jobs+Subruns (depth=0),project_week=W06;depth=0;records_in_window=0
XRUN-XQ-002-W06-D0-worker-1-20260809T062749020594Z,x,v3.0,XQ-002,"(""Iran"" AND (""airstrike"" OR ""missile strike"" OR ""drone attack""))","((""Iran"" AND (""airstrike"" OR ""missile strike"" OR ""drone attack""))) since:2026-04-04 until:2026-04-11",2026-04-04,2026-04-11,live,unknown,scrolled;scrolls_used=2,done,X_Scraper_v4_7_Target20K_Current.xlsx,Jobs+Subruns (depth=0),project_week=W06;depth=0;records_in_window=0
XRUN-XQ-003-W06-D0-worker-2-20260809T062753161235Z,x,v3.0,XQ-003,"((""Iran"" OR ""IRGC"") AND (""US military"" OR ""United States"") AND (""airstrike"" OR ""missile strike""))","(((""Iran"" OR ""IRGC"") AND (""US military"" OR ""United States"") AND (""airstrike"" OR ""missile strike""))) since:2026-04-04 until:2026-04-11",2026-04-04,2026-04-11,live,unknown,scrolled;scrolls_used=2,done,X_Scraper_v4_7_Target20K_Current.xlsx,Jobs+Subruns (depth=0),project_week=W06;depth=0;records_in_window=0
XRUN-XQ-004-W06-D0-worker-3-20260809T062754844495Z,x,v3.0,XQ-004,"((""Iran"" OR ""United States"") AND (""ceasefire"" OR ""negotiations"" OR ""peace talks""))","(((""Iran"" OR ""United States"") AND (""ceasefire"" OR ""negotiations"" OR ""peace talks""))) since:2026-04-04 until:2026-04-11",2026-04-04,2026-04-11,live,unknown,scrolled;scrolls_used=2,done,X_Scraper_v4_7_Target20K_Current.xlsx,Jobs+Subruns (depth=0),project_week=W06;depth=0;records_in_window=0
XRUN-XQ-005-W06-D0-worker-1-20260809T062754933336Z,x,v3.0,XQ-005,"((""Iran"" OR ""United States"") AND (""sanctions"" OR ""nuclear programme"" OR ""nuclear program""))","(((""Iran"" OR ""United States"") AND (""sanctions"" OR ""nuclear programme"" OR ""nuclear program""))) since:2026-04-04 until:2026-04-11",2026-04-04,2026-04-11,live,unknown,scrolled;scrolls_used=2,done,X_Scraper_v4_7_Target20K_Current.xlsx,Jobs+Subruns (depth=0),project_week=W06;depth=0;records_in_window=0
XRUN-XQ-006-W06-D0-worker-3-20260809T062801039705Z,x,v3.0,XQ-006,"((""Iran"" OR ""Iran-US war"") AND (""civilian casualties"" OR ""humanitarian crisis""))","(((""Iran"" OR ""Iran-US war"") AND (""civilian casualties"" OR ""humanitarian crisis""))) since:2026-04-04 until:2026-04-11",2026-04-04,2026-04-11,live,unknown,scrolled;scrolls_used=2,done,X_Scraper_v4_7_Target20K_Current.xlsx,Jobs+Subruns (depth=0),project_week=W06;depth=0;records_in_window=0
XRUN-XQ-007-W06-D0-worker-2-20260809T062801107034Z,x,v3.0,XQ-007,"((""Iran"" OR ""Iran-US war"") AND (""misinformation"" OR ""propaganda""))","(((""Iran"" OR ""Iran-US war"") AND (""misinformation"" OR ""propaganda""))) since:2026-04-04 until:2026-04-11",2026-04-04,2026-04-11,live,unknown,scrolled;scrolls_used=2,done,X_Scraper_v4_7_Target20K_Current.xlsx,Jobs+Subruns (depth=0),project_week=W06;depth=0;records_in_window=0
XRUN-XQ-008-W06-D0-worker-1-20260809T062801612910Z,x,v3.0,XQ-008,"((""Iran"" OR ""Iran-US war"") AND (""oil price"" OR ""exchange rate"" OR ""gold price"" OR ""market volatility""))","(((""Iran"" OR ""Iran-US war"") AND (""oil price"" OR ""exchange rate"" OR ""gold price"" OR ""market volatility""))) since:2026-04-04 until:2026-04-11",2026-04-04,2026-04-11,live,unknown,scrolled;scrolls_used=2,done,X_Scraper_v4_7_Target20K_Current.xlsx,Jobs+Subruns (depth=0),project_week=W06;depth=0;records_in_window=0
XRUN-XQ-009-W06-D0-worker-2-20260809T062806516121Z,x,v3.0,XQ-009,"((""Iran"" OR ""Iran-US war"") AND (""Strait of Hormuz"" OR Hormuz OR ""oil price""))","(((""Iran"" OR ""Iran-US war"") AND (""Strait of Hormuz"" OR Hormuz OR ""oil price""))) since:2026-04-04 until:2026-04-11",2026-04-04,2026-04-11,live,unknown,scrolled;scrolls_used=2,done,X_Scraper_v4_7_Target20K_Current.xlsx,Jobs+Subruns (depth=0),project_week=W06;depth=0;records_in_window=0
XRUN-XQ-010-W06-D0-worker-1-20260809T062808109629Z,x,v3.0,XQ-010,"(""جنگ ایران و آمریکا"" OR ""تنش ایران و آمریکا"" OR ""جنگ ایران آمریکا"")","((""جنگ ایران و آمریکا"" OR ""تنش ایران و آمریکا"" OR ""جنگ ایران آمریکا"")) since:2026-04-04 until:2026-04-11",2026-04-04,2026-04-11,live,unknown,scrolled;scrolls_used=2,done,X_Scraper_v4_7_Target20K_Current.xlsx,Jobs+Subruns (depth=0),project_week=W06;depth=0;records_in_window=0
XRUN-XQ-011-W06-D0-worker-3-20260809T062808303447Z,x,v3.0,XQ-011,"(""ایران"" AND (""حمله هوایی"" OR ""حمله موشکی"" OR ""حمله پهپادی""))","((""ایران"" AND (""حمله هوایی"" OR ""حمله موشکی"" OR ""حمله پهپادی""))) since:2026-04-04 until:2026-04-11",2026-04-04,2026-04-11,live,unknown,scrolled;scrolls_used=2,done,X_Scraper_v4_7_Target20K_Current.xlsx,Jobs+Subruns (depth=0),project_week=W06;depth=0;records_in_window=0
XRUN-XQ-012-W06-D0-worker-2-20260809T062813114563Z,x,v3.0,XQ-012,"((""ایران"" OR ""سپاه"") AND (""ارتش آمریکا"" OR ""ایالات متحده"") AND (""حمله هوایی"" OR ""حمله موشکی""))","(((""ایران"" OR ""سپاه"") AND (""ارتش آمریکا"" OR ""ایالات متحده"") AND (""حمله هوایی"" OR ""حمله موشکی""))) since:2026-04-04 until:2026-04-11",2026-04-04,2026-04-11,live,unknown,scrolled;scrolls_used=2,done,X_Scraper_v4_7_Target20K_Current.xlsx,Jobs+Subruns (depth=0),project_week=W06;depth=0;records_in_window=0
XRUN-XQ-013-W06-D0-worker-1-20260809T062814970549Z,x,v3.0,XQ-013,"((""ایران"" OR ""ایالات متحده"" OR ""آمریکا"") AND (""آتش‌بس"" OR ""مذاکرات"" OR ""صلح""))","(((""ایران"" OR ""ایالات متحده"" OR ""آمریکا"") AND (""آتش‌بس"" OR ""مذاکرات"" OR ""صلح""))) since:2026-04-04 until:2026-04-11",2026-04-04,2026-04-11,live,unknown,scrolled;scrolls_used=2,done,X_Scraper_v4_7_Target20K_Current.xlsx,Jobs+Subruns (depth=0),project_week=W06;depth=0;records_in_window=0
XRUN-XQ-014-W06-D0-worker-3-20260809T062815608569Z,x,v3.0,XQ-014,"((""ایران"" OR ""ایالات متحده"") AND (""تحریم‌ها"" OR ""برنامه هسته‌ای""))","(((""ایران"" OR ""ایالات متحده"") AND (""تحریم‌ها"" OR ""برنامه هسته‌ای""))) since:2026-04-04 until:2026-04-11",2026-04-04,2026-04-11,live,unknown,scrolled;scrolls_used=2,done,X_Scraper_v4_7_Target20K_Current.xlsx,Jobs+Subruns (depth=0),project_week=W06;depth=0;records_in_window=0
XRUN-XQ-015-W06-D0-worker-2-20260809T062819032976Z,x,v3.0,XQ-015,"((""ایران"" OR ""جنگ ایران و آمریکا"") AND (""تلفات غیرنظامیان"" OR ""بحران انسانی""))","(((""ایران"" OR ""جنگ ایران و آمریکا"") AND (""تلفات غیرنظامیان"" OR ""بحران انسانی""))) since:2026-04-04 until:2026-04-11",2026-04-04,2026-04-11,live,unknown,scrolled;scrolls_used=2,done,X_Scraper_v4_7_Target20K_Current.xlsx,Jobs+Subruns (depth=0),project_week=W06;depth=0;records_in_window=0
XRUN-XQ-016-W06-D0-worker-1-20260809T062821708966Z,x,v3.0,XQ-016,"((""ایران"" OR ""جنگ ایران و آمریکا"") AND (""اطلاعات نادرست"" OR ""تبلیغات سیاسی""))","(((""ایران"" OR ""جنگ ایران و آمریکا"") AND (""اطلاعات نادرست"" OR ""تبلیغات سیاسی""))) since:2026-04-04 until:2026-04-11",2026-04-04,2026-04-11,live,unknown,scrolled;scrolls_used=2,done,X_Scraper_v4_7_Target20K_Current.xlsx,Jobs+Subruns (depth=0),project_week=W06;depth=0;records_in_window=0
XRUN-XQ-017-W06-D0-worker-3-20260809T062822692669Z,x,v3.0,XQ-017,"((""ایران"" OR ""جنگ ایران و آمریکا"") AND (""قیمت نفت"" OR ""نرخ ارز"" OR ""قیمت طلا"" OR ""نوسان بازار""))","(((""ایران"" OR ""جنگ ایران و آمریکا"") AND (""قیمت نفت"" OR ""نرخ ارز"" OR ""قیمت طلا"" OR ""نوسان بازار""))) since:2026-04-04 until:2026-04-11",2026-04-04,2026-04-11,live,unknown,scrolled;scrolls_used=2,done,X_Scraper_v4_7_Target20K_Current.xlsx,Jobs+Subruns (depth=0),project_week=W06;depth=0;records_in_window=0
XRUN-XQ-018-W06-D0-worker-2-20260809T062826575379Z,x,v3.0,XQ-018,"((""ایران"" OR ""جنگ ایران و آمریکا"") AND (""تنگه هرمز"" OR ""قیمت نفت""))","(((""ایران"" OR ""جنگ ایران و آمریکا"") AND (""تنگه هرمز"" OR ""قیمت نفت""))) since:2026-04-04 until:2026-04-11",2026-04-04,2026-04-11,live,unknown,scrolled;scrolls_used=2,done,X_Scraper_v4_7_Target20K_Current.xlsx,Jobs+Subruns (depth=0),project_week=W06;depth=0;records_in_window=0
XRUN-XQ-019-W06-D0-worker-1-20260809T062829833657Z,x,v3.0,XQ-019,"(""Epic Fury"" OR ""Operation Epic Fury"" OR ""Roaring Lion"")","((""Epic Fury"" OR ""Operation Epic Fury"" OR ""Roaring Lion"")) since:2026-04-04 until:2026-04-11",2026-04-04,2026-04-11,live,unknown,scrolled;scrolls_used=2,done,X_Scraper_v4_7_Target20K_Current.xlsx,Jobs+Subruns (depth=0),project_week=W06;depth=0;records_in_window=0
XRUN-XQ-020-W06-D0-worker-3-20260809T062830272141Z,x,v3.0,XQ-020,"(Hormuz OR ""Strait of Hormuz"") AND (blockade OR closed OR reopened OR shipping OR transit)","((Hormuz OR ""Strait of Hormuz"") AND (blockade OR closed OR reopened OR shipping OR transit)) since:2026-04-04 until:2026-04-11",2026-04-04,2026-04-11,live,unknown,scrolled;scrolls_used=2,done,X_Scraper_v4_7_Target20K_Current.xlsx,Jobs+Subruns (depth=0),project_week=W06;depth=0;records_in_window=0
XRUN-XQ-021-W06-D0-worker-2-20260809T062834492039Z,x,v3.0,XQ-021,"((""Islamabad"" OR MOU OR ""memorandum of understanding"") AND (Iran OR ""United States"" OR Trump))","(((""Islamabad"" OR MOU OR ""memorandum of understanding"") AND (Iran OR ""United States"" OR Trump))) since:2026-04-04 until:2026-04-11",2026-04-04,2026-04-11,live,unknown,scrolled;scrolls_used=2,done,X_Scraper_v4_7_Target20K_Current.xlsx,Jobs+Subruns (depth=0),project_week=W06;depth=0;records_in_window=0
XRUN-XQ-022-W06-D0-worker-1-20260809T062836756288Z,x,v3.0,XQ-022,"(""اپیک فیوری"" OR ""عملیات حماسه"" OR ""حماسه خشم"" OR ""روآرینگ لاین"")","((""اپیک فیوری"" OR ""عملیات حماسه"" OR ""حماسه خشم"" OR ""روآرینگ لاین"")) since:2026-04-04 until:2026-04-11",2026-04-04,2026-04-11,live,unknown,scrolled;scrolls_used=2,done,X_Scraper_v4_7_Target20K_Current.xlsx,Jobs+Subruns (depth=0),project_week=W06;depth=0;records_in_window=0
XRUN-XQ-023-W06-D0-worker-3-20260809T062837552376Z,x,v3.0,XQ-023,"(""تنگه هرمز"") AND (""بسته"" OR ""مسدود"" OR ""محاصره"" OR ""بازگشایی"" OR ""کشتیرانی"")","((""تنگه هرمز"") AND (""بسته"" OR ""مسدود"" OR ""محاصره"" OR ""بازگشایی"" OR ""کشتیرانی"")) since:2026-04-04 until:2026-04-11",2026-04-04,2026-04-11,live,unknown,scrolled;scrolls_used=2,done,X_Scraper_v4_7_Target20K_Current.xlsx,Jobs+Subruns (depth=0),project_week=W06;depth=0;records_in_window=0
XRUN-XQ-024-W06-D0-worker-2-20260809T062841434541Z,x,v3.0,XQ-024,"(""اسلام‌آباد"" OR ""تفاهم‌نامه"" OR ""تفاهم نامه"") AND (""ایران"" OR ""آمریکا"")","((""اسلام‌آباد"" OR ""تفاهم‌نامه"" OR ""تفاهم نامه"") AND (""ایران"" OR ""آمریکا"")) since:2026-04-04 until:2026-04-11",2026-04-04,2026-04-11,live,unknown,scrolled;scrolls_used=2,done,X_Scraper_v4_7_Target20K_Current.xlsx,Jobs+Subruns (depth=0),project_week=W06;depth=0;records_in_window=0
XRUN-XQ-H01-W06-D0-worker-3-20260809T062843121755Z,x,v3.0,XQ-H01,#IranWar OR #IranWar2026 OR #USIranWar OR #IranIsraelWar OR #EpicFury,(#IranWar OR #IranWar2026 OR #USIranWar OR #IranIsraelWar OR #EpicFury) since:2026-04-04 until:2026-04-11,2026-04-04,2026-04-11,live,unknown,scrolled;scrolls_used=2,done,X_Scraper_v4_7_Target20K_Current.xlsx,Jobs+Subruns (depth=0),project_week=W06;depth=0;records_in_window=0
XRUN-XQ-H02-W06-D0-worker-1-20260809T062843442372Z,x,v3.0,XQ-H02,#StraitOfHormuz OR #MiddleEastWar OR #MiddleEastConflict OR #Hormuz,(#StraitOfHormuz OR #MiddleEastWar OR #MiddleEastConflict OR #Hormuz) since:2026-04-04 until:2026-04-11,2026-04-04,2026-04-11,live,unknown,scrolled;scrolls_used=2,done,X_Scraper_v4_7_Target20K_Current.xlsx,Jobs+Subruns (depth=0),project_week=W06;depth=0;records_in_window=0
XRUN-XQ-001-W07-D0-worker-3-20260809T062848614200Z,x,v3.0,XQ-001,"(""Iran-US war"" OR ""US-Iran tensions"" OR ""Iran war"" OR ""US Iran war"")","((""Iran-US war"" OR ""US-Iran tensions"" OR ""Iran war"" OR ""US Iran war"")) since:2026-04-11 until:2026-04-18",2026-04-11,2026-04-18,live,unknown,scrolled;scrolls_used=2,done,X_Scraper_v4_7_Target20K_Current.xlsx,Jobs+Subruns (depth=0),project_week=W07;depth=0;records_in_window=0
XRUN-XQ-002-W07-D0-worker-2-20260809T062849006603Z,x,v3.0,XQ-002,"(""Iran"" AND (""airstrike"" OR ""missile strike"" OR ""drone attack""))","((""Iran"" AND (""airstrike"" OR ""missile strike"" OR ""drone attack""))) since:2026-04-11 until:2026-04-18",2026-04-11,2026-04-18,live,unknown,scrolled;scrolls_used=2,done,X_Scraper_v4_7_Target20K_Current.xlsx,Jobs+Subruns (depth=0),project_week=W07;depth=0;records_in_window=0
XRUN-XQ-003-W07-D0-worker-1-20260809T062850725268Z,x,v3.0,XQ-003,"((""Iran"" OR ""IRGC"") AND (""US military"" OR ""United States"") AND (""airstrike"" OR ""missile strike""))","(((""Iran"" OR ""IRGC"") AND (""US military"" OR ""United States"") AND (""airstrike"" OR ""missile strike""))) since:2026-04-11 until:2026-04-18",2026-04-11,2026-04-18,live,unknown,scrolled;scrolls_used=2,done,X_Scraper_v4_7_Target20K_Current.xlsx,Jobs+Subruns (depth=0),project_week=W07;depth=0;records_in_window=0
XRUN-XQ-004-W07-D0-worker-1-20260809T062905010719Z,x,v3.0,XQ-004,"((""Iran"" OR ""United States"") AND (""ceasefire"" OR ""negotiations"" OR ""peace talks""))","(((""Iran"" OR ""United States"") AND (""ceasefire"" OR ""negotiations"" OR ""peace talks""))) since:2026-04-11 until:2026-04-18",2026-04-11,2026-04-18,live,unknown,scrolled;scrolls_used=2,done,X_Scraper_v4_7_Target20K_Current.xlsx,Jobs+Subruns (depth=0),project_week=W07;depth=0;records_in_window=0
XRUN-XQ-005-W07-D0-worker-1-20260809T062856536392Z,x,v3.0,XQ-005,"((""Iran"" OR ""United States"") AND (""sanctions"" OR ""nuclear programme"" OR ""nuclear program""))","(((""Iran"" OR ""United States"") AND (""sanctions"" OR ""nuclear programme"" OR ""nuclear program""))) since:2026-04-11 until:2026-04-18",2026-04-11,2026-04-18,live,unknown,scrolled;scrolls_used=2,done,X_Scraper_v4_7_Target20K_Current.xlsx,Jobs+Subruns (depth=0),project_week=W07;depth=0;records_in_window=0
XRUN-XQ-006-W07-D0-worker-1-20260809T062911381049Z,x,v3.0,XQ-006,"((""Iran"" OR ""Iran-US war"") AND (""civilian casualties"" OR ""humanitarian crisis""))","(((""Iran"" OR ""Iran-US war"") AND (""civilian casualties"" OR ""humanitarian crisis""))) since:2026-04-11 until:2026-04-18",2026-04-11,2026-04-18,live,unknown,scrolled;scrolls_used=2,done,X_Scraper_v4_7_Target20K_Current.xlsx,Jobs+Subruns (depth=0),project_week=W07;depth=0;records_in_window=0
XRUN-XQ-007-W07-D0-worker-1-20260809T062945444921Z,x,v3.0,XQ-007,"((""Iran"" OR ""Iran-US war"") AND (""misinformation"" OR ""propaganda""))","(((""Iran"" OR ""Iran-US war"") AND (""misinformation"" OR ""propaganda""))) since:2026-04-11 until:2026-04-18",2026-04-11,2026-04-18,live,unknown,scrolled;scrolls_used=4,done,X_Scraper_v4_7_Target20K_Current.xlsx,Jobs+Subruns (depth=0),project_week=W07;depth=0;records_in_window=16
XRUN-XQ-008-W07-D0-worker-2-20260809T063002647680Z,x,v3.0,XQ-008,"((""Iran"" OR ""Iran-US war"") AND (""oil price"" OR ""exchange rate"" OR ""gold price"" OR ""market volatility""))","(((""Iran"" OR ""Iran-US war"") AND (""oil price"" OR ""exchange rate"" OR ""gold price"" OR ""market volatility""))) since:2026-04-11 until:2026-04-18",2026-04-11,2026-04-18,live,unknown,scrolled;scrolls_used=2,done,X_Scraper_v4_7_Target20K_Current.xlsx,Jobs+Subruns (depth=0),project_week=W07;depth=0;records_in_window=0
XRUN-XQ-009-W07-D0-worker-2-20260809T063031494800Z,x,v3.0,XQ-009,"((""Iran"" OR ""Iran-US war"") AND (""Strait of Hormuz"" OR Hormuz OR ""oil price""))","(((""Iran"" OR ""Iran-US war"") AND (""Strait of Hormuz"" OR Hormuz OR ""oil price""))) since:2026-04-11 until:2026-04-18",2026-04-11,2026-04-18,live,unknown,scrolled;scrolls_used=4,done,X_Scraper_v4_7_Target20K_Current.xlsx,Jobs+Subruns (depth=0),project_week=W07;depth=0;records_in_window=12
XRUN-XQ-010-W07-D0-worker-1-20260809T063135180272Z,x,v3.0,XQ-010,"(""جنگ ایران و آمریکا"" OR ""تنش ایران و آمریکا"" OR ""جنگ ایران آمریکا"")","((""جنگ ایران و آمریکا"" OR ""تنش ایران و آمریکا"" OR ""جنگ ایران آمریکا"")) since:2026-04-11 until:2026-04-18",2026-04-11,2026-04-18,live,unknown,scrolled;scrolls_used=4,done,X_Scraper_v4_7_Target20K_Current.xlsx,Jobs+Subruns (depth=0),project_week=W07;depth=0;records_in_window=12
XRUN-XQ-011-W07-D0-worker-2-20260809T063149448247Z,x,v3.0,XQ-011,"(""ایران"" AND (""حمله هوایی"" OR ""حمله موشکی"" OR ""حمله پهپادی""))","((""ایران"" AND (""حمله هوایی"" OR ""حمله موشکی"" OR ""حمله پهپادی""))) since:2026-04-11 until:2026-04-18",2026-04-11,2026-04-18,live,unknown,scrolled;scrolls_used=2,done,X_Scraper_v4_7_Target20K_Current.xlsx,Jobs+Subruns (depth=0),project_week=W07;depth=0;records_in_window=0
XRUN-XQ-012-W07-D0-worker-2-20260809T063159392370Z,x,v3.0,XQ-012,"((""ایران"" OR ""سپاه"") AND (""ارتش آمریکا"" OR ""ایالات متحده"") AND (""حمله هوایی"" OR ""حمله موشکی""))","(((""ایران"" OR ""سپاه"") AND (""ارتش آمریکا"" OR ""ایالات متحده"") AND (""حمله هوایی"" OR ""حمله موشکی""))) since:2026-04-11 until:2026-04-18",2026-04-11,2026-04-18,live,unknown,scrolled;scrolls_used=4,done,X_Scraper_v4_7_Target20K_Current.xlsx,Jobs+Subruns (depth=0),project_week=W07;depth=0;records_in_window=9
XRUN-XQ-013-W07-D0-worker-1-20260809T063226032147Z,x,v3.0,XQ-013,"((""ایران"" OR ""ایالات متحده"" OR ""آمریکا"") AND (""آتش‌بس"" OR ""مذاکرات"" OR ""صلح""))","(((""ایران"" OR ""ایالات متحده"" OR ""آمریکا"") AND (""آتش‌بس"" OR ""مذاکرات"" OR ""صلح""))) since:2026-04-11 until:2026-04-18",2026-04-11,2026-04-18,live,unknown,scrolled;scrolls_used=4,done,X_Scraper_v4_7_Target20K_Current.xlsx,Jobs+Subruns (depth=0),project_week=W07;depth=0;records_in_window=11
XRUN-XQ-014-W07-D0-worker-2-20260809T063252591138Z,x,v3.0,XQ-014,"((""ایران"" OR ""ایالات متحده"") AND (""تحریم‌ها"" OR ""برنامه هسته‌ای""))","(((""ایران"" OR ""ایالات متحده"") AND (""تحریم‌ها"" OR ""برنامه هسته‌ای""))) since:2026-04-11 until:2026-04-18",2026-04-11,2026-04-18,live,unknown,scrolled;scrolls_used=4,done,X_Scraper_v4_7_Target20K_Current.xlsx,Jobs+Subruns (depth=0),project_week=W07;depth=0;records_in_window=15
XRUN-XQ-015-W07-D0-worker-1-20260809T063316560550Z,x,v3.0,XQ-015,"((""ایران"" OR ""جنگ ایران و آمریکا"") AND (""تلفات غیرنظامیان"" OR ""بحران انسانی""))","(((""ایران"" OR ""جنگ ایران و آمریکا"") AND (""تلفات غیرنظامیان"" OR ""بحران انسانی""))) since:2026-04-11 until:2026-04-18",2026-04-11,2026-04-18,live,unknown,scrolled;scrolls_used=4,done,X_Scraper_v4_7_Target20K_Current.xlsx,Jobs+Subruns (depth=0),project_week=W07;depth=0;records_in_window=10
XRUN-XQ-016-W07-D0-worker-2-20260809T063334750113Z,x,v3.0,XQ-016,"((""ایران"" OR ""جنگ ایران و آمریکا"") AND (""اطلاعات نادرست"" OR ""تبلیغات سیاسی""))","(((""ایران"" OR ""جنگ ایران و آمریکا"") AND (""اطلاعات نادرست"" OR ""تبلیغات سیاسی""))) since:2026-04-11 until:2026-04-18",2026-04-11,2026-04-18,live,unknown,scrolled;scrolls_used=4,done,X_Scraper_v4_7_Target20K_Current.xlsx,Jobs+Subruns (depth=0),project_week=W07;depth=0;records_in_window=9
XRUN-XQ-017-W07-D0-worker-1-20260809T063401197547Z,x,v3.0,XQ-017,"((""ایران"" OR ""جنگ ایران و آمریکا"") AND (""قیمت نفت"" OR ""نرخ ارز"" OR ""قیمت طلا"" OR ""نوسان بازار""))","(((""ایران"" OR ""جنگ ایران و آمریکا"") AND (""قیمت نفت"" OR ""نرخ ارز"" OR ""قیمت طلا"" OR ""نوسان بازار""))) since:2026-04-11 until:2026-04-18",2026-04-11,2026-04-18,live,sampling_applied;returned=14;stored=13,scrolled;scrolls_used=4,done,X_Scraper_v4_7_Target20K_Current.xlsx,Jobs+Subruns (depth=0),project_week=W07;depth=0;records_in_window=14
XRUN-XQ-018-W07-D0-worker-2-20260809T063416412248Z,x,v3.0,XQ-018,"((""ایران"" OR ""جنگ ایران و آمریکا"") AND (""تنگه هرمز"" OR ""قیمت نفت""))","(((""ایران"" OR ""جنگ ایران و آمریکا"") AND (""تنگه هرمز"" OR ""قیمت نفت""))) since:2026-04-11 until:2026-04-18",2026-04-11,2026-04-18,live,sampling_applied;returned=11;stored=10,scrolled;scrolls_used=4,done_with_errors;error_count=1,X_Scraper_v4_7_Target20K_Current.xlsx,Jobs+Subruns (depth=0),project_week=W07;depth=0;records_in_window=11
XRUN-XQ-019-W07-D0-worker-1-20260809T063441731897Z,x,v3.0,XQ-019,"(""Epic Fury"" OR ""Operation Epic Fury"" OR ""Roaring Lion"")","((""Epic Fury"" OR ""Operation Epic Fury"" OR ""Roaring Lion"")) since:2026-04-11 until:2026-04-18",2026-04-11,2026-04-18,live,unknown,scrolled;scrolls_used=4,done,X_Scraper_v4_7_Target20K_Current.xlsx,Jobs+Subruns (depth=0),project_week=W07;depth=0;records_in_window=16
XRUN-XQ-020-W07-D0-worker-2-20260809T063502681040Z,x,v3.0,XQ-020,"(Hormuz OR ""Strait of Hormuz"") AND (blockade OR closed OR reopened OR shipping OR transit)","((Hormuz OR ""Strait of Hormuz"") AND (blockade OR closed OR reopened OR shipping OR transit)) since:2026-04-11 until:2026-04-18",2026-04-11,2026-04-18,live,sampling_applied;returned=15;stored=10,scrolled;scrolls_used=4,done,X_Scraper_v4_7_Target20K_Current.xlsx,Jobs+Subruns (depth=0),project_week=W07;depth=0;records_in_window=15
XRUN-XQ-021-W07-D0-worker-1-20260809T063550073833Z,x,v3.0,XQ-021,"((""Islamabad"" OR MOU OR ""memorandum of understanding"") AND (Iran OR ""United States"" OR Trump))","(((""Islamabad"" OR MOU OR ""memorandum of understanding"") AND (Iran OR ""United States"" OR Trump))) since:2026-04-11 until:2026-04-18",2026-04-11,2026-04-18,live,unknown,scrolled;scrolls_used=4,done,X_Scraper_v4_7_Target20K_Current.xlsx,Jobs+Subruns (depth=0),project_week=W07;depth=0;records_in_window=13
XRUN-XQ-022-W07-D0-worker-2-20260809T063607815263Z,x,v3.0,XQ-022,"(""اپیک فیوری"" OR ""عملیات حماسه"" OR ""حماسه خشم"" OR ""روآرینگ لاین"")","((""اپیک فیوری"" OR ""عملیات حماسه"" OR ""حماسه خشم"" OR ""روآرینگ لاین"")) since:2026-04-11 until:2026-04-18",2026-04-11,2026-04-18,live,unknown,scrolled;scrolls_used=4,done,X_Scraper_v4_7_Target20K_Current.xlsx,Jobs+Subruns (depth=0),project_week=W07;depth=0;records_in_window=7
XRUN-XQ-023-W07-D0-worker-2-20260809T063704979125Z,x,v3.0,XQ-023,"(""تنگه هرمز"") AND (""بسته"" OR ""مسدود"" OR ""محاصره"" OR ""بازگشایی"" OR ""کشتیرانی"")","((""تنگه هرمز"") AND (""بسته"" OR ""مسدود"" OR ""محاصره"" OR ""بازگشایی"" OR ""کشتیرانی"")) since:2026-04-11 until:2026-04-18",2026-04-11,2026-04-18,live,sampling_applied;returned=11;stored=6,scrolled;scrolls_used=4,done,X_Scraper_v4_7_Target20K_Current.xlsx,Jobs+Subruns (depth=0),project_week=W07;depth=0;records_in_window=11
XRUN-XQ-024-W07-D0-worker-1-20260809T063706562785Z,x,v3.0,XQ-024,"(""اسلام‌آباد"" OR ""تفاهم‌نامه"" OR ""تفاهم نامه"") AND (""ایران"" OR ""آمریکا"")","((""اسلام‌آباد"" OR ""تفاهم‌نامه"" OR ""تفاهم نامه"") AND (""ایران"" OR ""آمریکا"")) since:2026-04-11 until:2026-04-18",2026-04-11,2026-04-18,live,sampling_applied;returned=10;stored=9,scrolled;scrolls_used=4,done,X_Scraper_v4_7_Target20K_Current.xlsx,Jobs+Subruns (depth=0),project_week=W07;depth=0;records_in_window=10
XRUN-XQ-H01-W07-D0-worker-1-20260809T063746405002Z,x,v3.0,XQ-H01,#IranWar OR #IranWar2026 OR #USIranWar OR #IranIsraelWar OR #EpicFury,(#IranWar OR #IranWar2026 OR #USIranWar OR #IranIsraelWar OR #EpicFury) since:2026-04-11 until:2026-04-18,2026-04-11,2026-04-18,live,sampling_applied;returned=14;stored=13,scrolled;scrolls_used=4,done_with_errors;error_count=1,X_Scraper_v4_7_Target20K_Current.xlsx,Jobs+Subruns (depth=0),project_week=W07;depth=0;records_in_window=14
XRUN-XQ-H02-W07-D0-worker-2-20260809T063756718216Z,x,v3.0,XQ-H02,#StraitOfHormuz OR #MiddleEastWar OR #MiddleEastConflict OR #Hormuz,(#StraitOfHormuz OR #MiddleEastWar OR #MiddleEastConflict OR #Hormuz) since:2026-04-11 until:2026-04-18,2026-04-11,2026-04-18,live,sampling_applied;returned=14;stored=12,scrolled;scrolls_used=4,done,X_Scraper_v4_7_Target20K_Current.xlsx,Jobs+Subruns (depth=0),project_week=W07;depth=0;records_in_window=14
XRUN-XQ-001-W08-D0-worker-1-20260809T063900494956Z,x,v3.0,XQ-001,"(""Iran-US war"" OR ""US-Iran tensions"" OR ""Iran war"" OR ""US Iran war"")","((""Iran-US war"" OR ""US-Iran tensions"" OR ""Iran war"" OR ""US Iran war"")) since:2026-04-18 until:2026-04-25",2026-04-18,2026-04-25,live,unknown,scrolled;scrolls_used=4,done,X_Scraper_v4_7_Target20K_Current.xlsx,Jobs+Subruns (depth=0),project_week=W08;depth=0;records_in_window=18
XRUN-XQ-002-W08-D0-worker-2-20260809T063924301269Z,x,v3.0,XQ-002,"(""Iran"" AND (""airstrike"" OR ""missile strike"" OR ""drone attack""))","((""Iran"" AND (""airstrike"" OR ""missile strike"" OR ""drone attack""))) since:2026-04-18 until:2026-04-25",2026-04-18,2026-04-25,live,unknown,scrolled;scrolls_used=4,done,X_Scraper_v4_7_Target20K_Current.xlsx,Jobs+Subruns (depth=0),project_week=W08;depth=0;records_in_window=14
XRUN-XQ-003-W08-D0-worker-2-20260809T064008830520Z,x,v3.0,XQ-003,"((""Iran"" OR ""IRGC"") AND (""US military"" OR ""United States"") AND (""airstrike"" OR ""missile strike""))","(((""Iran"" OR ""IRGC"") AND (""US military"" OR ""United States"") AND (""airstrike"" OR ""missile strike""))) since:2026-04-18 until:2026-04-25",2026-04-18,2026-04-25,live,sampling_applied;returned=12;stored=9,scrolled;scrolls_used=4,done,X_Scraper_v4_7_Target20K_Current.xlsx,Jobs+Subruns (depth=0),project_week=W08;depth=0;records_in_window=12
XRUN-XQ-004-W08-D0-worker-1-20260809T064017379202Z,x,v3.0,XQ-004,"((""Iran"" OR ""United States"") AND (""ceasefire"" OR ""negotiations"" OR ""peace talks""))","(((""Iran"" OR ""United States"") AND (""ceasefire"" OR ""negotiations"" OR ""peace talks""))) since:2026-04-18 until:2026-04-25",2026-04-18,2026-04-25,live,sampling_applied;returned=12;stored=11,scrolled;scrolls_used=4,done_with_errors;error_count=3,X_Scraper_v4_7_Target20K_Current.xlsx,Jobs+Subruns (depth=0),project_week=W08;depth=0;records_in_window=12
XRUN-XQ-005-W08-D0-worker-2-20260809T064111677230Z,x,v3.0,XQ-005,"((""Iran"" OR ""United States"") AND (""sanctions"" OR ""nuclear programme"" OR ""nuclear program""))","(((""Iran"" OR ""United States"") AND (""sanctions"" OR ""nuclear programme"" OR ""nuclear program""))) since:2026-04-18 until:2026-04-25",2026-04-18,2026-04-25,live,unknown,scrolled;scrolls_used=2,done,X_Scraper_v4_7_Target20K_Current.xlsx,Jobs+Subruns (depth=0),project_week=W08;depth=0;records_in_window=0
XRUN-XQ-006-W08-D0-worker-1-20260809T064112969961Z,x,v3.0,XQ-006,"((""Iran"" OR ""Iran-US war"") AND (""civilian casualties"" OR ""humanitarian crisis""))","(((""Iran"" OR ""Iran-US war"") AND (""civilian casualties"" OR ""humanitarian crisis""))) since:2026-04-18 until:2026-04-25",2026-04-18,2026-04-25,live,unknown,scrolled;scrolls_used=4,done,X_Scraper_v4_7_Target20K_Current.xlsx,Jobs+Subruns (depth=0),project_week=W08;depth=0;records_in_window=18
XRUN-XQ-007-W08-D0-worker-2-20260809T064124976275Z,x,v3.0,XQ-007,"((""Iran"" OR ""Iran-US war"") AND (""misinformation"" OR ""propaganda""))","(((""Iran"" OR ""Iran-US war"") AND (""misinformation"" OR ""propaganda""))) since:2026-04-18 until:2026-04-25",2026-04-18,2026-04-25,live,unknown,split_triggered;scrolls_used=4,job_split_to_children,X_Scraper_v4_7_Target20K_Current.xlsx,Jobs+Subruns (depth=0),project_week=W08;depth=0;records_in_window=14
XRUN-XQ-007-W08-D1-worker-2-20260809T093522510118Z,x,v3.0,XQ-007,"((""Iran"" OR ""Iran-US war"") AND (""misinformation"" OR ""propaganda""))","(((""Iran"" OR ""Iran-US war"") AND (""misinformation"" OR ""propaganda""))) since:2026-04-18 until:2026-04-21",2026-04-18,2026-04-21,live,unknown,scrolled;scrolls_used=4,done,X_Scraper_v4_7_Target20K_Current.xlsx,Jobs+Subruns (depth=>0),project_week=W08;depth=1;records_in_window=15
XRUN-XQ-007-W08-D1-worker-1-20260809T093531551310Z,x,v3.0,XQ-007,"((""Iran"" OR ""Iran-US war"") AND (""misinformation"" OR ""propaganda""))","(((""Iran"" OR ""Iran-US war"") AND (""misinformation"" OR ""propaganda""))) since:2026-04-21 until:2026-04-25",2026-04-21,2026-04-25,live,unknown,scrolled;scrolls_used=4,done,X_Scraper_v4_7_Target20K_Current.xlsx,Jobs+Subruns (depth=>0),project_week=W08;depth=1;records_in_window=13
XRUN-XQ-008-W08-D0-worker-2-20260809T064208638982Z,x,v3.0,XQ-008,"((""Iran"" OR ""Iran-US war"") AND (""oil price"" OR ""exchange rate"" OR ""gold price"" OR ""market volatility""))","(((""Iran"" OR ""Iran-US war"") AND (""oil price"" OR ""exchange rate"" OR ""gold price"" OR ""market volatility""))) since:2026-04-18 until:2026-04-25",2026-04-18,2026-04-25,live,unknown,scrolled;scrolls_used=2,done,X_Scraper_v4_7_Target20K_Current.xlsx,Jobs+Subruns (depth=0),project_week=W08;depth=0;records_in_window=0
XRUN-XQ-009-W08-D0-worker-2-20260809T064218184224Z,x,v3.0,XQ-009,"((""Iran"" OR ""Iran-US war"") AND (""Strait of Hormuz"" OR Hormuz OR ""oil price""))","(((""Iran"" OR ""Iran-US war"") AND (""Strait of Hormuz"" OR Hormuz OR ""oil price""))) since:2026-04-18 until:2026-04-25",2026-04-18,2026-04-25,live,unknown,scrolled;scrolls_used=4,done,X_Scraper_v4_7_Target20K_Current.xlsx,Jobs+Subruns (depth=0),project_week=W08;depth=0;records_in_window=14
XRUN-XQ-010-W08-D0-worker-1-20260809T064222359832Z,x,v3.0,XQ-010,"(""جنگ ایران و آمریکا"" OR ""تنش ایران و آمریکا"" OR ""جنگ ایران آمریکا"")","((""جنگ ایران و آمریکا"" OR ""تنش ایران و آمریکا"" OR ""جنگ ایران آمریکا"")) since:2026-04-18 until:2026-04-25",2026-04-18,2026-04-25,live,unknown,scrolled;scrolls_used=2,done,X_Scraper_v4_7_Target20K_Current.xlsx,Jobs+Subruns (depth=0),project_week=W08;depth=0;records_in_window=0
XRUN-XQ-011-W08-D0-worker-1-20260809T064233120325Z,x,v3.0,XQ-011,"(""ایران"" AND (""حمله هوایی"" OR ""حمله موشکی"" OR ""حمله پهپادی""))","((""ایران"" AND (""حمله هوایی"" OR ""حمله موشکی"" OR ""حمله پهپادی""))) since:2026-04-18 until:2026-04-25",2026-04-18,2026-04-25,live,unknown,scrolled;scrolls_used=4,done,X_Scraper_v4_7_Target20K_Current.xlsx,Jobs+Subruns (depth=0),project_week=W08;depth=0;records_in_window=13
XRUN-XQ-012-W08-D0-worker-2-20260809T064321055019Z,x,v3.0,XQ-012,"((""ایران"" OR ""سپاه"") AND (""ارتش آمریکا"" OR ""ایالات متحده"") AND (""حمله هوایی"" OR ""حمله موشکی""))","(((""ایران"" OR ""سپاه"") AND (""ارتش آمریکا"" OR ""ایالات متحده"") AND (""حمله هوایی"" OR ""حمله موشکی""))) since:2026-04-18 until:2026-04-25",2026-04-18,2026-04-25,live,sampling_applied;returned=4;stored=2,scrolled;scrolls_used=4,done,X_Scraper_v4_7_Target20K_Current.xlsx,Jobs+Subruns (depth=0),project_week=W08;depth=0;records_in_window=4
XRUN-XQ-013-W08-D0-worker-1-20260809T064327025395Z,x,v3.0,XQ-013,"((""ایران"" OR ""ایالات متحده"" OR ""آمریکا"") AND (""آتش‌بس"" OR ""مذاکرات"" OR ""صلح""))","(((""ایران"" OR ""ایالات متحده"" OR ""آمریکا"") AND (""آتش‌بس"" OR ""مذاکرات"" OR ""صلح""))) since:2026-04-18 until:2026-04-25",2026-04-18,2026-04-25,live,sampling_applied;returned=18;stored=17,scrolled;scrolls_used=4,done_with_errors;error_count=3,X_Scraper_v4_7_Target20K_Current.xlsx,Jobs+Subruns (depth=0),project_week=W08;depth=0;records_in_window=18
XRUN-XQ-014-W08-D0-worker-2-20260809T064349180763Z,x,v3.0,XQ-014,"((""ایران"" OR ""ایالات متحده"") AND (""تحریم‌ها"" OR ""برنامه هسته‌ای""))","(((""ایران"" OR ""ایالات متحده"") AND (""تحریم‌ها"" OR ""برنامه هسته‌ای""))) since:2026-04-18 until:2026-04-25",2026-04-18,2026-04-25,live,unknown,scrolled;scrolls_used=4,done_with_errors;error_count=1,X_Scraper_v4_7_Target20K_Current.xlsx,Jobs+Subruns (depth=0),project_week=W08;depth=0;records_in_window=11
XRUN-XQ-015-W08-D0-worker-1-20260809T064425276203Z,x,v3.0,XQ-015,"((""ایران"" OR ""جنگ ایران و آمریکا"") AND (""تلفات غیرنظامیان"" OR ""بحران انسانی""))","(((""ایران"" OR ""جنگ ایران و آمریکا"") AND (""تلفات غیرنظامیان"" OR ""بحران انسانی""))) since:2026-04-18 until:2026-04-25",2026-04-18,2026-04-25,live,unknown,scrolled;scrolls_used=2,done,X_Scraper_v4_7_Target20K_Current.xlsx,Jobs+Subruns (depth=0),project_week=W08;depth=0;records_in_window=0
XRUN-XQ-016-W08-D0-worker-2-20260809T064435071338Z,x,v3.0,XQ-016,"((""ایران"" OR ""جنگ ایران و آمریکا"") AND (""اطلاعات نادرست"" OR ""تبلیغات سیاسی""))","(((""ایران"" OR ""جنگ ایران و آمریکا"") AND (""اطلاعات نادرست"" OR ""تبلیغات سیاسی""))) since:2026-04-18 until:2026-04-25",2026-04-18,2026-04-25,live,unknown,split_triggered;scrolls_used=4,job_split_to_children,X_Scraper_v4_7_Target20K_Current.xlsx,Jobs+Subruns (depth=0),project_week=W08;depth=0;records_in_window=13
XRUN-XQ-016-W08-D1-worker-1-20260809T093625018270Z,x,v3.0,XQ-016,"((""ایران"" OR ""جنگ ایران و آمریکا"") AND (""اطلاعات نادرست"" OR ""تبلیغات سیاسی""))","(((""ایران"" OR ""جنگ ایران و آمریکا"") AND (""اطلاعات نادرست"" OR ""تبلیغات سیاسی""))) since:2026-04-18 until:2026-04-21",2026-04-18,2026-04-21,live,unknown,scrolled;scrolls_used=2,done,X_Scraper_v4_7_Target20K_Current.xlsx,Jobs+Subruns (depth=>0),project_week=W08;depth=1;records_in_window=0
XRUN-XQ-016-W08-D1-worker-1-20260809T093635859350Z,x,v3.0,XQ-016,"((""ایران"" OR ""جنگ ایران و آمریکا"") AND (""اطلاعات نادرست"" OR ""تبلیغات سیاسی""))","(((""ایران"" OR ""جنگ ایران و آمریکا"") AND (""اطلاعات نادرست"" OR ""تبلیغات سیاسی""))) since:2026-04-21 until:2026-04-25",2026-04-21,2026-04-25,live,sampling_applied;returned=13;stored=0,scrolled;scrolls_used=4,done,X_Scraper_v4_7_Target20K_Current.xlsx,Jobs+Subruns (depth=>0),project_week=W08;depth=1;records_in_window=13
XRUN-XQ-017-W08-D0-worker-1-20260809T064435241149Z,x,v3.0,XQ-017,"((""ایران"" OR ""جنگ ایران و آمریکا"") AND (""قیمت نفت"" OR ""نرخ ارز"" OR ""قیمت طلا"" OR ""نوسان بازار""))","(((""ایران"" OR ""جنگ ایران و آمریکا"") AND (""قیمت نفت"" OR ""نرخ ارز"" OR ""قیمت طلا"" OR ""نوسان بازار""))) since:2026-04-18 until:2026-04-25",2026-04-18,2026-04-25,live,unknown,scrolled;scrolls_used=4,done_with_errors;error_count=1,X_Scraper_v4_7_Target20K_Current.xlsx,Jobs+Subruns (depth=0),project_week=W08;depth=0;records_in_window=10
XRUN-XQ-018-W08-D0-worker-2-20260809T064518044713Z,x,v3.0,XQ-018,"((""ایران"" OR ""جنگ ایران و آمریکا"") AND (""تنگه هرمز"" OR ""قیمت نفت""))","(((""ایران"" OR ""جنگ ایران و آمریکا"") AND (""تنگه هرمز"" OR ""قیمت نفت""))) since:2026-04-18 until:2026-04-25",2026-04-18,2026-04-25,live,sampling_applied;returned=9;stored=8,scrolled;scrolls_used=4,done,X_Scraper_v4_7_Target20K_Current.xlsx,Jobs+Subruns (depth=0),project_week=W08;depth=0;records_in_window=9
XRUN-XQ-019-W08-D0-worker-1-20260809T064527494545Z,x,v3.0,XQ-019,"(""Epic Fury"" OR ""Operation Epic Fury"" OR ""Roaring Lion"")","((""Epic Fury"" OR ""Operation Epic Fury"" OR ""Roaring Lion"")) since:2026-04-18 until:2026-04-25",2026-04-18,2026-04-25,live,unknown,split_triggered;scrolls_used=4,job_split_to_children,X_Scraper_v4_7_Target20K_Current.xlsx,Jobs+Subruns (depth=0),project_week=W08;depth=0;records_in_window=17
XRUN-XQ-019-W08-D1-worker-2-20260809T093645539270Z,x,v3.0,XQ-019,"(""Epic Fury"" OR ""Operation Epic Fury"" OR ""Roaring Lion"")","((""Epic Fury"" OR ""Operation Epic Fury"" OR ""Roaring Lion"")) since:2026-04-18 until:2026-04-21",2026-04-18,2026-04-21,live,unknown,scrolled;scrolls_used=4,done,X_Scraper_v4_7_Target20K_Current.xlsx,Jobs+Subruns (depth=>0),project_week=W08;depth=1;records_in_window=11
XRUN-XQ-019-W08-D1-worker-2-20260809T093734828442Z,x,v3.0,XQ-019,"(""Epic Fury"" OR ""Operation Epic Fury"" OR ""Roaring Lion"")","((""Epic Fury"" OR ""Operation Epic Fury"" OR ""Roaring Lion"")) since:2026-04-21 until:2026-04-25",2026-04-21,2026-04-25,live,sampling_applied;returned=13;stored=4,scrolled;scrolls_used=4,done,X_Scraper_v4_7_Target20K_Current.xlsx,Jobs+Subruns (depth=>0),project_week=W08;depth=1;records_in_window=13
XRUN-XQ-020-W08-D0-worker-2-20260809T064555872294Z,x,v3.0,XQ-020,"(Hormuz OR ""Strait of Hormuz"") AND (blockade OR closed OR reopened OR shipping OR transit)","((Hormuz OR ""Strait of Hormuz"") AND (blockade OR closed OR reopened OR shipping OR transit)) since:2026-04-18 until:2026-04-25",2026-04-18,2026-04-25,live,unknown,scrolled;scrolls_used=2,done,X_Scraper_v4_7_Target20K_Current.xlsx,Jobs+Subruns (depth=0),project_week=W08;depth=0;records_in_window=0
XRUN-XQ-021-W08-D0-worker-2-20260809T064606966255Z,x,v3.0,XQ-021,"((""Islamabad"" OR MOU OR ""memorandum of understanding"") AND (Iran OR ""United States"" OR Trump))","(((""Islamabad"" OR MOU OR ""memorandum of understanding"") AND (Iran OR ""United States"" OR Trump))) since:2026-04-18 until:2026-04-25",2026-04-18,2026-04-25,live,unknown,split_triggered;scrolls_used=4,job_split_to_children,X_Scraper_v4_7_Target20K_Current.xlsx,Jobs+Subruns (depth=0),project_week=W08;depth=0;records_in_window=15
XRUN-XQ-021-W08-D1-worker-1-20260809T093741103950Z,x,v3.0,XQ-021,"((""Islamabad"" OR MOU OR ""memorandum of understanding"") AND (Iran OR ""United States"" OR Trump))","(((""Islamabad"" OR MOU OR ""memorandum of understanding"") AND (Iran OR ""United States"" OR Trump))) since:2026-04-18 until:2026-04-21",2026-04-18,2026-04-21,live,unknown,scrolled;scrolls_used=4,done,X_Scraper_v4_7_Target20K_Current.xlsx,Jobs+Subruns (depth=>0),project_week=W08;depth=1;records_in_window=14
XRUN-XQ-021-W08-D1-worker-2-20260809T093837496287Z,x,v3.0,XQ-021,"((""Islamabad"" OR MOU OR ""memorandum of understanding"") AND (Iran OR ""United States"" OR Trump))","(((""Islamabad"" OR MOU OR ""memorandum of understanding"") AND (Iran OR ""United States"" OR Trump))) since:2026-04-21 until:2026-04-25",2026-04-21,2026-04-25,live,sampling_applied;returned=11;stored=0,scrolled;scrolls_used=4,done_with_errors;error_count=2,X_Scraper_v4_7_Target20K_Current.xlsx,Jobs+Subruns (depth=>0),project_week=W08;depth=1;records_in_window=11
XRUN-XQ-022-W08-D0-worker-1-20260809T064642533761Z,x,v3.0,XQ-022,"(""اپیک فیوری"" OR ""عملیات حماسه"" OR ""حماسه خشم"" OR ""روآرینگ لاین"")","((""اپیک فیوری"" OR ""عملیات حماسه"" OR ""حماسه خشم"" OR ""روآرینگ لاین"")) since:2026-04-18 until:2026-04-25",2026-04-18,2026-04-25,live,sampling_applied;returned=1;stored=0,scrolled;scrolls_used=4,done,X_Scraper_v4_7_Target20K_Current.xlsx,Jobs+Subruns (depth=0),project_week=W08;depth=0;records_in_window=1
XRUN-XQ-023-W08-D0-worker-1-20260809T064707038523Z,x,v3.0,XQ-023,"(""تنگه هرمز"") AND (""بسته"" OR ""مسدود"" OR ""محاصره"" OR ""بازگشایی"" OR ""کشتیرانی"")","((""تنگه هرمز"") AND (""بسته"" OR ""مسدود"" OR ""محاصره"" OR ""بازگشایی"" OR ""کشتیرانی"")) since:2026-04-18 until:2026-04-25",2026-04-18,2026-04-25,live,unknown,scrolled;scrolls_used=2,done,X_Scraper_v4_7_Target20K_Current.xlsx,Jobs+Subruns (depth=0),project_week=W08;depth=0;records_in_window=0
XRUN-XQ-024-W08-D0-worker-1-20260809T064716711172Z,x,v3.0,XQ-024,"(""اسلام‌آباد"" OR ""تفاهم‌نامه"" OR ""تفاهم نامه"") AND (""ایران"" OR ""آمریکا"")","((""اسلام‌آباد"" OR ""تفاهم‌نامه"" OR ""تفاهم نامه"") AND (""ایران"" OR ""آمریکا"")) since:2026-04-18 until:2026-04-25",2026-04-18,2026-04-25,live,unknown,scrolled;scrolls_used=4,done_with_errors;error_count=1,X_Scraper_v4_7_Target20K_Current.xlsx,Jobs+Subruns (depth=0),project_week=W08;depth=0;records_in_window=11
XRUN-XQ-H01-W08-D0-worker-2-20260809T064729478169Z,x,v3.0,XQ-H01,#IranWar OR #IranWar2026 OR #USIranWar OR #IranIsraelWar OR #EpicFury,(#IranWar OR #IranWar2026 OR #USIranWar OR #IranIsraelWar OR #EpicFury) since:2026-04-18 until:2026-04-25,2026-04-18,2026-04-25,live,unknown,scrolled;scrolls_used=4,done_with_errors;error_count=1,X_Scraper_v4_7_Target20K_Current.xlsx,Jobs+Subruns (depth=0),project_week=W08;depth=0;records_in_window=11
XRUN-XQ-H02-W08-D0-worker-1-20260809T064809182798Z,x,v3.0,XQ-H02,#StraitOfHormuz OR #MiddleEastWar OR #MiddleEastConflict OR #Hormuz,(#StraitOfHormuz OR #MiddleEastWar OR #MiddleEastConflict OR #Hormuz) since:2026-04-18 until:2026-04-25,2026-04-18,2026-04-25,live,sampling_applied;returned=13;stored=11,scrolled;scrolls_used=4,done,X_Scraper_v4_7_Target20K_Current.xlsx,Jobs+Subruns (depth=0),project_week=W08;depth=0;records_in_window=13
XRUN-XQ-001-W09-D0-worker-2-20260809T064823130465Z,x,v3.0,XQ-001,"(""Iran-US war"" OR ""US-Iran tensions"" OR ""Iran war"" OR ""US Iran war"")","((""Iran-US war"" OR ""US-Iran tensions"" OR ""Iran war"" OR ""US Iran war"")) since:2026-04-25 until:2026-05-02",2026-04-25,2026-05-02,live,unknown,scrolled;scrolls_used=4,done,X_Scraper_v4_7_Target20K_Current.xlsx,Jobs+Subruns (depth=0),project_week=W09;depth=0;records_in_window=11
XRUN-XQ-002-W09-D0-worker-2-20260809T064927394954Z,x,v3.0,XQ-002,"(""Iran"" AND (""airstrike"" OR ""missile strike"" OR ""drone attack""))","((""Iran"" AND (""airstrike"" OR ""missile strike"" OR ""drone attack""))) since:2026-04-25 until:2026-05-02",2026-04-25,2026-05-02,live,unknown,scrolled;scrolls_used=4,done,X_Scraper_v4_7_Target20K_Current.xlsx,Jobs+Subruns (depth=0),project_week=W09;depth=0;records_in_window=14
XRUN-XQ-003-W09-D0-worker-1-20260809T064929574181Z,x,v3.0,XQ-003,"((""Iran"" OR ""IRGC"") AND (""US military"" OR ""United States"") AND (""airstrike"" OR ""missile strike""))","(((""Iran"" OR ""IRGC"") AND (""US military"" OR ""United States"") AND (""airstrike"" OR ""missile strike""))) since:2026-04-25 until:2026-05-02",2026-04-25,2026-05-02,live,unknown,scrolled;scrolls_used=4,done,X_Scraper_v4_7_Target20K_Current.xlsx,Jobs+Subruns (depth=0),project_week=W09;depth=0;records_in_window=12
XRUN-XQ-004-W09-D0-worker-2-20260809T065021313852Z,x,v3.0,XQ-004,"((""Iran"" OR ""United States"") AND (""ceasefire"" OR ""negotiations"" OR ""peace talks""))","(((""Iran"" OR ""United States"") AND (""ceasefire"" OR ""negotiations"" OR ""peace talks""))) since:2026-04-25 until:2026-05-02",2026-04-25,2026-05-02,live,sampling_applied;returned=17;stored=16,scrolled;scrolls_used=4,done,X_Scraper_v4_7_Target20K_Current.xlsx,Jobs+Subruns (depth=0),project_week=W09;depth=0;records_in_window=17
XRUN-XQ-005-W09-D0-worker-1-20260809T065030530296Z,x,v3.0,XQ-005,"((""Iran"" OR ""United States"") AND (""sanctions"" OR ""nuclear programme"" OR ""nuclear program""))","(((""Iran"" OR ""United States"") AND (""sanctions"" OR ""nuclear programme"" OR ""nuclear program""))) since:2026-04-25 until:2026-05-02",2026-04-25,2026-05-02,live,unknown,scrolled;scrolls_used=2,done,X_Scraper_v4_7_Target20K_Current.xlsx,Jobs+Subruns (depth=0),project_week=W09;depth=0;records_in_window=0
XRUN-XQ-006-W09-D0-worker-1-20260809T065045762104Z,x,v3.0,XQ-006,"((""Iran"" OR ""Iran-US war"") AND (""civilian casualties"" OR ""humanitarian crisis""))","(((""Iran"" OR ""Iran-US war"") AND (""civilian casualties"" OR ""humanitarian crisis""))) since:2026-04-25 until:2026-05-02",2026-04-25,2026-05-02,live,unknown,scrolled;scrolls_used=4,done,X_Scraper_v4_7_Target20K_Current.xlsx,Jobs+Subruns (depth=0),project_week=W09;depth=0;records_in_window=12
XRUN-XQ-007-W09-D0-worker-1-20260809T065152620496Z,x,v3.0,XQ-007,"((""Iran"" OR ""Iran-US war"") AND (""misinformation"" OR ""propaganda""))","(((""Iran"" OR ""Iran-US war"") AND (""misinformation"" OR ""propaganda""))) since:2026-04-25 until:2026-05-02",2026-04-25,2026-05-02,live,unknown,scrolled;scrolls_used=4,done,X_Scraper_v4_7_Target20K_Current.xlsx,Jobs+Subruns (depth=0),project_week=W09;depth=0;records_in_window=15
XRUN-XQ-008-W09-D0-worker-2-20260809T065202730265Z,x,v3.0,XQ-008,"((""Iran"" OR ""Iran-US war"") AND (""oil price"" OR ""exchange rate"" OR ""gold price"" OR ""market volatility""))","(((""Iran"" OR ""Iran-US war"") AND (""oil price"" OR ""exchange rate"" OR ""gold price"" OR ""market volatility""))) since:2026-04-25 until:2026-05-02",2026-04-25,2026-05-02,live,unknown,scrolled;scrolls_used=2,done,X_Scraper_v4_7_Target20K_Current.xlsx,Jobs+Subruns (depth=0),project_week=W09;depth=0;records_in_window=0
XRUN-XQ-009-W09-D0-worker-2-20260809T065214493323Z,x,v3.0,XQ-009,"((""Iran"" OR ""Iran-US war"") AND (""Strait of Hormuz"" OR Hormuz OR ""oil price""))","(((""Iran"" OR ""Iran-US war"") AND (""Strait of Hormuz"" OR Hormuz OR ""oil price""))) since:2026-04-25 until:2026-05-02",2026-04-25,2026-05-02,live,sampling_applied;returned=13;stored=12,scrolled;scrolls_used=4,done,X_Scraper_v4_7_Target20K_Current.xlsx,Jobs+Subruns (depth=0),project_week=W09;depth=0;records_in_window=13
XRUN-XQ-010-W09-D0-worker-1-20260809T065310405545Z,x,v3.0,XQ-010,"(""جنگ ایران و آمریکا"" OR ""تنش ایران و آمریکا"" OR ""جنگ ایران آمریکا"")","((""جنگ ایران و آمریکا"" OR ""تنش ایران و آمریکا"" OR ""جنگ ایران آمریکا"")) since:2026-04-25 until:2026-05-02",2026-04-25,2026-05-02,live,unknown,scrolled;scrolls_used=4,done,X_Scraper_v4_7_Target20K_Current.xlsx,Jobs+Subruns (depth=0),project_week=W09;depth=0;records_in_window=14
XRUN-XQ-011-W09-D0-worker-2-20260809T065323943114Z,x,v3.0,XQ-011,"(""ایران"" AND (""حمله هوایی"" OR ""حمله موشکی"" OR ""حمله پهپادی""))","((""ایران"" AND (""حمله هوایی"" OR ""حمله موشکی"" OR ""حمله پهپادی""))) since:2026-04-25 until:2026-05-02",2026-04-25,2026-05-02,live,unknown,scrolled;scrolls_used=4,done,X_Scraper_v4_7_Target20K_Current.xlsx,Jobs+Subruns (depth=0),project_week=W09;depth=0;records_in_window=15
XRUN-XQ-012-W09-D0-worker-2-20260809T065405748175Z,x,v3.0,XQ-012,"((""ایران"" OR ""سپاه"") AND (""ارتش آمریکا"" OR ""ایالات متحده"") AND (""حمله هوایی"" OR ""حمله موشکی""))","(((""ایران"" OR ""سپاه"") AND (""ارتش آمریکا"" OR ""ایالات متحده"") AND (""حمله هوایی"" OR ""حمله موشکی""))) since:2026-04-25 until:2026-05-02",2026-04-25,2026-05-02,live,unknown,scrolled;scrolls_used=2,done,X_Scraper_v4_7_Target20K_Current.xlsx,Jobs+Subruns (depth=0),project_week=W09;depth=0;records_in_window=0
XRUN-XQ-013-W09-D0-worker-1-20260809T065412027049Z,x,v3.0,XQ-013,"((""ایران"" OR ""ایالات متحده"" OR ""آمریکا"") AND (""آتش‌بس"" OR ""مذاکرات"" OR ""صلح""))","(((""ایران"" OR ""ایالات متحده"" OR ""آمریکا"") AND (""آتش‌بس"" OR ""مذاکرات"" OR ""صلح""))) since:2026-04-25 until:2026-05-02",2026-04-25,2026-05-02,live,unknown,scrolled;scrolls_used=4,done,X_Scraper_v4_7_Target20K_Current.xlsx,Jobs+Subruns (depth=0),project_week=W09;depth=0;records_in_window=16
XRUN-XQ-014-W09-D0-worker-2-20260809T065416932351Z,x,v3.0,XQ-014,"((""ایران"" OR ""ایالات متحده"") AND (""تحریم‌ها"" OR ""برنامه هسته‌ای""))","(((""ایران"" OR ""ایالات متحده"") AND (""تحریم‌ها"" OR ""برنامه هسته‌ای""))) since:2026-04-25 until:2026-05-02",2026-04-25,2026-05-02,live,sampling_applied;returned=12;stored=11,scrolled;scrolls_used=4,done,X_Scraper_v4_7_Target20K_Current.xlsx,Jobs+Subruns (depth=0),project_week=W09;depth=0;records_in_window=12
XRUN-XQ-015-W09-D0-worker-2-20260809T065510216217Z,x,v3.0,XQ-015,"((""ایران"" OR ""جنگ ایران و آمریکا"") AND (""تلفات غیرنظامیان"" OR ""بحران انسانی""))","(((""ایران"" OR ""جنگ ایران و آمریکا"") AND (""تلفات غیرنظامیان"" OR ""بحران انسانی""))) since:2026-04-25 until:2026-05-02",2026-04-25,2026-05-02,live,unknown,scrolled;scrolls_used=4,done,X_Scraper_v4_7_Target20K_Current.xlsx,Jobs+Subruns (depth=0),project_week=W09;depth=0;records_in_window=10
XRUN-XQ-016-W09-D0-worker-1-20260809T065514089389Z,x,v3.0,XQ-016,"((""ایران"" OR ""جنگ ایران و آمریکا"") AND (""اطلاعات نادرست"" OR ""تبلیغات سیاسی""))","(((""ایران"" OR ""جنگ ایران و آمریکا"") AND (""اطلاعات نادرست"" OR ""تبلیغات سیاسی""))) since:2026-04-25 until:2026-05-02",2026-04-25,2026-05-02,live,unknown,scrolled;scrolls_used=4,done,X_Scraper_v4_7_Target20K_Current.xlsx,Jobs+Subruns (depth=0),project_week=W09;depth=0;records_in_window=11
XRUN-XQ-017-W09-D0-worker-1-20260809T065613751165Z,x,v3.0,XQ-017,"((""ایران"" OR ""جنگ ایران و آمریکا"") AND (""قیمت نفت"" OR ""نرخ ارز"" OR ""قیمت طلا"" OR ""نوسان بازار""))","(((""ایران"" OR ""جنگ ایران و آمریکا"") AND (""قیمت نفت"" OR ""نرخ ارز"" OR ""قیمت طلا"" OR ""نوسان بازار""))) since:2026-04-25 until:2026-05-02",2026-04-25,2026-05-02,live,unknown,scrolled;scrolls_used=4,done,X_Scraper_v4_7_Target20K_Current.xlsx,Jobs+Subruns (depth=0),project_week=W09;depth=0;records_in_window=10
XRUN-XQ-018-W09-D0-worker-2-20260809T065624100197Z,x,v3.0,XQ-018,"((""ایران"" OR ""جنگ ایران و آمریکا"") AND (""تنگه هرمز"" OR ""قیمت نفت""))","(((""ایران"" OR ""جنگ ایران و آمریکا"") AND (""تنگه هرمز"" OR ""قیمت نفت""))) since:2026-04-25 until:2026-05-02",2026-04-25,2026-05-02,live,unknown,scrolled;scrolls_used=2,done,X_Scraper_v4_7_Target20K_Current.xlsx,Jobs+Subruns (depth=0),project_week=W09;depth=0;records_in_window=0
XRUN-XQ-019-W09-D0-worker-2-20260809T065638338654Z,x,v3.0,XQ-019,"(""Epic Fury"" OR ""Operation Epic Fury"" OR ""Roaring Lion"")","((""Epic Fury"" OR ""Operation Epic Fury"" OR ""Roaring Lion"")) since:2026-04-25 until:2026-05-02",2026-04-25,2026-05-02,live,unknown,scrolled;scrolls_used=4,done,X_Scraper_v4_7_Target20K_Current.xlsx,Jobs+Subruns (depth=0),project_week=W09;depth=0;records_in_window=13
XRUN-XQ-020-W09-D0-worker-1-20260809T065706534289Z,x,v3.0,XQ-020,"(Hormuz OR ""Strait of Hormuz"") AND (blockade OR closed OR reopened OR shipping OR transit)","((Hormuz OR ""Strait of Hormuz"") AND (blockade OR closed OR reopened OR shipping OR transit)) since:2026-04-25 until:2026-05-02",2026-04-25,2026-05-02,live,sampling_applied;returned=16;stored=15,scrolled;scrolls_used=4,done,X_Scraper_v4_7_Target20K_Current.xlsx,Jobs+Subruns (depth=0),project_week=W09;depth=0;records_in_window=16
XRUN-XQ-021-W09-D0-worker-2-20260809T065723233756Z,x,v3.0,XQ-021,"((""Islamabad"" OR MOU OR ""memorandum of understanding"") AND (Iran OR ""United States"" OR Trump))","(((""Islamabad"" OR MOU OR ""memorandum of understanding"") AND (Iran OR ""United States"" OR Trump))) since:2026-04-25 until:2026-05-02",2026-04-25,2026-05-02,live,sampling_applied;returned=12;stored=11,scrolled;scrolls_used=4,done,X_Scraper_v4_7_Target20K_Current.xlsx,Jobs+Subruns (depth=0),project_week=W09;depth=0;records_in_window=12
XRUN-XQ-022-W09-D0-worker-1-20260809T065814852775Z,x,v3.0,XQ-022,"(""اپیک فیوری"" OR ""عملیات حماسه"" OR ""حماسه خشم"" OR ""روآرینگ لاین"")","((""اپیک فیوری"" OR ""عملیات حماسه"" OR ""حماسه خشم"" OR ""روآرینگ لاین"")) since:2026-04-25 until:2026-05-02",2026-04-25,2026-05-02,live,unknown,scrolled;scrolls_used=4,done,X_Scraper_v4_7_Target20K_Current.xlsx,Jobs+Subruns (depth=0),project_week=W09;depth=0;records_in_window=1
XRUN-XQ-023-W09-D0-worker-2-20260809T065819483673Z,x,v3.0,XQ-023,"(""تنگه هرمز"") AND (""بسته"" OR ""مسدود"" OR ""محاصره"" OR ""بازگشایی"" OR ""کشتیرانی"")","((""تنگه هرمز"") AND (""بسته"" OR ""مسدود"" OR ""محاصره"" OR ""بازگشایی"" OR ""کشتیرانی"")) since:2026-04-25 until:2026-05-02",2026-04-25,2026-05-02,live,sampling_applied;returned=9;stored=6,scrolled;scrolls_used=4,done,X_Scraper_v4_7_Target20K_Current.xlsx,Jobs+Subruns (depth=0),project_week=W09;depth=0;records_in_window=9
XRUN-XQ-024-W09-D0-worker-1-20260809T065842346807Z,x,v3.0,XQ-024,"(""اسلام‌آباد"" OR ""تفاهم‌نامه"" OR ""تفاهم نامه"") AND (""ایران"" OR ""آمریکا"")","((""اسلام‌آباد"" OR ""تفاهم‌نامه"" OR ""تفاهم نامه"") AND (""ایران"" OR ""آمریکا"")) since:2026-04-25 until:2026-05-02",2026-04-25,2026-05-02,live,unknown,scrolled;scrolls_used=4,done,X_Scraper_v4_7_Target20K_Current.xlsx,Jobs+Subruns (depth=0),project_week=W09;depth=0;records_in_window=11
XRUN-XQ-H01-W09-D0-worker-2-20260809T065904810758Z,x,v3.0,XQ-H01,#IranWar OR #IranWar2026 OR #USIranWar OR #IranIsraelWar OR #EpicFury,(#IranWar OR #IranWar2026 OR #USIranWar OR #IranIsraelWar OR #EpicFury) since:2026-04-25 until:2026-05-02,2026-04-25,2026-05-02,live,sampling_applied;returned=11;stored=9,scrolled;scrolls_used=4,done,X_Scraper_v4_7_Target20K_Current.xlsx,Jobs+Subruns (depth=0),project_week=W09;depth=0;records_in_window=11
XRUN-XQ-H02-W09-D0-worker-1-20260809T065930351787Z,x,v3.0,XQ-H02,#StraitOfHormuz OR #MiddleEastWar OR #MiddleEastConflict OR #Hormuz,(#StraitOfHormuz OR #MiddleEastWar OR #MiddleEastConflict OR #Hormuz) since:2026-04-25 until:2026-05-02,2026-04-25,2026-05-02,live,sampling_applied;returned=14;stored=13,scrolled;scrolls_used=4,done,X_Scraper_v4_7_Target20K_Current.xlsx,Jobs+Subruns (depth=0),project_week=W09;depth=0;records_in_window=14
XRUN-XQ-001-W10-D0-worker-2-20260809T065958840357Z,x,v3.0,XQ-001,"(""Iran-US war"" OR ""US-Iran tensions"" OR ""Iran war"" OR ""US Iran war"")","((""Iran-US war"" OR ""US-Iran tensions"" OR ""Iran war"" OR ""US Iran war"")) since:2026-05-02 until:2026-05-09",2026-05-02,2026-05-09,live,unknown,scrolled;scrolls_used=4,done,X_Scraper_v4_7_Target20K_Current.xlsx,Jobs+Subruns (depth=0),project_week=W10;depth=0;records_in_window=17
XRUN-XQ-002-W10-D0-worker-1-20260809T070049949317Z,x,v3.0,XQ-002,"(""Iran"" AND (""airstrike"" OR ""missile strike"" OR ""drone attack""))","((""Iran"" AND (""airstrike"" OR ""missile strike"" OR ""drone attack""))) since:2026-05-02 until:2026-05-09",2026-05-02,2026-05-09,live,unknown,scrolled;scrolls_used=4,done,X_Scraper_v4_7_Target20K_Current.xlsx,Jobs+Subruns (depth=0),project_week=W10;depth=0;records_in_window=9
XRUN-XQ-003-W10-D0-worker-2-20260809T070107529768Z,x,v3.0,XQ-003,"((""Iran"" OR ""IRGC"") AND (""US military"" OR ""United States"") AND (""airstrike"" OR ""missile strike""))","(((""Iran"" OR ""IRGC"") AND (""US military"" OR ""United States"") AND (""airstrike"" OR ""missile strike""))) since:2026-05-02 until:2026-05-09",2026-05-02,2026-05-09,live,unknown,scrolled;scrolls_used=2,done,X_Scraper_v4_7_Target20K_Current.xlsx,Jobs+Subruns (depth=0),project_week=W10;depth=0;records_in_window=0
XRUN-XQ-004-W10-D0-worker-2-20260809T070119514211Z,x,v3.0,XQ-004,"((""Iran"" OR ""United States"") AND (""ceasefire"" OR ""negotiations"" OR ""peace talks""))","(((""Iran"" OR ""United States"") AND (""ceasefire"" OR ""negotiations"" OR ""peace talks""))) since:2026-05-02 until:2026-05-09",2026-05-02,2026-05-09,live,sampling_applied;returned=10;stored=8,scrolled;scrolls_used=4,done,X_Scraper_v4_7_Target20K_Current.xlsx,Jobs+Subruns (depth=0),project_week=W10;depth=0;records_in_window=10
XRUN-XQ-005-W10-D0-worker-1-20260809T070152358204Z,x,v3.0,XQ-005,"((""Iran"" OR ""United States"") AND (""sanctions"" OR ""nuclear programme"" OR ""nuclear program""))","(((""Iran"" OR ""United States"") AND (""sanctions"" OR ""nuclear programme"" OR ""nuclear program""))) since:2026-05-02 until:2026-05-09",2026-05-02,2026-05-09,live,unknown,scrolled;scrolls_used=2,done,X_Scraper_v4_7_Target20K_Current.xlsx,Jobs+Subruns (depth=0),project_week=W10;depth=0;records_in_window=0
XRUN-XQ-006-W10-D0-worker-1-20260809T070206173376Z,x,v3.0,XQ-006,"((""Iran"" OR ""Iran-US war"") AND (""civilian casualties"" OR ""humanitarian crisis""))","(((""Iran"" OR ""Iran-US war"") AND (""civilian casualties"" OR ""humanitarian crisis""))) since:2026-05-02 until:2026-05-09",2026-05-02,2026-05-09,live,unknown,scrolled;scrolls_used=4,done,X_Scraper_v4_7_Target20K_Current.xlsx,Jobs+Subruns (depth=0),project_week=W10;depth=0;records_in_window=17
XRUN-XQ-007-W10-D0-worker-2-20260809T070220798596Z,x,v3.0,XQ-007,"((""Iran"" OR ""Iran-US war"") AND (""misinformation"" OR ""propaganda""))","(((""Iran"" OR ""Iran-US war"") AND (""misinformation"" OR ""propaganda""))) since:2026-05-02 until:2026-05-09",2026-05-02,2026-05-09,live,sampling_applied;returned=14;stored=13,scrolled;scrolls_used=4,done,X_Scraper_v4_7_Target20K_Current.xlsx,Jobs+Subruns (depth=0),project_week=W10;depth=0;records_in_window=14
XRUN-XQ-008-W10-D0-worker-1-20260809T070303604268Z,x,v3.0,XQ-008,"((""Iran"" OR ""Iran-US war"") AND (""oil price"" OR ""exchange rate"" OR ""gold price"" OR ""market volatility""))","(((""Iran"" OR ""Iran-US war"") AND (""oil price"" OR ""exchange rate"" OR ""gold price"" OR ""market volatility""))) since:2026-05-02 until:2026-05-09",2026-05-02,2026-05-09,live,unknown,scrolled;scrolls_used=4,done,X_Scraper_v4_7_Target20K_Current.xlsx,Jobs+Subruns (depth=0),project_week=W10;depth=0;records_in_window=13
XRUN-XQ-009-W10-D0-worker-2-20260809T070314790862Z,x,v3.0,XQ-009,"((""Iran"" OR ""Iran-US war"") AND (""Strait of Hormuz"" OR Hormuz OR ""oil price""))","(((""Iran"" OR ""Iran-US war"") AND (""Strait of Hormuz"" OR Hormuz OR ""oil price""))) since:2026-05-02 until:2026-05-09",2026-05-02,2026-05-09,live,unknown,scrolled;scrolls_used=4,done,X_Scraper_v4_7_Target20K_Current.xlsx,Jobs+Subruns (depth=0),project_week=W10;depth=0;records_in_window=11
XRUN-XQ-010-W10-D0-worker-2-20260809T070349303020Z,x,v3.0,XQ-010,"(""جنگ ایران و آمریکا"" OR ""تنش ایران و آمریکا"" OR ""جنگ ایران آمریکا"")","((""جنگ ایران و آمریکا"" OR ""تنش ایران و آمریکا"" OR ""جنگ ایران آمریکا"")) since:2026-05-02 until:2026-05-09",2026-05-02,2026-05-09,live,unknown,scrolled;scrolls_used=4,done,X_Scraper_v4_7_Target20K_Current.xlsx,Jobs+Subruns (depth=0),project_week=W10;depth=0;records_in_window=14
XRUN-XQ-011-W10-D0-worker-1-20260809T070354617103Z,x,v3.0,XQ-011,"(""ایران"" AND (""حمله هوایی"" OR ""حمله موشکی"" OR ""حمله پهپادی""))","((""ایران"" AND (""حمله هوایی"" OR ""حمله موشکی"" OR ""حمله پهپادی""))) since:2026-05-02 until:2026-05-09",2026-05-02,2026-05-09,live,unknown,scrolled;scrolls_used=4,done_with_errors;error_count=1,X_Scraper_v4_7_Target20K_Current.xlsx,Jobs+Subruns (depth=0),project_week=W10;depth=0;records_in_window=10
XRUN-XQ-012-W10-D0-worker-1-20260809T070435080429Z,x,v3.0,XQ-012,"((""ایران"" OR ""سپاه"") AND (""ارتش آمریکا"" OR ""ایالات متحده"") AND (""حمله هوایی"" OR ""حمله موشکی""))","(((""ایران"" OR ""سپاه"") AND (""ارتش آمریکا"" OR ""ایالات متحده"") AND (""حمله هوایی"" OR ""حمله موشکی""))) since:2026-05-02 until:2026-05-09",2026-05-02,2026-05-09,live,sampling_applied;returned=10;stored=8,scrolled;scrolls_used=4,done,X_Scraper_v4_7_Target20K_Current.xlsx,Jobs+Subruns (depth=0),project_week=W10;depth=0;records_in_window=10
XRUN-XQ-013-W10-D0-worker-2-20260809T070459877646Z,x,v3.0,XQ-013,"((""ایران"" OR ""ایالات متحده"" OR ""آمریکا"") AND (""آتش‌بس"" OR ""مذاکرات"" OR ""صلح""))","(((""ایران"" OR ""ایالات متحده"" OR ""آمریکا"") AND (""آتش‌بس"" OR ""مذاکرات"" OR ""صلح""))) since:2026-05-02 until:2026-05-09",2026-05-02,2026-05-09,live,unknown,scrolled;scrolls_used=2,done,X_Scraper_v4_7_Target20K_Current.xlsx,Jobs+Subruns (depth=0),project_week=W10;depth=0;records_in_window=0
XRUN-XQ-014-W10-D0-worker-2-20260809T070511527315Z,x,v3.0,XQ-014,"((""ایران"" OR ""ایالات متحده"") AND (""تحریم‌ها"" OR ""برنامه هسته‌ای""))","(((""ایران"" OR ""ایالات متحده"") AND (""تحریم‌ها"" OR ""برنامه هسته‌ای""))) since:2026-05-02 until:2026-05-09",2026-05-02,2026-05-09,live,unknown,split_triggered;scrolls_used=4,job_split_to_children,X_Scraper_v4_7_Target20K_Current.xlsx,Jobs+Subruns (depth=0),project_week=W10;depth=0;records_in_window=15
XRUN-XQ-014-W10-D1-worker-1-20260809T093856400596Z,x,v3.0,XQ-014,"((""ایران"" OR ""ایالات متحده"") AND (""تحریم‌ها"" OR ""برنامه هسته‌ای""))","(((""ایران"" OR ""ایالات متحده"") AND (""تحریم‌ها"" OR ""برنامه هسته‌ای""))) since:2026-05-02 until:2026-05-05",2026-05-02,2026-05-05,live,unknown,split_triggered;scrolls_used=4,job_split_to_children,X_Scraper_v4_7_Target20K_Current.xlsx,Jobs+Subruns (depth=>0),project_week=W10;depth=1;records_in_window=17
XRUN-XQ-014-W10-D2-worker-2-20260809T095904697008Z,x,v3.0,XQ-014,"((""ایران"" OR ""ایالات متحده"") AND (""تحریم‌ها"" OR ""برنامه هسته‌ای""))","(((""ایران"" OR ""ایالات متحده"") AND (""تحریم‌ها"" OR ""برنامه هسته‌ای""))) since:2026-05-02 until:2026-05-03",2026-05-02,2026-05-03,live,unknown,scrolled;scrolls_used=9,done_with_errors;error_count=1,X_Scraper_v4_7_Target20K_Current.xlsx,Jobs+Subruns (depth=>0),project_week=W10;depth=2;records_in_window=20
XRUN-XQ-014-W10-D2-worker-1-20260809T095913976523Z,x,v3.0,XQ-014,"((""ایران"" OR ""ایالات متحده"") AND (""تحریم‌ها"" OR ""برنامه هسته‌ای""))","(((""ایران"" OR ""ایالات متحده"") AND (""تحریم‌ها"" OR ""برنامه هسته‌ای""))) since:2026-05-03 until:2026-05-05",2026-05-03,2026-05-05,live,unknown,scrolled;scrolls_used=2,done,X_Scraper_v4_7_Target20K_Current.xlsx,Jobs+Subruns (depth=>0),project_week=W10;depth=2;records_in_window=0
XRUN-XQ-014-W10-D1-worker-2-20260809T093948239280Z,x,v3.0,XQ-014,"((""ایران"" OR ""ایالات متحده"") AND (""تحریم‌ها"" OR ""برنامه هسته‌ای""))","(((""ایران"" OR ""ایالات متحده"") AND (""تحریم‌ها"" OR ""برنامه هسته‌ای""))) since:2026-05-05 until:2026-05-09",2026-05-05,2026-05-09,live,sampling_applied;returned=15;stored=0,split_triggered;scrolls_used=4,job_split_to_children,X_Scraper_v4_7_Target20K_Current.xlsx,Jobs+Subruns (depth=>0),project_week=W10;depth=1;records_in_window=15
XRUN-XQ-014-W10-D2-worker-1-20260809T095927486150Z,x,v3.0,XQ-014,"((""ایران"" OR ""ایالات متحده"") AND (""تحریم‌ها"" OR ""برنامه هسته‌ای""))","(((""ایران"" OR ""ایالات متحده"") AND (""تحریم‌ها"" OR ""برنامه هسته‌ای""))) since:2026-05-05 until:2026-05-07",2026-05-05,2026-05-07,live,unknown,scrolled;scrolls_used=4,done,X_Scraper_v4_7_Target20K_Current.xlsx,Jobs+Subruns (depth=>0),project_week=W10;depth=2;records_in_window=14
XRUN-XQ-014-W10-D2-worker-1-20260809T100034660331Z,x,v3.0,XQ-014,"((""ایران"" OR ""ایالات متحده"") AND (""تحریم‌ها"" OR ""برنامه هسته‌ای""))","(((""ایران"" OR ""ایالات متحده"") AND (""تحریم‌ها"" OR ""برنامه هسته‌ای""))) since:2026-05-07 until:2026-05-09",2026-05-07,2026-05-09,live,sampling_applied;returned=17;stored=5,split_triggered;scrolls_used=4,job_split_to_children,X_Scraper_v4_7_Target20K_Current.xlsx,Jobs+Subruns (depth=>0),project_week=W10;depth=2;records_in_window=17
XRUN-XQ-014-W10-D3-worker-1-20260809T100808372218Z,x,v3.0,XQ-014,"((""ایران"" OR ""ایالات متحده"") AND (""تحریم‌ها"" OR ""برنامه هسته‌ای""))","(((""ایران"" OR ""ایالات متحده"") AND (""تحریم‌ها"" OR ""برنامه هسته‌ای""))) since:2026-05-07 until:2026-05-08",2026-05-07,2026-05-08,live,unknown,scrolled;scrolls_used=9,done,X_Scraper_v4_7_Target20K_Current.xlsx,Jobs+Subruns (depth=>0),project_week=W10;depth=3;records_in_window=26
XRUN-XQ-014-W10-D3-worker-2-20260809T100918340291Z,x,v3.0,XQ-014,"((""ایران"" OR ""ایالات متحده"") AND (""تحریم‌ها"" OR ""برنامه هسته‌ای""))","(((""ایران"" OR ""ایالات متحده"") AND (""تحریم‌ها"" OR ""برنامه هسته‌ای""))) since:2026-05-08 until:2026-05-09",2026-05-08,2026-05-09,live,sampling_applied;returned=29;stored=9,scrolled;scrolls_used=9,done,X_Scraper_v4_7_Target20K_Current.xlsx,Jobs+Subruns (depth=>0),project_week=W10;depth=3;records_in_window=29
XRUN-XQ-015-W10-D0-worker-1-20260809T070524940488Z,x,v3.0,XQ-015,"((""ایران"" OR ""جنگ ایران و آمریکا"") AND (""تلفات غیرنظامیان"" OR ""بحران انسانی""))","(((""ایران"" OR ""جنگ ایران و آمریکا"") AND (""تلفات غیرنظامیان"" OR ""بحران انسانی""))) since:2026-05-02 until:2026-05-09",2026-05-02,2026-05-09,live,unknown,scrolled;scrolls_used=4,done,X_Scraper_v4_7_Target20K_Current.xlsx,Jobs+Subruns (depth=0),project_week=W10;depth=0;records_in_window=8
XRUN-XQ-016-W10-D0-worker-2-20260809T070600362636Z,x,v3.0,XQ-016,"((""ایران"" OR ""جنگ ایران و آمریکا"") AND (""اطلاعات نادرست"" OR ""تبلیغات سیاسی""))","(((""ایران"" OR ""جنگ ایران و آمریکا"") AND (""اطلاعات نادرست"" OR ""تبلیغات سیاسی""))) since:2026-05-02 until:2026-05-09",2026-05-02,2026-05-09,live,sampling_applied;returned=10;stored=8,scrolled;scrolls_used=4,done,X_Scraper_v4_7_Target20K_Current.xlsx,Jobs+Subruns (depth=0),project_week=W10;depth=0;records_in_window=10
XRUN-XQ-017-W10-D0-worker-1-20260809T070611151068Z,x,v3.0,XQ-017,"((""ایران"" OR ""جنگ ایران و آمریکا"") AND (""قیمت نفت"" OR ""نرخ ارز"" OR ""قیمت طلا"" OR ""نوسان بازار""))","(((""ایران"" OR ""جنگ ایران و آمریکا"") AND (""قیمت نفت"" OR ""نرخ ارز"" OR ""قیمت طلا"" OR ""نوسان بازار""))) since:2026-05-02 until:2026-05-09",2026-05-02,2026-05-09,live,unknown,scrolled;scrolls_used=4,done,X_Scraper_v4_7_Target20K_Current.xlsx,Jobs+Subruns (depth=0),project_week=W10;depth=0;records_in_window=8
XRUN-XQ-018-W10-D0-worker-2-20260809T070658447983Z,x,v3.0,XQ-018,"((""ایران"" OR ""جنگ ایران و آمریکا"") AND (""تنگه هرمز"" OR ""قیمت نفت""))","(((""ایران"" OR ""جنگ ایران و آمریکا"") AND (""تنگه هرمز"" OR ""قیمت نفت""))) since:2026-05-02 until:2026-05-09",2026-05-02,2026-05-09,live,sampling_applied;returned=12;stored=11,scrolled;scrolls_used=4,done,X_Scraper_v4_7_Target20K_Current.xlsx,Jobs+Subruns (depth=0),project_week=W10;depth=0;records_in_window=12
XRUN-XQ-019-W10-D0-worker-1-20260809T070658954235Z,x,v3.0,XQ-019,"(""Epic Fury"" OR ""Operation Epic Fury"" OR ""Roaring Lion"")","((""Epic Fury"" OR ""Operation Epic Fury"" OR ""Roaring Lion"")) since:2026-05-02 until:2026-05-09",2026-05-02,2026-05-09,live,sampling_applied;returned=14;stored=13,scrolled;scrolls_used=4,done,X_Scraper_v4_7_Target20K_Current.xlsx,Jobs+Subruns (depth=0),project_week=W10;depth=0;records_in_window=14
XRUN-XQ-020-W10-D0-worker-2-20260809T070744453783Z,x,v3.0,XQ-020,"(Hormuz OR ""Strait of Hormuz"") AND (blockade OR closed OR reopened OR shipping OR transit)","((Hormuz OR ""Strait of Hormuz"") AND (blockade OR closed OR reopened OR shipping OR transit)) since:2026-05-02 until:2026-05-09",2026-05-02,2026-05-09,live,sampling_applied;returned=13;stored=9,scrolled;scrolls_used=4,done,X_Scraper_v4_7_Target20K_Current.xlsx,Jobs+Subruns (depth=0),project_week=W10;depth=0;records_in_window=13
XRUN-XQ-021-W10-D0-worker-1-20260809T070759517029Z,x,v3.0,XQ-021,"((""Islamabad"" OR MOU OR ""memorandum of understanding"") AND (Iran OR ""United States"" OR Trump))","(((""Islamabad"" OR MOU OR ""memorandum of understanding"") AND (Iran OR ""United States"" OR Trump))) since:2026-05-02 until:2026-05-09",2026-05-02,2026-05-09,live,unknown,scrolled;scrolls_used=4,done,X_Scraper_v4_7_Target20K_Current.xlsx,Jobs+Subruns (depth=0),project_week=W10;depth=0;records_in_window=12
XRUN-XQ-022-W10-D0-worker-2-20260809T070842289249Z,x,v3.0,XQ-022,"(""اپیک فیوری"" OR ""عملیات حماسه"" OR ""حماسه خشم"" OR ""روآرینگ لاین"")","((""اپیک فیوری"" OR ""عملیات حماسه"" OR ""حماسه خشم"" OR ""روآرینگ لاین"")) since:2026-05-02 until:2026-05-09",2026-05-02,2026-05-09,live,sampling_applied;returned=15;stored=14,scrolled;scrolls_used=4,done,X_Scraper_v4_7_Target20K_Current.xlsx,Jobs+Subruns (depth=0),project_week=W10;depth=0;records_in_window=15
XRUN-XQ-023-W10-D0-worker-1-20260809T070844626586Z,x,v3.0,XQ-023,"(""تنگه هرمز"") AND (""بسته"" OR ""مسدود"" OR ""محاصره"" OR ""بازگشایی"" OR ""کشتیرانی"")","((""تنگه هرمز"") AND (""بسته"" OR ""مسدود"" OR ""محاصره"" OR ""بازگشایی"" OR ""کشتیرانی"")) since:2026-05-02 until:2026-05-09",2026-05-02,2026-05-09,live,unknown,scrolled;scrolls_used=4,done,X_Scraper_v4_7_Target20K_Current.xlsx,Jobs+Subruns (depth=0),project_week=W10;depth=0;records_in_window=10
XRUN-XQ-024-W10-D0-worker-1-20260809T070925143907Z,x,v3.0,XQ-024,"(""اسلام‌آباد"" OR ""تفاهم‌نامه"" OR ""تفاهم نامه"") AND (""ایران"" OR ""آمریکا"")","((""اسلام‌آباد"" OR ""تفاهم‌نامه"" OR ""تفاهم نامه"") AND (""ایران"" OR ""آمریکا"")) since:2026-05-02 until:2026-05-09",2026-05-02,2026-05-09,live,unknown,scrolled;scrolls_used=4,done,X_Scraper_v4_7_Target20K_Current.xlsx,Jobs+Subruns (depth=0),project_week=W10;depth=0;records_in_window=12
XRUN-XQ-H01-W10-D0-worker-2-20260809T070938999854Z,x,v3.0,XQ-H01,#IranWar OR #IranWar2026 OR #USIranWar OR #IranIsraelWar OR #EpicFury,(#IranWar OR #IranWar2026 OR #USIranWar OR #IranIsraelWar OR #EpicFury) since:2026-05-02 until:2026-05-09,2026-05-02,2026-05-09,live,unknown,scrolled;scrolls_used=4,done,X_Scraper_v4_7_Target20K_Current.xlsx,Jobs+Subruns (depth=0),project_week=W10;depth=0;records_in_window=11
XRUN-XQ-H02-W10-D0-worker-1-20260809T071016897349Z,x,v3.0,XQ-H02,#StraitOfHormuz OR #MiddleEastWar OR #MiddleEastConflict OR #Hormuz,(#StraitOfHormuz OR #MiddleEastWar OR #MiddleEastConflict OR #Hormuz) since:2026-05-02 until:2026-05-09,2026-05-02,2026-05-09,live,unknown,scrolled;scrolls_used=4,done,X_Scraper_v4_7_Target20K_Current.xlsx,Jobs+Subruns (depth=0),project_week=W10;depth=0;records_in_window=12
XRUN-XQ-001-W11-D0-worker-2-20260809T071049263842Z,x,v3.0,XQ-001,"(""Iran-US war"" OR ""US-Iran tensions"" OR ""Iran war"" OR ""US Iran war"")","((""Iran-US war"" OR ""US-Iran tensions"" OR ""Iran war"" OR ""US Iran war"")) since:2026-05-09 until:2026-05-16",2026-05-09,2026-05-16,live,unknown,scrolled;scrolls_used=4,done,X_Scraper_v4_7_Target20K_Current.xlsx,Jobs+Subruns (depth=0),project_week=W11;depth=0;records_in_window=20
XRUN-XQ-002-W11-D0-worker-1-20260809T071137756089Z,x,v3.0,XQ-002,"(""Iran"" AND (""airstrike"" OR ""missile strike"" OR ""drone attack""))","((""Iran"" AND (""airstrike"" OR ""missile strike"" OR ""drone attack""))) since:2026-05-09 until:2026-05-16",2026-05-09,2026-05-16,live,unknown,scrolled;scrolls_used=4,done,X_Scraper_v4_7_Target20K_Current.xlsx,Jobs+Subruns (depth=0),project_week=W11;depth=0;records_in_window=11
XRUN-XQ-003-W11-D0-worker-2-20260809T071209255480Z,x,v3.0,XQ-003,"((""Iran"" OR ""IRGC"") AND (""US military"" OR ""United States"") AND (""airstrike"" OR ""missile strike""))","(((""Iran"" OR ""IRGC"") AND (""US military"" OR ""United States"") AND (""airstrike"" OR ""missile strike""))) since:2026-05-09 until:2026-05-16",2026-05-09,2026-05-16,live,unknown,scrolled;scrolls_used=2,done,X_Scraper_v4_7_Target20K_Current.xlsx,Jobs+Subruns (depth=0),project_week=W11;depth=0;records_in_window=0
XRUN-XQ-004-W11-D0-worker-2-20260809T071218376965Z,x,v3.0,XQ-004,"((""Iran"" OR ""United States"") AND (""ceasefire"" OR ""negotiations"" OR ""peace talks""))","(((""Iran"" OR ""United States"") AND (""ceasefire"" OR ""negotiations"" OR ""peace talks""))) since:2026-05-09 until:2026-05-16",2026-05-09,2026-05-16,live,unknown,scrolled;scrolls_used=4,done,X_Scraper_v4_7_Target20K_Current.xlsx,Jobs+Subruns (depth=0),project_week=W11;depth=0;records_in_window=14
XRUN-XQ-005-W11-D0-worker-1-20260809T071241405911Z,x,v3.0,XQ-005,"((""Iran"" OR ""United States"") AND (""sanctions"" OR ""nuclear programme"" OR ""nuclear program""))","(((""Iran"" OR ""United States"") AND (""sanctions"" OR ""nuclear programme"" OR ""nuclear program""))) since:2026-05-09 until:2026-05-16",2026-05-09,2026-05-16,live,sampling_applied;returned=17;stored=16,scrolled;scrolls_used=4,done,X_Scraper_v4_7_Target20K_Current.xlsx,Jobs+Subruns (depth=0),project_week=W11;depth=0;records_in_window=17
XRUN-XQ-006-W11-D0-worker-2-20260809T071313907041Z,x,v3.0,XQ-006,"((""Iran"" OR ""Iran-US war"") AND (""civilian casualties"" OR ""humanitarian crisis""))","(((""Iran"" OR ""Iran-US war"") AND (""civilian casualties"" OR ""humanitarian crisis""))) since:2026-05-09 until:2026-05-16",2026-05-09,2026-05-16,live,unknown,split_triggered;scrolls_used=4,job_split_to_children,X_Scraper_v4_7_Target20K_Current.xlsx,Jobs+Subruns (depth=0),project_week=W11;depth=0;records_in_window=16
XRUN-XQ-006-W11-D1-worker-1-20260809T094011746598Z,x,v3.0,XQ-006,"((""Iran"" OR ""Iran-US war"") AND (""civilian casualties"" OR ""humanitarian crisis""))","(((""Iran"" OR ""Iran-US war"") AND (""civilian casualties"" OR ""humanitarian crisis""))) since:2026-05-09 until:2026-05-12",2026-05-09,2026-05-12,live,unknown,scrolled;scrolls_used=4,done,X_Scraper_v4_7_Target20K_Current.xlsx,Jobs+Subruns (depth=>0),project_week=W11;depth=1;records_in_window=18
XRUN-XQ-006-W11-D1-worker-2-20260809T094048290140Z,x,v3.0,XQ-006,"((""Iran"" OR ""Iran-US war"") AND (""civilian casualties"" OR ""humanitarian crisis""))","(((""Iran"" OR ""Iran-US war"") AND (""civilian casualties"" OR ""humanitarian crisis""))) since:2026-05-12 until:2026-05-16",2026-05-12,2026-05-16,live,sampling_applied;returned=15;stored=0,scrolled;scrolls_used=4,done,X_Scraper_v4_7_Target20K_Current.xlsx,Jobs+Subruns (depth=>0),project_week=W11;depth=1;records_in_window=15
XRUN-XQ-007-W11-D0-worker-1-20260809T071335645223Z,x,v3.0,XQ-007,"((""Iran"" OR ""Iran-US war"") AND (""misinformation"" OR ""propaganda""))","(((""Iran"" OR ""Iran-US war"") AND (""misinformation"" OR ""propaganda""))) since:2026-05-09 until:2026-05-16",2026-05-09,2026-05-16,live,unknown,scrolled;scrolls_used=4,done,X_Scraper_v4_7_Target20K_Current.xlsx,Jobs+Subruns (depth=0),project_week=W11;depth=0;records_in_window=12
XRUN-XQ-008-W11-D0-worker-2-20260809T071416685657Z,x,v3.0,XQ-008,"((""Iran"" OR ""Iran-US war"") AND (""oil price"" OR ""exchange rate"" OR ""gold price"" OR ""market volatility""))","(((""Iran"" OR ""Iran-US war"") AND (""oil price"" OR ""exchange rate"" OR ""gold price"" OR ""market volatility""))) since:2026-05-09 until:2026-05-16",2026-05-09,2026-05-16,live,unknown,scrolled;scrolls_used=2,done,X_Scraper_v4_7_Target20K_Current.xlsx,Jobs+Subruns (depth=0),project_week=W11;depth=0;records_in_window=0
XRUN-XQ-009-W11-D0-worker-2-20260809T071426666267Z,x,v3.0,XQ-009,"((""Iran"" OR ""Iran-US war"") AND (""Strait of Hormuz"" OR Hormuz OR ""oil price""))","(((""Iran"" OR ""Iran-US war"") AND (""Strait of Hormuz"" OR Hormuz OR ""oil price""))) since:2026-05-09 until:2026-05-16",2026-05-09,2026-05-16,live,sampling_applied;returned=14;stored=12,scrolled;scrolls_used=4,done,X_Scraper_v4_7_Target20K_Current.xlsx,Jobs+Subruns (depth=0),project_week=W11;depth=0;records_in_window=14
XRUN-XQ-010-W11-D0-worker-1-20260809T071433904762Z,x,v3.0,XQ-010,"(""جنگ ایران و آمریکا"" OR ""تنش ایران و آمریکا"" OR ""جنگ ایران آمریکا"")","((""جنگ ایران و آمریکا"" OR ""تنش ایران و آمریکا"" OR ""جنگ ایران آمریکا"")) since:2026-05-09 until:2026-05-16",2026-05-09,2026-05-16,live,unknown,scrolled;scrolls_used=4,done,X_Scraper_v4_7_Target20K_Current.xlsx,Jobs+Subruns (depth=0),project_week=W11;depth=0;records_in_window=13
XRUN-XQ-011-W11-D0-worker-2-20260809T071529205646Z,x,v3.0,XQ-011,"(""ایران"" AND (""حمله هوایی"" OR ""حمله موشکی"" OR ""حمله پهپادی""))","((""ایران"" AND (""حمله هوایی"" OR ""حمله موشکی"" OR ""حمله پهپادی""))) since:2026-05-09 until:2026-05-16",2026-05-09,2026-05-16,live,sampling_applied;returned=16;stored=15,scrolled;scrolls_used=4,done,X_Scraper_v4_7_Target20K_Current.xlsx,Jobs+Subruns (depth=0),project_week=W11;depth=0;records_in_window=16
XRUN-XQ-012-W11-D0-worker-1-20260809T071535713399Z,x,v3.0,XQ-012,"((""ایران"" OR ""سپاه"") AND (""ارتش آمریکا"" OR ""ایالات متحده"") AND (""حمله هوایی"" OR ""حمله موشکی""))","(((""ایران"" OR ""سپاه"") AND (""ارتش آمریکا"" OR ""ایالات متحده"") AND (""حمله هوایی"" OR ""حمله موشکی""))) since:2026-05-09 until:2026-05-16",2026-05-09,2026-05-16,live,sampling_applied;returned=10;stored=7,scrolled;scrolls_used=4,done,X_Scraper_v4_7_Target20K_Current.xlsx,Jobs+Subruns (depth=0),project_week=W11;depth=0;records_in_window=10
XRUN-XQ-013-W11-D0-worker-2-20260809T071634200543Z,x,v3.0,XQ-013,"((""ایران"" OR ""ایالات متحده"" OR ""آمریکا"") AND (""آتش‌بس"" OR ""مذاکرات"" OR ""صلح""))","(((""ایران"" OR ""ایالات متحده"" OR ""آمریکا"") AND (""آتش‌بس"" OR ""مذاکرات"" OR ""صلح""))) since:2026-05-09 until:2026-05-16",2026-05-09,2026-05-16,live,unknown,scrolled;scrolls_used=2,done,X_Scraper_v4_7_Target20K_Current.xlsx,Jobs+Subruns (depth=0),project_week=W11;depth=0;records_in_window=0
XRUN-XQ-014-W11-D0-worker-1-20260809T071635504934Z,x,v3.0,XQ-014,"((""ایران"" OR ""ایالات متحده"") AND (""تحریم‌ها"" OR ""برنامه هسته‌ای""))","(((""ایران"" OR ""ایالات متحده"") AND (""تحریم‌ها"" OR ""برنامه هسته‌ای""))) since:2026-05-09 until:2026-05-16",2026-05-09,2026-05-16,live,unknown,scrolled;scrolls_used=2,done,X_Scraper_v4_7_Target20K_Current.xlsx,Jobs+Subruns (depth=0),project_week=W11;depth=0;records_in_window=0
XRUN-XQ-015-W11-D0-worker-2-20260809T071644554129Z,x,v3.0,XQ-015,"((""ایران"" OR ""جنگ ایران و آمریکا"") AND (""تلفات غیرنظامیان"" OR ""بحران انسانی""))","(((""ایران"" OR ""جنگ ایران و آمریکا"") AND (""تلفات غیرنظامیان"" OR ""بحران انسانی""))) since:2026-05-09 until:2026-05-16",2026-05-09,2026-05-16,live,sampling_applied;returned=13;stored=12,scrolled;scrolls_used=4,done,X_Scraper_v4_7_Target20K_Current.xlsx,Jobs+Subruns (depth=0),project_week=W11;depth=0;records_in_window=13
XRUN-XQ-016-W11-D0-worker-1-20260809T071646366620Z,x,v3.0,XQ-016,"((""ایران"" OR ""جنگ ایران و آمریکا"") AND (""اطلاعات نادرست"" OR ""تبلیغات سیاسی""))","(((""ایران"" OR ""جنگ ایران و آمریکا"") AND (""اطلاعات نادرست"" OR ""تبلیغات سیاسی""))) since:2026-05-09 until:2026-05-16",2026-05-09,2026-05-16,live,sampling_applied;returned=8;stored=7,scrolled;scrolls_used=4,done,X_Scraper_v4_7_Target20K_Current.xlsx,Jobs+Subruns (depth=0),project_week=W11;depth=0;records_in_window=8
XRUN-XQ-017-W11-D0-worker-1-20260809T071737206961Z,x,v3.0,XQ-017,"((""ایران"" OR ""جنگ ایران و آمریکا"") AND (""قیمت نفت"" OR ""نرخ ارز"" OR ""قیمت طلا"" OR ""نوسان بازار""))","(((""ایران"" OR ""جنگ ایران و آمریکا"") AND (""قیمت نفت"" OR ""نرخ ارز"" OR ""قیمت طلا"" OR ""نوسان بازار""))) since:2026-05-09 until:2026-05-16",2026-05-09,2026-05-16,live,unknown,scrolled;scrolls_used=2,done,X_Scraper_v4_7_Target20K_Current.xlsx,Jobs+Subruns (depth=0),project_week=W11;depth=0;records_in_window=0
XRUN-XQ-018-W11-D0-worker-1-20260809T071754993522Z,x,v3.0,XQ-018,"((""ایران"" OR ""جنگ ایران و آمریکا"") AND (""تنگه هرمز"" OR ""قیمت نفت""))","(((""ایران"" OR ""جنگ ایران و آمریکا"") AND (""تنگه هرمز"" OR ""قیمت نفت""))) since:2026-05-09 until:2026-05-16",2026-05-09,2026-05-16,live,unknown,scrolled;scrolls_used=4,done_with_errors;error_count=1,X_Scraper_v4_7_Target20K_Current.xlsx,Jobs+Subruns (depth=0),project_week=W11;depth=0;records_in_window=11
XRUN-XQ-019-W11-D0-worker-2-20260809T071757508684Z,x,v3.0,XQ-019,"(""Epic Fury"" OR ""Operation Epic Fury"" OR ""Roaring Lion"")","((""Epic Fury"" OR ""Operation Epic Fury"" OR ""Roaring Lion"")) since:2026-05-09 until:2026-05-16",2026-05-09,2026-05-16,live,sampling_applied;returned=13;stored=12,scrolled;scrolls_used=4,done_with_errors;error_count=2,X_Scraper_v4_7_Target20K_Current.xlsx,Jobs+Subruns (depth=0),project_week=W11;depth=0;records_in_window=13
XRUN-XQ-020-W11-D0-worker-1-20260809T071848405069Z,x,v3.0,XQ-020,"(Hormuz OR ""Strait of Hormuz"") AND (blockade OR closed OR reopened OR shipping OR transit)","((Hormuz OR ""Strait of Hormuz"") AND (blockade OR closed OR reopened OR shipping OR transit)) since:2026-05-09 until:2026-05-16",2026-05-09,2026-05-16,live,sampling_applied;returned=14;stored=12,scrolled;scrolls_used=4,done,X_Scraper_v4_7_Target20K_Current.xlsx,Jobs+Subruns (depth=0),project_week=W11;depth=0;records_in_window=14
XRUN-XQ-021-W11-D0-worker-2-20260809T071902627966Z,x,v3.0,XQ-021,"((""Islamabad"" OR MOU OR ""memorandum of understanding"") AND (Iran OR ""United States"" OR Trump))","(((""Islamabad"" OR MOU OR ""memorandum of understanding"") AND (Iran OR ""United States"" OR Trump))) since:2026-05-09 until:2026-05-16",2026-05-09,2026-05-16,live,sampling_applied;returned=13;stored=12,scrolled;scrolls_used=4,done,X_Scraper_v4_7_Target20K_Current.xlsx,Jobs+Subruns (depth=0),project_week=W11;depth=0;records_in_window=13
XRUN-XQ-022-W11-D0-worker-1-20260809T071937683179Z,x,v3.0,XQ-022,"(""اپیک فیوری"" OR ""عملیات حماسه"" OR ""حماسه خشم"" OR ""روآرینگ لاین"")","((""اپیک فیوری"" OR ""عملیات حماسه"" OR ""حماسه خشم"" OR ""روآرینگ لاین"")) since:2026-05-09 until:2026-05-16",2026-05-09,2026-05-16,live,unknown,scrolled;scrolls_used=4,done,X_Scraper_v4_7_Target20K_Current.xlsx,Jobs+Subruns (depth=0),project_week=W11;depth=0;records_in_window=2
XRUN-XQ-023-W11-D0-worker-2-20260809T071956135523Z,x,v3.0,XQ-023,"(""تنگه هرمز"") AND (""بسته"" OR ""مسدود"" OR ""محاصره"" OR ""بازگشایی"" OR ""کشتیرانی"")","((""تنگه هرمز"") AND (""بسته"" OR ""مسدود"" OR ""محاصره"" OR ""بازگشایی"" OR ""کشتیرانی"")) since:2026-05-09 until:2026-05-16",2026-05-09,2026-05-16,live,sampling_applied;returned=12;stored=9,scrolled;scrolls_used=4,done,X_Scraper_v4_7_Target20K_Current.xlsx,Jobs+Subruns (depth=0),project_week=W11;depth=0;records_in_window=12
XRUN-XQ-024-W11-D0-worker-1-20260809T072004056379Z,x,v3.0,XQ-024,"(""اسلام‌آباد"" OR ""تفاهم‌نامه"" OR ""تفاهم نامه"") AND (""ایران"" OR ""آمریکا"")","((""اسلام‌آباد"" OR ""تفاهم‌نامه"" OR ""تفاهم نامه"") AND (""ایران"" OR ""آمریکا"")) since:2026-05-09 until:2026-05-16",2026-05-09,2026-05-16,live,unknown,scrolled;scrolls_used=4,done,X_Scraper_v4_7_Target20K_Current.xlsx,Jobs+Subruns (depth=0),project_week=W11;depth=0;records_in_window=14
XRUN-XQ-H01-W11-D0-worker-2-20260809T072046049230Z,x,v3.0,XQ-H01,#IranWar OR #IranWar2026 OR #USIranWar OR #IranIsraelWar OR #EpicFury,(#IranWar OR #IranWar2026 OR #USIranWar OR #IranIsraelWar OR #EpicFury) since:2026-05-09 until:2026-05-16,2026-05-09,2026-05-16,live,unknown,scrolled;scrolls_used=2,done,X_Scraper_v4_7_Target20K_Current.xlsx,Jobs+Subruns (depth=0),project_week=W11;depth=0;records_in_window=0
XRUN-XQ-H02-W11-D0-worker-1-20260809T072100054813Z,x,v3.0,XQ-H02,#StraitOfHormuz OR #MiddleEastWar OR #MiddleEastConflict OR #Hormuz,(#StraitOfHormuz OR #MiddleEastWar OR #MiddleEastConflict OR #Hormuz) since:2026-05-09 until:2026-05-16,2026-05-09,2026-05-16,live,unknown,scrolled;scrolls_used=4,done,X_Scraper_v4_7_Target20K_Current.xlsx,Jobs+Subruns (depth=0),project_week=W11;depth=0;records_in_window=10
XRUN-XQ-001-W12-D0-worker-2-20260809T072100962603Z,x,v3.0,XQ-001,"(""Iran-US war"" OR ""US-Iran tensions"" OR ""Iran war"" OR ""US Iran war"")","((""Iran-US war"" OR ""US-Iran tensions"" OR ""Iran war"" OR ""US Iran war"")) since:2026-05-16 until:2026-05-23",2026-05-16,2026-05-23,live,unknown,scrolled;scrolls_used=4,done,X_Scraper_v4_7_Target20K_Current.xlsx,Jobs+Subruns (depth=0),project_week=W12;depth=0;records_in_window=15
XRUN-XQ-002-W12-D0-worker-1-20260809T072158624553Z,x,v3.0,XQ-002,"(""Iran"" AND (""airstrike"" OR ""missile strike"" OR ""drone attack""))","((""Iran"" AND (""airstrike"" OR ""missile strike"" OR ""drone attack""))) since:2026-05-16 until:2026-05-23",2026-05-16,2026-05-23,live,unknown,scrolled;scrolls_used=4,done,X_Scraper_v4_7_Target20K_Current.xlsx,Jobs+Subruns (depth=0),project_week=W12;depth=0;records_in_window=14
XRUN-XQ-003-W12-D0-worker-2-20260809T072218464222Z,x,v3.0,XQ-003,"((""Iran"" OR ""IRGC"") AND (""US military"" OR ""United States"") AND (""airstrike"" OR ""missile strike""))","(((""Iran"" OR ""IRGC"") AND (""US military"" OR ""United States"") AND (""airstrike"" OR ""missile strike""))) since:2026-05-16 until:2026-05-23",2026-05-16,2026-05-23,live,unknown,scrolled;scrolls_used=4,done,X_Scraper_v4_7_Target20K_Current.xlsx,Jobs+Subruns (depth=0),project_week=W12;depth=0;records_in_window=11
XRUN-XQ-004-W12-D0-worker-1-20260809T073827366684Z,x,v3.0,XQ-004,"((""Iran"" OR ""United States"") AND (""ceasefire"" OR ""negotiations"" OR ""peace talks""))","(((""Iran"" OR ""United States"") AND (""ceasefire"" OR ""negotiations"" OR ""peace talks""))) since:2026-05-16 until:2026-05-23",2026-05-16,2026-05-23,live,unknown,scrolled;scrolls_used=2,done,X_Scraper_v4_7_Target20K_Current.xlsx,Jobs+Subruns (depth=0),project_week=W12;depth=0;records_in_window=0
XRUN-XQ-005-W12-D0-worker-2-20260809T073845053795Z,x,v3.0,XQ-005,"((""Iran"" OR ""United States"") AND (""sanctions"" OR ""nuclear programme"" OR ""nuclear program""))","(((""Iran"" OR ""United States"") AND (""sanctions"" OR ""nuclear programme"" OR ""nuclear program""))) since:2026-05-16 until:2026-05-23",2026-05-16,2026-05-23,live,unknown,scrolled;scrolls_used=2,done,X_Scraper_v4_7_Target20K_Current.xlsx,Jobs+Subruns (depth=0),project_week=W12;depth=0;records_in_window=0
XRUN-XQ-006-W12-D0-worker-1-20260809T073904548992Z,x,v3.0,XQ-006,"((""Iran"" OR ""Iran-US war"") AND (""civilian casualties"" OR ""humanitarian crisis""))","(((""Iran"" OR ""Iran-US war"") AND (""civilian casualties"" OR ""humanitarian crisis""))) since:2026-05-16 until:2026-05-23",2026-05-16,2026-05-23,live,unknown,scrolled;scrolls_used=4,done,X_Scraper_v4_7_Target20K_Current.xlsx,Jobs+Subruns (depth=0),project_week=W12;depth=0;records_in_window=13
XRUN-XQ-007-W12-D0-worker-2-20260809T073914009998Z,x,v3.0,XQ-007,"((""Iran"" OR ""Iran-US war"") AND (""misinformation"" OR ""propaganda""))","(((""Iran"" OR ""Iran-US war"") AND (""misinformation"" OR ""propaganda""))) since:2026-05-16 until:2026-05-23",2026-05-16,2026-05-23,live,unknown,scrolled;scrolls_used=2,done,X_Scraper_v4_7_Target20K_Current.xlsx,Jobs+Subruns (depth=0),project_week=W12;depth=0;records_in_window=0
XRUN-XQ-008-W12-D0-worker-2-20260809T073948311434Z,x,v3.0,XQ-008,"((""Iran"" OR ""Iran-US war"") AND (""oil price"" OR ""exchange rate"" OR ""gold price"" OR ""market volatility""))","(((""Iran"" OR ""Iran-US war"") AND (""oil price"" OR ""exchange rate"" OR ""gold price"" OR ""market volatility""))) since:2026-05-16 until:2026-05-23",2026-05-16,2026-05-23,live,unknown,split_triggered;scrolls_used=4,job_split_to_children,X_Scraper_v4_7_Target20K_Current.xlsx,Jobs+Subruns (depth=0),project_week=W12;depth=0;records_in_window=15
XRUN-XQ-008-W12-D1-worker-1-20260809T094121241039Z,x,v3.0,XQ-008,"((""Iran"" OR ""Iran-US war"") AND (""oil price"" OR ""exchange rate"" OR ""gold price"" OR ""market volatility""))","(((""Iran"" OR ""Iran-US war"") AND (""oil price"" OR ""exchange rate"" OR ""gold price"" OR ""market volatility""))) since:2026-05-16 until:2026-05-19",2026-05-16,2026-05-19,live,unknown,scrolled;scrolls_used=4,done,X_Scraper_v4_7_Target20K_Current.xlsx,Jobs+Subruns (depth=>0),project_week=W12;depth=1;records_in_window=12
XRUN-XQ-008-W12-D1-worker-2-20260809T094147947214Z,x,v3.0,XQ-008,"((""Iran"" OR ""Iran-US war"") AND (""oil price"" OR ""exchange rate"" OR ""gold price"" OR ""market volatility""))","(((""Iran"" OR ""Iran-US war"") AND (""oil price"" OR ""exchange rate"" OR ""gold price"" OR ""market volatility""))) since:2026-05-19 until:2026-05-23",2026-05-19,2026-05-23,live,sampling_applied;returned=11;stored=0,scrolled;scrolls_used=4,done,X_Scraper_v4_7_Target20K_Current.xlsx,Jobs+Subruns (depth=>0),project_week=W12;depth=1;records_in_window=11
XRUN-XQ-009-W12-D0-worker-1-20260809T074033308460Z,x,v3.0,XQ-009,"((""Iran"" OR ""Iran-US war"") AND (""Strait of Hormuz"" OR Hormuz OR ""oil price""))","(((""Iran"" OR ""Iran-US war"") AND (""Strait of Hormuz"" OR Hormuz OR ""oil price""))) since:2026-05-16 until:2026-05-23",2026-05-16,2026-05-23,live,unknown,scrolled;scrolls_used=2,done,X_Scraper_v4_7_Target20K_Current.xlsx,Jobs+Subruns (depth=0),project_week=W12;depth=0;records_in_window=0
XRUN-XQ-010-W12-D0-worker-1-20260809T074046375165Z,x,v3.0,XQ-010,"(""جنگ ایران و آمریکا"" OR ""تنش ایران و آمریکا"" OR ""جنگ ایران آمریکا"")","((""جنگ ایران و آمریکا"" OR ""تنش ایران و آمریکا"" OR ""جنگ ایران آمریکا"")) since:2026-05-16 until:2026-05-23",2026-05-16,2026-05-23,live,unknown,scrolled;scrolls_used=4,done_with_errors;error_count=7,X_Scraper_v4_7_Target20K_Current.xlsx,Jobs+Subruns (depth=0),project_week=W12;depth=0;records_in_window=12
XRUN-XQ-011-W12-D0-worker-2-20260809T074116703042Z,x,v3.0,XQ-011,"(""ایران"" AND (""حمله هوایی"" OR ""حمله موشکی"" OR ""حمله پهپادی""))","((""ایران"" AND (""حمله هوایی"" OR ""حمله موشکی"" OR ""حمله پهپادی""))) since:2026-05-16 until:2026-05-23",2026-05-16,2026-05-23,live,unknown,scrolled;scrolls_used=4,done,X_Scraper_v4_7_Target20K_Current.xlsx,Jobs+Subruns (depth=0),project_week=W12;depth=0;records_in_window=14
XRUN-XQ-012-W12-D0-worker-1-20260809T074145403728Z,x,v3.0,XQ-012,"((""ایران"" OR ""سپاه"") AND (""ارتش آمریکا"" OR ""ایالات متحده"") AND (""حمله هوایی"" OR ""حمله موشکی""))","(((""ایران"" OR ""سپاه"") AND (""ارتش آمریکا"" OR ""ایالات متحده"") AND (""حمله هوایی"" OR ""حمله موشکی""))) since:2026-05-16 until:2026-05-23",2026-05-16,2026-05-23,live,unknown,scrolled;scrolls_used=2,done,X_Scraper_v4_7_Target20K_Current.xlsx,Jobs+Subruns (depth=0),project_week=W12;depth=0;records_in_window=0
XRUN-XQ-013-W12-D0-worker-1-20260809T074155497963Z,x,v3.0,XQ-013,"((""ایران"" OR ""ایالات متحده"" OR ""آمریکا"") AND (""آتش‌بس"" OR ""مذاکرات"" OR ""صلح""))","(((""ایران"" OR ""ایالات متحده"" OR ""آمریکا"") AND (""آتش‌بس"" OR ""مذاکرات"" OR ""صلح""))) since:2026-05-16 until:2026-05-23",2026-05-16,2026-05-23,live,unknown,scrolled;scrolls_used=4,done,X_Scraper_v4_7_Target20K_Current.xlsx,Jobs+Subruns (depth=0),project_week=W12;depth=0;records_in_window=12
XRUN-XQ-014-W12-D0-worker-2-20260809T074229744210Z,x,v3.0,XQ-014,"((""ایران"" OR ""ایالات متحده"") AND (""تحریم‌ها"" OR ""برنامه هسته‌ای""))","(((""ایران"" OR ""ایالات متحده"") AND (""تحریم‌ها"" OR ""برنامه هسته‌ای""))) since:2026-05-16 until:2026-05-23",2026-05-16,2026-05-23,live,unknown,scrolled;scrolls_used=4,done_with_errors;error_count=1,X_Scraper_v4_7_Target20K_Current.xlsx,Jobs+Subruns (depth=0),project_week=W12;depth=0;records_in_window=8
XRUN-XQ-015-W12-D0-worker-1-20260809T074241188002Z,x,v3.0,XQ-015,"((""ایران"" OR ""جنگ ایران و آمریکا"") AND (""تلفات غیرنظامیان"" OR ""بحران انسانی""))","(((""ایران"" OR ""جنگ ایران و آمریکا"") AND (""تلفات غیرنظامیان"" OR ""بحران انسانی""))) since:2026-05-16 until:2026-05-23",2026-05-16,2026-05-23,live,unknown,scrolled;scrolls_used=2,done,X_Scraper_v4_7_Target20K_Current.xlsx,Jobs+Subruns (depth=0),project_week=W12;depth=0;records_in_window=0
XRUN-XQ-016-W12-D0-worker-1-20260809T074250004069Z,x,v3.0,XQ-016,"((""ایران"" OR ""جنگ ایران و آمریکا"") AND (""اطلاعات نادرست"" OR ""تبلیغات سیاسی""))","(((""ایران"" OR ""جنگ ایران و آمریکا"") AND (""اطلاعات نادرست"" OR ""تبلیغات سیاسی""))) since:2026-05-16 until:2026-05-23",2026-05-16,2026-05-23,live,unknown,scrolled;scrolls_used=4,done,X_Scraper_v4_7_Target20K_Current.xlsx,Jobs+Subruns (depth=0),project_week=W12;depth=0;records_in_window=13
XRUN-XQ-017-W12-D0-worker-2-20260809T074316072979Z,x,v3.0,XQ-017,"((""ایران"" OR ""جنگ ایران و آمریکا"") AND (""قیمت نفت"" OR ""نرخ ارز"" OR ""قیمت طلا"" OR ""نوسان بازار""))","(((""ایران"" OR ""جنگ ایران و آمریکا"") AND (""قیمت نفت"" OR ""نرخ ارز"" OR ""قیمت طلا"" OR ""نوسان بازار""))) since:2026-05-16 until:2026-05-23",2026-05-16,2026-05-23,live,unknown,scrolled;scrolls_used=4,done,X_Scraper_v4_7_Target20K_Current.xlsx,Jobs+Subruns (depth=0),project_week=W12;depth=0;records_in_window=13
XRUN-XQ-018-W12-D0-worker-1-20260809T074350057259Z,x,v3.0,XQ-018,"((""ایران"" OR ""جنگ ایران و آمریکا"") AND (""تنگه هرمز"" OR ""قیمت نفت""))","(((""ایران"" OR ""جنگ ایران و آمریکا"") AND (""تنگه هرمز"" OR ""قیمت نفت""))) since:2026-05-16 until:2026-05-23",2026-05-16,2026-05-23,live,sampling_applied;returned=15;stored=12,scrolled;scrolls_used=4,done,X_Scraper_v4_7_Target20K_Current.xlsx,Jobs+Subruns (depth=0),project_week=W12;depth=0;records_in_window=15
XRUN-XQ-019-W12-D0-worker-2-20260809T074412344342Z,x,v3.0,XQ-019,"(""Epic Fury"" OR ""Operation Epic Fury"" OR ""Roaring Lion"")","((""Epic Fury"" OR ""Operation Epic Fury"" OR ""Roaring Lion"")) since:2026-05-16 until:2026-05-23",2026-05-16,2026-05-23,live,unknown,split_triggered;scrolls_used=4,job_split_to_children,X_Scraper_v4_7_Target20K_Current.xlsx,Jobs+Subruns (depth=0),project_week=W12;depth=0;records_in_window=27
XRUN-XQ-019-W12-D1-worker-1-20260809T094219716480Z,x,v3.0,XQ-019,"(""Epic Fury"" OR ""Operation Epic Fury"" OR ""Roaring Lion"")","((""Epic Fury"" OR ""Operation Epic Fury"" OR ""Roaring Lion"")) since:2026-05-16 until:2026-05-19",2026-05-16,2026-05-19,live,unknown,scrolled;scrolls_used=4,done,X_Scraper_v4_7_Target20K_Current.xlsx,Jobs+Subruns (depth=>0),project_week=W12;depth=1;records_in_window=13
XRUN-XQ-019-W12-D1-worker-2-20260809T094245814592Z,x,v3.0,XQ-019,"(""Epic Fury"" OR ""Operation Epic Fury"" OR ""Roaring Lion"")","((""Epic Fury"" OR ""Operation Epic Fury"" OR ""Roaring Lion"")) since:2026-05-19 until:2026-05-23",2026-05-19,2026-05-23,live,sampling_applied;returned=17;stored=0,scrolled;scrolls_used=4,done,X_Scraper_v4_7_Target20K_Current.xlsx,Jobs+Subruns (depth=>0),project_week=W12;depth=1;records_in_window=17
XRUN-XQ-020-W12-D0-worker-1-20260809T074446275230Z,x,v3.0,XQ-020,"(Hormuz OR ""Strait of Hormuz"") AND (blockade OR closed OR reopened OR shipping OR transit)","((Hormuz OR ""Strait of Hormuz"") AND (blockade OR closed OR reopened OR shipping OR transit)) since:2026-05-16 until:2026-05-23",2026-05-16,2026-05-23,live,unknown,scrolled;scrolls_used=4,done,X_Scraper_v4_7_Target20K_Current.xlsx,Jobs+Subruns (depth=0),project_week=W12;depth=0;records_in_window=16
XRUN-XQ-021-W12-D0-worker-2-20260809T074525676478Z,x,v3.0,XQ-021,"((""Islamabad"" OR MOU OR ""memorandum of understanding"") AND (Iran OR ""United States"" OR Trump))","(((""Islamabad"" OR MOU OR ""memorandum of understanding"") AND (Iran OR ""United States"" OR Trump))) since:2026-05-16 until:2026-05-23",2026-05-16,2026-05-23,live,unknown,scrolled;scrolls_used=4,done,X_Scraper_v4_7_Target20K_Current.xlsx,Jobs+Subruns (depth=0),project_week=W12;depth=0;records_in_window=16
XRUN-XQ-022-W12-D0-worker-1-20260809T074555241212Z,x,v3.0,XQ-022,"(""اپیک فیوری"" OR ""عملیات حماسه"" OR ""حماسه خشم"" OR ""روآرینگ لاین"")","((""اپیک فیوری"" OR ""عملیات حماسه"" OR ""حماسه خشم"" OR ""روآرینگ لاین"")) since:2026-05-16 until:2026-05-23",2026-05-16,2026-05-23,live,unknown,scrolled;scrolls_used=4,done,X_Scraper_v4_7_Target20K_Current.xlsx,Jobs+Subruns (depth=0),project_week=W12;depth=0;records_in_window=5
XRUN-XQ-023-W12-D0-worker-2-20260809T074620892620Z,x,v3.0,XQ-023,"(""تنگه هرمز"") AND (""بسته"" OR ""مسدود"" OR ""محاصره"" OR ""بازگشایی"" OR ""کشتیرانی"")","((""تنگه هرمز"") AND (""بسته"" OR ""مسدود"" OR ""محاصره"" OR ""بازگشایی"" OR ""کشتیرانی"")) since:2026-05-16 until:2026-05-23",2026-05-16,2026-05-23,live,sampling_applied;returned=11;stored=7,scrolled;scrolls_used=4,done,X_Scraper_v4_7_Target20K_Current.xlsx,Jobs+Subruns (depth=0),project_week=W12;depth=0;records_in_window=11
XRUN-XQ-024-W12-D0-worker-1-20260809T074629620303Z,x,v3.0,XQ-024,"(""اسلام‌آباد"" OR ""تفاهم‌نامه"" OR ""تفاهم نامه"") AND (""ایران"" OR ""آمریکا"")","((""اسلام‌آباد"" OR ""تفاهم‌نامه"" OR ""تفاهم نامه"") AND (""ایران"" OR ""آمریکا"")) since:2026-05-16 until:2026-05-23",2026-05-16,2026-05-23,live,sampling_applied;returned=11;stored=8,scrolled;scrolls_used=4,done,X_Scraper_v4_7_Target20K_Current.xlsx,Jobs+Subruns (depth=0),project_week=W12;depth=0;records_in_window=11
XRUN-XQ-H01-W12-D0-worker-2-20260809T074700473324Z,x,v3.0,XQ-H01,#IranWar OR #IranWar2026 OR #USIranWar OR #IranIsraelWar OR #EpicFury,(#IranWar OR #IranWar2026 OR #USIranWar OR #IranIsraelWar OR #EpicFury) since:2026-05-16 until:2026-05-23,2026-05-16,2026-05-23,live,unknown,scrolled;scrolls_used=4,done,X_Scraper_v4_7_Target20K_Current.xlsx,Jobs+Subruns (depth=0),project_week=W12;depth=0;records_in_window=13
XRUN-XQ-H02-W12-D0-worker-1-20260809T074702730230Z,x,v3.0,XQ-H02,#StraitOfHormuz OR #MiddleEastWar OR #MiddleEastConflict OR #Hormuz,(#StraitOfHormuz OR #MiddleEastWar OR #MiddleEastConflict OR #Hormuz) since:2026-05-16 until:2026-05-23,2026-05-16,2026-05-23,live,unknown,scrolled;scrolls_used=4,done,X_Scraper_v4_7_Target20K_Current.xlsx,Jobs+Subruns (depth=0),project_week=W12;depth=0;records_in_window=11
XRUN-XQ-001-W13-D0-worker-1-20260809T074753743469Z,x,v3.0,XQ-001,"(""Iran-US war"" OR ""US-Iran tensions"" OR ""Iran war"" OR ""US Iran war"")","((""Iran-US war"" OR ""US-Iran tensions"" OR ""Iran war"" OR ""US Iran war"")) since:2026-05-23 until:2026-05-30",2026-05-23,2026-05-30,live,unknown,scrolled;scrolls_used=4,done,X_Scraper_v4_7_Target20K_Current.xlsx,Jobs+Subruns (depth=0),project_week=W13;depth=0;records_in_window=13
XRUN-XQ-002-W13-D0-worker-2-20260809T074812695969Z,x,v3.0,XQ-002,"(""Iran"" AND (""airstrike"" OR ""missile strike"" OR ""drone attack""))","((""Iran"" AND (""airstrike"" OR ""missile strike"" OR ""drone attack""))) since:2026-05-23 until:2026-05-30",2026-05-23,2026-05-30,live,unknown,scrolled;scrolls_used=4,done_with_errors;error_count=1,X_Scraper_v4_7_Target20K_Current.xlsx,Jobs+Subruns (depth=0),project_week=W13;depth=0;records_in_window=14
XRUN-XQ-003-W13-D0-worker-1-20260809T074901482409Z,x,v3.0,XQ-003,"((""Iran"" OR ""IRGC"") AND (""US military"" OR ""United States"") AND (""airstrike"" OR ""missile strike""))","(((""Iran"" OR ""IRGC"") AND (""US military"" OR ""United States"") AND (""airstrike"" OR ""missile strike""))) since:2026-05-23 until:2026-05-30",2026-05-23,2026-05-30,live,sampling_applied;returned=15;stored=13,scrolled;scrolls_used=4,done,X_Scraper_v4_7_Target20K_Current.xlsx,Jobs+Subruns (depth=0),project_week=W13;depth=0;records_in_window=15
XRUN-XQ-004-W13-D0-worker-2-20260809T074927051357Z,x,v3.0,XQ-004,"((""Iran"" OR ""United States"") AND (""ceasefire"" OR ""negotiations"" OR ""peace talks""))","(((""Iran"" OR ""United States"") AND (""ceasefire"" OR ""negotiations"" OR ""peace talks""))) since:2026-05-23 until:2026-05-30",2026-05-23,2026-05-30,live,unknown,scrolled;scrolls_used=4,done,X_Scraper_v4_7_Target20K_Current.xlsx,Jobs+Subruns (depth=0),project_week=W13;depth=0;records_in_window=14
XRUN-XQ-005-W13-D0-worker-1-20260809T075015675461Z,x,v3.0,XQ-005,"((""Iran"" OR ""United States"") AND (""sanctions"" OR ""nuclear programme"" OR ""nuclear program""))","(((""Iran"" OR ""United States"") AND (""sanctions"" OR ""nuclear programme"" OR ""nuclear program""))) since:2026-05-23 until:2026-05-30",2026-05-23,2026-05-30,live,unknown,scrolled;scrolls_used=4,done_with_errors;error_count=1,X_Scraper_v4_7_Target20K_Current.xlsx,Jobs+Subruns (depth=0),project_week=W13;depth=0;records_in_window=13
XRUN-XQ-006-W13-D0-worker-2-20260809T075041640235Z,x,v3.0,XQ-006,"((""Iran"" OR ""Iran-US war"") AND (""civilian casualties"" OR ""humanitarian crisis""))","(((""Iran"" OR ""Iran-US war"") AND (""civilian casualties"" OR ""humanitarian crisis""))) since:2026-05-23 until:2026-05-30",2026-05-23,2026-05-30,live,sampling_applied;returned=15;stored=14,scrolled;scrolls_used=4,done,X_Scraper_v4_7_Target20K_Current.xlsx,Jobs+Subruns (depth=0),project_week=W13;depth=0;records_in_window=15
XRUN-XQ-007-W13-D0-worker-1-20260809T075103849922Z,x,v3.0,XQ-007,"((""Iran"" OR ""Iran-US war"") AND (""misinformation"" OR ""propaganda""))","(((""Iran"" OR ""Iran-US war"") AND (""misinformation"" OR ""propaganda""))) since:2026-05-23 until:2026-05-30",2026-05-23,2026-05-30,live,sampling_applied;returned=18;stored=16,scrolled;scrolls_used=4,done,X_Scraper_v4_7_Target20K_Current.xlsx,Jobs+Subruns (depth=0),project_week=W13;depth=0;records_in_window=18
XRUN-XQ-008-W13-D0-worker-2-20260809T075145740331Z,x,v3.0,XQ-008,"((""Iran"" OR ""Iran-US war"") AND (""oil price"" OR ""exchange rate"" OR ""gold price"" OR ""market volatility""))","(((""Iran"" OR ""Iran-US war"") AND (""oil price"" OR ""exchange rate"" OR ""gold price"" OR ""market volatility""))) since:2026-05-23 until:2026-05-30",2026-05-23,2026-05-30,live,unknown,scrolled;scrolls_used=4,done,X_Scraper_v4_7_Target20K_Current.xlsx,Jobs+Subruns (depth=0),project_week=W13;depth=0;records_in_window=13
XRUN-XQ-009-W13-D0-worker-1-20260809T075223342231Z,x,v3.0,XQ-009,"((""Iran"" OR ""Iran-US war"") AND (""Strait of Hormuz"" OR Hormuz OR ""oil price""))","(((""Iran"" OR ""Iran-US war"") AND (""Strait of Hormuz"" OR Hormuz OR ""oil price""))) since:2026-05-23 until:2026-05-30",2026-05-23,2026-05-30,live,sampling_applied;returned=11;stored=10,scrolled;scrolls_used=4,done,X_Scraper_v4_7_Target20K_Current.xlsx,Jobs+Subruns (depth=0),project_week=W13;depth=0;records_in_window=11
XRUN-XQ-010-W13-D0-worker-2-20260809T075242543243Z,x,v3.0,XQ-010,"(""جنگ ایران و آمریکا"" OR ""تنش ایران و آمریکا"" OR ""جنگ ایران آمریکا"")","((""جنگ ایران و آمریکا"" OR ""تنش ایران و آمریکا"" OR ""جنگ ایران آمریکا"")) since:2026-05-23 until:2026-05-30",2026-05-23,2026-05-30,live,unknown,scrolled;scrolls_used=4,done,X_Scraper_v4_7_Target20K_Current.xlsx,Jobs+Subruns (depth=0),project_week=W13;depth=0;records_in_window=15
XRUN-XQ-011-W13-D0-worker-1-20260809T075305914225Z,x,v3.0,XQ-011,"(""ایران"" AND (""حمله هوایی"" OR ""حمله موشکی"" OR ""حمله پهپادی""))","((""ایران"" AND (""حمله هوایی"" OR ""حمله موشکی"" OR ""حمله پهپادی""))) since:2026-05-23 until:2026-05-30",2026-05-23,2026-05-30,live,unknown,scrolled;scrolls_used=2,done,X_Scraper_v4_7_Target20K_Current.xlsx,Jobs+Subruns (depth=0),project_week=W13;depth=0;records_in_window=0
XRUN-XQ-012-W13-D0-worker-1-20260809T075318383000Z,x,v3.0,XQ-012,"((""ایران"" OR ""سپاه"") AND (""ارتش آمریکا"" OR ""ایالات متحده"") AND (""حمله هوایی"" OR ""حمله موشکی""))","(((""ایران"" OR ""سپاه"") AND (""ارتش آمریکا"" OR ""ایالات متحده"") AND (""حمله هوایی"" OR ""حمله موشکی""))) since:2026-05-23 until:2026-05-30",2026-05-23,2026-05-30,live,unknown,scrolled;scrolls_used=4,done_with_errors;error_count=1,X_Scraper_v4_7_Target20K_Current.xlsx,Jobs+Subruns (depth=0),project_week=W13;depth=0;records_in_window=10
XRUN-XQ-013-W13-D0-worker-2-20260809T075347308916Z,x,v3.0,XQ-013,"((""ایران"" OR ""ایالات متحده"" OR ""آمریکا"") AND (""آتش‌بس"" OR ""مذاکرات"" OR ""صلح""))","(((""ایران"" OR ""ایالات متحده"" OR ""آمریکا"") AND (""آتش‌بس"" OR ""مذاکرات"" OR ""صلح""))) since:2026-05-23 until:2026-05-30",2026-05-23,2026-05-30,live,unknown,scrolled;scrolls_used=4,done,X_Scraper_v4_7_Target20K_Current.xlsx,Jobs+Subruns (depth=0),project_week=W13;depth=0;records_in_window=12
XRUN-XQ-014-W13-D0-worker-1-20260809T075429055028Z,x,v3.0,XQ-014,"((""ایران"" OR ""ایالات متحده"") AND (""تحریم‌ها"" OR ""برنامه هسته‌ای""))","(((""ایران"" OR ""ایالات متحده"") AND (""تحریم‌ها"" OR ""برنامه هسته‌ای""))) since:2026-05-23 until:2026-05-30",2026-05-23,2026-05-30,live,unknown,scrolled;scrolls_used=4,done,X_Scraper_v4_7_Target20K_Current.xlsx,Jobs+Subruns (depth=0),project_week=W13;depth=0;records_in_window=9
XRUN-XQ-015-W13-D0-worker-2-20260809T075453006513Z,x,v3.0,XQ-015,"((""ایران"" OR ""جنگ ایران و آمریکا"") AND (""تلفات غیرنظامیان"" OR ""بحران انسانی""))","(((""ایران"" OR ""جنگ ایران و آمریکا"") AND (""تلفات غیرنظامیان"" OR ""بحران انسانی""))) since:2026-05-23 until:2026-05-30",2026-05-23,2026-05-30,live,unknown,scrolled;scrolls_used=4,done,X_Scraper_v4_7_Target20K_Current.xlsx,Jobs+Subruns (depth=0),project_week=W13;depth=0;records_in_window=9
XRUN-XQ-016-W13-D0-worker-1-20260809T075503759237Z,x,v3.0,XQ-016,"((""ایران"" OR ""جنگ ایران و آمریکا"") AND (""اطلاعات نادرست"" OR ""تبلیغات سیاسی""))","(((""ایران"" OR ""جنگ ایران و آمریکا"") AND (""اطلاعات نادرست"" OR ""تبلیغات سیاسی""))) since:2026-05-23 until:2026-05-30",2026-05-23,2026-05-30,live,sampling_applied;returned=12;stored=11,scrolled;scrolls_used=4,done,X_Scraper_v4_7_Target20K_Current.xlsx,Jobs+Subruns (depth=0),project_week=W13;depth=0;records_in_window=12
XRUN-XQ-017-W13-D0-worker-2-20260809T075531788247Z,x,v3.0,XQ-017,"((""ایران"" OR ""جنگ ایران و آمریکا"") AND (""قیمت نفت"" OR ""نرخ ارز"" OR ""قیمت طلا"" OR ""نوسان بازار""))","(((""ایران"" OR ""جنگ ایران و آمریکا"") AND (""قیمت نفت"" OR ""نرخ ارز"" OR ""قیمت طلا"" OR ""نوسان بازار""))) since:2026-05-23 until:2026-05-30",2026-05-23,2026-05-30,live,unknown,scrolled;scrolls_used=2,done,X_Scraper_v4_7_Target20K_Current.xlsx,Jobs+Subruns (depth=0),project_week=W13;depth=0;records_in_window=0
XRUN-XQ-018-W13-D0-worker-2-20260809T075542544212Z,x,v3.0,XQ-018,"((""ایران"" OR ""جنگ ایران و آمریکا"") AND (""تنگه هرمز"" OR ""قیمت نفت""))","(((""ایران"" OR ""جنگ ایران و آمریکا"") AND (""تنگه هرمز"" OR ""قیمت نفت""))) since:2026-05-23 until:2026-05-30",2026-05-23,2026-05-30,live,unknown,scrolled;scrolls_used=2,done,X_Scraper_v4_7_Target20K_Current.xlsx,Jobs+Subruns (depth=0),project_week=W13;depth=0;records_in_window=0
XRUN-XQ-019-W13-D0-worker-1-20260809T075550908978Z,x,v3.0,XQ-019,"(""Epic Fury"" OR ""Operation Epic Fury"" OR ""Roaring Lion"")","((""Epic Fury"" OR ""Operation Epic Fury"" OR ""Roaring Lion"")) since:2026-05-23 until:2026-05-30",2026-05-23,2026-05-30,live,unknown,scrolled;scrolls_used=2,done,X_Scraper_v4_7_Target20K_Current.xlsx,Jobs+Subruns (depth=0),project_week=W13;depth=0;records_in_window=0
XRUN-XQ-020-W13-D0-worker-1-20260809T075602837091Z,x,v3.0,XQ-020,"(Hormuz OR ""Strait of Hormuz"") AND (blockade OR closed OR reopened OR shipping OR transit)","((Hormuz OR ""Strait of Hormuz"") AND (blockade OR closed OR reopened OR shipping OR transit)) since:2026-05-23 until:2026-05-30",2026-05-23,2026-05-30,live,sampling_applied;returned=15;stored=10,scrolled;scrolls_used=4,done,X_Scraper_v4_7_Target20K_Current.xlsx,Jobs+Subruns (depth=0),project_week=W13;depth=0;records_in_window=15
XRUN-XQ-021-W13-D0-worker-2-20260809T075603793929Z,x,v3.0,XQ-021,"((""Islamabad"" OR MOU OR ""memorandum of understanding"") AND (Iran OR ""United States"" OR Trump))","(((""Islamabad"" OR MOU OR ""memorandum of understanding"") AND (Iran OR ""United States"" OR Trump))) since:2026-05-23 until:2026-05-30",2026-05-23,2026-05-30,live,sampling_applied;returned=11;stored=10,scrolled;scrolls_used=4,done,X_Scraper_v4_7_Target20K_Current.xlsx,Jobs+Subruns (depth=0),project_week=W13;depth=0;records_in_window=11
XRUN-XQ-022-W13-D0-worker-2-20260809T075647252820Z,x,v3.0,XQ-022,"(""اپیک فیوری"" OR ""عملیات حماسه"" OR ""حماسه خشم"" OR ""روآرینگ لاین"")","((""اپیک فیوری"" OR ""عملیات حماسه"" OR ""حماسه خشم"" OR ""روآرینگ لاین"")) since:2026-05-23 until:2026-05-30",2026-05-23,2026-05-30,live,sampling_applied;returned=2;stored=1,scrolled;scrolls_used=4,done,X_Scraper_v4_7_Target20K_Current.xlsx,Jobs+Subruns (depth=0),project_week=W13;depth=0;records_in_window=2
XRUN-XQ-023-W13-D0-worker-2-20260809T075714736407Z,x,v3.0,XQ-023,"(""تنگه هرمز"") AND (""بسته"" OR ""مسدود"" OR ""محاصره"" OR ""بازگشایی"" OR ""کشتیرانی"")","((""تنگه هرمز"") AND (""بسته"" OR ""مسدود"" OR ""محاصره"" OR ""بازگشایی"" OR ""کشتیرانی"")) since:2026-05-23 until:2026-05-30",2026-05-23,2026-05-30,live,sampling_applied;returned=12;stored=10,scrolled;scrolls_used=4,done,X_Scraper_v4_7_Target20K_Current.xlsx,Jobs+Subruns (depth=0),project_week=W13;depth=0;records_in_window=12
XRUN-XQ-024-W13-D0-worker-1-20260809T075723687290Z,x,v3.0,XQ-024,"(""اسلام‌آباد"" OR ""تفاهم‌نامه"" OR ""تفاهم نامه"") AND (""ایران"" OR ""آمریکا"")","((""اسلام‌آباد"" OR ""تفاهم‌نامه"" OR ""تفاهم نامه"") AND (""ایران"" OR ""آمریکا"")) since:2026-05-23 until:2026-05-30",2026-05-23,2026-05-30,live,unknown,scrolled;scrolls_used=4,done,X_Scraper_v4_7_Target20K_Current.xlsx,Jobs+Subruns (depth=0),project_week=W13;depth=0;records_in_window=12
XRUN-XQ-H01-W13-D0-worker-2-20260809T075759641935Z,x,v3.0,XQ-H01,#IranWar OR #IranWar2026 OR #USIranWar OR #IranIsraelWar OR #EpicFury,(#IranWar OR #IranWar2026 OR #USIranWar OR #IranIsraelWar OR #EpicFury) since:2026-05-23 until:2026-05-30,2026-05-23,2026-05-30,live,sampling_applied;returned=11;stored=10,scrolled;scrolls_used=4,done,X_Scraper_v4_7_Target20K_Current.xlsx,Jobs+Subruns (depth=0),project_week=W13;depth=0;records_in_window=11
XRUN-XQ-H02-W13-D0-worker-1-20260809T075815381312Z,x,v3.0,XQ-H02,#StraitOfHormuz OR #MiddleEastWar OR #MiddleEastConflict OR #Hormuz,(#StraitOfHormuz OR #MiddleEastWar OR #MiddleEastConflict OR #Hormuz) since:2026-05-23 until:2026-05-30,2026-05-23,2026-05-30,live,sampling_applied;returned=12;stored=10,scrolled;scrolls_used=4,done,X_Scraper_v4_7_Target20K_Current.xlsx,Jobs+Subruns (depth=0),project_week=W13;depth=0;records_in_window=12
XRUN-XQ-001-W14-D0-worker-2-20260809T075905852406Z,x,v3.0,XQ-001,"(""Iran-US war"" OR ""US-Iran tensions"" OR ""Iran war"" OR ""US Iran war"")","((""Iran-US war"" OR ""US-Iran tensions"" OR ""Iran war"" OR ""US Iran war"")) since:2026-05-30 until:2026-06-06",2026-05-30,2026-06-06,live,unknown,scrolled;scrolls_used=4,done,X_Scraper_v4_7_Target20K_Current.xlsx,Jobs+Subruns (depth=0),project_week=W14;depth=0;records_in_window=13
XRUN-XQ-002-W14-D0-worker-1-20260809T075916192452Z,x,v3.0,XQ-002,"(""Iran"" AND (""airstrike"" OR ""missile strike"" OR ""drone attack""))","((""Iran"" AND (""airstrike"" OR ""missile strike"" OR ""drone attack""))) since:2026-05-30 until:2026-06-06",2026-05-30,2026-06-06,live,unknown,scrolled;scrolls_used=4,done,X_Scraper_v4_7_Target20K_Current.xlsx,Jobs+Subruns (depth=0),project_week=W14;depth=0;records_in_window=12
XRUN-XQ-003-W14-D0-worker-2-20260809T075958077223Z,x,v3.0,XQ-003,"((""Iran"" OR ""IRGC"") AND (""US military"" OR ""United States"") AND (""airstrike"" OR ""missile strike""))","(((""Iran"" OR ""IRGC"") AND (""US military"" OR ""United States"") AND (""airstrike"" OR ""missile strike""))) since:2026-05-30 until:2026-06-06",2026-05-30,2026-06-06,live,unknown,scrolled;scrolls_used=4,done,X_Scraper_v4_7_Target20K_Current.xlsx,Jobs+Subruns (depth=0),project_week=W14;depth=0;records_in_window=13
XRUN-XQ-004-W14-D0-worker-1-20260809T080015406544Z,x,v3.0,XQ-004,"((""Iran"" OR ""United States"") AND (""ceasefire"" OR ""negotiations"" OR ""peace talks""))","(((""Iran"" OR ""United States"") AND (""ceasefire"" OR ""negotiations"" OR ""peace talks""))) since:2026-05-30 until:2026-06-06",2026-05-30,2026-06-06,live,unknown,scrolled;scrolls_used=2,done,X_Scraper_v4_7_Target20K_Current.xlsx,Jobs+Subruns (depth=0),project_week=W14;depth=0;records_in_window=0
XRUN-XQ-005-W14-D0-worker-1-20260809T080028384368Z,x,v3.0,XQ-005,"((""Iran"" OR ""United States"") AND (""sanctions"" OR ""nuclear programme"" OR ""nuclear program""))","(((""Iran"" OR ""United States"") AND (""sanctions"" OR ""nuclear programme"" OR ""nuclear program""))) since:2026-05-30 until:2026-06-06",2026-05-30,2026-06-06,live,unknown,scrolled;scrolls_used=4,done,X_Scraper_v4_7_Target20K_Current.xlsx,Jobs+Subruns (depth=0),project_week=W14;depth=0;records_in_window=12
XRUN-XQ-006-W14-D0-worker-2-20260809T080100715856Z,x,v3.0,XQ-006,"((""Iran"" OR ""Iran-US war"") AND (""civilian casualties"" OR ""humanitarian crisis""))","(((""Iran"" OR ""Iran-US war"") AND (""civilian casualties"" OR ""humanitarian crisis""))) since:2026-05-30 until:2026-06-06",2026-05-30,2026-06-06,live,unknown,scrolled;scrolls_used=4,done,X_Scraper_v4_7_Target20K_Current.xlsx,Jobs+Subruns (depth=0),project_week=W14;depth=0;records_in_window=12
XRUN-XQ-007-W14-D0-worker-1-20260809T080129774443Z,x,v3.0,XQ-007,"((""Iran"" OR ""Iran-US war"") AND (""misinformation"" OR ""propaganda""))","(((""Iran"" OR ""Iran-US war"") AND (""misinformation"" OR ""propaganda""))) since:2026-05-30 until:2026-06-06",2026-05-30,2026-06-06,live,unknown,scrolled;scrolls_used=4,done,X_Scraper_v4_7_Target20K_Current.xlsx,Jobs+Subruns (depth=0),project_week=W14;depth=0;records_in_window=16
XRUN-XQ-008-W14-D0-worker-2-20260809T080153355117Z,x,v3.0,XQ-008,"((""Iran"" OR ""Iran-US war"") AND (""oil price"" OR ""exchange rate"" OR ""gold price"" OR ""market volatility""))","(((""Iran"" OR ""Iran-US war"") AND (""oil price"" OR ""exchange rate"" OR ""gold price"" OR ""market volatility""))) since:2026-05-30 until:2026-06-06",2026-05-30,2026-06-06,live,sampling_applied;returned=14;stored=13,scrolled;scrolls_used=4,done,X_Scraper_v4_7_Target20K_Current.xlsx,Jobs+Subruns (depth=0),project_week=W14;depth=0;records_in_window=14
XRUN-XQ-009-W14-D0-worker-1-20260809T080223338071Z,x,v3.0,XQ-009,"((""Iran"" OR ""Iran-US war"") AND (""Strait of Hormuz"" OR Hormuz OR ""oil price""))","(((""Iran"" OR ""Iran-US war"") AND (""Strait of Hormuz"" OR Hormuz OR ""oil price""))) since:2026-05-30 until:2026-06-06",2026-05-30,2026-06-06,live,sampling_applied;returned=13;stored=12,scrolled;scrolls_used=4,done,X_Scraper_v4_7_Target20K_Current.xlsx,Jobs+Subruns (depth=0),project_week=W14;depth=0;records_in_window=13
XRUN-XQ-010-W14-D0-worker-2-20260809T080254993220Z,x,v3.0,XQ-010,"(""جنگ ایران و آمریکا"" OR ""تنش ایران و آمریکا"" OR ""جنگ ایران آمریکا"")","((""جنگ ایران و آمریکا"" OR ""تنش ایران و آمریکا"" OR ""جنگ ایران آمریکا"")) since:2026-05-30 until:2026-06-06",2026-05-30,2026-06-06,live,unknown,scrolled;scrolls_used=4,done,X_Scraper_v4_7_Target20K_Current.xlsx,Jobs+Subruns (depth=0),project_week=W14;depth=0;records_in_window=16
XRUN-XQ-011-W14-D0-worker-1-20260809T080325967745Z,x,v3.0,XQ-011,"(""ایران"" AND (""حمله هوایی"" OR ""حمله موشکی"" OR ""حمله پهپادی""))","((""ایران"" AND (""حمله هوایی"" OR ""حمله موشکی"" OR ""حمله پهپادی""))) since:2026-05-30 until:2026-06-06",2026-05-30,2026-06-06,live,sampling_applied;returned=16;stored=15,scrolled;scrolls_used=4,done,X_Scraper_v4_7_Target20K_Current.xlsx,Jobs+Subruns (depth=0),project_week=W14;depth=0;records_in_window=16
XRUN-XQ-012-W14-D0-worker-2-20260809T080405867443Z,x,v3.0,XQ-012,"((""ایران"" OR ""سپاه"") AND (""ارتش آمریکا"" OR ""ایالات متحده"") AND (""حمله هوایی"" OR ""حمله موشکی""))","(((""ایران"" OR ""سپاه"") AND (""ارتش آمریکا"" OR ""ایالات متحده"") AND (""حمله هوایی"" OR ""حمله موشکی""))) since:2026-05-30 until:2026-06-06",2026-05-30,2026-06-06,live,sampling_applied;returned=10;stored=8,scrolled;scrolls_used=4,done,X_Scraper_v4_7_Target20K_Current.xlsx,Jobs+Subruns (depth=0),project_week=W14;depth=0;records_in_window=10
XRUN-XQ-013-W14-D0-worker-1-20260809T080435590289Z,x,v3.0,XQ-013,"((""ایران"" OR ""ایالات متحده"" OR ""آمریکا"") AND (""آتش‌بس"" OR ""مذاکرات"" OR ""صلح""))","(((""ایران"" OR ""ایالات متحده"" OR ""آمریکا"") AND (""آتش‌بس"" OR ""مذاکرات"" OR ""صلح""))) since:2026-05-30 until:2026-06-06",2026-05-30,2026-06-06,live,unknown,scrolled;scrolls_used=4,done,X_Scraper_v4_7_Target20K_Current.xlsx,Jobs+Subruns (depth=0),project_week=W14;depth=0;records_in_window=11
XRUN-XQ-014-W14-D0-worker-2-20260809T080450766182Z,x,v3.0,XQ-014,"((""ایران"" OR ""ایالات متحده"") AND (""تحریم‌ها"" OR ""برنامه هسته‌ای""))","(((""ایران"" OR ""ایالات متحده"") AND (""تحریم‌ها"" OR ""برنامه هسته‌ای""))) since:2026-05-30 until:2026-06-06",2026-05-30,2026-06-06,live,unknown,scrolled;scrolls_used=4,done_with_errors;error_count=2,X_Scraper_v4_7_Target20K_Current.xlsx,Jobs+Subruns (depth=0),project_week=W14;depth=0;records_in_window=19
XRUN-XQ-015-W14-D0-worker-1-20260809T080521305535Z,x,v3.0,XQ-015,"((""ایران"" OR ""جنگ ایران و آمریکا"") AND (""تلفات غیرنظامیان"" OR ""بحران انسانی""))","(((""ایران"" OR ""جنگ ایران و آمریکا"") AND (""تلفات غیرنظامیان"" OR ""بحران انسانی""))) since:2026-05-30 until:2026-06-06",2026-05-30,2026-06-06,live,sampling_applied;returned=3;stored=2,scrolled;scrolls_used=3,done,X_Scraper_v4_7_Target20K_Current.xlsx,Jobs+Subruns (depth=0),project_week=W14;depth=0;records_in_window=3
XRUN-XQ-016-W14-D0-worker-1-20260809T080544763551Z,x,v3.0,XQ-016,"((""ایران"" OR ""جنگ ایران و آمریکا"") AND (""اطلاعات نادرست"" OR ""تبلیغات سیاسی""))","(((""ایران"" OR ""جنگ ایران و آمریکا"") AND (""اطلاعات نادرست"" OR ""تبلیغات سیاسی""))) since:2026-05-30 until:2026-06-06",2026-05-30,2026-06-06,live,sampling_applied;returned=9;stored=8,scrolled;scrolls_used=4,done,X_Scraper_v4_7_Target20K_Current.xlsx,Jobs+Subruns (depth=0),project_week=W14;depth=0;records_in_window=9
XRUN-XQ-017-W14-D0-worker-2-20260809T080553103049Z,x,v3.0,XQ-017,"((""ایران"" OR ""جنگ ایران و آمریکا"") AND (""قیمت نفت"" OR ""نرخ ارز"" OR ""قیمت طلا"" OR ""نوسان بازار""))","(((""ایران"" OR ""جنگ ایران و آمریکا"") AND (""قیمت نفت"" OR ""نرخ ارز"" OR ""قیمت طلا"" OR ""نوسان بازار""))) since:2026-05-30 until:2026-06-06",2026-05-30,2026-06-06,live,unknown,scrolled;scrolls_used=2,done,X_Scraper_v4_7_Target20K_Current.xlsx,Jobs+Subruns (depth=0),project_week=W14;depth=0;records_in_window=0
XRUN-XQ-018-W14-D0-worker-2-20260809T080602815375Z,x,v3.0,XQ-018,"((""ایران"" OR ""جنگ ایران و آمریکا"") AND (""تنگه هرمز"" OR ""قیمت نفت""))","(((""ایران"" OR ""جنگ ایران و آمریکا"") AND (""تنگه هرمز"" OR ""قیمت نفت""))) since:2026-05-30 until:2026-06-06",2026-05-30,2026-06-06,live,sampling_applied;returned=12;stored=10,scrolled;scrolls_used=4,done,X_Scraper_v4_7_Target20K_Current.xlsx,Jobs+Subruns (depth=0),project_week=W14;depth=0;records_in_window=12
XRUN-XQ-019-W14-D0-worker-1-20260809T080640300299Z,x,v3.0,XQ-019,"(""Epic Fury"" OR ""Operation Epic Fury"" OR ""Roaring Lion"")","((""Epic Fury"" OR ""Operation Epic Fury"" OR ""Roaring Lion"")) since:2026-05-30 until:2026-06-06",2026-05-30,2026-06-06,live,sampling_applied;returned=14;stored=13,scrolled;scrolls_used=4,done,X_Scraper_v4_7_Target20K_Current.xlsx,Jobs+Subruns (depth=0),project_week=W14;depth=0;records_in_window=14
XRUN-XQ-020-W14-D0-worker-2-20260809T080706345800Z,x,v3.0,XQ-020,"(Hormuz OR ""Strait of Hormuz"") AND (blockade OR closed OR reopened OR shipping OR transit)","((Hormuz OR ""Strait of Hormuz"") AND (blockade OR closed OR reopened OR shipping OR transit)) since:2026-05-30 until:2026-06-06",2026-05-30,2026-06-06,live,sampling_applied;returned=13;stored=12,scrolled;scrolls_used=4,done,X_Scraper_v4_7_Target20K_Current.xlsx,Jobs+Subruns (depth=0),project_week=W14;depth=0;records_in_window=13
XRUN-XQ-021-W14-D0-worker-1-20260809T080736294385Z,x,v3.0,XQ-021,"((""Islamabad"" OR MOU OR ""memorandum of understanding"") AND (Iran OR ""United States"" OR Trump))","(((""Islamabad"" OR MOU OR ""memorandum of understanding"") AND (Iran OR ""United States"" OR Trump))) since:2026-05-30 until:2026-06-06",2026-05-30,2026-06-06,live,unknown,scrolled;scrolls_used=4,done,X_Scraper_v4_7_Target20K_Current.xlsx,Jobs+Subruns (depth=0),project_week=W14;depth=0;records_in_window=14
XRUN-XQ-022-W14-D0-worker-2-20260809T080801171090Z,x,v3.0,XQ-022,"(""اپیک فیوری"" OR ""عملیات حماسه"" OR ""حماسه خشم"" OR ""روآرینگ لاین"")","((""اپیک فیوری"" OR ""عملیات حماسه"" OR ""حماسه خشم"" OR ""روآرینگ لاین"")) since:2026-05-30 until:2026-06-06",2026-05-30,2026-06-06,live,unknown,scrolled;scrolls_used=4,done,X_Scraper_v4_7_Target20K_Current.xlsx,Jobs+Subruns (depth=0),project_week=W14;depth=0;records_in_window=4
XRUN-XQ-023-W14-D0-worker-2-20260809T080841166722Z,x,v3.0,XQ-023,"(""تنگه هرمز"") AND (""بسته"" OR ""مسدود"" OR ""محاصره"" OR ""بازگشایی"" OR ""کشتیرانی"")","((""تنگه هرمز"") AND (""بسته"" OR ""مسدود"" OR ""محاصره"" OR ""بازگشایی"" OR ""کشتیرانی"")) since:2026-05-30 until:2026-06-06",2026-05-30,2026-06-06,live,sampling_applied;returned=10;stored=6,scrolled;scrolls_used=4,done,X_Scraper_v4_7_Target20K_Current.xlsx,Jobs+Subruns (depth=0),project_week=W14;depth=0;records_in_window=10
XRUN-XQ-024-W14-D0-worker-1-20260809T080857170631Z,x,v3.0,XQ-024,"(""اسلام‌آباد"" OR ""تفاهم‌نامه"" OR ""تفاهم نامه"") AND (""ایران"" OR ""آمریکا"")","((""اسلام‌آباد"" OR ""تفاهم‌نامه"" OR ""تفاهم نامه"") AND (""ایران"" OR ""آمریکا"")) since:2026-05-30 until:2026-06-06",2026-05-30,2026-06-06,live,unknown,scrolled;scrolls_used=4,done,X_Scraper_v4_7_Target20K_Current.xlsx,Jobs+Subruns (depth=0),project_week=W14;depth=0;records_in_window=12
XRUN-XQ-H01-W14-D0-worker-2-20260809T080923994006Z,x,v3.0,XQ-H01,#IranWar OR #IranWar2026 OR #USIranWar OR #IranIsraelWar OR #EpicFury,(#IranWar OR #IranWar2026 OR #USIranWar OR #IranIsraelWar OR #EpicFury) since:2026-05-30 until:2026-06-06,2026-05-30,2026-06-06,live,unknown,scrolled;scrolls_used=4,done,X_Scraper_v4_7_Target20K_Current.xlsx,Jobs+Subruns (depth=0),project_week=W14;depth=0;records_in_window=13
XRUN-XQ-H02-W14-D0-worker-1-20260809T080946967901Z,x,v3.0,XQ-H02,#StraitOfHormuz OR #MiddleEastWar OR #MiddleEastConflict OR #Hormuz,(#StraitOfHormuz OR #MiddleEastWar OR #MiddleEastConflict OR #Hormuz) since:2026-05-30 until:2026-06-06,2026-05-30,2026-06-06,live,sampling_applied;returned=11;stored=10,scrolled;scrolls_used=4,done,X_Scraper_v4_7_Target20K_Current.xlsx,Jobs+Subruns (depth=0),project_week=W14;depth=0;records_in_window=11
XRUN-XQ-001-W15-D0-worker-2-20260809T081026373597Z,x,v3.0,XQ-001,"(""Iran-US war"" OR ""US-Iran tensions"" OR ""Iran war"" OR ""US Iran war"")","((""Iran-US war"" OR ""US-Iran tensions"" OR ""Iran war"" OR ""US Iran war"")) since:2026-06-06 until:2026-06-13",2026-06-06,2026-06-13,live,unknown,scrolled;scrolls_used=4,done,X_Scraper_v4_7_Target20K_Current.xlsx,Jobs+Subruns (depth=0),project_week=W15;depth=0;records_in_window=14
XRUN-XQ-002-W15-D0-worker-1-20260809T081057937471Z,x,v3.0,XQ-002,"(""Iran"" AND (""airstrike"" OR ""missile strike"" OR ""drone attack""))","((""Iran"" AND (""airstrike"" OR ""missile strike"" OR ""drone attack""))) since:2026-06-06 until:2026-06-13",2026-06-06,2026-06-13,live,unknown,scrolled;scrolls_used=2,done,X_Scraper_v4_7_Target20K_Current.xlsx,Jobs+Subruns (depth=0),project_week=W15;depth=0;records_in_window=0
XRUN-XQ-003-W15-D0-worker-1-20260809T081109073999Z,x,v3.0,XQ-003,"((""Iran"" OR ""IRGC"") AND (""US military"" OR ""United States"") AND (""airstrike"" OR ""missile strike""))","(((""Iran"" OR ""IRGC"") AND (""US military"" OR ""United States"") AND (""airstrike"" OR ""missile strike""))) since:2026-06-06 until:2026-06-13",2026-06-06,2026-06-13,live,unknown,scrolled;scrolls_used=4,done,X_Scraper_v4_7_Target20K_Current.xlsx,Jobs+Subruns (depth=0),project_week=W15;depth=0;records_in_window=10
XRUN-XQ-004-W15-D0-worker-2-20260809T081137557280Z,x,v3.0,XQ-004,"((""Iran"" OR ""United States"") AND (""ceasefire"" OR ""negotiations"" OR ""peace talks""))","(((""Iran"" OR ""United States"") AND (""ceasefire"" OR ""negotiations"" OR ""peace talks""))) since:2026-06-06 until:2026-06-13",2026-06-06,2026-06-13,live,sampling_applied;returned=16;stored=15,scrolled;scrolls_used=4,done,X_Scraper_v4_7_Target20K_Current.xlsx,Jobs+Subruns (depth=0),project_week=W15;depth=0;records_in_window=16
XRUN-XQ-005-W15-D0-worker-1-20260809T081206520687Z,x,v3.0,XQ-005,"((""Iran"" OR ""United States"") AND (""sanctions"" OR ""nuclear programme"" OR ""nuclear program""))","(((""Iran"" OR ""United States"") AND (""sanctions"" OR ""nuclear programme"" OR ""nuclear program""))) since:2026-06-06 until:2026-06-13",2026-06-06,2026-06-13,live,unknown,scrolled;scrolls_used=2,done,X_Scraper_v4_7_Target20K_Current.xlsx,Jobs+Subruns (depth=0),project_week=W15;depth=0;records_in_window=0
XRUN-XQ-006-W15-D0-worker-1-20260809T081217590251Z,x,v3.0,XQ-006,"((""Iran"" OR ""Iran-US war"") AND (""civilian casualties"" OR ""humanitarian crisis""))","(((""Iran"" OR ""Iran-US war"") AND (""civilian casualties"" OR ""humanitarian crisis""))) since:2026-06-06 until:2026-06-13",2026-06-06,2026-06-13,live,unknown,scrolled;scrolls_used=2,done,X_Scraper_v4_7_Target20K_Current.xlsx,Jobs+Subruns (depth=0),project_week=W15;depth=0;records_in_window=0
XRUN-XQ-007-W15-D0-worker-1-20260809T081230800816Z,x,v3.0,XQ-007,"((""Iran"" OR ""Iran-US war"") AND (""misinformation"" OR ""propaganda""))","(((""Iran"" OR ""Iran-US war"") AND (""misinformation"" OR ""propaganda""))) since:2026-06-06 until:2026-06-13",2026-06-06,2026-06-13,live,unknown,scrolled;scrolls_used=2,done,X_Scraper_v4_7_Target20K_Current.xlsx,Jobs+Subruns (depth=0),project_week=W15;depth=0;records_in_window=0
XRUN-XQ-008-W15-D0-worker-1-20260809T081243167701Z,x,v3.0,XQ-008,"((""Iran"" OR ""Iran-US war"") AND (""oil price"" OR ""exchange rate"" OR ""gold price"" OR ""market volatility""))","(((""Iran"" OR ""Iran-US war"") AND (""oil price"" OR ""exchange rate"" OR ""gold price"" OR ""market volatility""))) since:2026-06-06 until:2026-06-13",2026-06-06,2026-06-13,live,unknown,scrolled;scrolls_used=4,done,X_Scraper_v4_7_Target20K_Current.xlsx,Jobs+Subruns (depth=0),project_week=W15;depth=0;records_in_window=15
XRUN-XQ-009-W15-D0-worker-2-20260809T081313097515Z,x,v3.0,XQ-009,"((""Iran"" OR ""Iran-US war"") AND (""Strait of Hormuz"" OR Hormuz OR ""oil price""))","(((""Iran"" OR ""Iran-US war"") AND (""Strait of Hormuz"" OR Hormuz OR ""oil price""))) since:2026-06-06 until:2026-06-13",2026-06-06,2026-06-13,live,sampling_applied;returned=15;stored=13,split_triggered;scrolls_used=4,job_split_to_children,X_Scraper_v4_7_Target20K_Current.xlsx,Jobs+Subruns (depth=0),project_week=W15;depth=0;records_in_window=15
XRUN-XQ-009-W15-D1-worker-1-20260809T094315543804Z,x,v3.0,XQ-009,"((""Iran"" OR ""Iran-US war"") AND (""Strait of Hormuz"" OR Hormuz OR ""oil price""))","(((""Iran"" OR ""Iran-US war"") AND (""Strait of Hormuz"" OR Hormuz OR ""oil price""))) since:2026-06-06 until:2026-06-09",2026-06-06,2026-06-09,live,unknown,scrolled;scrolls_used=4,done,X_Scraper_v4_7_Target20K_Current.xlsx,Jobs+Subruns (depth=>0),project_week=W15;depth=1;records_in_window=11
XRUN-XQ-009-W15-D1-worker-2-20260809T094350342087Z,x,v3.0,XQ-009,"((""Iran"" OR ""Iran-US war"") AND (""Strait of Hormuz"" OR Hormuz OR ""oil price""))","(((""Iran"" OR ""Iran-US war"") AND (""Strait of Hormuz"" OR Hormuz OR ""oil price""))) since:2026-06-09 until:2026-06-13",2026-06-09,2026-06-13,live,sampling_applied;returned=15;stored=0,split_triggered;scrolls_used=4,job_split_to_children,X_Scraper_v4_7_Target20K_Current.xlsx,Jobs+Subruns (depth=>0),project_week=W15;depth=1;records_in_window=15
XRUN-XQ-009-W15-D2-worker-2-20260809T100059140109Z,x,v3.0,XQ-009,"((""Iran"" OR ""Iran-US war"") AND (""Strait of Hormuz"" OR Hormuz OR ""oil price""))","(((""Iran"" OR ""Iran-US war"") AND (""Strait of Hormuz"" OR Hormuz OR ""oil price""))) since:2026-06-09 until:2026-06-11",2026-06-09,2026-06-11,live,unknown,scrolled;scrolls_used=4,done_with_errors;error_count=1,X_Scraper_v4_7_Target20K_Current.xlsx,Jobs+Subruns (depth=>0),project_week=W15;depth=2;records_in_window=16
XRUN-XQ-009-W15-D2-worker-1-20260809T100131684615Z,x,v3.0,XQ-009,"((""Iran"" OR ""Iran-US war"") AND (""Strait of Hormuz"" OR Hormuz OR ""oil price""))","(((""Iran"" OR ""Iran-US war"") AND (""Strait of Hormuz"" OR Hormuz OR ""oil price""))) since:2026-06-11 until:2026-06-13",2026-06-11,2026-06-13,live,unknown,scrolled;scrolls_used=4,done,X_Scraper_v4_7_Target20K_Current.xlsx,Jobs+Subruns (depth=>0),project_week=W15;depth=2;records_in_window=13
XRUN-XQ-010-W15-D0-worker-1-20260809T081345192677Z,x,v3.0,XQ-010,"(""جنگ ایران و آمریکا"" OR ""تنش ایران و آمریکا"" OR ""جنگ ایران آمریکا"")","((""جنگ ایران و آمریکا"" OR ""تنش ایران و آمریکا"" OR ""جنگ ایران آمریکا"")) since:2026-06-06 until:2026-06-13",2026-06-06,2026-06-13,live,unknown,scrolled;scrolls_used=2,done,X_Scraper_v4_7_Target20K_Current.xlsx,Jobs+Subruns (depth=0),project_week=W15;depth=0;records_in_window=0
XRUN-XQ-011-W15-D0-worker-1-20260809T081356755116Z,x,v3.0,XQ-011,"(""ایران"" AND (""حمله هوایی"" OR ""حمله موشکی"" OR ""حمله پهپادی""))","((""ایران"" AND (""حمله هوایی"" OR ""حمله موشکی"" OR ""حمله پهپادی""))) since:2026-06-06 until:2026-06-13",2026-06-06,2026-06-13,live,unknown,scrolled;scrolls_used=4,done,X_Scraper_v4_7_Target20K_Current.xlsx,Jobs+Subruns (depth=0),project_week=W15;depth=0;records_in_window=12
XRUN-XQ-012-W15-D0-worker-2-20260809T081436618223Z,x,v3.0,XQ-012,"((""ایران"" OR ""سپاه"") AND (""ارتش آمریکا"" OR ""ایالات متحده"") AND (""حمله هوایی"" OR ""حمله موشکی""))","(((""ایران"" OR ""سپاه"") AND (""ارتش آمریکا"" OR ""ایالات متحده"") AND (""حمله هوایی"" OR ""حمله موشکی""))) since:2026-06-06 until:2026-06-13",2026-06-06,2026-06-13,live,unknown,scrolled;scrolls_used=2,done,X_Scraper_v4_7_Target20K_Current.xlsx,Jobs+Subruns (depth=0),project_week=W15;depth=0;records_in_window=0
XRUN-XQ-013-W15-D0-worker-2-20260809T081450803777Z,x,v3.0,XQ-013,"((""ایران"" OR ""ایالات متحده"" OR ""آمریکا"") AND (""آتش‌بس"" OR ""مذاکرات"" OR ""صلح""))","(((""ایران"" OR ""ایالات متحده"" OR ""آمریکا"") AND (""آتش‌بس"" OR ""مذاکرات"" OR ""صلح""))) since:2026-06-06 until:2026-06-13",2026-06-06,2026-06-13,live,unknown,scrolled;scrolls_used=2,done,X_Scraper_v4_7_Target20K_Current.xlsx,Jobs+Subruns (depth=0),project_week=W15;depth=0;records_in_window=0
XRUN-XQ-014-W15-D0-worker-2-20260809T081502158576Z,x,v3.0,XQ-014,"((""ایران"" OR ""ایالات متحده"") AND (""تحریم‌ها"" OR ""برنامه هسته‌ای""))","(((""ایران"" OR ""ایالات متحده"") AND (""تحریم‌ها"" OR ""برنامه هسته‌ای""))) since:2026-06-06 until:2026-06-13",2026-06-06,2026-06-13,live,unknown,scrolled;scrolls_used=4,done_with_errors;error_count=1,X_Scraper_v4_7_Target20K_Current.xlsx,Jobs+Subruns (depth=0),project_week=W15;depth=0;records_in_window=12
XRUN-XQ-015-W15-D0-worker-1-20260809T081503383153Z,x,v3.0,XQ-015,"((""ایران"" OR ""جنگ ایران و آمریکا"") AND (""تلفات غیرنظامیان"" OR ""بحران انسانی""))","(((""ایران"" OR ""جنگ ایران و آمریکا"") AND (""تلفات غیرنظامیان"" OR ""بحران انسانی""))) since:2026-06-06 until:2026-06-13",2026-06-06,2026-06-13,live,unknown,scrolled;scrolls_used=2,done,X_Scraper_v4_7_Target20K_Current.xlsx,Jobs+Subruns (depth=0),project_week=W15;depth=0;records_in_window=0
XRUN-XQ-016-W15-D0-worker-1-20260809T081511665280Z,x,v3.0,XQ-016,"((""ایران"" OR ""جنگ ایران و آمریکا"") AND (""اطلاعات نادرست"" OR ""تبلیغات سیاسی""))","(((""ایران"" OR ""جنگ ایران و آمریکا"") AND (""اطلاعات نادرست"" OR ""تبلیغات سیاسی""))) since:2026-06-06 until:2026-06-13",2026-06-06,2026-06-13,live,unknown,scrolled;scrolls_used=4,done_with_errors;error_count=4,X_Scraper_v4_7_Target20K_Current.xlsx,Jobs+Subruns (depth=0),project_week=W15;depth=0;records_in_window=13
XRUN-XQ-017-W15-D0-worker-1-20260809T081554075137Z,x,v3.0,XQ-017,"((""ایران"" OR ""جنگ ایران و آمریکا"") AND (""قیمت نفت"" OR ""نرخ ارز"" OR ""قیمت طلا"" OR ""نوسان بازار""))","(((""ایران"" OR ""جنگ ایران و آمریکا"") AND (""قیمت نفت"" OR ""نرخ ارز"" OR ""قیمت طلا"" OR ""نوسان بازار""))) since:2026-06-06 until:2026-06-13",2026-06-06,2026-06-13,live,unknown,scrolled;scrolls_used=4,done,X_Scraper_v4_7_Target20K_Current.xlsx,Jobs+Subruns (depth=0),project_week=W15;depth=0;records_in_window=15
XRUN-XQ-018-W15-D0-worker-2-20260809T081600529245Z,x,v3.0,XQ-018,"((""ایران"" OR ""جنگ ایران و آمریکا"") AND (""تنگه هرمز"" OR ""قیمت نفت""))","(((""ایران"" OR ""جنگ ایران و آمریکا"") AND (""تنگه هرمز"" OR ""قیمت نفت""))) since:2026-06-06 until:2026-06-13",2026-06-06,2026-06-13,live,unknown,scrolled;scrolls_used=4,done,X_Scraper_v4_7_Target20K_Current.xlsx,Jobs+Subruns (depth=0),project_week=W15;depth=0;records_in_window=14
XRUN-XQ-019-W15-D0-worker-1-20260809T081653380808Z,x,v3.0,XQ-019,"(""Epic Fury"" OR ""Operation Epic Fury"" OR ""Roaring Lion"")","((""Epic Fury"" OR ""Operation Epic Fury"" OR ""Roaring Lion"")) since:2026-06-06 until:2026-06-13",2026-06-06,2026-06-13,live,unknown,scrolled;scrolls_used=4,done,X_Scraper_v4_7_Target20K_Current.xlsx,Jobs+Subruns (depth=0),project_week=W15;depth=0;records_in_window=19
XRUN-XQ-020-W15-D0-worker-2-20260809T081655394282Z,x,v3.0,XQ-020,"(Hormuz OR ""Strait of Hormuz"") AND (blockade OR closed OR reopened OR shipping OR transit)","((Hormuz OR ""Strait of Hormuz"") AND (blockade OR closed OR reopened OR shipping OR transit)) since:2026-06-06 until:2026-06-13",2026-06-06,2026-06-13,live,sampling_applied;returned=13;stored=10,scrolled;scrolls_used=4,done,X_Scraper_v4_7_Target20K_Current.xlsx,Jobs+Subruns (depth=0),project_week=W15;depth=0;records_in_window=13
XRUN-XQ-021-W15-D0-worker-2-20260809T081746287169Z,x,v3.0,XQ-021,"((""Islamabad"" OR MOU OR ""memorandum of understanding"") AND (Iran OR ""United States"" OR Trump))","(((""Islamabad"" OR MOU OR ""memorandum of understanding"") AND (Iran OR ""United States"" OR Trump))) since:2026-06-06 until:2026-06-13",2026-06-06,2026-06-13,live,sampling_applied;returned=15;stored=11,scrolled;scrolls_used=4,done,X_Scraper_v4_7_Target20K_Current.xlsx,Jobs+Subruns (depth=0),project_week=W15;depth=0;records_in_window=15
XRUN-XQ-022-W15-D0-worker-1-20260809T081808828497Z,x,v3.0,XQ-022,"(""اپیک فیوری"" OR ""عملیات حماسه"" OR ""حماسه خشم"" OR ""روآرینگ لاین"")","((""اپیک فیوری"" OR ""عملیات حماسه"" OR ""حماسه خشم"" OR ""روآرینگ لاین"")) since:2026-06-06 until:2026-06-13",2026-06-06,2026-06-13,live,unknown,scrolled;scrolls_used=4,done,X_Scraper_v4_7_Target20K_Current.xlsx,Jobs+Subruns (depth=0),project_week=W15;depth=0;records_in_window=3
XRUN-XQ-023-W15-D0-worker-1-20260809T081842384266Z,x,v3.0,XQ-023,"(""تنگه هرمز"") AND (""بسته"" OR ""مسدود"" OR ""محاصره"" OR ""بازگشایی"" OR ""کشتیرانی"")","((""تنگه هرمز"") AND (""بسته"" OR ""مسدود"" OR ""محاصره"" OR ""بازگشایی"" OR ""کشتیرانی"")) since:2026-06-06 until:2026-06-13",2026-06-06,2026-06-13,live,sampling_applied;returned=13;stored=12,scrolled;scrolls_used=4,done,X_Scraper_v4_7_Target20K_Current.xlsx,Jobs+Subruns (depth=0),project_week=W15;depth=0;records_in_window=13
XRUN-XQ-024-W15-D0-worker-2-20260809T081909170906Z,x,v3.0,XQ-024,"(""اسلام‌آباد"" OR ""تفاهم‌نامه"" OR ""تفاهم نامه"") AND (""ایران"" OR ""آمریکا"")","((""اسلام‌آباد"" OR ""تفاهم‌نامه"" OR ""تفاهم نامه"") AND (""ایران"" OR ""آمریکا"")) since:2026-06-06 until:2026-06-13",2026-06-06,2026-06-13,live,unknown,scrolled;scrolls_used=4,done,X_Scraper_v4_7_Target20K_Current.xlsx,Jobs+Subruns (depth=0),project_week=W15;depth=0;records_in_window=10
XRUN-XQ-H01-W15-D0-worker-1-20260809T081940962290Z,x,v3.0,XQ-H01,#IranWar OR #IranWar2026 OR #USIranWar OR #IranIsraelWar OR #EpicFury,(#IranWar OR #IranWar2026 OR #USIranWar OR #IranIsraelWar OR #EpicFury) since:2026-06-06 until:2026-06-13,2026-06-06,2026-06-13,live,sampling_applied;returned=11;stored=10,scrolled;scrolls_used=4,done_with_errors;error_count=2,X_Scraper_v4_7_Target20K_Current.xlsx,Jobs+Subruns (depth=0),project_week=W15;depth=0;records_in_window=11
XRUN-XQ-H02-W15-D0-worker-2-20260809T081958754818Z,x,v3.0,XQ-H02,#StraitOfHormuz OR #MiddleEastWar OR #MiddleEastConflict OR #Hormuz,(#StraitOfHormuz OR #MiddleEastWar OR #MiddleEastConflict OR #Hormuz) since:2026-06-06 until:2026-06-13,2026-06-06,2026-06-13,live,sampling_applied;returned=15;stored=14,scrolled;scrolls_used=4,done,X_Scraper_v4_7_Target20K_Current.xlsx,Jobs+Subruns (depth=0),project_week=W15;depth=0;records_in_window=15
XRUN-XQ-001-W16-D0-worker-1-20260809T082035867763Z,x,v3.0,XQ-001,"(""Iran-US war"" OR ""US-Iran tensions"" OR ""Iran war"" OR ""US Iran war"")","((""Iran-US war"" OR ""US-Iran tensions"" OR ""Iran war"" OR ""US Iran war"")) since:2026-06-13 until:2026-06-20",2026-06-13,2026-06-20,live,unknown,scrolled;scrolls_used=4,done,X_Scraper_v4_7_Target20K_Current.xlsx,Jobs+Subruns (depth=0),project_week=W16;depth=0;records_in_window=17
XRUN-XQ-002-W16-D0-worker-2-20260809T082132882761Z,x,v3.0,XQ-002,"(""Iran"" AND (""airstrike"" OR ""missile strike"" OR ""drone attack""))","((""Iran"" AND (""airstrike"" OR ""missile strike"" OR ""drone attack""))) since:2026-06-13 until:2026-06-20",2026-06-13,2026-06-20,live,sampling_applied;returned=12;stored=11,scrolled;scrolls_used=4,done,X_Scraper_v4_7_Target20K_Current.xlsx,Jobs+Subruns (depth=0),project_week=W16;depth=0;records_in_window=12
XRUN-XQ-003-W16-D0-worker-1-20260809T082156444802Z,x,v3.0,XQ-003,"((""Iran"" OR ""IRGC"") AND (""US military"" OR ""United States"") AND (""airstrike"" OR ""missile strike""))","(((""Iran"" OR ""IRGC"") AND (""US military"" OR ""United States"") AND (""airstrike"" OR ""missile strike""))) since:2026-06-13 until:2026-06-20",2026-06-13,2026-06-20,live,sampling_applied;returned=12;stored=9,scrolled;scrolls_used=4,done,X_Scraper_v4_7_Target20K_Current.xlsx,Jobs+Subruns (depth=0),project_week=W16;depth=0;records_in_window=12
XRUN-XQ-004-W16-D0-worker-2-20260809T082230610484Z,x,v3.0,XQ-004,"((""Iran"" OR ""United States"") AND (""ceasefire"" OR ""negotiations"" OR ""peace talks""))","(((""Iran"" OR ""United States"") AND (""ceasefire"" OR ""negotiations"" OR ""peace talks""))) since:2026-06-13 until:2026-06-20",2026-06-13,2026-06-20,live,unknown,scrolled;scrolls_used=4,done_with_errors;error_count=2,X_Scraper_v4_7_Target20K_Current.xlsx,Jobs+Subruns (depth=0),project_week=W16;depth=0;records_in_window=13
XRUN-XQ-005-W16-D0-worker-1-20260809T082301855002Z,x,v3.0,XQ-005,"((""Iran"" OR ""United States"") AND (""sanctions"" OR ""nuclear programme"" OR ""nuclear program""))","(((""Iran"" OR ""United States"") AND (""sanctions"" OR ""nuclear programme"" OR ""nuclear program""))) since:2026-06-13 until:2026-06-20",2026-06-13,2026-06-20,live,sampling_applied;returned=12;stored=10,scrolled;scrolls_used=4,done,X_Scraper_v4_7_Target20K_Current.xlsx,Jobs+Subruns (depth=0),project_week=W16;depth=0;records_in_window=12
XRUN-XQ-006-W16-D0-worker-2-20260809T082330817235Z,x,v3.0,XQ-006,"((""Iran"" OR ""Iran-US war"") AND (""civilian casualties"" OR ""humanitarian crisis""))","(((""Iran"" OR ""Iran-US war"") AND (""civilian casualties"" OR ""humanitarian crisis""))) since:2026-06-13 until:2026-06-20",2026-06-13,2026-06-20,live,unknown,scrolled;scrolls_used=4,done,X_Scraper_v4_7_Target20K_Current.xlsx,Jobs+Subruns (depth=0),project_week=W16;depth=0;records_in_window=20
XRUN-XQ-007-W16-D0-worker-1-20260809T082354395569Z,x,v3.0,XQ-007,"((""Iran"" OR ""Iran-US war"") AND (""misinformation"" OR ""propaganda""))","(((""Iran"" OR ""Iran-US war"") AND (""misinformation"" OR ""propaganda""))) since:2026-06-13 until:2026-06-20",2026-06-13,2026-06-20,live,unknown,split_triggered;scrolls_used=4,job_split_to_children,X_Scraper_v4_7_Target20K_Current.xlsx,Jobs+Subruns (depth=0),project_week=W16;depth=0;records_in_window=20
XRUN-XQ-007-W16-D1-worker-1-20260809T094409926178Z,x,v3.0,XQ-007,"((""Iran"" OR ""Iran-US war"") AND (""misinformation"" OR ""propaganda""))","(((""Iran"" OR ""Iran-US war"") AND (""misinformation"" OR ""propaganda""))) since:2026-06-13 until:2026-06-16",2026-06-13,2026-06-16,live,unknown,scrolled;scrolls_used=4,done,X_Scraper_v4_7_Target20K_Current.xlsx,Jobs+Subruns (depth=>0),project_week=W16;depth=1;records_in_window=20
XRUN-XQ-007-W16-D1-worker-2-20260809T094505208358Z,x,v3.0,XQ-007,"((""Iran"" OR ""Iran-US war"") AND (""misinformation"" OR ""propaganda""))","(((""Iran"" OR ""Iran-US war"") AND (""misinformation"" OR ""propaganda""))) since:2026-06-16 until:2026-06-20",2026-06-16,2026-06-20,live,sampling_applied;returned=13;stored=11,scrolled;scrolls_used=4,done_with_errors;error_count=4,X_Scraper_v4_7_Target20K_Current.xlsx,Jobs+Subruns (depth=>0),project_week=W16;depth=1;records_in_window=13
XRUN-XQ-008-W16-D0-worker-2-20260809T082446503229Z,x,v3.0,XQ-008,"((""Iran"" OR ""Iran-US war"") AND (""oil price"" OR ""exchange rate"" OR ""gold price"" OR ""market volatility""))","(((""Iran"" OR ""Iran-US war"") AND (""oil price"" OR ""exchange rate"" OR ""gold price"" OR ""market volatility""))) since:2026-06-13 until:2026-06-20",2026-06-13,2026-06-20,live,unknown,scrolled;scrolls_used=4,done,X_Scraper_v4_7_Target20K_Current.xlsx,Jobs+Subruns (depth=0),project_week=W16;depth=0;records_in_window=12
XRUN-XQ-009-W16-D0-worker-1-20260809T082520710205Z,x,v3.0,XQ-009,"((""Iran"" OR ""Iran-US war"") AND (""Strait of Hormuz"" OR Hormuz OR ""oil price""))","(((""Iran"" OR ""Iran-US war"") AND (""Strait of Hormuz"" OR Hormuz OR ""oil price""))) since:2026-06-13 until:2026-06-20",2026-06-13,2026-06-20,live,sampling_applied;returned=10;stored=8,scrolled;scrolls_used=4,done,X_Scraper_v4_7_Target20K_Current.xlsx,Jobs+Subruns (depth=0),project_week=W16;depth=0;records_in_window=10
XRUN-XQ-010-W16-D0-worker-2-20260809T082535995219Z,x,v3.0,XQ-010,"(""جنگ ایران و آمریکا"" OR ""تنش ایران و آمریکا"" OR ""جنگ ایران آمریکا"")","((""جنگ ایران و آمریکا"" OR ""تنش ایران و آمریکا"" OR ""جنگ ایران آمریکا"")) since:2026-06-13 until:2026-06-20",2026-06-13,2026-06-20,live,unknown,scrolled;scrolls_used=4,done,X_Scraper_v4_7_Target20K_Current.xlsx,Jobs+Subruns (depth=0),project_week=W16;depth=0;records_in_window=15
XRUN-XQ-011-W16-D0-worker-1-20260809T082559677945Z,x,v3.0,XQ-011,"(""ایران"" AND (""حمله هوایی"" OR ""حمله موشکی"" OR ""حمله پهپادی""))","((""ایران"" AND (""حمله هوایی"" OR ""حمله موشکی"" OR ""حمله پهپادی""))) since:2026-06-13 until:2026-06-20",2026-06-13,2026-06-20,live,unknown,scrolled;scrolls_used=4,done,X_Scraper_v4_7_Target20K_Current.xlsx,Jobs+Subruns (depth=0),project_week=W16;depth=0;records_in_window=18
XRUN-XQ-012-W16-D0-worker-2-20260809T082638583858Z,x,v3.0,XQ-012,"((""ایران"" OR ""سپاه"") AND (""ارتش آمریکا"" OR ""ایالات متحده"") AND (""حمله هوایی"" OR ""حمله موشکی""))","(((""ایران"" OR ""سپاه"") AND (""ارتش آمریکا"" OR ""ایالات متحده"") AND (""حمله هوایی"" OR ""حمله موشکی""))) since:2026-06-13 until:2026-06-20",2026-06-13,2026-06-20,live,sampling_applied;returned=7;stored=6,scrolled;scrolls_used=4,done,X_Scraper_v4_7_Target20K_Current.xlsx,Jobs+Subruns (depth=0),project_week=W16;depth=0;records_in_window=7
XRUN-XQ-013-W16-D0-worker-1-20260809T082701425668Z,x,v3.0,XQ-013,"((""ایران"" OR ""ایالات متحده"" OR ""آمریکا"") AND (""آتش‌بس"" OR ""مذاکرات"" OR ""صلح""))","(((""ایران"" OR ""ایالات متحده"" OR ""آمریکا"") AND (""آتش‌بس"" OR ""مذاکرات"" OR ""صلح""))) since:2026-06-13 until:2026-06-20",2026-06-13,2026-06-20,live,unknown,scrolled;scrolls_used=4,done,X_Scraper_v4_7_Target20K_Current.xlsx,Jobs+Subruns (depth=0),project_week=W16;depth=0;records_in_window=13
XRUN-XQ-014-W16-D0-worker-2-20260809T082723579090Z,x,v3.0,XQ-014,"((""ایران"" OR ""ایالات متحده"") AND (""تحریم‌ها"" OR ""برنامه هسته‌ای""))","(((""ایران"" OR ""ایالات متحده"") AND (""تحریم‌ها"" OR ""برنامه هسته‌ای""))) since:2026-06-13 until:2026-06-20",2026-06-13,2026-06-20,live,sampling_applied;returned=11;stored=10,scrolled;scrolls_used=4,done,X_Scraper_v4_7_Target20K_Current.xlsx,Jobs+Subruns (depth=0),project_week=W16;depth=0;records_in_window=11
XRUN-XQ-015-W16-D0-worker-1-20260809T082747872001Z,x,v3.0,XQ-015,"((""ایران"" OR ""جنگ ایران و آمریکا"") AND (""تلفات غیرنظامیان"" OR ""بحران انسانی""))","(((""ایران"" OR ""جنگ ایران و آمریکا"") AND (""تلفات غیرنظامیان"" OR ""بحران انسانی""))) since:2026-06-13 until:2026-06-20",2026-06-13,2026-06-20,live,unknown,scrolled;scrolls_used=3,done,X_Scraper_v4_7_Target20K_Current.xlsx,Jobs+Subruns (depth=0),project_week=W16;depth=0;records_in_window=5
XRUN-XQ-016-W16-D0-worker-2-20260809T082802341841Z,x,v3.0,XQ-016,"((""ایران"" OR ""جنگ ایران و آمریکا"") AND (""اطلاعات نادرست"" OR ""تبلیغات سیاسی""))","(((""ایران"" OR ""جنگ ایران و آمریکا"") AND (""اطلاعات نادرست"" OR ""تبلیغات سیاسی""))) since:2026-06-13 until:2026-06-20",2026-06-13,2026-06-20,live,unknown,scrolled;scrolls_used=4,done,X_Scraper_v4_7_Target20K_Current.xlsx,Jobs+Subruns (depth=0),project_week=W16;depth=0;records_in_window=10
XRUN-XQ-017-W16-D0-worker-1-20260809T082829738296Z,x,v3.0,XQ-017,"((""ایران"" OR ""جنگ ایران و آمریکا"") AND (""قیمت نفت"" OR ""نرخ ارز"" OR ""قیمت طلا"" OR ""نوسان بازار""))","(((""ایران"" OR ""جنگ ایران و آمریکا"") AND (""قیمت نفت"" OR ""نرخ ارز"" OR ""قیمت طلا"" OR ""نوسان بازار""))) since:2026-06-13 until:2026-06-20",2026-06-13,2026-06-20,live,unknown,scrolled;scrolls_used=4,done,X_Scraper_v4_7_Target20K_Current.xlsx,Jobs+Subruns (depth=0),project_week=W16;depth=0;records_in_window=13
XRUN-XQ-018-W16-D0-worker-2-20260809T082855448393Z,x,v3.0,XQ-018,"((""ایران"" OR ""جنگ ایران و آمریکا"") AND (""تنگه هرمز"" OR ""قیمت نفت""))","(((""ایران"" OR ""جنگ ایران و آمریکا"") AND (""تنگه هرمز"" OR ""قیمت نفت""))) since:2026-06-13 until:2026-06-20",2026-06-13,2026-06-20,live,sampling_applied;returned=12;stored=9,scrolled;scrolls_used=4,done,X_Scraper_v4_7_Target20K_Current.xlsx,Jobs+Subruns (depth=0),project_week=W16;depth=0;records_in_window=12
XRUN-XQ-019-W16-D0-worker-1-20260809T082920927073Z,x,v3.0,XQ-019,"(""Epic Fury"" OR ""Operation Epic Fury"" OR ""Roaring Lion"")","((""Epic Fury"" OR ""Operation Epic Fury"" OR ""Roaring Lion"")) since:2026-06-13 until:2026-06-20",2026-06-13,2026-06-20,live,unknown,split_triggered;scrolls_used=4,job_split_to_children,X_Scraper_v4_7_Target20K_Current.xlsx,Jobs+Subruns (depth=0),project_week=W16;depth=0;records_in_window=20
XRUN-XQ-019-W16-D1-worker-1-20260809T094533625119Z,x,v3.0,XQ-019,"(""Epic Fury"" OR ""Operation Epic Fury"" OR ""Roaring Lion"")","((""Epic Fury"" OR ""Operation Epic Fury"" OR ""Roaring Lion"")) since:2026-06-13 until:2026-06-16",2026-06-13,2026-06-16,live,unknown,split_triggered;scrolls_used=4,job_split_to_children,X_Scraper_v4_7_Target20K_Current.xlsx,Jobs+Subruns (depth=>0),project_week=W16;depth=1;records_in_window=18
XRUN-XQ-019-W16-D2-worker-2-20260809T100205948411Z,x,v3.0,XQ-019,"(""Epic Fury"" OR ""Operation Epic Fury"" OR ""Roaring Lion"")","((""Epic Fury"" OR ""Operation Epic Fury"" OR ""Roaring Lion"")) since:2026-06-13 until:2026-06-14",2026-06-13,2026-06-14,live,unknown,scrolled;scrolls_used=9,done_with_errors;error_count=1,X_Scraper_v4_7_Target20K_Current.xlsx,Jobs+Subruns (depth=>0),project_week=W16;depth=2;records_in_window=31
XRUN-XQ-019-W16-D2-worker-1-20260809T100233222470Z,x,v3.0,XQ-019,"(""Epic Fury"" OR ""Operation Epic Fury"" OR ""Roaring Lion"")","((""Epic Fury"" OR ""Operation Epic Fury"" OR ""Roaring Lion"")) since:2026-06-14 until:2026-06-16",2026-06-14,2026-06-16,live,sampling_applied;returned=20;stored=2,scrolled;scrolls_used=4,done,X_Scraper_v4_7_Target20K_Current.xlsx,Jobs+Subruns (depth=>0),project_week=W16;depth=2;records_in_window=20
XRUN-XQ-019-W16-D1-worker-2-20260809T094557448470Z,x,v3.0,XQ-019,"(""Epic Fury"" OR ""Operation Epic Fury"" OR ""Roaring Lion"")","((""Epic Fury"" OR ""Operation Epic Fury"" OR ""Roaring Lion"")) since:2026-06-16 until:2026-06-20",2026-06-16,2026-06-20,live,sampling_applied;returned=14;stored=5,split_triggered;scrolls_used=4,job_split_to_children,X_Scraper_v4_7_Target20K_Current.xlsx,Jobs+Subruns (depth=>0),project_week=W16;depth=1;records_in_window=14
XRUN-XQ-019-W16-D2-worker-1-20260809T100335622669Z,x,v3.0,XQ-019,"(""Epic Fury"" OR ""Operation Epic Fury"" OR ""Roaring Lion"")","((""Epic Fury"" OR ""Operation Epic Fury"" OR ""Roaring Lion"")) since:2026-06-16 until:2026-06-18",2026-06-16,2026-06-18,live,unknown,scrolled;scrolls_used=4,done_with_errors;error_count=8,X_Scraper_v4_7_Target20K_Current.xlsx,Jobs+Subruns (depth=>0),project_week=W16;depth=2;records_in_window=18
XRUN-XQ-019-W16-D2-worker-2-20260809T100421980348Z,x,v3.0,XQ-019,"(""Epic Fury"" OR ""Operation Epic Fury"" OR ""Roaring Lion"")","((""Epic Fury"" OR ""Operation Epic Fury"" OR ""Roaring Lion"")) since:2026-06-18 until:2026-06-20",2026-06-18,2026-06-20,live,sampling_applied;returned=14;stored=0,split_triggered;scrolls_used=4,job_split_to_children,X_Scraper_v4_7_Target20K_Current.xlsx,Jobs+Subruns (depth=>0),project_week=W16;depth=2;records_in_window=14
XRUN-XQ-019-W16-D3-worker-1-20260809T101027641147Z,x,v3.0,XQ-019,"(""Epic Fury"" OR ""Operation Epic Fury"" OR ""Roaring Lion"")","((""Epic Fury"" OR ""Operation Epic Fury"" OR ""Roaring Lion"")) since:2026-06-18 until:2026-06-19",2026-06-18,2026-06-19,live,unknown,scrolled;scrolls_used=9,done,X_Scraper_v4_7_Target20K_Current.xlsx,Jobs+Subruns (depth=>0),project_week=W16;depth=3;records_in_window=32
XRUN-XQ-019-W16-D3-worker-2-20260809T101149386224Z,x,v3.0,XQ-019,"(""Epic Fury"" OR ""Operation Epic Fury"" OR ""Roaring Lion"")","((""Epic Fury"" OR ""Operation Epic Fury"" OR ""Roaring Lion"")) since:2026-06-19 until:2026-06-20",2026-06-19,2026-06-20,live,sampling_applied;returned=27;stored=2,scrolled;scrolls_used=9,done_with_errors;error_count=1,X_Scraper_v4_7_Target20K_Current.xlsx,Jobs+Subruns (depth=>0),project_week=W16;depth=3;records_in_window=27
XRUN-XQ-020-W16-D0-worker-2-20260809T082957901665Z,x,v3.0,XQ-020,"(Hormuz OR ""Strait of Hormuz"") AND (blockade OR closed OR reopened OR shipping OR transit)","((Hormuz OR ""Strait of Hormuz"") AND (blockade OR closed OR reopened OR shipping OR transit)) since:2026-06-13 until:2026-06-20",2026-06-13,2026-06-20,live,sampling_applied;returned=14;stored=12,scrolled;scrolls_used=4,done,X_Scraper_v4_7_Target20K_Current.xlsx,Jobs+Subruns (depth=0),project_week=W16;depth=0;records_in_window=14
XRUN-XQ-021-W16-D0-worker-1-20260809T083101270837Z,x,v3.0,XQ-021,"((""Islamabad"" OR MOU OR ""memorandum of understanding"") AND (Iran OR ""United States"" OR Trump))","(((""Islamabad"" OR MOU OR ""memorandum of understanding"") AND (Iran OR ""United States"" OR Trump))) since:2026-06-13 until:2026-06-20",2026-06-13,2026-06-20,live,sampling_applied;returned=20;stored=17,split_triggered;scrolls_used=4,job_split_to_children,X_Scraper_v4_7_Target20K_Current.xlsx,Jobs+Subruns (depth=0),project_week=W16;depth=0;records_in_window=20
XRUN-XQ-021-W16-D1-worker-1-20260809T094625918120Z,x,v3.0,XQ-021,"((""Islamabad"" OR MOU OR ""memorandum of understanding"") AND (Iran OR ""United States"" OR Trump))","(((""Islamabad"" OR MOU OR ""memorandum of understanding"") AND (Iran OR ""United States"" OR Trump))) since:2026-06-13 until:2026-06-16",2026-06-13,2026-06-16,live,unknown,scrolled;scrolls_used=4,done,X_Scraper_v4_7_Target20K_Current.xlsx,Jobs+Subruns (depth=>0),project_week=W16;depth=1;records_in_window=17
XRUN-XQ-021-W16-D1-worker-2-20260809T094653597194Z,x,v3.0,XQ-021,"((""Islamabad"" OR MOU OR ""memorandum of understanding"") AND (Iran OR ""United States"" OR Trump))","(((""Islamabad"" OR MOU OR ""memorandum of understanding"") AND (Iran OR ""United States"" OR Trump))) since:2026-06-16 until:2026-06-20",2026-06-16,2026-06-20,live,sampling_applied;returned=14;stored=12,scrolled;scrolls_used=4,done,X_Scraper_v4_7_Target20K_Current.xlsx,Jobs+Subruns (depth=>0),project_week=W16;depth=1;records_in_window=14
XRUN-XQ-022-W16-D0-worker-2-20260809T083102769076Z,x,v3.0,XQ-022,"(""اپیک فیوری"" OR ""عملیات حماسه"" OR ""حماسه خشم"" OR ""روآرینگ لاین"")","((""اپیک فیوری"" OR ""عملیات حماسه"" OR ""حماسه خشم"" OR ""روآرینگ لاین"")) since:2026-06-13 until:2026-06-20",2026-06-13,2026-06-20,live,unknown,scrolled;scrolls_used=4,done,X_Scraper_v4_7_Target20K_Current.xlsx,Jobs+Subruns (depth=0),project_week=W16;depth=0;records_in_window=2
XRUN-XQ-023-W16-D0-worker-2-20260809T083133827645Z,x,v3.0,XQ-023,"(""تنگه هرمز"") AND (""بسته"" OR ""مسدود"" OR ""محاصره"" OR ""بازگشایی"" OR ""کشتیرانی"")","((""تنگه هرمز"") AND (""بسته"" OR ""مسدود"" OR ""محاصره"" OR ""بازگشایی"" OR ""کشتیرانی"")) since:2026-06-13 until:2026-06-20",2026-06-13,2026-06-20,live,unknown,scrolled;scrolls_used=2,done,X_Scraper_v4_7_Target20K_Current.xlsx,Jobs+Subruns (depth=0),project_week=W16;depth=0;records_in_window=0
XRUN-XQ-024-W16-D0-worker-2-20260809T083144048790Z,x,v3.0,XQ-024,"(""اسلام‌آباد"" OR ""تفاهم‌نامه"" OR ""تفاهم نامه"") AND (""ایران"" OR ""آمریکا"")","((""اسلام‌آباد"" OR ""تفاهم‌نامه"" OR ""تفاهم نامه"") AND (""ایران"" OR ""آمریکا"")) since:2026-06-13 until:2026-06-20",2026-06-13,2026-06-20,live,sampling_applied;returned=10;stored=9,scrolled;scrolls_used=4,done,X_Scraper_v4_7_Target20K_Current.xlsx,Jobs+Subruns (depth=0),project_week=W16;depth=0;records_in_window=10
XRUN-XQ-H01-W16-D0-worker-1-20260809T083211349957Z,x,v3.0,XQ-H01,#IranWar OR #IranWar2026 OR #USIranWar OR #IranIsraelWar OR #EpicFury,(#IranWar OR #IranWar2026 OR #USIranWar OR #IranIsraelWar OR #EpicFury) since:2026-06-13 until:2026-06-20,2026-06-13,2026-06-20,live,unknown,scrolled;scrolls_used=4,done,X_Scraper_v4_7_Target20K_Current.xlsx,Jobs+Subruns (depth=0),project_week=W16;depth=0;records_in_window=11
XRUN-XQ-H02-W16-D0-worker-2-20260809T083246429213Z,x,v3.0,XQ-H02,#StraitOfHormuz OR #MiddleEastWar OR #MiddleEastConflict OR #Hormuz,(#StraitOfHormuz OR #MiddleEastWar OR #MiddleEastConflict OR #Hormuz) since:2026-06-13 until:2026-06-20,2026-06-13,2026-06-20,live,unknown,scrolled;scrolls_used=2,done,X_Scraper_v4_7_Target20K_Current.xlsx,Jobs+Subruns (depth=0),project_week=W16;depth=0;records_in_window=0
XRUN-XQ-001-W17-D0-worker-2-20260809T083257932433Z,x,v3.0,XQ-001,"(""Iran-US war"" OR ""US-Iran tensions"" OR ""Iran war"" OR ""US Iran war"")","((""Iran-US war"" OR ""US-Iran tensions"" OR ""Iran war"" OR ""US Iran war"")) since:2026-06-20 until:2026-06-27",2026-06-20,2026-06-27,live,unknown,scrolled;scrolls_used=4,done_with_errors;error_count=2,X_Scraper_v4_7_Target20K_Current.xlsx,Jobs+Subruns (depth=0),project_week=W17;depth=0;records_in_window=13
XRUN-XQ-002-W17-D0-worker-1-20260809T083324939644Z,x,v3.0,XQ-002,"(""Iran"" AND (""airstrike"" OR ""missile strike"" OR ""drone attack""))","((""Iran"" AND (""airstrike"" OR ""missile strike"" OR ""drone attack""))) since:2026-06-20 until:2026-06-27",2026-06-20,2026-06-27,live,unknown,split_triggered;scrolls_used=4,job_split_to_children,X_Scraper_v4_7_Target20K_Current.xlsx,Jobs+Subruns (depth=0),project_week=W17;depth=0;records_in_window=16
XRUN-XQ-002-W17-D1-worker-1-20260809T094739586362Z,x,v3.0,XQ-002,"(""Iran"" AND (""airstrike"" OR ""missile strike"" OR ""drone attack""))","((""Iran"" AND (""airstrike"" OR ""missile strike"" OR ""drone attack""))) since:2026-06-20 until:2026-06-23",2026-06-20,2026-06-23,live,unknown,scrolled;scrolls_used=4,done,X_Scraper_v4_7_Target20K_Current.xlsx,Jobs+Subruns (depth=>0),project_week=W17;depth=1;records_in_window=11
XRUN-XQ-002-W17-D1-worker-2-20260809T094811391333Z,x,v3.0,XQ-002,"(""Iran"" AND (""airstrike"" OR ""missile strike"" OR ""drone attack""))","((""Iran"" AND (""airstrike"" OR ""missile strike"" OR ""drone attack""))) since:2026-06-23 until:2026-06-27",2026-06-23,2026-06-27,live,sampling_applied;returned=13;stored=11,scrolled;scrolls_used=4,done,X_Scraper_v4_7_Target20K_Current.xlsx,Jobs+Subruns (depth=>0),project_week=W17;depth=1;records_in_window=13
XRUN-XQ-003-W17-D0-worker-2-20260809T083403280645Z,x,v3.0,XQ-003,"((""Iran"" OR ""IRGC"") AND (""US military"" OR ""United States"") AND (""airstrike"" OR ""missile strike""))","(((""Iran"" OR ""IRGC"") AND (""US military"" OR ""United States"") AND (""airstrike"" OR ""missile strike""))) since:2026-06-20 until:2026-06-27",2026-06-20,2026-06-27,live,unknown,scrolled;scrolls_used=4,done,X_Scraper_v4_7_Target20K_Current.xlsx,Jobs+Subruns (depth=0),project_week=W17;depth=0;records_in_window=11
XRUN-XQ-004-W17-D0-worker-1-20260809T083447578046Z,x,v3.0,XQ-004,"((""Iran"" OR ""United States"") AND (""ceasefire"" OR ""negotiations"" OR ""peace talks""))","(((""Iran"" OR ""United States"") AND (""ceasefire"" OR ""negotiations"" OR ""peace talks""))) since:2026-06-20 until:2026-06-27",2026-06-20,2026-06-27,live,unknown,scrolled;scrolls_used=2,done,X_Scraper_v4_7_Target20K_Current.xlsx,Jobs+Subruns (depth=0),project_week=W17;depth=0;records_in_window=0
XRUN-XQ-005-W17-D0-worker-1-20260809T083504948814Z,x,v3.0,XQ-005,"((""Iran"" OR ""United States"") AND (""sanctions"" OR ""nuclear programme"" OR ""nuclear program""))","(((""Iran"" OR ""United States"") AND (""sanctions"" OR ""nuclear programme"" OR ""nuclear program""))) since:2026-06-20 until:2026-06-27",2026-06-20,2026-06-27,live,unknown,scrolled;scrolls_used=4,done_with_errors;error_count=2,X_Scraper_v4_7_Target20K_Current.xlsx,Jobs+Subruns (depth=0),project_week=W17;depth=0;records_in_window=14
XRUN-XQ-006-W17-D0-worker-2-20260809T083513066364Z,x,v3.0,XQ-006,"((""Iran"" OR ""Iran-US war"") AND (""civilian casualties"" OR ""humanitarian crisis""))","(((""Iran"" OR ""Iran-US war"") AND (""civilian casualties"" OR ""humanitarian crisis""))) since:2026-06-20 until:2026-06-27",2026-06-20,2026-06-27,live,unknown,scrolled;scrolls_used=2,done,X_Scraper_v4_7_Target20K_Current.xlsx,Jobs+Subruns (depth=0),project_week=W17;depth=0;records_in_window=0
XRUN-XQ-007-W17-D0-worker-2-20260809T083524195674Z,x,v3.0,XQ-007,"((""Iran"" OR ""Iran-US war"") AND (""misinformation"" OR ""propaganda""))","(((""Iran"" OR ""Iran-US war"") AND (""misinformation"" OR ""propaganda""))) since:2026-06-20 until:2026-06-27",2026-06-20,2026-06-27,live,sampling_applied;returned=20;stored=19,scrolled;scrolls_used=4,done_with_errors;error_count=2,X_Scraper_v4_7_Target20K_Current.xlsx,Jobs+Subruns (depth=0),project_week=W17;depth=0;records_in_window=20
XRUN-XQ-008-W17-D0-worker-1-20260809T083556766700Z,x,v3.0,XQ-008,"((""Iran"" OR ""Iran-US war"") AND (""oil price"" OR ""exchange rate"" OR ""gold price"" OR ""market volatility""))","(((""Iran"" OR ""Iran-US war"") AND (""oil price"" OR ""exchange rate"" OR ""gold price"" OR ""market volatility""))) since:2026-06-20 until:2026-06-27",2026-06-20,2026-06-27,live,unknown,scrolled;scrolls_used=4,done_with_errors;error_count=3,X_Scraper_v4_7_Target20K_Current.xlsx,Jobs+Subruns (depth=0),project_week=W17;depth=0;records_in_window=13
XRUN-XQ-009-W17-D0-worker-2-20260809T083635482263Z,x,v3.0,XQ-009,"((""Iran"" OR ""Iran-US war"") AND (""Strait of Hormuz"" OR Hormuz OR ""oil price""))","(((""Iran"" OR ""Iran-US war"") AND (""Strait of Hormuz"" OR Hormuz OR ""oil price""))) since:2026-06-20 until:2026-06-27",2026-06-20,2026-06-27,live,sampling_applied;returned=14;stored=12,scrolled;scrolls_used=4,done,X_Scraper_v4_7_Target20K_Current.xlsx,Jobs+Subruns (depth=0),project_week=W17;depth=0;records_in_window=14
XRUN-XQ-010-W17-D0-worker-1-20260809T083658335502Z,x,v3.0,XQ-010,"(""جنگ ایران و آمریکا"" OR ""تنش ایران و آمریکا"" OR ""جنگ ایران آمریکا"")","((""جنگ ایران و آمریکا"" OR ""تنش ایران و آمریکا"" OR ""جنگ ایران آمریکا"")) since:2026-06-20 until:2026-06-27",2026-06-20,2026-06-27,live,unknown,scrolled;scrolls_used=4,done,X_Scraper_v4_7_Target20K_Current.xlsx,Jobs+Subruns (depth=0),project_week=W17;depth=0;records_in_window=17
XRUN-XQ-011-W17-D0-worker-2-20260809T083729816103Z,x,v3.0,XQ-011,"(""ایران"" AND (""حمله هوایی"" OR ""حمله موشکی"" OR ""حمله پهپادی""))","((""ایران"" AND (""حمله هوایی"" OR ""حمله موشکی"" OR ""حمله پهپادی""))) since:2026-06-20 until:2026-06-27",2026-06-20,2026-06-27,live,sampling_applied;returned=11;stored=10,scrolled;scrolls_used=4,done,X_Scraper_v4_7_Target20K_Current.xlsx,Jobs+Subruns (depth=0),project_week=W17;depth=0;records_in_window=11
XRUN-XQ-012-W17-D0-worker-1-20260809T083809682142Z,x,v3.0,XQ-012,"((""ایران"" OR ""سپاه"") AND (""ارتش آمریکا"" OR ""ایالات متحده"") AND (""حمله هوایی"" OR ""حمله موشکی""))","(((""ایران"" OR ""سپاه"") AND (""ارتش آمریکا"" OR ""ایالات متحده"") AND (""حمله هوایی"" OR ""حمله موشکی""))) since:2026-06-20 until:2026-06-27",2026-06-20,2026-06-27,live,unknown,scrolled;scrolls_used=4,done_with_errors;error_count=1,X_Scraper_v4_7_Target20K_Current.xlsx,Jobs+Subruns (depth=0),project_week=W17;depth=0;records_in_window=11
XRUN-XQ-013-W17-D0-worker-2-20260809T083827546341Z,x,v3.0,XQ-013,"((""ایران"" OR ""ایالات متحده"" OR ""آمریکا"") AND (""آتش‌بس"" OR ""مذاکرات"" OR ""صلح""))","(((""ایران"" OR ""ایالات متحده"" OR ""آمریکا"") AND (""آتش‌بس"" OR ""مذاکرات"" OR ""صلح""))) since:2026-06-20 until:2026-06-27",2026-06-20,2026-06-27,live,unknown,scrolled;scrolls_used=4,done_with_errors;error_count=2,X_Scraper_v4_7_Target20K_Current.xlsx,Jobs+Subruns (depth=0),project_week=W17;depth=0;records_in_window=13
XRUN-XQ-014-W17-D0-worker-1-20260809T083855621559Z,x,v3.0,XQ-014,"((""ایران"" OR ""ایالات متحده"") AND (""تحریم‌ها"" OR ""برنامه هسته‌ای""))","(((""ایران"" OR ""ایالات متحده"") AND (""تحریم‌ها"" OR ""برنامه هسته‌ای""))) since:2026-06-20 until:2026-06-27",2026-06-20,2026-06-27,live,unknown,scrolled;scrolls_used=4,done,X_Scraper_v4_7_Target20K_Current.xlsx,Jobs+Subruns (depth=0),project_week=W17;depth=0;records_in_window=15
XRUN-XQ-015-W17-D0-worker-2-20260809T083945774055Z,x,v3.0,XQ-015,"((""ایران"" OR ""جنگ ایران و آمریکا"") AND (""تلفات غیرنظامیان"" OR ""بحران انسانی""))","(((""ایران"" OR ""جنگ ایران و آمریکا"") AND (""تلفات غیرنظامیان"" OR ""بحران انسانی""))) since:2026-06-20 until:2026-06-27",2026-06-20,2026-06-27,live,unknown,scrolled;scrolls_used=4,done,X_Scraper_v4_7_Target20K_Current.xlsx,Jobs+Subruns (depth=0),project_week=W17;depth=0;records_in_window=11
XRUN-XQ-016-W17-D0-worker-1-20260809T084015126997Z,x,v3.0,XQ-016,"((""ایران"" OR ""جنگ ایران و آمریکا"") AND (""اطلاعات نادرست"" OR ""تبلیغات سیاسی""))","(((""ایران"" OR ""جنگ ایران و آمریکا"") AND (""اطلاعات نادرست"" OR ""تبلیغات سیاسی""))) since:2026-06-20 until:2026-06-27",2026-06-20,2026-06-27,live,unknown,scrolled;scrolls_used=4,done,X_Scraper_v4_7_Target20K_Current.xlsx,Jobs+Subruns (depth=0),project_week=W17;depth=0;records_in_window=15
XRUN-XQ-017-W17-D0-worker-2-20260809T084040646339Z,x,v3.0,XQ-017,"((""ایران"" OR ""جنگ ایران و آمریکا"") AND (""قیمت نفت"" OR ""نرخ ارز"" OR ""قیمت طلا"" OR ""نوسان بازار""))","(((""ایران"" OR ""جنگ ایران و آمریکا"") AND (""قیمت نفت"" OR ""نرخ ارز"" OR ""قیمت طلا"" OR ""نوسان بازار""))) since:2026-06-20 until:2026-06-27",2026-06-20,2026-06-27,live,unknown,split_triggered;scrolls_used=4,job_split_to_children,X_Scraper_v4_7_Target20K_Current.xlsx,Jobs+Subruns (depth=0),project_week=W17;depth=0;records_in_window=18
XRUN-XQ-017-W17-D1-worker-1-20260809T094839773572Z,x,v3.0,XQ-017,"((""ایران"" OR ""جنگ ایران و آمریکا"") AND (""قیمت نفت"" OR ""نرخ ارز"" OR ""قیمت طلا"" OR ""نوسان بازار""))","(((""ایران"" OR ""جنگ ایران و آمریکا"") AND (""قیمت نفت"" OR ""نرخ ارز"" OR ""قیمت طلا"" OR ""نوسان بازار""))) since:2026-06-20 until:2026-06-23",2026-06-20,2026-06-23,live,unknown,scrolled;scrolls_used=4,done,X_Scraper_v4_7_Target20K_Current.xlsx,Jobs+Subruns (depth=>0),project_week=W17;depth=1;records_in_window=15
XRUN-XQ-017-W17-D1-worker-2-20260809T094932333998Z,x,v3.0,XQ-017,"((""ایران"" OR ""جنگ ایران و آمریکا"") AND (""قیمت نفت"" OR ""نرخ ارز"" OR ""قیمت طلا"" OR ""نوسان بازار""))","(((""ایران"" OR ""جنگ ایران و آمریکا"") AND (""قیمت نفت"" OR ""نرخ ارز"" OR ""قیمت طلا"" OR ""نوسان بازار""))) since:2026-06-23 until:2026-06-27",2026-06-23,2026-06-27,live,sampling_applied;returned=14;stored=0,scrolled;scrolls_used=4,done,X_Scraper_v4_7_Target20K_Current.xlsx,Jobs+Subruns (depth=>0),project_week=W17;depth=1;records_in_window=14
XRUN-XQ-018-W17-D0-worker-1-20260809T084143298314Z,x,v3.0,XQ-018,"((""ایران"" OR ""جنگ ایران و آمریکا"") AND (""تنگه هرمز"" OR ""قیمت نفت""))","(((""ایران"" OR ""جنگ ایران و آمریکا"") AND (""تنگه هرمز"" OR ""قیمت نفت""))) since:2026-06-20 until:2026-06-27",2026-06-20,2026-06-27,live,sampling_applied;returned=13;stored=10,scrolled;scrolls_used=4,done_with_errors;error_count=5,X_Scraper_v4_7_Target20K_Current.xlsx,Jobs+Subruns (depth=0),project_week=W17;depth=0;records_in_window=13
XRUN-XQ-019-W17-D0-worker-2-20260809T084158959412Z,x,v3.0,XQ-019,"(""Epic Fury"" OR ""Operation Epic Fury"" OR ""Roaring Lion"")","((""Epic Fury"" OR ""Operation Epic Fury"" OR ""Roaring Lion"")) since:2026-06-20 until:2026-06-27",2026-06-20,2026-06-27,live,unknown,scrolled;scrolls_used=4,done,X_Scraper_v4_7_Target20K_Current.xlsx,Jobs+Subruns (depth=0),project_week=W17;depth=0;records_in_window=19
XRUN-XQ-020-W17-D0-worker-1-20260809T084243572278Z,x,v3.0,XQ-020,"(Hormuz OR ""Strait of Hormuz"") AND (blockade OR closed OR reopened OR shipping OR transit)","((Hormuz OR ""Strait of Hormuz"") AND (blockade OR closed OR reopened OR shipping OR transit)) since:2026-06-20 until:2026-06-27",2026-06-20,2026-06-27,live,sampling_applied;returned=19;stored=16,split_triggered;scrolls_used=4,job_split_to_children,X_Scraper_v4_7_Target20K_Current.xlsx,Jobs+Subruns (depth=0),project_week=W17;depth=0;records_in_window=19
XRUN-XQ-020-W17-D1-worker-1-20260809T095029681644Z,x,v3.0,XQ-020,"(Hormuz OR ""Strait of Hormuz"") AND (blockade OR closed OR reopened OR shipping OR transit)","((Hormuz OR ""Strait of Hormuz"") AND (blockade OR closed OR reopened OR shipping OR transit)) since:2026-06-20 until:2026-06-23",2026-06-20,2026-06-23,live,unknown,scrolled;scrolls_used=4,done,X_Scraper_v4_7_Target20K_Current.xlsx,Jobs+Subruns (depth=>0),project_week=W17;depth=1;records_in_window=18
XRUN-XQ-020-W17-D1-worker-2-20260809T095102720857Z,x,v3.0,XQ-020,"(Hormuz OR ""Strait of Hormuz"") AND (blockade OR closed OR reopened OR shipping OR transit)","((Hormuz OR ""Strait of Hormuz"") AND (blockade OR closed OR reopened OR shipping OR transit)) since:2026-06-23 until:2026-06-27",2026-06-23,2026-06-27,live,sampling_applied;returned=16;stored=14,scrolled;scrolls_used=4,done,X_Scraper_v4_7_Target20K_Current.xlsx,Jobs+Subruns (depth=>0),project_week=W17;depth=1;records_in_window=16
XRUN-XQ-021-W17-D0-worker-2-20260809T084313342790Z,x,v3.0,XQ-021,"((""Islamabad"" OR MOU OR ""memorandum of understanding"") AND (Iran OR ""United States"" OR Trump))","(((""Islamabad"" OR MOU OR ""memorandum of understanding"") AND (Iran OR ""United States"" OR Trump))) since:2026-06-20 until:2026-06-27",2026-06-20,2026-06-27,live,sampling_applied;returned=13;stored=12,scrolled;scrolls_used=4,done,X_Scraper_v4_7_Target20K_Current.xlsx,Jobs+Subruns (depth=0),project_week=W17;depth=0;records_in_window=13
XRUN-XQ-022-W17-D0-worker-2-20260809T084351588293Z,x,v3.0,XQ-022,"(""اپیک فیوری"" OR ""عملیات حماسه"" OR ""حماسه خشم"" OR ""روآرینگ لاین"")","((""اپیک فیوری"" OR ""عملیات حماسه"" OR ""حماسه خشم"" OR ""روآرینگ لاین"")) since:2026-06-20 until:2026-06-27",2026-06-20,2026-06-27,live,unknown,scrolled;scrolls_used=4,done,X_Scraper_v4_7_Target20K_Current.xlsx,Jobs+Subruns (depth=0),project_week=W17;depth=0;records_in_window=2
XRUN-XQ-023-W17-D0-worker-1-20260809T084402783051Z,x,v3.0,XQ-023,"(""تنگه هرمز"") AND (""بسته"" OR ""مسدود"" OR ""محاصره"" OR ""بازگشایی"" OR ""کشتیرانی"")","((""تنگه هرمز"") AND (""بسته"" OR ""مسدود"" OR ""محاصره"" OR ""بازگشایی"" OR ""کشتیرانی"")) since:2026-06-20 until:2026-06-27",2026-06-20,2026-06-27,live,sampling_applied;returned=12;stored=11,scrolled;scrolls_used=4,done,X_Scraper_v4_7_Target20K_Current.xlsx,Jobs+Subruns (depth=0),project_week=W17;depth=0;records_in_window=12
XRUN-XQ-024-W17-D0-worker-2-20260809T084429194993Z,x,v3.0,XQ-024,"(""اسلام‌آباد"" OR ""تفاهم‌نامه"" OR ""تفاهم نامه"") AND (""ایران"" OR ""آمریکا"")","((""اسلام‌آباد"" OR ""تفاهم‌نامه"" OR ""تفاهم نامه"") AND (""ایران"" OR ""آمریکا"")) since:2026-06-20 until:2026-06-27",2026-06-20,2026-06-27,live,sampling_applied;returned=14;stored=12,scrolled;scrolls_used=4,done,X_Scraper_v4_7_Target20K_Current.xlsx,Jobs+Subruns (depth=0),project_week=W17;depth=0;records_in_window=14
XRUN-XQ-H01-W17-D0-worker-1-20260809T084501550196Z,x,v3.0,XQ-H01,#IranWar OR #IranWar2026 OR #USIranWar OR #IranIsraelWar OR #EpicFury,(#IranWar OR #IranWar2026 OR #USIranWar OR #IranIsraelWar OR #EpicFury) since:2026-06-20 until:2026-06-27,2026-06-20,2026-06-27,live,unknown,scrolled;scrolls_used=4,done,X_Scraper_v4_7_Target20K_Current.xlsx,Jobs+Subruns (depth=0),project_week=W17;depth=0;records_in_window=12
XRUN-XQ-H02-W17-D0-worker-2-20260809T084536144115Z,x,v3.0,XQ-H02,#StraitOfHormuz OR #MiddleEastWar OR #MiddleEastConflict OR #Hormuz,(#StraitOfHormuz OR #MiddleEastWar OR #MiddleEastConflict OR #Hormuz) since:2026-06-20 until:2026-06-27,2026-06-20,2026-06-27,live,unknown,scrolled;scrolls_used=2,done,X_Scraper_v4_7_Target20K_Current.xlsx,Jobs+Subruns (depth=0),project_week=W17;depth=0;records_in_window=0
XRUN-XQ-001-W18-D0-worker-2-20260809T084546999065Z,x,v3.0,XQ-001,"(""Iran-US war"" OR ""US-Iran tensions"" OR ""Iran war"" OR ""US Iran war"")","((""Iran-US war"" OR ""US-Iran tensions"" OR ""Iran war"" OR ""US Iran war"")) since:2026-06-27 until:2026-07-04",2026-06-27,2026-07-04,live,unknown,scrolled;scrolls_used=4,done,X_Scraper_v4_7_Target20K_Current.xlsx,Jobs+Subruns (depth=0),project_week=W18;depth=0;records_in_window=14
XRUN-XQ-002-W18-D0-worker-1-20260809T084612857573Z,x,v3.0,XQ-002,"(""Iran"" AND (""airstrike"" OR ""missile strike"" OR ""drone attack""))","((""Iran"" AND (""airstrike"" OR ""missile strike"" OR ""drone attack""))) since:2026-06-27 until:2026-07-04",2026-06-27,2026-07-04,live,unknown,scrolled;scrolls_used=4,done,X_Scraper_v4_7_Target20K_Current.xlsx,Jobs+Subruns (depth=0),project_week=W18;depth=0;records_in_window=14
XRUN-XQ-003-W18-D0-worker-2-20260809T084657034595Z,x,v3.0,XQ-003,"((""Iran"" OR ""IRGC"") AND (""US military"" OR ""United States"") AND (""airstrike"" OR ""missile strike""))","(((""Iran"" OR ""IRGC"") AND (""US military"" OR ""United States"") AND (""airstrike"" OR ""missile strike""))) since:2026-06-27 until:2026-07-04",2026-06-27,2026-07-04,live,sampling_applied;returned=12;stored=11,scrolled;scrolls_used=4,done_with_errors;error_count=1,X_Scraper_v4_7_Target20K_Current.xlsx,Jobs+Subruns (depth=0),project_week=W18;depth=0;records_in_window=12
XRUN-XQ-004-W18-D0-worker-1-20260809T084710813382Z,x,v3.0,XQ-004,"((""Iran"" OR ""United States"") AND (""ceasefire"" OR ""negotiations"" OR ""peace talks""))","(((""Iran"" OR ""United States"") AND (""ceasefire"" OR ""negotiations"" OR ""peace talks""))) since:2026-06-27 until:2026-07-04",2026-06-27,2026-07-04,live,unknown,scrolled;scrolls_used=2,done,X_Scraper_v4_7_Target20K_Current.xlsx,Jobs+Subruns (depth=0),project_week=W18;depth=0;records_in_window=0
XRUN-XQ-005-W18-D0-worker-1-20260809T084723825077Z,x,v3.0,XQ-005,"((""Iran"" OR ""United States"") AND (""sanctions"" OR ""nuclear programme"" OR ""nuclear program""))","(((""Iran"" OR ""United States"") AND (""sanctions"" OR ""nuclear programme"" OR ""nuclear program""))) since:2026-06-27 until:2026-07-04",2026-06-27,2026-07-04,live,unknown,scrolled;scrolls_used=4,done,X_Scraper_v4_7_Target20K_Current.xlsx,Jobs+Subruns (depth=0),project_week=W18;depth=0;records_in_window=13
XRUN-XQ-006-W18-D0-worker-2-20260809T084830019705Z,x,v3.0,XQ-006,"((""Iran"" OR ""Iran-US war"") AND (""civilian casualties"" OR ""humanitarian crisis""))","(((""Iran"" OR ""Iran-US war"") AND (""civilian casualties"" OR ""humanitarian crisis""))) since:2026-06-27 until:2026-07-04",2026-06-27,2026-07-04,live,unknown,scrolled;scrolls_used=2,done,X_Scraper_v4_7_Target20K_Current.xlsx,Jobs+Subruns (depth=0),project_week=W18;depth=0;records_in_window=0
XRUN-XQ-007-W18-D0-worker-2-20260809T084840773480Z,x,v3.0,XQ-007,"((""Iran"" OR ""Iran-US war"") AND (""misinformation"" OR ""propaganda""))","(((""Iran"" OR ""Iran-US war"") AND (""misinformation"" OR ""propaganda""))) since:2026-06-27 until:2026-07-04",2026-06-27,2026-07-04,live,unknown,scrolled;scrolls_used=4,done,X_Scraper_v4_7_Target20K_Current.xlsx,Jobs+Subruns (depth=0),project_week=W18;depth=0;records_in_window=15
XRUN-XQ-008-W18-D0-worker-1-20260809T084848201467Z,x,v3.0,XQ-008,"((""Iran"" OR ""Iran-US war"") AND (""oil price"" OR ""exchange rate"" OR ""gold price"" OR ""market volatility""))","(((""Iran"" OR ""Iran-US war"") AND (""oil price"" OR ""exchange rate"" OR ""gold price"" OR ""market volatility""))) since:2026-06-27 until:2026-07-04",2026-06-27,2026-07-04,live,unknown,split_triggered;scrolls_used=4,job_split_to_children,X_Scraper_v4_7_Target20K_Current.xlsx,Jobs+Subruns (depth=0),project_week=W18;depth=0;records_in_window=16
XRUN-XQ-008-W18-D1-worker-1-20260809T095148432229Z,x,v3.0,XQ-008,"((""Iran"" OR ""Iran-US war"") AND (""oil price"" OR ""exchange rate"" OR ""gold price"" OR ""market volatility""))","(((""Iran"" OR ""Iran-US war"") AND (""oil price"" OR ""exchange rate"" OR ""gold price"" OR ""market volatility""))) since:2026-06-27 until:2026-06-30",2026-06-27,2026-06-30,live,unknown,scrolled;scrolls_used=4,done,X_Scraper_v4_7_Target20K_Current.xlsx,Jobs+Subruns (depth=>0),project_week=W18;depth=1;records_in_window=14
XRUN-XQ-008-W18-D1-worker-2-20260809T095219398325Z,x,v3.0,XQ-008,"((""Iran"" OR ""Iran-US war"") AND (""oil price"" OR ""exchange rate"" OR ""gold price"" OR ""market volatility""))","(((""Iran"" OR ""Iran-US war"") AND (""oil price"" OR ""exchange rate"" OR ""gold price"" OR ""market volatility""))) since:2026-06-30 until:2026-07-04",2026-06-30,2026-07-04,live,unknown,scrolled;scrolls_used=2,done,X_Scraper_v4_7_Target20K_Current.xlsx,Jobs+Subruns (depth=>0),project_week=W18;depth=1;records_in_window=0
XRUN-XQ-009-W18-D0-worker-2-20260809T084941386257Z,x,v3.0,XQ-009,"((""Iran"" OR ""Iran-US war"") AND (""Strait of Hormuz"" OR Hormuz OR ""oil price""))","(((""Iran"" OR ""Iran-US war"") AND (""Strait of Hormuz"" OR Hormuz OR ""oil price""))) since:2026-06-27 until:2026-07-04",2026-06-27,2026-07-04,live,unknown,scrolled;scrolls_used=4,done,X_Scraper_v4_7_Target20K_Current.xlsx,Jobs+Subruns (depth=0),project_week=W18;depth=0;records_in_window=16
XRUN-XQ-010-W18-D0-worker-1-20260809T084946516256Z,x,v3.0,XQ-010,"(""جنگ ایران و آمریکا"" OR ""تنش ایران و آمریکا"" OR ""جنگ ایران آمریکا"")","((""جنگ ایران و آمریکا"" OR ""تنش ایران و آمریکا"" OR ""جنگ ایران آمریکا"")) since:2026-06-27 until:2026-07-04",2026-06-27,2026-07-04,live,unknown,scrolled;scrolls_used=4,done,X_Scraper_v4_7_Target20K_Current.xlsx,Jobs+Subruns (depth=0),project_week=W18;depth=0;records_in_window=15
XRUN-XQ-011-W18-D0-worker-1-20260809T085039638594Z,x,v3.0,XQ-011,"(""ایران"" AND (""حمله هوایی"" OR ""حمله موشکی"" OR ""حمله پهپادی""))","((""ایران"" AND (""حمله هوایی"" OR ""حمله موشکی"" OR ""حمله پهپادی""))) since:2026-06-27 until:2026-07-04",2026-06-27,2026-07-04,live,unknown,scrolled;scrolls_used=4,done,X_Scraper_v4_7_Target20K_Current.xlsx,Jobs+Subruns (depth=0),project_week=W18;depth=0;records_in_window=10
XRUN-XQ-012-W18-D0-worker-2-20260809T085045531296Z,x,v3.0,XQ-012,"((""ایران"" OR ""سپاه"") AND (""ارتش آمریکا"" OR ""ایالات متحده"") AND (""حمله هوایی"" OR ""حمله موشکی""))","(((""ایران"" OR ""سپاه"") AND (""ارتش آمریکا"" OR ""ایالات متحده"") AND (""حمله هوایی"" OR ""حمله موشکی""))) since:2026-06-27 until:2026-07-04",2026-06-27,2026-07-04,live,unknown,scrolled;scrolls_used=2,done,X_Scraper_v4_7_Target20K_Current.xlsx,Jobs+Subruns (depth=0),project_week=W18;depth=0;records_in_window=0
XRUN-XQ-013-W18-D0-worker-2-20260809T085058774224Z,x,v3.0,XQ-013,"((""ایران"" OR ""ایالات متحده"" OR ""آمریکا"") AND (""آتش‌بس"" OR ""مذاکرات"" OR ""صلح""))","(((""ایران"" OR ""ایالات متحده"" OR ""آمریکا"") AND (""آتش‌بس"" OR ""مذاکرات"" OR ""صلح""))) since:2026-06-27 until:2026-07-04",2026-06-27,2026-07-04,live,unknown,scrolled;scrolls_used=4,done,X_Scraper_v4_7_Target20K_Current.xlsx,Jobs+Subruns (depth=0),project_week=W18;depth=0;records_in_window=10
XRUN-XQ-014-W18-D0-worker-1-20260809T085135930139Z,x,v3.0,XQ-014,"((""ایران"" OR ""ایالات متحده"") AND (""تحریم‌ها"" OR ""برنامه هسته‌ای""))","(((""ایران"" OR ""ایالات متحده"") AND (""تحریم‌ها"" OR ""برنامه هسته‌ای""))) since:2026-06-27 until:2026-07-04",2026-06-27,2026-07-04,live,unknown,split_triggered;scrolls_used=4,job_split_to_children,X_Scraper_v4_7_Target20K_Current.xlsx,Jobs+Subruns (depth=0),project_week=W18;depth=0;records_in_window=15
XRUN-XQ-014-W18-D1-worker-2-20260809T095236051545Z,x,v3.0,XQ-014,"((""ایران"" OR ""ایالات متحده"") AND (""تحریم‌ها"" OR ""برنامه هسته‌ای""))","(((""ایران"" OR ""ایالات متحده"") AND (""تحریم‌ها"" OR ""برنامه هسته‌ای""))) since:2026-06-27 until:2026-06-30",2026-06-27,2026-06-30,live,unknown,scrolled;scrolls_used=4,done,X_Scraper_v4_7_Target20K_Current.xlsx,Jobs+Subruns (depth=>0),project_week=W18;depth=1;records_in_window=8
XRUN-XQ-014-W18-D1-worker-1-20260809T095307763741Z,x,v3.0,XQ-014,"((""ایران"" OR ""ایالات متحده"") AND (""تحریم‌ها"" OR ""برنامه هسته‌ای""))","(((""ایران"" OR ""ایالات متحده"") AND (""تحریم‌ها"" OR ""برنامه هسته‌ای""))) since:2026-06-30 until:2026-07-04",2026-06-30,2026-07-04,live,sampling_applied;returned=15;stored=0,split_triggered;scrolls_used=4,job_split_to_children,X_Scraper_v4_7_Target20K_Current.xlsx,Jobs+Subruns (depth=>0),project_week=W18;depth=1;records_in_window=15
XRUN-XQ-014-W18-D2-worker-1-20260809T100431620762Z,x,v3.0,XQ-014,"((""ایران"" OR ""ایالات متحده"") AND (""تحریم‌ها"" OR ""برنامه هسته‌ای""))","(((""ایران"" OR ""ایالات متحده"") AND (""تحریم‌ها"" OR ""برنامه هسته‌ای""))) since:2026-06-30 until:2026-07-02",2026-06-30,2026-07-02,live,unknown,scrolled;scrolls_used=4,done,X_Scraper_v4_7_Target20K_Current.xlsx,Jobs+Subruns (depth=>0),project_week=W18;depth=2;records_in_window=10
XRUN-XQ-014-W18-D2-worker-2-20260809T100510543177Z,x,v3.0,XQ-014,"((""ایران"" OR ""ایالات متحده"") AND (""تحریم‌ها"" OR ""برنامه هسته‌ای""))","(((""ایران"" OR ""ایالات متحده"") AND (""تحریم‌ها"" OR ""برنامه هسته‌ای""))) since:2026-07-02 until:2026-07-04",2026-07-02,2026-07-04,live,sampling_applied;returned=15;stored=1,scrolled;scrolls_used=4,done,X_Scraper_v4_7_Target20K_Current.xlsx,Jobs+Subruns (depth=>0),project_week=W18;depth=2;records_in_window=15
XRUN-XQ-015-W18-D0-worker-2-20260809T085157716574Z,x,v3.0,XQ-015,"((""ایران"" OR ""جنگ ایران و آمریکا"") AND (""تلفات غیرنظامیان"" OR ""بحران انسانی""))","(((""ایران"" OR ""جنگ ایران و آمریکا"") AND (""تلفات غیرنظامیان"" OR ""بحران انسانی""))) since:2026-06-27 until:2026-07-04",2026-06-27,2026-07-04,live,unknown,scrolled;scrolls_used=4,done,X_Scraper_v4_7_Target20K_Current.xlsx,Jobs+Subruns (depth=0),project_week=W18;depth=0;records_in_window=4
XRUN-XQ-016-W18-D0-worker-2-20260809T085223655549Z,x,v3.0,XQ-016,"((""ایران"" OR ""جنگ ایران و آمریکا"") AND (""اطلاعات نادرست"" OR ""تبلیغات سیاسی""))","(((""ایران"" OR ""جنگ ایران و آمریکا"") AND (""اطلاعات نادرست"" OR ""تبلیغات سیاسی""))) since:2026-06-27 until:2026-07-04",2026-06-27,2026-07-04,live,unknown,scrolled;scrolls_used=4,done,X_Scraper_v4_7_Target20K_Current.xlsx,Jobs+Subruns (depth=0),project_week=W18;depth=0;records_in_window=10
XRUN-XQ-017-W18-D0-worker-1-20260809T085223724831Z,x,v3.0,XQ-017,"((""ایران"" OR ""جنگ ایران و آمریکا"") AND (""قیمت نفت"" OR ""نرخ ارز"" OR ""قیمت طلا"" OR ""نوسان بازار""))","(((""ایران"" OR ""جنگ ایران و آمریکا"") AND (""قیمت نفت"" OR ""نرخ ارز"" OR ""قیمت طلا"" OR ""نوسان بازار""))) since:2026-06-27 until:2026-07-04",2026-06-27,2026-07-04,live,sampling_applied;returned=10;stored=9,scrolled;scrolls_used=4,done,X_Scraper_v4_7_Target20K_Current.xlsx,Jobs+Subruns (depth=0),project_week=W18;depth=0;records_in_window=10
XRUN-XQ-018-W18-D0-worker-1-20260809T085318109065Z,x,v3.0,XQ-018,"((""ایران"" OR ""جنگ ایران و آمریکا"") AND (""تنگه هرمز"" OR ""قیمت نفت""))","(((""ایران"" OR ""جنگ ایران و آمریکا"") AND (""تنگه هرمز"" OR ""قیمت نفت""))) since:2026-06-27 until:2026-07-04",2026-06-27,2026-07-04,live,unknown,scrolled;scrolls_used=4,done,X_Scraper_v4_7_Target20K_Current.xlsx,Jobs+Subruns (depth=0),project_week=W18;depth=0;records_in_window=10
XRUN-XQ-019-W18-D0-worker-2-20260809T085320138206Z,x,v3.0,XQ-019,"(""Epic Fury"" OR ""Operation Epic Fury"" OR ""Roaring Lion"")","((""Epic Fury"" OR ""Operation Epic Fury"" OR ""Roaring Lion"")) since:2026-06-27 until:2026-07-04",2026-06-27,2026-07-04,live,unknown,scrolled;scrolls_used=4,done,X_Scraper_v4_7_Target20K_Current.xlsx,Jobs+Subruns (depth=0),project_week=W18;depth=0;records_in_window=10
XRUN-XQ-020-W18-D0-worker-1-20260809T085358343973Z,x,v3.0,XQ-020,"(Hormuz OR ""Strait of Hormuz"") AND (blockade OR closed OR reopened OR shipping OR transit)","((Hormuz OR ""Strait of Hormuz"") AND (blockade OR closed OR reopened OR shipping OR transit)) since:2026-06-27 until:2026-07-04",2026-06-27,2026-07-04,live,sampling_applied;returned=14;stored=12,scrolled;scrolls_used=4,done,X_Scraper_v4_7_Target20K_Current.xlsx,Jobs+Subruns (depth=0),project_week=W18;depth=0;records_in_window=14
XRUN-XQ-021-W18-D0-worker-2-20260809T085404028411Z,x,v3.0,XQ-021,"((""Islamabad"" OR MOU OR ""memorandum of understanding"") AND (Iran OR ""United States"" OR Trump))","(((""Islamabad"" OR MOU OR ""memorandum of understanding"") AND (Iran OR ""United States"" OR Trump))) since:2026-06-27 until:2026-07-04",2026-06-27,2026-07-04,live,sampling_applied;returned=16;stored=13,scrolled;scrolls_used=4,done_with_errors;error_count=5,X_Scraper_v4_7_Target20K_Current.xlsx,Jobs+Subruns (depth=0),project_week=W18;depth=0;records_in_window=16
XRUN-XQ-022-W18-D0-worker-1-20260809T085454827982Z,x,v3.0,XQ-022,"(""اپیک فیوری"" OR ""عملیات حماسه"" OR ""حماسه خشم"" OR ""روآرینگ لاین"")","((""اپیک فیوری"" OR ""عملیات حماسه"" OR ""حماسه خشم"" OR ""روآرینگ لاین"")) since:2026-06-27 until:2026-07-04",2026-06-27,2026-07-04,live,unknown,scrolled;scrolls_used=2,done,X_Scraper_v4_7_Target20K_Current.xlsx,Jobs+Subruns (depth=0),project_week=W18;depth=0;records_in_window=0
XRUN-XQ-023-W18-D0-worker-2-20260809T085458854161Z,x,v3.0,XQ-023,"(""تنگه هرمز"") AND (""بسته"" OR ""مسدود"" OR ""محاصره"" OR ""بازگشایی"" OR ""کشتیرانی"")","((""تنگه هرمز"") AND (""بسته"" OR ""مسدود"" OR ""محاصره"" OR ""بازگشایی"" OR ""کشتیرانی"")) since:2026-06-27 until:2026-07-04",2026-06-27,2026-07-04,live,sampling_applied;returned=13;stored=11,scrolled;scrolls_used=4,done_with_errors;error_count=3,X_Scraper_v4_7_Target20K_Current.xlsx,Jobs+Subruns (depth=0),project_week=W18;depth=0;records_in_window=13
XRUN-XQ-024-W18-D0-worker-1-20260809T085506121562Z,x,v3.0,XQ-024,"(""اسلام‌آباد"" OR ""تفاهم‌نامه"" OR ""تفاهم نامه"") AND (""ایران"" OR ""آمریکا"")","((""اسلام‌آباد"" OR ""تفاهم‌نامه"" OR ""تفاهم نامه"") AND (""ایران"" OR ""آمریکا"")) since:2026-06-27 until:2026-07-04",2026-06-27,2026-07-04,live,unknown,scrolled;scrolls_used=2,done,X_Scraper_v4_7_Target20K_Current.xlsx,Jobs+Subruns (depth=0),project_week=W18;depth=0;records_in_window=0
XRUN-XQ-H01-W18-D0-worker-1-20260809T085518875699Z,x,v3.0,XQ-H01,#IranWar OR #IranWar2026 OR #USIranWar OR #IranIsraelWar OR #EpicFury,(#IranWar OR #IranWar2026 OR #USIranWar OR #IranIsraelWar OR #EpicFury) since:2026-06-27 until:2026-07-04,2026-06-27,2026-07-04,live,unknown,scrolled;scrolls_used=4,done,X_Scraper_v4_7_Target20K_Current.xlsx,Jobs+Subruns (depth=0),project_week=W18;depth=0;records_in_window=14
XRUN-XQ-H02-W18-D0-worker-2-20260809T085607436332Z,x,v3.0,XQ-H02,#StraitOfHormuz OR #MiddleEastWar OR #MiddleEastConflict OR #Hormuz,(#StraitOfHormuz OR #MiddleEastWar OR #MiddleEastConflict OR #Hormuz) since:2026-06-27 until:2026-07-04,2026-06-27,2026-07-04,live,sampling_applied;returned=13;stored=10,scrolled;scrolls_used=4,done,X_Scraper_v4_7_Target20K_Current.xlsx,Jobs+Subruns (depth=0),project_week=W18;depth=0;records_in_window=13
XRUN-XQ-001-W19-D0-worker-1-20260809T085639429645Z,x,v3.0,XQ-001,"(""Iran-US war"" OR ""US-Iran tensions"" OR ""Iran war"" OR ""US Iran war"")","((""Iran-US war"" OR ""US-Iran tensions"" OR ""Iran war"" OR ""US Iran war"")) since:2026-07-04 until:2026-07-11",2026-07-04,2026-07-11,live,unknown,scrolled;scrolls_used=4,done,X_Scraper_v4_7_Target20K_Current.xlsx,Jobs+Subruns (depth=0),project_week=W19;depth=0;records_in_window=16
XRUN-XQ-002-W19-D0-worker-2-20260809T085724462100Z,x,v3.0,XQ-002,"(""Iran"" AND (""airstrike"" OR ""missile strike"" OR ""drone attack""))","((""Iran"" AND (""airstrike"" OR ""missile strike"" OR ""drone attack""))) since:2026-07-04 until:2026-07-11",2026-07-04,2026-07-11,live,unknown,scrolled;scrolls_used=4,done,X_Scraper_v4_7_Target20K_Current.xlsx,Jobs+Subruns (depth=0),project_week=W19;depth=0;records_in_window=13
XRUN-XQ-003-W19-D0-worker-1-20260809T085742676706Z,x,v3.0,XQ-003,"((""Iran"" OR ""IRGC"") AND (""US military"" OR ""United States"") AND (""airstrike"" OR ""missile strike""))","(((""Iran"" OR ""IRGC"") AND (""US military"" OR ""United States"") AND (""airstrike"" OR ""missile strike""))) since:2026-07-04 until:2026-07-11",2026-07-04,2026-07-11,live,unknown,scrolled;scrolls_used=4,done,X_Scraper_v4_7_Target20K_Current.xlsx,Jobs+Subruns (depth=0),project_week=W19;depth=0;records_in_window=12
XRUN-XQ-004-W19-D0-worker-2-20260809T085841235954Z,x,v3.0,XQ-004,"((""Iran"" OR ""United States"") AND (""ceasefire"" OR ""negotiations"" OR ""peace talks""))","(((""Iran"" OR ""United States"") AND (""ceasefire"" OR ""negotiations"" OR ""peace talks""))) since:2026-07-04 until:2026-07-11",2026-07-04,2026-07-11,live,unknown,scrolled;scrolls_used=4,done,X_Scraper_v4_7_Target20K_Current.xlsx,Jobs+Subruns (depth=0),project_week=W19;depth=0;records_in_window=13
XRUN-XQ-005-W19-D0-worker-1-20260809T085902493674Z,x,v3.0,XQ-005,"((""Iran"" OR ""United States"") AND (""sanctions"" OR ""nuclear programme"" OR ""nuclear program""))","(((""Iran"" OR ""United States"") AND (""sanctions"" OR ""nuclear programme"" OR ""nuclear program""))) since:2026-07-04 until:2026-07-11",2026-07-04,2026-07-11,live,unknown,scrolled;scrolls_used=2,done,X_Scraper_v4_7_Target20K_Current.xlsx,Jobs+Subruns (depth=0),project_week=W19;depth=0;records_in_window=0
XRUN-XQ-006-W19-D0-worker-1-20260809T085915303484Z,x,v3.0,XQ-006,"((""Iran"" OR ""Iran-US war"") AND (""civilian casualties"" OR ""humanitarian crisis""))","(((""Iran"" OR ""Iran-US war"") AND (""civilian casualties"" OR ""humanitarian crisis""))) since:2026-07-04 until:2026-07-11",2026-07-04,2026-07-11,live,unknown,scrolled;scrolls_used=4,done,X_Scraper_v4_7_Target20K_Current.xlsx,Jobs+Subruns (depth=0),project_week=W19;depth=0;records_in_window=15
XRUN-XQ-007-W19-D0-worker-2-20260809T085940246231Z,x,v3.0,XQ-007,"((""Iran"" OR ""Iran-US war"") AND (""misinformation"" OR ""propaganda""))","(((""Iran"" OR ""Iran-US war"") AND (""misinformation"" OR ""propaganda""))) since:2026-07-04 until:2026-07-11",2026-07-04,2026-07-11,live,unknown,split_triggered;scrolls_used=4,job_split_to_children,X_Scraper_v4_7_Target20K_Current.xlsx,Jobs+Subruns (depth=0),project_week=W19;depth=0;records_in_window=17
XRUN-XQ-007-W19-D1-worker-2-20260809T095320543464Z,x,v3.0,XQ-007,"((""Iran"" OR ""Iran-US war"") AND (""misinformation"" OR ""propaganda""))","(((""Iran"" OR ""Iran-US war"") AND (""misinformation"" OR ""propaganda""))) since:2026-07-04 until:2026-07-07",2026-07-04,2026-07-07,live,unknown,scrolled;scrolls_used=4,done,X_Scraper_v4_7_Target20K_Current.xlsx,Jobs+Subruns (depth=>0),project_week=W19;depth=1;records_in_window=14
XRUN-XQ-007-W19-D1-worker-1-20260809T095404985597Z,x,v3.0,XQ-007,"((""Iran"" OR ""Iran-US war"") AND (""misinformation"" OR ""propaganda""))","(((""Iran"" OR ""Iran-US war"") AND (""misinformation"" OR ""propaganda""))) since:2026-07-07 until:2026-07-11",2026-07-07,2026-07-11,live,sampling_applied;returned=24;stored=19,split_triggered;scrolls_used=4,job_split_to_children,X_Scraper_v4_7_Target20K_Current.xlsx,Jobs+Subruns (depth=>0),project_week=W19;depth=1;records_in_window=24
XRUN-XQ-007-W19-D2-worker-1-20260809T100542808265Z,x,v3.0,XQ-007,"((""Iran"" OR ""Iran-US war"") AND (""misinformation"" OR ""propaganda""))","(((""Iran"" OR ""Iran-US war"") AND (""misinformation"" OR ""propaganda""))) since:2026-07-07 until:2026-07-09",2026-07-07,2026-07-09,live,unknown,scrolled;scrolls_used=4,done,X_Scraper_v4_7_Target20K_Current.xlsx,Jobs+Subruns (depth=>0),project_week=W19;depth=2;records_in_window=15
XRUN-XQ-007-W19-D2-worker-2-20260809T100626822052Z,x,v3.0,XQ-007,"((""Iran"" OR ""Iran-US war"") AND (""misinformation"" OR ""propaganda""))","(((""Iran"" OR ""Iran-US war"") AND (""misinformation"" OR ""propaganda""))) since:2026-07-09 until:2026-07-11",2026-07-09,2026-07-11,live,sampling_applied;returned=17;stored=0,split_triggered;scrolls_used=4,job_split_to_children,X_Scraper_v4_7_Target20K_Current.xlsx,Jobs+Subruns (depth=>0),project_week=W19;depth=2;records_in_window=17
XRUN-XQ-007-W19-D3-worker-1-20260809T101305398389Z,x,v3.0,XQ-007,"((""Iran"" OR ""Iran-US war"") AND (""misinformation"" OR ""propaganda""))","(((""Iran"" OR ""Iran-US war"") AND (""misinformation"" OR ""propaganda""))) since:2026-07-09 until:2026-07-10",2026-07-09,2026-07-10,live,unknown,scrolled;scrolls_used=9,done,X_Scraper_v4_7_Target20K_Current.xlsx,Jobs+Subruns (depth=>0),project_week=W19;depth=3;records_in_window=45
XRUN-XQ-007-W19-D3-worker-2-20260809T101357964195Z,x,v3.0,XQ-007,"((""Iran"" OR ""Iran-US war"") AND (""misinformation"" OR ""propaganda""))","(((""Iran"" OR ""Iran-US war"") AND (""misinformation"" OR ""propaganda""))) since:2026-07-10 until:2026-07-11",2026-07-10,2026-07-11,live,sampling_applied;returned=35;stored=0,scrolled;scrolls_used=9,done,X_Scraper_v4_7_Target20K_Current.xlsx,Jobs+Subruns (depth=>0),project_week=W19;depth=3;records_in_window=35
XRUN-XQ-008-W19-D0-worker-1-20260809T090052134355Z,x,v3.0,XQ-008,"((""Iran"" OR ""Iran-US war"") AND (""oil price"" OR ""exchange rate"" OR ""gold price"" OR ""market volatility""))","(((""Iran"" OR ""Iran-US war"") AND (""oil price"" OR ""exchange rate"" OR ""gold price"" OR ""market volatility""))) since:2026-07-04 until:2026-07-11",2026-07-04,2026-07-11,live,unknown,scrolled;scrolls_used=4,done,X_Scraper_v4_7_Target20K_Current.xlsx,Jobs+Subruns (depth=0),project_week=W19;depth=0;records_in_window=16
XRUN-XQ-009-W19-D0-worker-2-20260809T090105363506Z,x,v3.0,XQ-009,"((""Iran"" OR ""Iran-US war"") AND (""Strait of Hormuz"" OR Hormuz OR ""oil price""))","(((""Iran"" OR ""Iran-US war"") AND (""Strait of Hormuz"" OR Hormuz OR ""oil price""))) since:2026-07-04 until:2026-07-11",2026-07-04,2026-07-11,live,unknown,scrolled;scrolls_used=4,done,X_Scraper_v4_7_Target20K_Current.xlsx,Jobs+Subruns (depth=0),project_week=W19;depth=0;records_in_window=13
XRUN-XQ-010-W19-D0-worker-1-20260809T090149891991Z,x,v3.0,XQ-010,"(""جنگ ایران و آمریکا"" OR ""تنش ایران و آمریکا"" OR ""جنگ ایران آمریکا"")","((""جنگ ایران و آمریکا"" OR ""تنش ایران و آمریکا"" OR ""جنگ ایران آمریکا"")) since:2026-07-04 until:2026-07-11",2026-07-04,2026-07-11,live,unknown,scrolled;scrolls_used=4,done,X_Scraper_v4_7_Target20K_Current.xlsx,Jobs+Subruns (depth=0),project_week=W19;depth=0;records_in_window=14
XRUN-XQ-011-W19-D0-worker-2-20260809T090212687804Z,x,v3.0,XQ-011,"(""ایران"" AND (""حمله هوایی"" OR ""حمله موشکی"" OR ""حمله پهپادی""))","((""ایران"" AND (""حمله هوایی"" OR ""حمله موشکی"" OR ""حمله پهپادی""))) since:2026-07-04 until:2026-07-11",2026-07-04,2026-07-11,live,unknown,scrolled;scrolls_used=4,done,X_Scraper_v4_7_Target20K_Current.xlsx,Jobs+Subruns (depth=0),project_week=W19;depth=0;records_in_window=10
XRUN-XQ-012-W19-D0-worker-1-20260809T090254900334Z,x,v3.0,XQ-012,"((""ایران"" OR ""سپاه"") AND (""ارتش آمریکا"" OR ""ایالات متحده"") AND (""حمله هوایی"" OR ""حمله موشکی""))","(((""ایران"" OR ""سپاه"") AND (""ارتش آمریکا"" OR ""ایالات متحده"") AND (""حمله هوایی"" OR ""حمله موشکی""))) since:2026-07-04 until:2026-07-11",2026-07-04,2026-07-11,live,sampling_applied;returned=9;stored=7,scrolled;scrolls_used=4,done_with_errors;error_count=1,X_Scraper_v4_7_Target20K_Current.xlsx,Jobs+Subruns (depth=0),project_week=W19;depth=0;records_in_window=9
XRUN-XQ-013-W19-D0-worker-2-20260809T090309913649Z,x,v3.0,XQ-013,"((""ایران"" OR ""ایالات متحده"" OR ""آمریکا"") AND (""آتش‌بس"" OR ""مذاکرات"" OR ""صلح""))","(((""ایران"" OR ""ایالات متحده"" OR ""آمریکا"") AND (""آتش‌بس"" OR ""مذاکرات"" OR ""صلح""))) since:2026-07-04 until:2026-07-11",2026-07-04,2026-07-11,live,unknown,split_triggered;scrolls_used=4,job_split_to_children,X_Scraper_v4_7_Target20K_Current.xlsx,Jobs+Subruns (depth=0),project_week=W19;depth=0;records_in_window=14
XRUN-XQ-013-W19-D1-worker-2-20260809T095414404783Z,x,v3.0,XQ-013,"((""ایران"" OR ""ایالات متحده"" OR ""آمریکا"") AND (""آتش‌بس"" OR ""مذاکرات"" OR ""صلح""))","(((""ایران"" OR ""ایالات متحده"" OR ""آمریکا"") AND (""آتش‌بس"" OR ""مذاکرات"" OR ""صلح""))) since:2026-07-04 until:2026-07-07",2026-07-04,2026-07-07,live,unknown,scrolled;scrolls_used=4,done,X_Scraper_v4_7_Target20K_Current.xlsx,Jobs+Subruns (depth=>0),project_week=W19;depth=1;records_in_window=13
XRUN-XQ-013-W19-D1-worker-1-20260809T095523910073Z,x,v3.0,XQ-013,"((""ایران"" OR ""ایالات متحده"" OR ""آمریکا"") AND (""آتش‌بس"" OR ""مذاکرات"" OR ""صلح""))","(((""ایران"" OR ""ایالات متحده"" OR ""آمریکا"") AND (""آتش‌بس"" OR ""مذاکرات"" OR ""صلح""))) since:2026-07-07 until:2026-07-11",2026-07-07,2026-07-11,live,unknown,scrolled;scrolls_used=4,done,X_Scraper_v4_7_Target20K_Current.xlsx,Jobs+Subruns (depth=>0),project_week=W19;depth=1;records_in_window=14
XRUN-XQ-014-W19-D0-worker-1-20260809T090340668389Z,x,v3.0,XQ-014,"((""ایران"" OR ""ایالات متحده"") AND (""تحریم‌ها"" OR ""برنامه هسته‌ای""))","(((""ایران"" OR ""ایالات متحده"") AND (""تحریم‌ها"" OR ""برنامه هسته‌ای""))) since:2026-07-04 until:2026-07-11",2026-07-04,2026-07-11,live,unknown,scrolled;scrolls_used=2,done,X_Scraper_v4_7_Target20K_Current.xlsx,Jobs+Subruns (depth=0),project_week=W19;depth=0;records_in_window=0
XRUN-XQ-015-W19-D0-worker-1-20260809T090350997759Z,x,v3.0,XQ-015,"((""ایران"" OR ""جنگ ایران و آمریکا"") AND (""تلفات غیرنظامیان"" OR ""بحران انسانی""))","(((""ایران"" OR ""جنگ ایران و آمریکا"") AND (""تلفات غیرنظامیان"" OR ""بحران انسانی""))) since:2026-07-04 until:2026-07-11",2026-07-04,2026-07-11,live,unknown,scrolled;scrolls_used=4,done_with_errors;error_count=5,X_Scraper_v4_7_Target20K_Current.xlsx,Jobs+Subruns (depth=0),project_week=W19;depth=0;records_in_window=6
XRUN-XQ-016-W19-D0-worker-2-20260809T090401997489Z,x,v3.0,XQ-016,"((""ایران"" OR ""جنگ ایران و آمریکا"") AND (""اطلاعات نادرست"" OR ""تبلیغات سیاسی""))","(((""ایران"" OR ""جنگ ایران و آمریکا"") AND (""اطلاعات نادرست"" OR ""تبلیغات سیاسی""))) since:2026-07-04 until:2026-07-11",2026-07-04,2026-07-11,live,unknown,scrolled;scrolls_used=2,done,X_Scraper_v4_7_Target20K_Current.xlsx,Jobs+Subruns (depth=0),project_week=W19;depth=0;records_in_window=0
XRUN-XQ-017-W19-D0-worker-2-20260809T090412122169Z,x,v3.0,XQ-017,"((""ایران"" OR ""جنگ ایران و آمریکا"") AND (""قیمت نفت"" OR ""نرخ ارز"" OR ""قیمت طلا"" OR ""نوسان بازار""))","(((""ایران"" OR ""جنگ ایران و آمریکا"") AND (""قیمت نفت"" OR ""نرخ ارز"" OR ""قیمت طلا"" OR ""نوسان بازار""))) since:2026-07-04 until:2026-07-11",2026-07-04,2026-07-11,live,unknown,scrolled;scrolls_used=4,done_with_errors;error_count=1,X_Scraper_v4_7_Target20K_Current.xlsx,Jobs+Subruns (depth=0),project_week=W19;depth=0;records_in_window=11
XRUN-XQ-018-W19-D0-worker-1-20260809T090447410555Z,x,v3.0,XQ-018,"((""ایران"" OR ""جنگ ایران و آمریکا"") AND (""تنگه هرمز"" OR ""قیمت نفت""))","(((""ایران"" OR ""جنگ ایران و آمریکا"") AND (""تنگه هرمز"" OR ""قیمت نفت""))) since:2026-07-04 until:2026-07-11",2026-07-04,2026-07-11,live,sampling_applied;returned=9;stored=7,scrolled;scrolls_used=4,done,X_Scraper_v4_7_Target20K_Current.xlsx,Jobs+Subruns (depth=0),project_week=W19;depth=0;records_in_window=9
XRUN-XQ-019-W19-D0-worker-2-20260809T090505375212Z,x,v3.0,XQ-019,"(""Epic Fury"" OR ""Operation Epic Fury"" OR ""Roaring Lion"")","((""Epic Fury"" OR ""Operation Epic Fury"" OR ""Roaring Lion"")) since:2026-07-04 until:2026-07-11",2026-07-04,2026-07-11,live,unknown,scrolled;scrolls_used=4,done,X_Scraper_v4_7_Target20K_Current.xlsx,Jobs+Subruns (depth=0),project_week=W19;depth=0;records_in_window=12
XRUN-XQ-020-W19-D0-worker-1-20260809T090530713246Z,x,v3.0,XQ-020,"(Hormuz OR ""Strait of Hormuz"") AND (blockade OR closed OR reopened OR shipping OR transit)","((Hormuz OR ""Strait of Hormuz"") AND (blockade OR closed OR reopened OR shipping OR transit)) since:2026-07-04 until:2026-07-11",2026-07-04,2026-07-11,live,sampling_applied;returned=11;stored=10,scrolled;scrolls_used=4,done,X_Scraper_v4_7_Target20K_Current.xlsx,Jobs+Subruns (depth=0),project_week=W19;depth=0;records_in_window=11
XRUN-XQ-021-W19-D0-worker-2-20260809T090547079301Z,x,v3.0,XQ-021,"((""Islamabad"" OR MOU OR ""memorandum of understanding"") AND (Iran OR ""United States"" OR Trump))","(((""Islamabad"" OR MOU OR ""memorandum of understanding"") AND (Iran OR ""United States"" OR Trump))) since:2026-07-04 until:2026-07-11",2026-07-04,2026-07-11,live,sampling_applied;returned=15;stored=11,scrolled;scrolls_used=4,done,X_Scraper_v4_7_Target20K_Current.xlsx,Jobs+Subruns (depth=0),project_week=W19;depth=0;records_in_window=15
XRUN-XQ-022-W19-D0-worker-1-20260809T090618698342Z,x,v3.0,XQ-022,"(""اپیک فیوری"" OR ""عملیات حماسه"" OR ""حماسه خشم"" OR ""روآرینگ لاین"")","((""اپیک فیوری"" OR ""عملیات حماسه"" OR ""حماسه خشم"" OR ""روآرینگ لاین"")) since:2026-07-04 until:2026-07-11",2026-07-04,2026-07-11,live,unknown,scrolled;scrolls_used=4,done_with_errors;error_count=4,X_Scraper_v4_7_Target20K_Current.xlsx,Jobs+Subruns (depth=0),project_week=W19;depth=0;records_in_window=5
XRUN-XQ-023-W19-D0-worker-2-20260809T090647820804Z,x,v3.0,XQ-023,"(""تنگه هرمز"") AND (""بسته"" OR ""مسدود"" OR ""محاصره"" OR ""بازگشایی"" OR ""کشتیرانی"")","((""تنگه هرمز"") AND (""بسته"" OR ""مسدود"" OR ""محاصره"" OR ""بازگشایی"" OR ""کشتیرانی"")) since:2026-07-04 until:2026-07-11",2026-07-04,2026-07-11,live,sampling_applied;returned=11;stored=10,scrolled;scrolls_used=4,done,X_Scraper_v4_7_Target20K_Current.xlsx,Jobs+Subruns (depth=0),project_week=W19;depth=0;records_in_window=11
XRUN-XQ-024-W19-D0-worker-1-20260809T090656571234Z,x,v3.0,XQ-024,"(""اسلام‌آباد"" OR ""تفاهم‌نامه"" OR ""تفاهم نامه"") AND (""ایران"" OR ""آمریکا"")","((""اسلام‌آباد"" OR ""تفاهم‌نامه"" OR ""تفاهم نامه"") AND (""ایران"" OR ""آمریکا"")) since:2026-07-04 until:2026-07-11",2026-07-04,2026-07-11,live,sampling_applied;returned=17;stored=15,scrolled;scrolls_used=4,done,X_Scraper_v4_7_Target20K_Current.xlsx,Jobs+Subruns (depth=0),project_week=W19;depth=0;records_in_window=17
XRUN-XQ-H01-W19-D0-worker-2-20260809T090739518215Z,x,v3.0,XQ-H01,#IranWar OR #IranWar2026 OR #USIranWar OR #IranIsraelWar OR #EpicFury,(#IranWar OR #IranWar2026 OR #USIranWar OR #IranIsraelWar OR #EpicFury) since:2026-07-04 until:2026-07-11,2026-07-04,2026-07-11,live,unknown,scrolled;scrolls_used=4,done_with_errors;error_count=1,X_Scraper_v4_7_Target20K_Current.xlsx,Jobs+Subruns (depth=0),project_week=W19;depth=0;records_in_window=11
XRUN-XQ-H02-W19-D0-worker-1-20260809T090748144979Z,x,v3.0,XQ-H02,#StraitOfHormuz OR #MiddleEastWar OR #MiddleEastConflict OR #Hormuz,(#StraitOfHormuz OR #MiddleEastWar OR #MiddleEastConflict OR #Hormuz) since:2026-07-04 until:2026-07-11,2026-07-04,2026-07-11,live,sampling_applied;returned=12;stored=11,scrolled;scrolls_used=4,done,X_Scraper_v4_7_Target20K_Current.xlsx,Jobs+Subruns (depth=0),project_week=W19;depth=0;records_in_window=12
XRUN-XQ-001-W20-D0-worker-2-20260809T090842182186Z,x,v3.0,XQ-001,"(""Iran-US war"" OR ""US-Iran tensions"" OR ""Iran war"" OR ""US Iran war"")","((""Iran-US war"" OR ""US-Iran tensions"" OR ""Iran war"" OR ""US Iran war"")) since:2026-07-11 until:2026-07-18",2026-07-11,2026-07-18,live,unknown,scrolled;scrolls_used=4,done,X_Scraper_v4_7_Target20K_Current.xlsx,Jobs+Subruns (depth=0),project_week=W20;depth=0;records_in_window=14
XRUN-XQ-002-W20-D0-worker-1-20260809T090852489649Z,x,v3.0,XQ-002,"(""Iran"" AND (""airstrike"" OR ""missile strike"" OR ""drone attack""))","((""Iran"" AND (""airstrike"" OR ""missile strike"" OR ""drone attack""))) since:2026-07-11 until:2026-07-18",2026-07-11,2026-07-18,live,unknown,scrolled;scrolls_used=4,done_with_errors;error_count=2,X_Scraper_v4_7_Target20K_Current.xlsx,Jobs+Subruns (depth=0),project_week=W20;depth=0;records_in_window=11
XRUN-XQ-003-W20-D0-worker-2-20260809T090947523329Z,x,v3.0,XQ-003,"((""Iran"" OR ""IRGC"") AND (""US military"" OR ""United States"") AND (""airstrike"" OR ""missile strike""))","(((""Iran"" OR ""IRGC"") AND (""US military"" OR ""United States"") AND (""airstrike"" OR ""missile strike""))) since:2026-07-11 until:2026-07-18",2026-07-11,2026-07-18,live,sampling_applied;returned=11;stored=10,scrolled;scrolls_used=4,done_with_errors;error_count=1,X_Scraper_v4_7_Target20K_Current.xlsx,Jobs+Subruns (depth=0),project_week=W20;depth=0;records_in_window=11
XRUN-XQ-004-W20-D0-worker-1-20260809T090954056331Z,x,v3.0,XQ-004,"((""Iran"" OR ""United States"") AND (""ceasefire"" OR ""negotiations"" OR ""peace talks""))","(((""Iran"" OR ""United States"") AND (""ceasefire"" OR ""negotiations"" OR ""peace talks""))) since:2026-07-11 until:2026-07-18",2026-07-11,2026-07-18,live,unknown,scrolled;scrolls_used=2,done,X_Scraper_v4_7_Target20K_Current.xlsx,Jobs+Subruns (depth=0),project_week=W20;depth=0;records_in_window=0
XRUN-XQ-005-W20-D0-worker-1-20260809T091008339819Z,x,v3.0,XQ-005,"((""Iran"" OR ""United States"") AND (""sanctions"" OR ""nuclear programme"" OR ""nuclear program""))","(((""Iran"" OR ""United States"") AND (""sanctions"" OR ""nuclear programme"" OR ""nuclear program""))) since:2026-07-11 until:2026-07-18",2026-07-11,2026-07-18,live,unknown,scrolled;scrolls_used=4,done,X_Scraper_v4_7_Target20K_Current.xlsx,Jobs+Subruns (depth=0),project_week=W20;depth=0;records_in_window=16
XRUN-XQ-006-W20-D0-worker-2-20260809T091046170492Z,x,v3.0,XQ-006,"((""Iran"" OR ""Iran-US war"") AND (""civilian casualties"" OR ""humanitarian crisis""))","(((""Iran"" OR ""Iran-US war"") AND (""civilian casualties"" OR ""humanitarian crisis""))) since:2026-07-11 until:2026-07-18",2026-07-11,2026-07-18,live,sampling_applied;returned=17;stored=16,scrolled;scrolls_used=4,done,X_Scraper_v4_7_Target20K_Current.xlsx,Jobs+Subruns (depth=0),project_week=W20;depth=0;records_in_window=17
XRUN-XQ-007-W20-D0-worker-1-20260809T091114984077Z,x,v3.0,XQ-007,"((""Iran"" OR ""Iran-US war"") AND (""misinformation"" OR ""propaganda""))","(((""Iran"" OR ""Iran-US war"") AND (""misinformation"" OR ""propaganda""))) since:2026-07-11 until:2026-07-18",2026-07-11,2026-07-18,live,unknown,split_triggered;scrolls_used=4,job_split_to_children,X_Scraper_v4_7_Target20K_Current.xlsx,Jobs+Subruns (depth=0),project_week=W20;depth=0;records_in_window=25
XRUN-XQ-007-W20-D1-worker-2-20260809T095525370089Z,x,v3.0,XQ-007,"((""Iran"" OR ""Iran-US war"") AND (""misinformation"" OR ""propaganda""))","(((""Iran"" OR ""Iran-US war"") AND (""misinformation"" OR ""propaganda""))) since:2026-07-11 until:2026-07-14",2026-07-11,2026-07-14,live,unknown,scrolled;scrolls_used=4,done,X_Scraper_v4_7_Target20K_Current.xlsx,Jobs+Subruns (depth=>0),project_week=W20;depth=1;records_in_window=20
XRUN-XQ-007-W20-D1-worker-1-20260809T095640756635Z,x,v3.0,XQ-007,"((""Iran"" OR ""Iran-US war"") AND (""misinformation"" OR ""propaganda""))","(((""Iran"" OR ""Iran-US war"") AND (""misinformation"" OR ""propaganda""))) since:2026-07-14 until:2026-07-18",2026-07-14,2026-07-18,live,sampling_applied;returned=25;stored=0,split_triggered;scrolls_used=4,job_split_to_children,X_Scraper_v4_7_Target20K_Current.xlsx,Jobs+Subruns (depth=>0),project_week=W20;depth=1;records_in_window=25
XRUN-XQ-007-W20-D2-worker-1-20260809T100634160669Z,x,v3.0,XQ-007,"((""Iran"" OR ""Iran-US war"") AND (""misinformation"" OR ""propaganda""))","(((""Iran"" OR ""Iran-US war"") AND (""misinformation"" OR ""propaganda""))) since:2026-07-14 until:2026-07-16",2026-07-14,2026-07-16,live,unknown,split_triggered;scrolls_used=4,job_split_to_children,X_Scraper_v4_7_Target20K_Current.xlsx,Jobs+Subruns (depth=>0),project_week=W20;depth=2;records_in_window=18
XRUN-XQ-007-W20-D3-worker-1-20260809T101631890250Z,x,v3.0,XQ-007,"((""Iran"" OR ""Iran-US war"") AND (""misinformation"" OR ""propaganda""))","(((""Iran"" OR ""Iran-US war"") AND (""misinformation"" OR ""propaganda""))) since:2026-07-14 until:2026-07-15",2026-07-14,2026-07-15,live,unknown,scrolled;scrolls_used=9,done,X_Scraper_v4_7_Target20K_Current.xlsx,Jobs+Subruns (depth=>0),project_week=W20;depth=3;records_in_window=32
XRUN-XQ-007-W20-D3-worker-2-20260809T101642023949Z,x,v3.0,XQ-007,"((""Iran"" OR ""Iran-US war"") AND (""misinformation"" OR ""propaganda""))","(((""Iran"" OR ""Iran-US war"") AND (""misinformation"" OR ""propaganda""))) since:2026-07-15 until:2026-07-16",2026-07-15,2026-07-16,live,sampling_applied;returned=30;stored=13,scrolled;scrolls_used=9,done_with_errors;error_count=7,X_Scraper_v4_7_Target20K_Current.xlsx,Jobs+Subruns (depth=>0),project_week=W20;depth=3;records_in_window=30
XRUN-XQ-007-W20-D2-worker-2-20260809T100804847101Z,x,v3.0,XQ-007,"((""Iran"" OR ""Iran-US war"") AND (""misinformation"" OR ""propaganda""))","(((""Iran"" OR ""Iran-US war"") AND (""misinformation"" OR ""propaganda""))) since:2026-07-16 until:2026-07-18",2026-07-16,2026-07-18,live,unknown,scrolled;scrolls_used=4,done,X_Scraper_v4_7_Target20K_Current.xlsx,Jobs+Subruns (depth=>0),project_week=W20;depth=2;records_in_window=17
XRUN-XQ-008-W20-D0-worker-2-20260809T091149805079Z,x,v3.0,XQ-008,"((""Iran"" OR ""Iran-US war"") AND (""oil price"" OR ""exchange rate"" OR ""gold price"" OR ""market volatility""))","(((""Iran"" OR ""Iran-US war"") AND (""oil price"" OR ""exchange rate"" OR ""gold price"" OR ""market volatility""))) since:2026-07-11 until:2026-07-18",2026-07-11,2026-07-18,live,sampling_applied;returned=15;stored=14,scrolled;scrolls_used=4,done,X_Scraper_v4_7_Target20K_Current.xlsx,Jobs+Subruns (depth=0),project_week=W20;depth=0;records_in_window=15
XRUN-XQ-009-W20-D0-worker-1-20260809T091234334667Z,x,v3.0,XQ-009,"((""Iran"" OR ""Iran-US war"") AND (""Strait of Hormuz"" OR Hormuz OR ""oil price""))","(((""Iran"" OR ""Iran-US war"") AND (""Strait of Hormuz"" OR Hormuz OR ""oil price""))) since:2026-07-11 until:2026-07-18",2026-07-11,2026-07-18,live,sampling_applied;returned=14;stored=11,scrolled;scrolls_used=4,done,X_Scraper_v4_7_Target20K_Current.xlsx,Jobs+Subruns (depth=0),project_week=W20;depth=0;records_in_window=14
XRUN-XQ-010-W20-D0-worker-2-20260809T091242105616Z,x,v3.0,XQ-010,"(""جنگ ایران و آمریکا"" OR ""تنش ایران و آمریکا"" OR ""جنگ ایران آمریکا"")","((""جنگ ایران و آمریکا"" OR ""تنش ایران و آمریکا"" OR ""جنگ ایران آمریکا"")) since:2026-07-11 until:2026-07-18",2026-07-11,2026-07-18,live,unknown,scrolled;scrolls_used=2,done,X_Scraper_v4_7_Target20K_Current.xlsx,Jobs+Subruns (depth=0),project_week=W20;depth=0;records_in_window=0
XRUN-XQ-011-W20-D0-worker-2-20260809T091255942175Z,x,v3.0,XQ-011,"(""ایران"" AND (""حمله هوایی"" OR ""حمله موشکی"" OR ""حمله پهپادی""))","((""ایران"" AND (""حمله هوایی"" OR ""حمله موشکی"" OR ""حمله پهپادی""))) since:2026-07-11 until:2026-07-18",2026-07-11,2026-07-18,live,unknown,scrolled;scrolls_used=4,done,X_Scraper_v4_7_Target20K_Current.xlsx,Jobs+Subruns (depth=0),project_week=W20;depth=0;records_in_window=9
XRUN-XQ-012-W20-D0-worker-2-20260809T091345144435Z,x,v3.0,XQ-012,"((""ایران"" OR ""سپاه"") AND (""ارتش آمریکا"" OR ""ایالات متحده"") AND (""حمله هوایی"" OR ""حمله موشکی""))","(((""ایران"" OR ""سپاه"") AND (""ارتش آمریکا"" OR ""ایالات متحده"") AND (""حمله هوایی"" OR ""حمله موشکی""))) since:2026-07-11 until:2026-07-18",2026-07-11,2026-07-18,live,sampling_applied;returned=10;stored=6,scrolled;scrolls_used=4,done,X_Scraper_v4_7_Target20K_Current.xlsx,Jobs+Subruns (depth=0),project_week=W20;depth=0;records_in_window=10
XRUN-XQ-013-W20-D0-worker-1-20260809T091345440748Z,x,v3.0,XQ-013,"((""ایران"" OR ""ایالات متحده"" OR ""آمریکا"") AND (""آتش‌بس"" OR ""مذاکرات"" OR ""صلح""))","(((""ایران"" OR ""ایالات متحده"" OR ""آمریکا"") AND (""آتش‌بس"" OR ""مذاکرات"" OR ""صلح""))) since:2026-07-11 until:2026-07-18",2026-07-11,2026-07-18,live,unknown,scrolled;scrolls_used=4,done,X_Scraper_v4_7_Target20K_Current.xlsx,Jobs+Subruns (depth=0),project_week=W20;depth=0;records_in_window=14
XRUN-XQ-014-W20-D0-worker-2-20260809T091448283904Z,x,v3.0,XQ-014,"((""ایران"" OR ""ایالات متحده"") AND (""تحریم‌ها"" OR ""برنامه هسته‌ای""))","(((""ایران"" OR ""ایالات متحده"") AND (""تحریم‌ها"" OR ""برنامه هسته‌ای""))) since:2026-07-11 until:2026-07-18",2026-07-11,2026-07-18,live,unknown,scrolled;scrolls_used=2,done,X_Scraper_v4_7_Target20K_Current.xlsx,Jobs+Subruns (depth=0),project_week=W20;depth=0;records_in_window=0
XRUN-XQ-015-W20-D0-worker-2-20260809T091459178039Z,x,v3.0,XQ-015,"((""ایران"" OR ""جنگ ایران و آمریکا"") AND (""تلفات غیرنظامیان"" OR ""بحران انسانی""))","(((""ایران"" OR ""جنگ ایران و آمریکا"") AND (""تلفات غیرنظامیان"" OR ""بحران انسانی""))) since:2026-07-11 until:2026-07-18",2026-07-11,2026-07-18,live,unknown,scrolled;scrolls_used=4,done,X_Scraper_v4_7_Target20K_Current.xlsx,Jobs+Subruns (depth=0),project_week=W20;depth=0;records_in_window=9
XRUN-XQ-016-W20-D0-worker-1-20260809T091504513434Z,x,v3.0,XQ-016,"((""ایران"" OR ""جنگ ایران و آمریکا"") AND (""اطلاعات نادرست"" OR ""تبلیغات سیاسی""))","(((""ایران"" OR ""جنگ ایران و آمریکا"") AND (""اطلاعات نادرست"" OR ""تبلیغات سیاسی""))) since:2026-07-11 until:2026-07-18",2026-07-11,2026-07-18,live,unknown,scrolled;scrolls_used=4,done_with_errors;error_count=1,X_Scraper_v4_7_Target20K_Current.xlsx,Jobs+Subruns (depth=0),project_week=W20;depth=0;records_in_window=10
XRUN-XQ-017-W20-D0-worker-2-20260809T091549328343Z,x,v3.0,XQ-017,"((""ایران"" OR ""جنگ ایران و آمریکا"") AND (""قیمت نفت"" OR ""نرخ ارز"" OR ""قیمت طلا"" OR ""نوسان بازار""))","(((""ایران"" OR ""جنگ ایران و آمریکا"") AND (""قیمت نفت"" OR ""نرخ ارز"" OR ""قیمت طلا"" OR ""نوسان بازار""))) since:2026-07-11 until:2026-07-18",2026-07-11,2026-07-18,live,unknown,scrolled;scrolls_used=4,done_with_errors;error_count=1,X_Scraper_v4_7_Target20K_Current.xlsx,Jobs+Subruns (depth=0),project_week=W20;depth=0;records_in_window=13
XRUN-XQ-018-W20-D0-worker-1-20260809T091558325997Z,x,v3.0,XQ-018,"((""ایران"" OR ""جنگ ایران و آمریکا"") AND (""تنگه هرمز"" OR ""قیمت نفت""))","(((""ایران"" OR ""جنگ ایران و آمریکا"") AND (""تنگه هرمز"" OR ""قیمت نفت""))) since:2026-07-11 until:2026-07-18",2026-07-11,2026-07-18,live,sampling_applied;returned=13;stored=11,scrolled;scrolls_used=4,done,X_Scraper_v4_7_Target20K_Current.xlsx,Jobs+Subruns (depth=0),project_week=W20;depth=0;records_in_window=13
XRUN-XQ-019-W20-D0-worker-2-20260809T091658486775Z,x,v3.0,XQ-019,"(""Epic Fury"" OR ""Operation Epic Fury"" OR ""Roaring Lion"")","((""Epic Fury"" OR ""Operation Epic Fury"" OR ""Roaring Lion"")) since:2026-07-11 until:2026-07-18",2026-07-11,2026-07-18,live,sampling_applied;returned=18;stored=17,split_triggered;scrolls_used=4,job_split_to_children,X_Scraper_v4_7_Target20K_Current.xlsx,Jobs+Subruns (depth=0),project_week=W20;depth=0;records_in_window=18
XRUN-XQ-019-W20-D1-worker-2-20260809T095658711301Z,x,v3.0,XQ-019,"(""Epic Fury"" OR ""Operation Epic Fury"" OR ""Roaring Lion"")","((""Epic Fury"" OR ""Operation Epic Fury"" OR ""Roaring Lion"")) since:2026-07-11 until:2026-07-14",2026-07-11,2026-07-14,live,unknown,scrolled;scrolls_used=4,done,X_Scraper_v4_7_Target20K_Current.xlsx,Jobs+Subruns (depth=>0),project_week=W20;depth=1;records_in_window=18
XRUN-XQ-019-W20-D1-worker-1-20260809T095759527353Z,x,v3.0,XQ-019,"(""Epic Fury"" OR ""Operation Epic Fury"" OR ""Roaring Lion"")","((""Epic Fury"" OR ""Operation Epic Fury"" OR ""Roaring Lion"")) since:2026-07-14 until:2026-07-18",2026-07-14,2026-07-18,live,unknown,scrolled;scrolls_used=2,done,X_Scraper_v4_7_Target20K_Current.xlsx,Jobs+Subruns (depth=>0),project_week=W20;depth=1;records_in_window=0
XRUN-XQ-020-W20-D0-worker-1-20260809T091705965348Z,x,v3.0,XQ-020,"(Hormuz OR ""Strait of Hormuz"") AND (blockade OR closed OR reopened OR shipping OR transit)","((Hormuz OR ""Strait of Hormuz"") AND (blockade OR closed OR reopened OR shipping OR transit)) since:2026-07-11 until:2026-07-18",2026-07-11,2026-07-18,live,sampling_applied;returned=11;stored=9,scrolled;scrolls_used=4,done,X_Scraper_v4_7_Target20K_Current.xlsx,Jobs+Subruns (depth=0),project_week=W20;depth=0;records_in_window=11
XRUN-XQ-021-W20-D0-worker-1-20260809T091749558468Z,x,v3.0,XQ-021,"((""Islamabad"" OR MOU OR ""memorandum of understanding"") AND (Iran OR ""United States"" OR Trump))","(((""Islamabad"" OR MOU OR ""memorandum of understanding"") AND (Iran OR ""United States"" OR Trump))) since:2026-07-11 until:2026-07-18",2026-07-11,2026-07-18,live,unknown,scrolled;scrolls_used=2,done,X_Scraper_v4_7_Target20K_Current.xlsx,Jobs+Subruns (depth=0),project_week=W20;depth=0;records_in_window=0
XRUN-XQ-022-W20-D0-worker-1-20260809T091805105040Z,x,v3.0,XQ-022,"(""اپیک فیوری"" OR ""عملیات حماسه"" OR ""حماسه خشم"" OR ""روآرینگ لاین"")","((""اپیک فیوری"" OR ""عملیات حماسه"" OR ""حماسه خشم"" OR ""روآرینگ لاین"")) since:2026-07-11 until:2026-07-18",2026-07-11,2026-07-18,live,unknown,scrolled;scrolls_used=4,done,X_Scraper_v4_7_Target20K_Current.xlsx,Jobs+Subruns (depth=0),project_week=W20;depth=0;records_in_window=3
XRUN-XQ-023-W20-D0-worker-2-20260809T091825358039Z,x,v3.0,XQ-023,"(""تنگه هرمز"") AND (""بسته"" OR ""مسدود"" OR ""محاصره"" OR ""بازگشایی"" OR ""کشتیرانی"")","((""تنگه هرمز"") AND (""بسته"" OR ""مسدود"" OR ""محاصره"" OR ""بازگشایی"" OR ""کشتیرانی"")) since:2026-07-11 until:2026-07-18",2026-07-11,2026-07-18,live,sampling_applied;returned=10;stored=5,scrolled;scrolls_used=4,done,X_Scraper_v4_7_Target20K_Current.xlsx,Jobs+Subruns (depth=0),project_week=W20;depth=0;records_in_window=10
XRUN-XQ-024-W20-D0-worker-1-20260809T091844455201Z,x,v3.0,XQ-024,"(""اسلام‌آباد"" OR ""تفاهم‌نامه"" OR ""تفاهم نامه"") AND (""ایران"" OR ""آمریکا"")","((""اسلام‌آباد"" OR ""تفاهم‌نامه"" OR ""تفاهم نامه"") AND (""ایران"" OR ""آمریکا"")) since:2026-07-11 until:2026-07-18",2026-07-11,2026-07-18,live,unknown,scrolled;scrolls_used=4,done,X_Scraper_v4_7_Target20K_Current.xlsx,Jobs+Subruns (depth=0),project_week=W20;depth=0;records_in_window=13
XRUN-XQ-H01-W20-D0-worker-2-20260809T091908644243Z,x,v3.0,XQ-H01,#IranWar OR #IranWar2026 OR #USIranWar OR #IranIsraelWar OR #EpicFury,(#IranWar OR #IranWar2026 OR #USIranWar OR #IranIsraelWar OR #EpicFury) since:2026-07-11 until:2026-07-18,2026-07-11,2026-07-18,live,unknown,scrolled;scrolls_used=4,done,X_Scraper_v4_7_Target20K_Current.xlsx,Jobs+Subruns (depth=0),project_week=W20;depth=0;records_in_window=11
XRUN-XQ-H02-W20-D0-worker-1-20260809T091948869542Z,x,v3.0,XQ-H02,#StraitOfHormuz OR #MiddleEastWar OR #MiddleEastConflict OR #Hormuz,(#StraitOfHormuz OR #MiddleEastWar OR #MiddleEastConflict OR #Hormuz) since:2026-07-11 until:2026-07-18,2026-07-11,2026-07-18,live,sampling_applied;returned=13;stored=10,scrolled;scrolls_used=4,done,X_Scraper_v4_7_Target20K_Current.xlsx,Jobs+Subruns (depth=0),project_week=W20;depth=0;records_in_window=13
XRUN-XQ-001-W21-D0-worker-2-20260809T092008937357Z,x,v3.0,XQ-001,"(""Iran-US war"" OR ""US-Iran tensions"" OR ""Iran war"" OR ""US Iran war"")","((""Iran-US war"" OR ""US-Iran tensions"" OR ""Iran war"" OR ""US Iran war"")) since:2026-07-18 until:2026-07-23",2026-07-18,2026-07-23,live,unknown,scrolled;scrolls_used=4,done_with_errors;error_count=2,X_Scraper_v4_7_Target20K_Current.xlsx,Jobs+Subruns (depth=0),project_week=W21;depth=0;records_in_window=0
XRUN-XQ-002-W21-D0-worker-1-20260809T092106326121Z,x,v3.0,XQ-002,"(""Iran"" AND (""airstrike"" OR ""missile strike"" OR ""drone attack""))","((""Iran"" AND (""airstrike"" OR ""missile strike"" OR ""drone attack""))) since:2026-07-18 until:2026-07-23",2026-07-18,2026-07-23,live,unknown,scrolled;scrolls_used=4,done,X_Scraper_v4_7_Target20K_Current.xlsx,Jobs+Subruns (depth=0),project_week=W21;depth=0;records_in_window=0
XRUN-XQ-003-W21-D0-worker-2-20260809T092108621179Z,x,v3.0,XQ-003,"((""Iran"" OR ""IRGC"") AND (""US military"" OR ""United States"") AND (""airstrike"" OR ""missile strike""))","(((""Iran"" OR ""IRGC"") AND (""US military"" OR ""United States"") AND (""airstrike"" OR ""missile strike""))) since:2026-07-18 until:2026-07-23",2026-07-18,2026-07-23,live,sampling_applied;returned=10;stored=9,scrolled;scrolls_used=4,done,X_Scraper_v4_7_Target20K_Current.xlsx,Jobs+Subruns (depth=0),project_week=W21;depth=0;records_in_window=3
XRUN-XQ-004-W21-D0-worker-2-20260809T092213991641Z,x,v3.0,XQ-004,"((""Iran"" OR ""United States"") AND (""ceasefire"" OR ""negotiations"" OR ""peace talks""))","(((""Iran"" OR ""United States"") AND (""ceasefire"" OR ""negotiations"" OR ""peace talks""))) since:2026-07-18 until:2026-07-23",2026-07-18,2026-07-23,live,unknown,scrolled;scrolls_used=4,done,X_Scraper_v4_7_Target20K_Current.xlsx,Jobs+Subruns (depth=0),project_week=W21;depth=0;records_in_window=0
XRUN-XQ-005-W21-D0-worker-1-20260809T092230871516Z,x,v3.0,XQ-005,"((""Iran"" OR ""United States"") AND (""sanctions"" OR ""nuclear programme"" OR ""nuclear program""))","(((""Iran"" OR ""United States"") AND (""sanctions"" OR ""nuclear programme"" OR ""nuclear program""))) since:2026-07-18 until:2026-07-23",2026-07-18,2026-07-23,live,unknown,scrolled;scrolls_used=4,done,X_Scraper_v4_7_Target20K_Current.xlsx,Jobs+Subruns (depth=0),project_week=W21;depth=0;records_in_window=0
XRUN-XQ-006-W21-D0-worker-1-20260809T092316110368Z,x,v3.0,XQ-006,"((""Iran"" OR ""Iran-US war"") AND (""civilian casualties"" OR ""humanitarian crisis""))","(((""Iran"" OR ""Iran-US war"") AND (""civilian casualties"" OR ""humanitarian crisis""))) since:2026-07-18 until:2026-07-23",2026-07-18,2026-07-23,live,unknown,scrolled;scrolls_used=4,done,X_Scraper_v4_7_Target20K_Current.xlsx,Jobs+Subruns (depth=0),project_week=W21;depth=0;records_in_window=0
XRUN-XQ-007-W21-D0-worker-2-20260809T092346515645Z,x,v3.0,XQ-007,"((""Iran"" OR ""Iran-US war"") AND (""misinformation"" OR ""propaganda""))","(((""Iran"" OR ""Iran-US war"") AND (""misinformation"" OR ""propaganda""))) since:2026-07-18 until:2026-07-23",2026-07-18,2026-07-23,live,unknown,scrolled;scrolls_used=4,done,X_Scraper_v4_7_Target20K_Current.xlsx,Jobs+Subruns (depth=0),project_week=W21;depth=0;records_in_window=0
XRUN-XQ-008-W21-D0-worker-1-20260809T092428318210Z,x,v3.0,XQ-008,"((""Iran"" OR ""Iran-US war"") AND (""oil price"" OR ""exchange rate"" OR ""gold price"" OR ""market volatility""))","(((""Iran"" OR ""Iran-US war"") AND (""oil price"" OR ""exchange rate"" OR ""gold price"" OR ""market volatility""))) since:2026-07-18 until:2026-07-23",2026-07-18,2026-07-23,live,unknown,scrolled;scrolls_used=2,done,X_Scraper_v4_7_Target20K_Current.xlsx,Jobs+Subruns (depth=0),project_week=W21;depth=0;records_in_window=0
XRUN-XQ-009-W21-D0-worker-1-20260809T092441416136Z,x,v3.0,XQ-009,"((""Iran"" OR ""Iran-US war"") AND (""Strait of Hormuz"" OR Hormuz OR ""oil price""))","(((""Iran"" OR ""Iran-US war"") AND (""Strait of Hormuz"" OR Hormuz OR ""oil price""))) since:2026-07-18 until:2026-07-23",2026-07-18,2026-07-23,live,sampling_applied;returned=14;stored=12,scrolled;scrolls_used=4,done,X_Scraper_v4_7_Target20K_Current.xlsx,Jobs+Subruns (depth=0),project_week=W21;depth=0;records_in_window=0
XRUN-XQ-010-W21-D0-worker-2-20260809T092453600705Z,x,v3.0,XQ-010,"(""جنگ ایران و آمریکا"" OR ""تنش ایران و آمریکا"" OR ""جنگ ایران آمریکا"")","((""جنگ ایران و آمریکا"" OR ""تنش ایران و آمریکا"" OR ""جنگ ایران آمریکا"")) since:2026-07-18 until:2026-07-23",2026-07-18,2026-07-23,live,unknown,scrolled;scrolls_used=2,done,X_Scraper_v4_7_Target20K_Current.xlsx,Jobs+Subruns (depth=0),project_week=W21;depth=0;records_in_window=0
XRUN-XQ-011-W21-D0-worker-2-20260809T092505872170Z,x,v3.0,XQ-011,"(""ایران"" AND (""حمله هوایی"" OR ""حمله موشکی"" OR ""حمله پهپادی""))","((""ایران"" AND (""حمله هوایی"" OR ""حمله موشکی"" OR ""حمله پهپادی""))) since:2026-07-18 until:2026-07-23",2026-07-18,2026-07-23,live,sampling_applied;returned=19;stored=18,scrolled;scrolls_used=4,done,X_Scraper_v4_7_Target20K_Current.xlsx,Jobs+Subruns (depth=0),project_week=W21;depth=0;records_in_window=0
XRUN-XQ-012-W21-D0-worker-1-20260809T092557711296Z,x,v3.0,XQ-012,"((""ایران"" OR ""سپاه"") AND (""ارتش آمریکا"" OR ""ایالات متحده"") AND (""حمله هوایی"" OR ""حمله موشکی""))","(((""ایران"" OR ""سپاه"") AND (""ارتش آمریکا"" OR ""ایالات متحده"") AND (""حمله هوایی"" OR ""حمله موشکی""))) since:2026-07-18 until:2026-07-23",2026-07-18,2026-07-23,live,unknown,scrolled;scrolls_used=4,done,X_Scraper_v4_7_Target20K_Current.xlsx,Jobs+Subruns (depth=0),project_week=W21;depth=0;records_in_window=0
XRUN-XQ-013-W21-D0-worker-2-20260809T092619634206Z,x,v3.0,XQ-013,"((""ایران"" OR ""ایالات متحده"" OR ""آمریکا"") AND (""آتش‌بس"" OR ""مذاکرات"" OR ""صلح""))","(((""ایران"" OR ""ایالات متحده"" OR ""آمریکا"") AND (""آتش‌بس"" OR ""مذاکرات"" OR ""صلح""))) since:2026-07-18 until:2026-07-23",2026-07-18,2026-07-23,live,unknown,scrolled;scrolls_used=2,done,X_Scraper_v4_7_Target20K_Current.xlsx,Jobs+Subruns (depth=0),project_week=W21;depth=0;records_in_window=0
XRUN-XQ-014-W21-D0-worker-2-20260809T092636303728Z,x,v3.0,XQ-014,"((""ایران"" OR ""ایالات متحده"") AND (""تحریم‌ها"" OR ""برنامه هسته‌ای""))","(((""ایران"" OR ""ایالات متحده"") AND (""تحریم‌ها"" OR ""برنامه هسته‌ای""))) since:2026-07-18 until:2026-07-23",2026-07-18,2026-07-23,live,unknown,scrolled;scrolls_used=4,done,X_Scraper_v4_7_Target20K_Current.xlsx,Jobs+Subruns (depth=0),project_week=W21;depth=0;records_in_window=0
XRUN-XQ-015-W21-D0-worker-1-20260809T092651124266Z,x,v3.0,XQ-015,"((""ایران"" OR ""جنگ ایران و آمریکا"") AND (""تلفات غیرنظامیان"" OR ""بحران انسانی""))","(((""ایران"" OR ""جنگ ایران و آمریکا"") AND (""تلفات غیرنظامیان"" OR ""بحران انسانی""))) since:2026-07-18 until:2026-07-23",2026-07-18,2026-07-23,live,unknown,scrolled;scrolls_used=4,done,X_Scraper_v4_7_Target20K_Current.xlsx,Jobs+Subruns (depth=0),project_week=W21;depth=0;records_in_window=6
XRUN-XQ-016-W21-D0-worker-2-20260809T092730000558Z,x,v3.0,XQ-016,"((""ایران"" OR ""جنگ ایران و آمریکا"") AND (""اطلاعات نادرست"" OR ""تبلیغات سیاسی""))","(((""ایران"" OR ""جنگ ایران و آمریکا"") AND (""اطلاعات نادرست"" OR ""تبلیغات سیاسی""))) since:2026-07-18 until:2026-07-23",2026-07-18,2026-07-23,live,unknown,scrolled;scrolls_used=2,done,X_Scraper_v4_7_Target20K_Current.xlsx,Jobs+Subruns (depth=0),project_week=W21;depth=0;records_in_window=0
XRUN-XQ-017-W21-D0-worker-1-20260809T092732878729Z,x,v3.0,XQ-017,"((""ایران"" OR ""جنگ ایران و آمریکا"") AND (""قیمت نفت"" OR ""نرخ ارز"" OR ""قیمت طلا"" OR ""نوسان بازار""))","(((""ایران"" OR ""جنگ ایران و آمریکا"") AND (""قیمت نفت"" OR ""نرخ ارز"" OR ""قیمت طلا"" OR ""نوسان بازار""))) since:2026-07-18 until:2026-07-23",2026-07-18,2026-07-23,live,sampling_applied;returned=13;stored=12,scrolled;scrolls_used=4,done,X_Scraper_v4_7_Target20K_Current.xlsx,Jobs+Subruns (depth=0),project_week=W21;depth=0;records_in_window=0
XRUN-XQ-018-W21-D0-worker-2-20260809T092742039828Z,x,v3.0,XQ-018,"((""ایران"" OR ""جنگ ایران و آمریکا"") AND (""تنگه هرمز"" OR ""قیمت نفت""))","(((""ایران"" OR ""جنگ ایران و آمریکا"") AND (""تنگه هرمز"" OR ""قیمت نفت""))) since:2026-07-18 until:2026-07-23",2026-07-18,2026-07-23,live,unknown,scrolled;scrolls_used=4,done,X_Scraper_v4_7_Target20K_Current.xlsx,Jobs+Subruns (depth=0),project_week=W21;depth=0;records_in_window=0
XRUN-XQ-019-W21-D0-worker-1-20260809T092825346427Z,x,v3.0,XQ-019,"(""Epic Fury"" OR ""Operation Epic Fury"" OR ""Roaring Lion"")","((""Epic Fury"" OR ""Operation Epic Fury"" OR ""Roaring Lion"")) since:2026-07-18 until:2026-07-23",2026-07-18,2026-07-23,live,unknown,scrolled;scrolls_used=4,done,X_Scraper_v4_7_Target20K_Current.xlsx,Jobs+Subruns (depth=0),project_week=W21;depth=0;records_in_window=0
XRUN-XQ-020-W21-D0-worker-2-20260809T092826214962Z,x,v3.0,XQ-020,"(Hormuz OR ""Strait of Hormuz"") AND (blockade OR closed OR reopened OR shipping OR transit)","((Hormuz OR ""Strait of Hormuz"") AND (blockade OR closed OR reopened OR shipping OR transit)) since:2026-07-18 until:2026-07-23",2026-07-18,2026-07-23,live,sampling_applied;returned=13;stored=12,scrolled;scrolls_used=4,done_with_errors;error_count=1,X_Scraper_v4_7_Target20K_Current.xlsx,Jobs+Subruns (depth=0),project_week=W21;depth=0;records_in_window=0
XRUN-XQ-021-W21-D0-worker-2-20260809T092926739698Z,x,v3.0,XQ-021,"((""Islamabad"" OR MOU OR ""memorandum of understanding"") AND (Iran OR ""United States"" OR Trump))","(((""Islamabad"" OR MOU OR ""memorandum of understanding"") AND (Iran OR ""United States"" OR Trump))) since:2026-07-18 until:2026-07-23",2026-07-18,2026-07-23,live,unknown,scrolled;scrolls_used=4,done,X_Scraper_v4_7_Target20K_Current.xlsx,Jobs+Subruns (depth=0),project_week=W21;depth=0;records_in_window=0
XRUN-XQ-022-W21-D0-worker-1-20260809T092926800295Z,x,v3.0,XQ-022,"(""اپیک فیوری"" OR ""عملیات حماسه"" OR ""حماسه خشم"" OR ""روآرینگ لاین"")","((""اپیک فیوری"" OR ""عملیات حماسه"" OR ""حماسه خشم"" OR ""روآرینگ لاین"")) since:2026-07-18 until:2026-07-23",2026-07-18,2026-07-23,live,unknown,scrolled;scrolls_used=3,done,X_Scraper_v4_7_Target20K_Current.xlsx,Jobs+Subruns (depth=0),project_week=W21;depth=0;records_in_window=0
XRUN-XQ-023-W21-D0-worker-1-20260809T092954704070Z,x,v3.0,XQ-023,"(""تنگه هرمز"") AND (""بسته"" OR ""مسدود"" OR ""محاصره"" OR ""بازگشایی"" OR ""کشتیرانی"")","((""تنگه هرمز"") AND (""بسته"" OR ""مسدود"" OR ""محاصره"" OR ""بازگشایی"" OR ""کشتیرانی"")) since:2026-07-18 until:2026-07-23",2026-07-18,2026-07-23,live,sampling_applied;returned=10;stored=9,scrolled;scrolls_used=4,done,X_Scraper_v4_7_Target20K_Current.xlsx,Jobs+Subruns (depth=0),project_week=W21;depth=0;records_in_window=0
XRUN-XQ-024-W21-D0-worker-2-20260809T093018246019Z,x,v3.0,XQ-024,"(""اسلام‌آباد"" OR ""تفاهم‌نامه"" OR ""تفاهم نامه"") AND (""ایران"" OR ""آمریکا"")","((""اسلام‌آباد"" OR ""تفاهم‌نامه"" OR ""تفاهم نامه"") AND (""ایران"" OR ""آمریکا"")) since:2026-07-18 until:2026-07-23",2026-07-18,2026-07-23,live,unknown,scrolled;scrolls_used=4,done,X_Scraper_v4_7_Target20K_Current.xlsx,Jobs+Subruns (depth=0),project_week=W21;depth=0;records_in_window=0
XRUN-XQ-H01-W21-D0-worker-1-20260809T093034315954Z,x,v3.0,XQ-H01,#IranWar OR #IranWar2026 OR #USIranWar OR #IranIsraelWar OR #EpicFury,(#IranWar OR #IranWar2026 OR #USIranWar OR #IranIsraelWar OR #EpicFury) since:2026-07-18 until:2026-07-23,2026-07-18,2026-07-23,live,unknown,scrolled;scrolls_used=4,done,X_Scraper_v4_7_Target20K_Current.xlsx,Jobs+Subruns (depth=0),project_week=W21;depth=0;records_in_window=0
XRUN-XQ-H02-W21-D0-worker-2-20260809T093119248999Z,x,v3.0,XQ-H02,#StraitOfHormuz OR #MiddleEastWar OR #MiddleEastConflict OR #Hormuz,(#StraitOfHormuz OR #MiddleEastWar OR #MiddleEastConflict OR #Hormuz) since:2026-07-18 until:2026-07-23,2026-07-18,2026-07-23,live,unknown,scrolled;scrolls_used=2,done,X_Scraper_v4_7_Target20K_Current.xlsx,Jobs+Subruns (depth=0),project_week=W21;depth=0;records_in_window=0
legacy_reddit_json_20260807,reddit,v3.0,RQ-001,"""Iran-US war"" OR ""US-Iran tensions"" OR ""Iran war""",unknown,unknown,unknown,unknown,unknown,unknown,done_reconstructed;n_records=601,reddit_raw_schema.csv,reddit_raw_schema.csv (records only; no run log sheet),Reconstructed solely from raw records — no separate run log; requested_start/end/sort_mode/cap/pagination unknown; observed_content_range=2026-07-15T13:00:45Z/2026-07-25T21:51:54Z; project_weeks_observed=W20-W21; source_ids=RD-001;RD-003;RD-004; discovery_route=source_scope; collector_version=reddit_raw_json_parser_v0.2; needs confirmation from Reddit Collection owner
legacy_reddit_json_20260807,reddit,v3.0,RQ-002,"(""Iran"" AND ""United States"") AND (""tensions"" OR ""war"")",unknown,unknown,unknown,unknown,unknown,unknown,done_reconstructed;n_records=835,reddit_raw_schema.csv,reddit_raw_schema.csv (records only; no run log sheet),Reconstructed solely from raw records — no separate run log; requested_start/end/sort_mode/cap/pagination unknown; observed_content_range=2026-07-14T15:02:20Z/2026-07-29T20:19:45Z; project_weeks_observed=W20-W21; source_ids=RD-002;RD-006; discovery_route=source_scope; collector_version=reddit_raw_json_parser_v0.2; needs confirmation from Reddit Collection owner
legacy_reddit_json_20260807,reddit,v3.0,RQ-003,"(""United States"" OR America) AND (""Iran-US war"" OR sanctions OR airstrike)",unknown,unknown,unknown,unknown,unknown,unknown,done_reconstructed;n_records=97,reddit_raw_schema.csv,reddit_raw_schema.csv (records only; no run log sheet),Reconstructed solely from raw records — no separate run log; requested_start/end/sort_mode/cap/pagination unknown; observed_content_range=2026-07-15T03:38:25Z/2026-07-25T13:31:10Z; project_weeks_observed=W20-W21; source_ids=RD-009;RD-011;RD-012; discovery_route=source_scope; collector_version=reddit_raw_json_parser_v0.2; needs confirmation from Reddit Collection owner
legacy_reddit_json_20260807,reddit,v3.0,RQ-004,"(""Iran"" AND ""United States"") OR (""Strait of Hormuz"" AND Iran)",unknown,unknown,unknown,unknown,unknown,unknown,done_reconstructed;n_records=155,reddit_raw_schema.csv,reddit_raw_schema.csv (records only; no run log sheet),Reconstructed solely from raw records — no separate run log; requested_start/end/sort_mode/cap/pagination unknown; observed_content_range=2026-07-14T22:46:25Z/2026-07-26T01:22:23Z; project_weeks_observed=W20-W21; source_ids=RD-014;RD-016; discovery_route=source_scope; collector_version=reddit_raw_json_parser_v0.2; needs confirmation from Reddit Collection owner
legacy_reddit_json_20260807,reddit,v3.0,RQ-005,"(""Iran"" OR IRGC) AND (airstrike OR ""missile strike"" OR ""drone attack"")",unknown,unknown,unknown,unknown,unknown,unknown,done_reconstructed;n_records=711,reddit_raw_schema.csv,reddit_raw_schema.csv (records only; no run log sheet),Reconstructed solely from raw records — no separate run log; requested_start/end/sort_mode/cap/pagination unknown; observed_content_range=2026-07-15T09:49:14Z/2026-08-07T22:36:29Z; project_weeks_observed=W20-W21; source_ids=RD-018;RD-019;RD-021; discovery_route=source_scope; collector_version=reddit_raw_json_parser_v0.2; needs confirmation from Reddit Collection owner
legacy_reddit_json_20260807,reddit,v3.0,RQ-006,"(""Iran"" OR ""United States"") AND (ceasefire OR negotiations)",unknown,unknown,unknown,unknown,unknown,unknown,done_reconstructed;n_records=748,reddit_raw_schema.csv,reddit_raw_schema.csv (records only; no run log sheet),Reconstructed solely from raw records — no separate run log; requested_start/end/sort_mode/cap/pagination unknown; observed_content_range=2026-07-14T14:57:23Z/2026-08-02T19:35:39Z; project_weeks_observed=W20-W21; source_ids=RD-002;RD-022; discovery_route=source_scope; collector_version=reddit_raw_json_parser_v0.2; needs confirmation from Reddit Collection owner
legacy_reddit_json_20260807,reddit,v3.0,RQ-007,"(""Iran"" OR ""Iran-US war"") AND (""oil price"" OR ""gold price"" OR ""market volatility"")",unknown,unknown,unknown,unknown,unknown,unknown,done_reconstructed;n_records=4009,reddit_raw_schema.csv,reddit_raw_schema.csv (records only; no run log sheet),Reconstructed solely from raw records — no separate run log; requested_start/end/sort_mode/cap/pagination unknown; observed_content_range=2026-07-14T12:38:17Z/2026-08-07T01:35:29Z; project_weeks_observed=W20-W21; source_ids=RD-023;RD-024;RD-025;RD-026;RD-027; discovery_route=source_scope; collector_version=reddit_raw_json_parser_v0.2; needs confirmation from Reddit Collection owner
legacy_reddit_json_20260807,reddit,v3.0,RQ-018,"(Hormuz OR ""Strait of Hormuz"") AND (blockade OR closed OR shipping)",unknown,unknown,unknown,unknown,unknown,unknown,done_reconstructed;n_records=1933,reddit_raw_schema.csv,reddit_raw_schema.csv (records only; no run log sheet),Reconstructed solely from raw records — no separate run log; requested_start/end/sort_mode/cap/pagination unknown; observed_content_range=2026-07-14T13:50:13Z/2026-08-03T15:40:28Z; project_weeks_observed=W20-W21; source_ids=RD-001;RD-023;RD-024; discovery_route=source_scope; collector_version=reddit_raw_json_parser_v0.2; needs confirmation from Reddit Collection owner
legacy_reddit_json_20260808,reddit,v3.0,RQ-001,"""Iran-US war"" OR ""US-Iran tensions"" OR ""Iran war""",unknown,unknown,unknown,unknown,unknown,unknown,done_reconstructed;n_records=26986,reddit_raw_schema.csv,reddit_raw_schema.csv (records only; no run log sheet),Reconstructed solely from raw records — no separate run log; requested_start/end/sort_mode/cap/pagination unknown; observed_content_range=2026-02-17T14:56:02Z/2026-07-15T12:51:00Z; project_weeks_observed=W01-W20; source_ids=RD-001;RD-003;RD-004; discovery_route=source_scope; collector_version=reddit_raw_json_parser_v0.2; needs confirmation from Reddit Collection owner
legacy_reddit_json_20260808,reddit,v3.0,RQ-002,"(""Iran"" AND ""United States"") AND (""tensions"" OR ""war"")",unknown,unknown,unknown,unknown,unknown,unknown,done_reconstructed;n_records=19525,reddit_raw_schema.csv,reddit_raw_schema.csv (records only; no run log sheet),Reconstructed solely from raw records — no separate run log; requested_start/end/sort_mode/cap/pagination unknown; observed_content_range=2026-02-15T23:53:19Z/2026-08-07T22:23:07Z; project_weeks_observed=W01-W21; source_ids=RD-002;RD-006;RD-007; discovery_route=source_scope; collector_version=reddit_raw_json_parser_v0.2; needs confirmation from Reddit Collection owner
legacy_reddit_json_20260808,reddit,v3.0,RQ-003,"(""United States"" OR America) AND (""Iran-US war"" OR sanctions OR airstrike)",unknown,unknown,unknown,unknown,unknown,unknown,done_reconstructed;n_records=2195,reddit_raw_schema.csv,reddit_raw_schema.csv (records only; no run log sheet),Reconstructed solely from raw records — no separate run log; requested_start/end/sort_mode/cap/pagination unknown; observed_content_range=2026-02-16T06:42:06Z/2026-08-05T06:37:02Z; project_weeks_observed=W01-W21; source_ids=RD-009;RD-011;RD-012; discovery_route=source_scope; collector_version=reddit_raw_json_parser_v0.2; needs confirmation from Reddit Collection owner
legacy_reddit_json_20260808,reddit,v3.0,RQ-004,"(""Iran"" AND ""United States"") OR (""Strait of Hormuz"" AND Iran)",unknown,unknown,unknown,unknown,unknown,unknown,done_reconstructed;n_records=4418,reddit_raw_schema.csv,reddit_raw_schema.csv (records only; no run log sheet),Reconstructed solely from raw records — no separate run log; requested_start/end/sort_mode/cap/pagination unknown; observed_content_range=2026-02-15T13:23:30Z/2026-07-30T16:06:41Z; project_weeks_observed=W01-W21; source_ids=RD-013;RD-014;RD-015;RD-016; discovery_route=source_scope; collector_version=reddit_raw_json_parser_v0.2; needs confirmation from Reddit Collection owner
legacy_reddit_json_20260808,reddit,v3.0,RQ-005,"(""Iran"" OR IRGC) AND (airstrike OR ""missile strike"" OR ""drone attack"")",unknown,unknown,unknown,unknown,unknown,unknown,done_reconstructed;n_records=13337,reddit_raw_schema.csv,reddit_raw_schema.csv (records only; no run log sheet),Reconstructed solely from raw records — no separate run log; requested_start/end/sort_mode/cap/pagination unknown; observed_content_range=2026-02-17T19:50:31Z/2026-08-04T21:23:33Z; project_weeks_observed=W01-W20; source_ids=RD-017;RD-018;RD-019;RD-021; discovery_route=source_scope; collector_version=reddit_raw_json_parser_v0.2; needs confirmation from Reddit Collection owner
legacy_reddit_json_20260808,reddit,v3.0,RQ-006,"(""Iran"" OR ""United States"") AND (ceasefire OR negotiations)",unknown,unknown,unknown,unknown,unknown,unknown,done_reconstructed;n_records=19912,reddit_raw_schema.csv,reddit_raw_schema.csv (records only; no run log sheet),Reconstructed solely from raw records — no separate run log; requested_start/end/sort_mode/cap/pagination unknown; observed_content_range=2026-02-20T17:16:13Z/2026-08-07T22:27:48Z; project_weeks_observed=W01-W21; source_ids=RD-002;RD-006;RD-022; discovery_route=source_scope; collector_version=reddit_raw_json_parser_v0.2; needs confirmation from Reddit Collection owner
legacy_reddit_json_20260808,reddit,v3.0,RQ-007,"(""Iran"" OR ""Iran-US war"") AND (""oil price"" OR ""gold price"" OR ""market volatility"")",unknown,unknown,unknown,unknown,unknown,unknown,done_reconstructed;n_records=37359,reddit_raw_schema.csv,reddit_raw_schema.csv (records only; no run log sheet),Reconstructed solely from raw records — no separate run log; requested_start/end/sort_mode/cap/pagination unknown; observed_content_range=2026-02-23T17:54:59Z/2026-08-07T17:08:19Z; project_weeks_observed=W01-W21; source_ids=RD-023;RD-024;RD-025;RD-026;RD-027; discovery_route=source_scope; collector_version=reddit_raw_json_parser_v0.2; needs confirmation from Reddit Collection owner
legacy_reddit_json_20260808,reddit,v3.0,RQ-008,"(""Iran"" AND ""United States"") AND (""Iran-US war"" OR ""missile strike"")",unknown,unknown,unknown,unknown,unknown,unknown,done_reconstructed;n_records=344,reddit_raw_schema.csv,reddit_raw_schema.csv (records only; no run log sheet),Reconstructed solely from raw records — no separate run log; requested_start/end/sort_mode/cap/pagination unknown; observed_content_range=2026-02-19T03:32:59Z/2026-07-08T16:00:52Z; project_weeks_observed=W01-W19; source_ids=RD-028; discovery_route=source_scope; collector_version=reddit_raw_json_parser_v0.2; needs confirmation from Reddit Collection owner
legacy_reddit_json_20260808,reddit,v3.0,RQ-009,"""جنگ ایران و آمریکا"" OR ""تنش ایران و آمریکا""",unknown,unknown,unknown,unknown,unknown,unknown,done_reconstructed;n_records=15,reddit_raw_schema.csv,reddit_raw_schema.csv (records only; no run log sheet),Reconstructed solely from raw records — no separate run log; requested_start/end/sort_mode/cap/pagination unknown; observed_content_range=2026-03-01T19:43:22Z/2026-07-10T06:13:51Z; project_weeks_observed=W01-W19; source_ids=RD-009;RD-011; discovery_route=source_scope; collector_version=reddit_raw_json_parser_v0.2; needs confirmation from Reddit Collection owner
legacy_reddit_json_20260808,reddit,v3.0,RQ-017,"""Epic Fury"" OR ""Operation Epic Fury"" OR ""Roaring Lion""",unknown,unknown,unknown,unknown,unknown,unknown,done_reconstructed;n_records=366,reddit_raw_schema.csv,reddit_raw_schema.csv (records only; no run log sheet),Reconstructed solely from raw records — no separate run log; requested_start/end/sort_mode/cap/pagination unknown; observed_content_range=2026-03-02T00:55:07Z/2026-06-27T17:05:01Z; project_weeks_observed=W01-W18; source_ids=RD-002;RD-018; discovery_route=source_scope; collector_version=reddit_raw_json_parser_v0.2; needs confirmation from Reddit Collection owner
legacy_reddit_json_20260808,reddit,v3.0,RQ-018,"(Hormuz OR ""Strait of Hormuz"") AND (blockade OR closed OR shipping)",unknown,unknown,unknown,unknown,unknown,unknown,done_reconstructed;n_records=25413,reddit_raw_schema.csv,reddit_raw_schema.csv (records only; no run log sheet),Reconstructed solely from raw records — no separate run log; requested_start/end/sort_mode/cap/pagination unknown; observed_content_range=2026-03-09T21:27:26Z/2026-07-18T12:14:11Z; project_weeks_observed=W02-W21; source_ids=RD-001;RD-023;RD-024; discovery_route=source_scope; collector_version=reddit_raw_json_parser_v0.2; needs confirmation from Reddit Collection owner
unknown,youtube,0.3-draft,q_fa_topic_1,جنگ ایران آمریکا,unknown,2026-02-28,2026-07-22,relevance (search.list); time (commentThreads.list),max_videos_per_query=25;max_comments_per_video=300 (config.yaml),unknown,unknown,config/query_registry.yaml,config/query_registry.yaml (queries section),"Reconstructed from config/query_registry.yaml (registry_version=0.3-draft); youtube_runs.csv NOT on disk at documented path (data/raw/iran_us_war/) — actual run details (collection_run_id, execution timestamps, quota_consumed, error_count) unknown; needs confirmation from YouTube Collection owner. language=fa; purpose=topic; active_from=2026-02-28; active_to=null (reactivated 2026-08-11 per decision_log.md). regions=IR/fa;US/en;GB/en;DE/de;FR/fr (rotation: 2/day, 3-day cycle, 2026-08-11). requested_start/end from config.yaml date_range (publishedAfter/publishedBefore per source_registry_v3 §4-1). sort_mode from youtube_extract.py: search.list→relevance, commentThreads.list→time."
unknown,youtube,0.3-draft,q_fa_topic_2,تنش نظامی ایران و آمریکا,unknown,2026-02-28,2026-07-22,relevance (search.list); time (commentThreads.list),max_videos_per_query=25;max_comments_per_video=300 (config.yaml),unknown,unknown,config/query_registry.yaml,config/query_registry.yaml (queries section),"Reconstructed from config/query_registry.yaml (registry_version=0.3-draft); youtube_runs.csv NOT on disk at documented path (data/raw/iran_us_war/) — actual run details (collection_run_id, execution timestamps, quota_consumed, error_count) unknown; needs confirmation from YouTube Collection owner. language=fa; purpose=topic; active_from=2026-02-28; active_to=null (reactivated 2026-08-11 per decision_log.md). regions=IR/fa;US/en;GB/en;DE/de;FR/fr (rotation: 2/day, 3-day cycle, 2026-08-11). requested_start/end from config.yaml date_range (publishedAfter/publishedBefore per source_registry_v3 §4-1). sort_mode from youtube_extract.py: search.list→relevance, commentThreads.list→time."
unknown,youtube,0.3-draft,q_fa_topic_3,حمله آمریکا به ایران,unknown,2026-02-28,2026-07-22,relevance (search.list); time (commentThreads.list),max_videos_per_query=25;max_comments_per_video=300 (config.yaml),unknown,unknown,config/query_registry.yaml,config/query_registry.yaml (queries section),"Reconstructed from config/query_registry.yaml (registry_version=0.3-draft); youtube_runs.csv NOT on disk at documented path (data/raw/iran_us_war/) — actual run details (collection_run_id, execution timestamps, quota_consumed, error_count) unknown; needs confirmation from YouTube Collection owner. language=fa; purpose=topic; active_from=2026-02-28; active_to=null (reactivated 2026-08-11 per decision_log.md). regions=IR/fa;US/en;GB/en;DE/de;FR/fr (rotation: 2/day, 3-day cycle, 2026-08-11). requested_start/end from config.yaml date_range (publishedAfter/publishedBefore per source_registry_v3 §4-1). sort_mode from youtube_extract.py: search.list→relevance, commentThreads.list→time."
unknown,youtube,0.3-draft,q_fa_topic_4,حمله ایران به آمریکا,unknown,2026-02-28,2026-07-22,relevance (search.list); time (commentThreads.list),max_videos_per_query=25;max_comments_per_video=300 (config.yaml),unknown,unknown,config/query_registry.yaml,config/query_registry.yaml (queries section),"Reconstructed from config/query_registry.yaml (registry_version=0.3-draft); youtube_runs.csv NOT on disk at documented path (data/raw/iran_us_war/) — actual run details (collection_run_id, execution timestamps, quota_consumed, error_count) unknown; needs confirmation from YouTube Collection owner. language=fa; purpose=topic; active_from=2026-02-28; active_to=null (reactivated 2026-08-11 per decision_log.md). regions=IR/fa;US/en;GB/en;DE/de;FR/fr (rotation: 2/day, 3-day cycle, 2026-08-11). requested_start/end from config.yaml date_range (publishedAfter/publishedBefore per source_registry_v3 §4-1). sort_mode from youtube_extract.py: search.list→relevance, commentThreads.list→time."
unknown,youtube,0.3-draft,q_fa_actor_1,سپاه پاسداران آمریکا,unknown,2026-02-28,2026-07-22,relevance (search.list); time (commentThreads.list),max_videos_per_query=25;max_comments_per_video=300 (config.yaml),unknown,unknown,config/query_registry.yaml,config/query_registry.yaml (queries section),"Reconstructed from config/query_registry.yaml (registry_version=0.3-draft); youtube_runs.csv NOT on disk at documented path (data/raw/iran_us_war/) — actual run details (collection_run_id, execution timestamps, quota_consumed, error_count) unknown; needs confirmation from YouTube Collection owner. language=fa; purpose=actor; active_from=2026-02-28; active_to=null (reactivated 2026-08-11 per decision_log.md). regions=IR/fa;US/en;GB/en;DE/de;FR/fr (rotation: 2/day, 3-day cycle, 2026-08-11). requested_start/end from config.yaml date_range (publishedAfter/publishedBefore per source_registry_v3 §4-1). sort_mode from youtube_extract.py: search.list→relevance, commentThreads.list→time."
unknown,youtube,0.3-draft,q_fa_actor_2,ترامپ ایران,unknown,2026-02-28,2026-07-22,relevance (search.list); time (commentThreads.list),max_videos_per_query=25;max_comments_per_video=300 (config.yaml),unknown,unknown,config/query_registry.yaml,config/query_registry.yaml (queries section),"Reconstructed from config/query_registry.yaml (registry_version=0.3-draft); youtube_runs.csv NOT on disk at documented path (data/raw/iran_us_war/) — actual run details (collection_run_id, execution timestamps, quota_consumed, error_count) unknown; needs confirmation from YouTube Collection owner. language=fa; purpose=actor; active_from=2026-02-28; active_to=null (reactivated 2026-08-11 per decision_log.md). regions=IR/fa;US/en;GB/en;DE/de;FR/fr (rotation: 2/day, 3-day cycle, 2026-08-11). requested_start/end from config.yaml date_range (publishedAfter/publishedBefore per source_registry_v3 §4-1). sort_mode from youtube_extract.py: search.list→relevance, commentThreads.list→time."
unknown,youtube,0.3-draft,q_fa_actor_3,خامنه‌ای آمریکا,unknown,2026-02-28,2026-07-22,relevance (search.list); time (commentThreads.list),max_videos_per_query=25;max_comments_per_video=300 (config.yaml),unknown,unknown,config/query_registry.yaml,config/query_registry.yaml (queries section),"Reconstructed from config/query_registry.yaml (registry_version=0.3-draft); youtube_runs.csv NOT on disk at documented path (data/raw/iran_us_war/) — actual run details (collection_run_id, execution timestamps, quota_consumed, error_count) unknown; needs confirmation from YouTube Collection owner. language=fa; purpose=actor; active_from=2026-02-28; active_to=null (reactivated 2026-08-11 per decision_log.md). regions=IR/fa;US/en;GB/en;DE/de;FR/fr (rotation: 2/day, 3-day cycle, 2026-08-11). requested_start/end from config.yaml date_range (publishedAfter/publishedBefore per source_registry_v3 §4-1). sort_mode from youtube_extract.py: search.list→relevance, commentThreads.list→time."
unknown,youtube,0.3-draft,q_fa_econ_1,تحریم ایران آمریکا,unknown,2026-02-28,2026-07-22,relevance (search.list); time (commentThreads.list),max_videos_per_query=25;max_comments_per_video=300 (config.yaml),unknown,unknown,config/query_registry.yaml,config/query_registry.yaml (queries section),"Reconstructed from config/query_registry.yaml (registry_version=0.3-draft); youtube_runs.csv NOT on disk at documented path (data/raw/iran_us_war/) — actual run details (collection_run_id, execution timestamps, quota_consumed, error_count) unknown; needs confirmation from YouTube Collection owner. language=fa; purpose=economic; active_from=2026-02-28; active_to=null (reactivated 2026-08-11 per decision_log.md). regions=IR/fa;US/en;GB/en;DE/de;FR/fr (rotation: 2/day, 3-day cycle, 2026-08-11). requested_start/end from config.yaml date_range (publishedAfter/publishedBefore per source_registry_v3 §4-1). sort_mode from youtube_extract.py: search.list→relevance, commentThreads.list→time."
unknown,youtube,0.3-draft,q_fa_dipl_1,مذاکرات هسته‌ای ایران آمریکا,unknown,2026-02-28,2026-07-22,relevance (search.list); time (commentThreads.list),max_videos_per_query=25;max_comments_per_video=300 (config.yaml),unknown,unknown,config/query_registry.yaml,config/query_registry.yaml (queries section),"Reconstructed from config/query_registry.yaml (registry_version=0.3-draft); youtube_runs.csv NOT on disk at documented path (data/raw/iran_us_war/) — actual run details (collection_run_id, execution timestamps, quota_consumed, error_count) unknown; needs confirmation from YouTube Collection owner. language=fa; purpose=diplomacy; active_from=2026-02-28; active_to=null (reactivated 2026-08-11 per decision_log.md). regions=IR/fa;US/en;GB/en;DE/de;FR/fr (rotation: 2/day, 3-day cycle, 2026-08-11). requested_start/end from config.yaml date_range (publishedAfter/publishedBefore per source_registry_v3 §4-1). sort_mode from youtube_extract.py: search.list→relevance, commentThreads.list→time."
unknown,youtube,0.3-draft,q_fa_hashtag_1,#ایران_آمریکا,unknown,2026-02-28,2026-07-22,relevance (search.list); time (commentThreads.list),max_videos_per_query=25;max_comments_per_video=300 (config.yaml),unknown,unknown,config/query_registry.yaml,config/query_registry.yaml (queries section),"Reconstructed from config/query_registry.yaml (registry_version=0.3-draft); youtube_runs.csv NOT on disk at documented path (data/raw/iran_us_war/) — actual run details (collection_run_id, execution timestamps, quota_consumed, error_count) unknown; needs confirmation from YouTube Collection owner. language=fa; purpose=hashtag; active_from=2026-02-28; active_to=null (reactivated 2026-08-11 per decision_log.md). regions=IR/fa;US/en;GB/en;DE/de;FR/fr (rotation: 2/day, 3-day cycle, 2026-08-11). requested_start/end from config.yaml date_range (publishedAfter/publishedBefore per source_registry_v3 §4-1). sort_mode from youtube_extract.py: search.list→relevance, commentThreads.list→time."
unknown,youtube,0.3-draft,q_fa_support_1,حمایت از اقدام آمریکا علیه ایران,unknown,2026-02-28,2026-07-22,relevance (search.list); time (commentThreads.list),max_videos_per_query=25;max_comments_per_video=300 (config.yaml),unknown,unknown,config/query_registry.yaml,config/query_registry.yaml (queries section),"Reconstructed from config/query_registry.yaml (registry_version=0.3-draft); youtube_runs.csv NOT on disk at documented path (data/raw/iran_us_war/) — actual run details (collection_run_id, execution timestamps, quota_consumed, error_count) unknown; needs confirmation from YouTube Collection owner. language=fa; purpose=support; active_from=2026-02-28; active_to=null (reactivated 2026-08-11 per decision_log.md). regions=IR/fa;US/en;GB/en;DE/de;FR/fr (rotation: 2/day, 3-day cycle, 2026-08-11). requested_start/end from config.yaml date_range (publishedAfter/publishedBefore per source_registry_v3 §4-1). sort_mode from youtube_extract.py: search.list→relevance, commentThreads.list→time."
unknown,youtube,0.3-draft,q_fa_support_2,حمایت از ایران در برابر آمریکا,unknown,2026-02-28,2026-07-22,relevance (search.list); time (commentThreads.list),max_videos_per_query=25;max_comments_per_video=300 (config.yaml),unknown,unknown,config/query_registry.yaml,config/query_registry.yaml (queries section),"Reconstructed from config/query_registry.yaml (registry_version=0.3-draft); youtube_runs.csv NOT on disk at documented path (data/raw/iran_us_war/) — actual run details (collection_run_id, execution timestamps, quota_consumed, error_count) unknown; needs confirmation from YouTube Collection owner. language=fa; purpose=support; active_from=2026-02-28; active_to=null (reactivated 2026-08-11 per decision_log.md). regions=IR/fa;US/en;GB/en;DE/de;FR/fr (rotation: 2/day, 3-day cycle, 2026-08-11). requested_start/end from config.yaml date_range (publishedAfter/publishedBefore per source_registry_v3 §4-1). sort_mode from youtube_extract.py: search.list→relevance, commentThreads.list→time."
unknown,youtube,0.3-draft,q_fa_oppose_1,محکومیت حمله آمریکا به ایران,unknown,2026-02-28,2026-07-22,relevance (search.list); time (commentThreads.list),max_videos_per_query=25;max_comments_per_video=300 (config.yaml),unknown,unknown,config/query_registry.yaml,config/query_registry.yaml (queries section),"Reconstructed from config/query_registry.yaml (registry_version=0.3-draft); youtube_runs.csv NOT on disk at documented path (data/raw/iran_us_war/) — actual run details (collection_run_id, execution timestamps, quota_consumed, error_count) unknown; needs confirmation from YouTube Collection owner. language=fa; purpose=oppose; active_from=2026-02-28; active_to=null (reactivated 2026-08-11 per decision_log.md). regions=IR/fa;US/en;GB/en;DE/de;FR/fr (rotation: 2/day, 3-day cycle, 2026-08-11). requested_start/end from config.yaml date_range (publishedAfter/publishedBefore per source_registry_v3 §4-1). sort_mode from youtube_extract.py: search.list→relevance, commentThreads.list→time."
unknown,youtube,0.3-draft,q_fa_oppose_2,محکومیت اقدام ایران علیه آمریکا,unknown,2026-02-28,2026-07-22,relevance (search.list); time (commentThreads.list),max_videos_per_query=25;max_comments_per_video=300 (config.yaml),unknown,unknown,config/query_registry.yaml,config/query_registry.yaml (queries section),"Reconstructed from config/query_registry.yaml (registry_version=0.3-draft); youtube_runs.csv NOT on disk at documented path (data/raw/iran_us_war/) — actual run details (collection_run_id, execution timestamps, quota_consumed, error_count) unknown; needs confirmation from YouTube Collection owner. language=fa; purpose=oppose; active_from=2026-02-28; active_to=null (reactivated 2026-08-11 per decision_log.md). regions=IR/fa;US/en;GB/en;DE/de;FR/fr (rotation: 2/day, 3-day cycle, 2026-08-11). requested_start/end from config.yaml date_range (publishedAfter/publishedBefore per source_registry_v3 §4-1). sort_mode from youtube_extract.py: search.list→relevance, commentThreads.list→time."
unknown,youtube,0.3-draft,q_en_topic_1,Iran US war,unknown,2026-02-28,2026-07-22,relevance (search.list); time (commentThreads.list),max_videos_per_query=25;max_comments_per_video=300 (config.yaml),unknown,unknown,config/query_registry.yaml,config/query_registry.yaml (queries section),"Reconstructed from config/query_registry.yaml (registry_version=0.3-draft); youtube_runs.csv NOT on disk at documented path (data/raw/iran_us_war/) — actual run details (collection_run_id, execution timestamps, quota_consumed, error_count) unknown; needs confirmation from YouTube Collection owner. language=en; purpose=topic; active_from=2026-02-28; active_to=null (reactivated 2026-08-11 per decision_log.md). regions=IR/fa;US/en;GB/en;DE/de;FR/fr (rotation: 2/day, 3-day cycle, 2026-08-11). requested_start/end from config.yaml date_range (publishedAfter/publishedBefore per source_registry_v3 §4-1). sort_mode from youtube_extract.py: search.list→relevance, commentThreads.list→time."
unknown,youtube,0.3-draft,q_en_topic_2,Iran America conflict news,unknown,2026-02-28,2026-07-22,relevance (search.list); time (commentThreads.list),max_videos_per_query=25;max_comments_per_video=300 (config.yaml),unknown,unknown,config/query_registry.yaml,config/query_registry.yaml (queries section),"Reconstructed from config/query_registry.yaml (registry_version=0.3-draft); youtube_runs.csv NOT on disk at documented path (data/raw/iran_us_war/) — actual run details (collection_run_id, execution timestamps, quota_consumed, error_count) unknown; needs confirmation from YouTube Collection owner. language=en; purpose=topic; active_from=2026-02-28; active_to=null (reactivated 2026-08-11 per decision_log.md). regions=IR/fa;US/en;GB/en;DE/de;FR/fr (rotation: 2/day, 3-day cycle, 2026-08-11). requested_start/end from config.yaml date_range (publishedAfter/publishedBefore per source_registry_v3 §4-1). sort_mode from youtube_extract.py: search.list→relevance, commentThreads.list→time."
unknown,youtube,0.3-draft,q_en_topic_3,US strikes Iran,unknown,2026-02-28,2026-07-22,relevance (search.list); time (commentThreads.list),max_videos_per_query=25;max_comments_per_video=300 (config.yaml),unknown,unknown,config/query_registry.yaml,config/query_registry.yaml (queries section),"Reconstructed from config/query_registry.yaml (registry_version=0.3-draft); youtube_runs.csv NOT on disk at documented path (data/raw/iran_us_war/) — actual run details (collection_run_id, execution timestamps, quota_consumed, error_count) unknown; needs confirmation from YouTube Collection owner. language=en; purpose=topic; active_from=2026-02-28; active_to=null (reactivated 2026-08-11 per decision_log.md). regions=IR/fa;US/en;GB/en;DE/de;FR/fr (rotation: 2/day, 3-day cycle, 2026-08-11). requested_start/end from config.yaml date_range (publishedAfter/publishedBefore per source_registry_v3 §4-1). sort_mode from youtube_extract.py: search.list→relevance, commentThreads.list→time."
unknown,youtube,0.3-draft,q_en_topic_4,Iran strikes US forces,unknown,2026-02-28,2026-07-22,relevance (search.list); time (commentThreads.list),max_videos_per_query=25;max_comments_per_video=300 (config.yaml),unknown,unknown,config/query_registry.yaml,config/query_registry.yaml (queries section),"Reconstructed from config/query_registry.yaml (registry_version=0.3-draft); youtube_runs.csv NOT on disk at documented path (data/raw/iran_us_war/) — actual run details (collection_run_id, execution timestamps, quota_consumed, error_count) unknown; needs confirmation from YouTube Collection owner. language=en; purpose=topic; active_from=2026-02-28; active_to=null (reactivated 2026-08-11 per decision_log.md). regions=IR/fa;US/en;GB/en;DE/de;FR/fr (rotation: 2/day, 3-day cycle, 2026-08-11). requested_start/end from config.yaml date_range (publishedAfter/publishedBefore per source_registry_v3 §4-1). sort_mode from youtube_extract.py: search.list→relevance, commentThreads.list→time."
unknown,youtube,0.3-draft,q_en_actor_1,IRGC United States,unknown,2026-02-28,2026-07-22,relevance (search.list); time (commentThreads.list),max_videos_per_query=25;max_comments_per_video=300 (config.yaml),unknown,unknown,config/query_registry.yaml,config/query_registry.yaml (queries section),"Reconstructed from config/query_registry.yaml (registry_version=0.3-draft); youtube_runs.csv NOT on disk at documented path (data/raw/iran_us_war/) — actual run details (collection_run_id, execution timestamps, quota_consumed, error_count) unknown; needs confirmation from YouTube Collection owner. language=en; purpose=actor; active_from=2026-02-28; active_to=null (reactivated 2026-08-11 per decision_log.md). regions=IR/fa;US/en;GB/en;DE/de;FR/fr (rotation: 2/day, 3-day cycle, 2026-08-11). requested_start/end from config.yaml date_range (publishedAfter/publishedBefore per source_registry_v3 §4-1). sort_mode from youtube_extract.py: search.list→relevance, commentThreads.list→time."
unknown,youtube,0.3-draft,q_en_actor_2,Trump Iran,unknown,2026-02-28,2026-07-22,relevance (search.list); time (commentThreads.list),max_videos_per_query=25;max_comments_per_video=300 (config.yaml),unknown,unknown,config/query_registry.yaml,config/query_registry.yaml (queries section),"Reconstructed from config/query_registry.yaml (registry_version=0.3-draft); youtube_runs.csv NOT on disk at documented path (data/raw/iran_us_war/) — actual run details (collection_run_id, execution timestamps, quota_consumed, error_count) unknown; needs confirmation from YouTube Collection owner. language=en; purpose=actor; active_from=2026-02-28; active_to=null (reactivated 2026-08-11 per decision_log.md). regions=IR/fa;US/en;GB/en;DE/de;FR/fr (rotation: 2/day, 3-day cycle, 2026-08-11). requested_start/end from config.yaml date_range (publishedAfter/publishedBefore per source_registry_v3 §4-1). sort_mode from youtube_extract.py: search.list→relevance, commentThreads.list→time."
unknown,youtube,0.3-draft,q_en_actor_3,Khamenei United States,unknown,2026-02-28,2026-07-22,relevance (search.list); time (commentThreads.list),max_videos_per_query=25;max_comments_per_video=300 (config.yaml),unknown,unknown,config/query_registry.yaml,config/query_registry.yaml (queries section),"Reconstructed from config/query_registry.yaml (registry_version=0.3-draft); youtube_runs.csv NOT on disk at documented path (data/raw/iran_us_war/) — actual run details (collection_run_id, execution timestamps, quota_consumed, error_count) unknown; needs confirmation from YouTube Collection owner. language=en; purpose=actor; active_from=2026-02-28; active_to=null (reactivated 2026-08-11 per decision_log.md). regions=IR/fa;US/en;GB/en;DE/de;FR/fr (rotation: 2/day, 3-day cycle, 2026-08-11). requested_start/end from config.yaml date_range (publishedAfter/publishedBefore per source_registry_v3 §4-1). sort_mode from youtube_extract.py: search.list→relevance, commentThreads.list→time."
unknown,youtube,0.3-draft,q_en_econ_1,Iran sanctions United States,unknown,2026-02-28,2026-07-22,relevance (search.list); time (commentThreads.list),max_videos_per_query=25;max_comments_per_video=300 (config.yaml),unknown,unknown,config/query_registry.yaml,config/query_registry.yaml (queries section),"Reconstructed from config/query_registry.yaml (registry_version=0.3-draft); youtube_runs.csv NOT on disk at documented path (data/raw/iran_us_war/) — actual run details (collection_run_id, execution timestamps, quota_consumed, error_count) unknown; needs confirmation from YouTube Collection owner. language=en; purpose=economic; active_from=2026-02-28; active_to=null (reactivated 2026-08-11 per decision_log.md). regions=IR/fa;US/en;GB/en;DE/de;FR/fr (rotation: 2/day, 3-day cycle, 2026-08-11). requested_start/end from config.yaml date_range (publishedAfter/publishedBefore per source_registry_v3 §4-1). sort_mode from youtube_extract.py: search.list→relevance, commentThreads.list→time."
unknown,youtube,0.3-draft,q_en_dipl_1,Iran nuclear talks negotiations,unknown,2026-02-28,2026-07-22,relevance (search.list); time (commentThreads.list),max_videos_per_query=25;max_comments_per_video=300 (config.yaml),unknown,unknown,config/query_registry.yaml,config/query_registry.yaml (queries section),"Reconstructed from config/query_registry.yaml (registry_version=0.3-draft); youtube_runs.csv NOT on disk at documented path (data/raw/iran_us_war/) — actual run details (collection_run_id, execution timestamps, quota_consumed, error_count) unknown; needs confirmation from YouTube Collection owner. language=en; purpose=diplomacy; active_from=2026-02-28; active_to=null (reactivated 2026-08-11 per decision_log.md). regions=IR/fa;US/en;GB/en;DE/de;FR/fr (rotation: 2/day, 3-day cycle, 2026-08-11). requested_start/end from config.yaml date_range (publishedAfter/publishedBefore per source_registry_v3 §4-1). sort_mode from youtube_extract.py: search.list→relevance, commentThreads.list→time."
unknown,youtube,0.3-draft,q_en_hashtag_1,#IranUSConflict,unknown,2026-02-28,2026-07-22,relevance (search.list); time (commentThreads.list),max_videos_per_query=25;max_comments_per_video=300 (config.yaml),unknown,unknown,config/query_registry.yaml,config/query_registry.yaml (queries section),"Reconstructed from config/query_registry.yaml (registry_version=0.3-draft); youtube_runs.csv NOT on disk at documented path (data/raw/iran_us_war/) — actual run details (collection_run_id, execution timestamps, quota_consumed, error_count) unknown; needs confirmation from YouTube Collection owner. language=en; purpose=hashtag; active_from=2026-02-28; active_to=null (reactivated 2026-08-11 per decision_log.md). regions=IR/fa;US/en;GB/en;DE/de;FR/fr (rotation: 2/day, 3-day cycle, 2026-08-11). requested_start/end from config.yaml date_range (publishedAfter/publishedBefore per source_registry_v3 §4-1). sort_mode from youtube_extract.py: search.list→relevance, commentThreads.list→time."
unknown,youtube,0.3-draft,q_en_hashtag_2,#IranWar,unknown,2026-02-28,2026-07-22,relevance (search.list); time (commentThreads.list),max_videos_per_query=25;max_comments_per_video=300 (config.yaml),unknown,unknown,config/query_registry.yaml,config/query_registry.yaml (queries section),"Reconstructed from config/query_registry.yaml (registry_version=0.3-draft); youtube_runs.csv NOT on disk at documented path (data/raw/iran_us_war/) — actual run details (collection_run_id, execution timestamps, quota_consumed, error_count) unknown; needs confirmation from YouTube Collection owner. language=en; purpose=hashtag; active_from=2026-02-28; active_to=null (reactivated 2026-08-11 per decision_log.md). regions=IR/fa;US/en;GB/en;DE/de;FR/fr (rotation: 2/day, 3-day cycle, 2026-08-11). requested_start/end from config.yaml date_range (publishedAfter/publishedBefore per source_registry_v3 §4-1). sort_mode from youtube_extract.py: search.list→relevance, commentThreads.list→time."
unknown,youtube,0.3-draft,q_en_support_1,support US strike on Iran,unknown,2026-02-28,2026-07-22,relevance (search.list); time (commentThreads.list),max_videos_per_query=25;max_comments_per_video=300 (config.yaml),unknown,unknown,config/query_registry.yaml,config/query_registry.yaml (queries section),"Reconstructed from config/query_registry.yaml (registry_version=0.3-draft); youtube_runs.csv NOT on disk at documented path (data/raw/iran_us_war/) — actual run details (collection_run_id, execution timestamps, quota_consumed, error_count) unknown; needs confirmation from YouTube Collection owner. language=en; purpose=support; active_from=2026-02-28; active_to=null (reactivated 2026-08-11 per decision_log.md). regions=IR/fa;US/en;GB/en;DE/de;FR/fr (rotation: 2/day, 3-day cycle, 2026-08-11). requested_start/end from config.yaml date_range (publishedAfter/publishedBefore per source_registry_v3 §4-1). sort_mode from youtube_extract.py: search.list→relevance, commentThreads.list→time."
unknown,youtube,0.3-draft,q_en_support_2,support Iran against US,unknown,2026-02-28,2026-07-22,relevance (search.list); time (commentThreads.list),max_videos_per_query=25;max_comments_per_video=300 (config.yaml),unknown,unknown,config/query_registry.yaml,config/query_registry.yaml (queries section),"Reconstructed from config/query_registry.yaml (registry_version=0.3-draft); youtube_runs.csv NOT on disk at documented path (data/raw/iran_us_war/) — actual run details (collection_run_id, execution timestamps, quota_consumed, error_count) unknown; needs confirmation from YouTube Collection owner. language=en; purpose=support; active_from=2026-02-28; active_to=null (reactivated 2026-08-11 per decision_log.md). regions=IR/fa;US/en;GB/en;DE/de;FR/fr (rotation: 2/day, 3-day cycle, 2026-08-11). requested_start/end from config.yaml date_range (publishedAfter/publishedBefore per source_registry_v3 §4-1). sort_mode from youtube_extract.py: search.list→relevance, commentThreads.list→time."
unknown,youtube,0.3-draft,q_en_oppose_1,condemn US strike on Iran,unknown,2026-02-28,2026-07-22,relevance (search.list); time (commentThreads.list),max_videos_per_query=25;max_comments_per_video=300 (config.yaml),unknown,unknown,config/query_registry.yaml,config/query_registry.yaml (queries section),"Reconstructed from config/query_registry.yaml (registry_version=0.3-draft); youtube_runs.csv NOT on disk at documented path (data/raw/iran_us_war/) — actual run details (collection_run_id, execution timestamps, quota_consumed, error_count) unknown; needs confirmation from YouTube Collection owner. language=en; purpose=oppose; active_from=2026-02-28; active_to=null (reactivated 2026-08-11 per decision_log.md). regions=IR/fa;US/en;GB/en;DE/de;FR/fr (rotation: 2/day, 3-day cycle, 2026-08-11). requested_start/end from config.yaml date_range (publishedAfter/publishedBefore per source_registry_v3 §4-1). sort_mode from youtube_extract.py: search.list→relevance, commentThreads.list→time."
unknown,youtube,0.3-draft,q_en_oppose_2,condemn Iran aggression,unknown,2026-02-28,2026-07-22,relevance (search.list); time (commentThreads.list),max_videos_per_query=25;max_comments_per_video=300 (config.yaml),unknown,unknown,config/query_registry.yaml,config/query_registry.yaml (queries section),"Reconstructed from config/query_registry.yaml (registry_version=0.3-draft); youtube_runs.csv NOT on disk at documented path (data/raw/iran_us_war/) — actual run details (collection_run_id, execution timestamps, quota_consumed, error_count) unknown; needs confirmation from YouTube Collection owner. language=en; purpose=oppose; active_from=2026-02-28; active_to=null (reactivated 2026-08-11 per decision_log.md). regions=IR/fa;US/en;GB/en;DE/de;FR/fr (rotation: 2/day, 3-day cycle, 2026-08-11). requested_start/end from config.yaml date_range (publishedAfter/publishedBefore per source_registry_v3 §4-1). sort_mode from youtube_extract.py: search.list→relevance, commentThreads.list→time."
yt_20260808T141921Z,youtube,0.2-draft,,,,unknown,unknown,time,300,capped,done,youtube_runs.csv,data/raw/iran_us_war/youtube_runs.csv,"project_week=OUT; discovery_route=source_scope; source_id=; returned_count=13652; stored_count=5028; records_in_window=0; records_sampled_out=8623; oldest_record_utc=2026-07-23T00:00:12Z; newest_record_utc=2026-08-08T12:41:17Z; quota_consumed=; error_count=0; prefiltered_sources_count=21; prefiltered_sources_log_ref=youtube_skipped_videos.csv; started_at_utc=2026-08-08T14:19:21Z; finished_at_utc=2026-08-08T15:06:50Z; assigned_query==executed_query: youtube_runs.csv logs one query_text field, no separate as-typed vs as-executed variant (search.list takes a single string); run_log_notes=quota_consumed/error_count/prefiltered_sources_count reported once on the first row of this run, not per bucket (they are run-level, not query x week - level).; source_row_hash=a9520d29332cfd43"
yt_20260808T141921Z,youtube,0.2-draft,,,,2026-02-28,2026-03-06,time,300,capped,done,youtube_runs.csv,data/raw/iran_us_war/youtube_runs.csv,"project_week=W01; discovery_route=source_scope; source_id=; returned_count=4476; stored_count=1047; records_in_window=1047; records_sampled_out=3429; oldest_record_utc=2026-02-28T12:23:32Z; newest_record_utc=2026-03-06T23:59:57Z; quota_consumed=; error_count=0; prefiltered_sources_count=0; prefiltered_sources_log_ref=youtube_skipped_videos.csv; started_at_utc=2026-08-08T14:19:21Z; finished_at_utc=2026-08-08T15:06:50Z; assigned_query==executed_query: youtube_runs.csv logs one query_text field, no separate as-typed vs as-executed variant (search.list takes a single string); run_log_notes=quota_consumed/error_count/prefiltered_sources_count reported once on the first row of this run, not per bucket (they are run-level, not query x week - level).; source_row_hash=8a30eca68895eb06"
yt_20260808T141921Z,youtube,0.2-draft,,,,2026-03-07,2026-03-13,time,300,capped,done,youtube_runs.csv,data/raw/iran_us_war/youtube_runs.csv,"project_week=W02; discovery_route=source_scope; source_id=; returned_count=182; stored_count=98; records_in_window=98; records_sampled_out=84; oldest_record_utc=2026-03-07T00:01:33Z; newest_record_utc=2026-03-13T23:09:27Z; quota_consumed=; error_count=0; prefiltered_sources_count=0; prefiltered_sources_log_ref=youtube_skipped_videos.csv; started_at_utc=2026-08-08T14:19:21Z; finished_at_utc=2026-08-08T15:06:50Z; assigned_query==executed_query: youtube_runs.csv logs one query_text field, no separate as-typed vs as-executed variant (search.list takes a single string); run_log_notes=quota_consumed/error_count/prefiltered_sources_count reported once on the first row of this run, not per bucket (they are run-level, not query x week - level).; source_row_hash=a023f873e17ab857"
yt_20260808T141921Z,youtube,0.2-draft,,,,2026-03-14,2026-03-20,time,300,capped,done,youtube_runs.csv,data/raw/iran_us_war/youtube_runs.csv,"project_week=W03; discovery_route=source_scope; source_id=; returned_count=56; stored_count=34; records_in_window=34; records_sampled_out=22; oldest_record_utc=2026-03-14T14:01:24Z; newest_record_utc=2026-03-20T06:41:27Z; quota_consumed=; error_count=0; prefiltered_sources_count=0; prefiltered_sources_log_ref=youtube_skipped_videos.csv; started_at_utc=2026-08-08T14:19:21Z; finished_at_utc=2026-08-08T15:06:50Z; assigned_query==executed_query: youtube_runs.csv logs one query_text field, no separate as-typed vs as-executed variant (search.list takes a single string); run_log_notes=quota_consumed/error_count/prefiltered_sources_count reported once on the first row of this run, not per bucket (they are run-level, not query x week - level).; source_row_hash=4c3cc79db4425b34"
yt_20260808T141921Z,youtube,0.2-draft,,,,2026-03-21,2026-03-27,time,300,capped,done,youtube_runs.csv,data/raw/iran_us_war/youtube_runs.csv,"project_week=W04; discovery_route=query_search; source_id=; returned_count=29; stored_count=17; records_in_window=17; records_sampled_out=12; oldest_record_utc=2026-03-21T01:00:24Z; newest_record_utc=2026-03-27T22:42:14Z; quota_consumed=; error_count=0; prefiltered_sources_count=0; prefiltered_sources_log_ref=youtube_skipped_videos.csv; started_at_utc=2026-08-08T14:19:21Z; finished_at_utc=2026-08-08T15:06:50Z; assigned_query==executed_query: youtube_runs.csv logs one query_text field, no separate as-typed vs as-executed variant (search.list takes a single string); run_log_notes=quota_consumed/error_count/prefiltered_sources_count reported once on the first row of this run, not per bucket (they are run-level, not query x week - level).; source_row_hash=ce533457f087b496"
yt_20260808T141921Z,youtube,0.2-draft,,,,2026-03-28,2026-04-03,time,300,capped,done,youtube_runs.csv,data/raw/iran_us_war/youtube_runs.csv,"project_week=W05; discovery_route=source_scope; source_id=; returned_count=7; stored_count=2; records_in_window=2; records_sampled_out=5; oldest_record_utc=2026-03-28T17:12:26Z; newest_record_utc=2026-03-30T07:51:48Z; quota_consumed=; error_count=0; prefiltered_sources_count=0; prefiltered_sources_log_ref=youtube_skipped_videos.csv; started_at_utc=2026-08-08T14:19:21Z; finished_at_utc=2026-08-08T15:06:50Z; assigned_query==executed_query: youtube_runs.csv logs one query_text field, no separate as-typed vs as-executed variant (search.list takes a single string); run_log_notes=quota_consumed/error_count/prefiltered_sources_count reported once on the first row of this run, not per bucket (they are run-level, not query x week - level).; source_row_hash=a461c9197c1f6732"
yt_20260808T141921Z,youtube,0.2-draft,,,,2026-04-04,2026-04-10,time,300,capped,done,youtube_runs.csv,data/raw/iran_us_war/youtube_runs.csv,"project_week=W06; discovery_route=source_scope; source_id=; returned_count=21; stored_count=8; records_in_window=8; records_sampled_out=13; oldest_record_utc=2026-04-05T06:50:32Z; newest_record_utc=2026-04-10T17:29:14Z; quota_consumed=; error_count=0; prefiltered_sources_count=0; prefiltered_sources_log_ref=youtube_skipped_videos.csv; started_at_utc=2026-08-08T14:19:21Z; finished_at_utc=2026-08-08T15:06:50Z; assigned_query==executed_query: youtube_runs.csv logs one query_text field, no separate as-typed vs as-executed variant (search.list takes a single string); run_log_notes=quota_consumed/error_count/prefiltered_sources_count reported once on the first row of this run, not per bucket (they are run-level, not query x week - level).; source_row_hash=692679fc67d55bf1"
yt_20260808T141921Z,youtube,0.2-draft,,,,2026-04-11,2026-04-17,time,300,capped,done,youtube_runs.csv,data/raw/iran_us_war/youtube_runs.csv,"project_week=W07; discovery_route=source_scope; source_id=; returned_count=17; stored_count=15; records_in_window=15; records_sampled_out=2; oldest_record_utc=2026-04-11T10:07:57Z; newest_record_utc=2026-04-17T15:10:38Z; quota_consumed=; error_count=0; prefiltered_sources_count=0; prefiltered_sources_log_ref=youtube_skipped_videos.csv; started_at_utc=2026-08-08T14:19:21Z; finished_at_utc=2026-08-08T15:06:50Z; assigned_query==executed_query: youtube_runs.csv logs one query_text field, no separate as-typed vs as-executed variant (search.list takes a single string); run_log_notes=quota_consumed/error_count/prefiltered_sources_count reported once on the first row of this run, not per bucket (they are run-level, not query x week - level).; source_row_hash=553e9ebbe24c2679"
yt_20260808T141921Z,youtube,0.2-draft,,,,2026-04-18,2026-04-24,time,300,capped,done,youtube_runs.csv,data/raw/iran_us_war/youtube_runs.csv,"project_week=W08; discovery_route=query_search; source_id=; returned_count=53; stored_count=49; records_in_window=49; records_sampled_out=4; oldest_record_utc=2026-04-19T01:15:37Z; newest_record_utc=2026-04-24T23:58:37Z; quota_consumed=; error_count=0; prefiltered_sources_count=0; prefiltered_sources_log_ref=youtube_skipped_videos.csv; started_at_utc=2026-08-08T14:19:21Z; finished_at_utc=2026-08-08T15:06:50Z; assigned_query==executed_query: youtube_runs.csv logs one query_text field, no separate as-typed vs as-executed variant (search.list takes a single string); run_log_notes=quota_consumed/error_count/prefiltered_sources_count reported once on the first row of this run, not per bucket (they are run-level, not query x week - level).; source_row_hash=5c6de9310691bd76"
yt_20260808T141921Z,youtube,0.2-draft,,,,2026-04-25,2026-05-01,time,300,capped,done,youtube_runs.csv,data/raw/iran_us_war/youtube_runs.csv,"project_week=W09; discovery_route=query_search; source_id=; returned_count=103; stored_count=101; records_in_window=101; records_sampled_out=2; oldest_record_utc=2026-04-28T00:02:23Z; newest_record_utc=2026-05-01T15:55:21Z; quota_consumed=; error_count=0; prefiltered_sources_count=0; prefiltered_sources_log_ref=youtube_skipped_videos.csv; started_at_utc=2026-08-08T14:19:21Z; finished_at_utc=2026-08-08T15:06:50Z; assigned_query==executed_query: youtube_runs.csv logs one query_text field, no separate as-typed vs as-executed variant (search.list takes a single string); run_log_notes=quota_consumed/error_count/prefiltered_sources_count reported once on the first row of this run, not per bucket (they are run-level, not query x week - level).; source_row_hash=2b35a0b568722480"
yt_20260808T141921Z,youtube,0.2-draft,,,,2026-05-02,2026-05-08,time,300,not_capped,done,youtube_runs.csv,data/raw/iran_us_war/youtube_runs.csv,"project_week=W10; discovery_route=query_search; source_id=; returned_count=70; stored_count=70; records_in_window=70; records_sampled_out=0; oldest_record_utc=2026-05-02T04:08:04Z; newest_record_utc=2026-05-08T21:45:01Z; quota_consumed=; error_count=0; prefiltered_sources_count=0; prefiltered_sources_log_ref=youtube_skipped_videos.csv; started_at_utc=2026-08-08T14:19:21Z; finished_at_utc=2026-08-08T15:06:50Z; assigned_query==executed_query: youtube_runs.csv logs one query_text field, no separate as-typed vs as-executed variant (search.list takes a single string); run_log_notes=quota_consumed/error_count/prefiltered_sources_count reported once on the first row of this run, not per bucket (they are run-level, not query x week - level).; source_row_hash=cb9b5dfb77c425b6"
yt_20260808T141921Z,youtube,0.2-draft,,,,2026-05-09,2026-05-15,time,300,capped,done,youtube_runs.csv,data/raw/iran_us_war/youtube_runs.csv,"project_week=W11; discovery_route=query_search; source_id=; returned_count=373; stored_count=368; records_in_window=368; records_sampled_out=3; oldest_record_utc=2026-05-09T00:04:42Z; newest_record_utc=2026-05-15T22:43:56Z; quota_consumed=; error_count=0; prefiltered_sources_count=0; prefiltered_sources_log_ref=youtube_skipped_videos.csv; started_at_utc=2026-08-08T14:19:21Z; finished_at_utc=2026-08-08T15:06:50Z; assigned_query==executed_query: youtube_runs.csv logs one query_text field, no separate as-typed vs as-executed variant (search.list takes a single string); run_log_notes=quota_consumed/error_count/prefiltered_sources_count reported once on the first row of this run, not per bucket (they are run-level, not query x week - level).; source_row_hash=b1ad884b11322264"
yt_20260808T141921Z,youtube,0.2-draft,,,,2026-05-16,2026-05-22,time,300,not_capped,done,youtube_runs.csv,data/raw/iran_us_war/youtube_runs.csv,"project_week=W12; discovery_route=query_search; source_id=; returned_count=149; stored_count=149; records_in_window=149; records_sampled_out=0; oldest_record_utc=2026-05-16T19:32:10Z; newest_record_utc=2026-05-22T23:58:43Z; quota_consumed=; error_count=0; prefiltered_sources_count=0; prefiltered_sources_log_ref=youtube_skipped_videos.csv; started_at_utc=2026-08-08T14:19:21Z; finished_at_utc=2026-08-08T15:06:50Z; assigned_query==executed_query: youtube_runs.csv logs one query_text field, no separate as-typed vs as-executed variant (search.list takes a single string); run_log_notes=quota_consumed/error_count/prefiltered_sources_count reported once on the first row of this run, not per bucket (they are run-level, not query x week - level).; source_row_hash=4924d3b0c1f084de"
yt_20260808T141921Z,youtube,0.2-draft,,,,2026-05-23,2026-05-29,time,300,capped,done,youtube_runs.csv,data/raw/iran_us_war/youtube_runs.csv,"project_week=W13; discovery_route=source_scope; source_id=; returned_count=301; stored_count=293; records_in_window=293; records_sampled_out=8; oldest_record_utc=2026-05-23T01:52:25Z; newest_record_utc=2026-05-29T23:50:30Z; quota_consumed=; error_count=0; prefiltered_sources_count=0; prefiltered_sources_log_ref=youtube_skipped_videos.csv; started_at_utc=2026-08-08T14:19:21Z; finished_at_utc=2026-08-08T15:06:50Z; assigned_query==executed_query: youtube_runs.csv logs one query_text field, no separate as-typed vs as-executed variant (search.list takes a single string); run_log_notes=quota_consumed/error_count/prefiltered_sources_count reported once on the first row of this run, not per bucket (they are run-level, not query x week - level).; source_row_hash=0a21670893ffbc7c"
yt_20260808T141921Z,youtube,0.2-draft,,,,2026-05-30,2026-06-05,time,300,capped,done,youtube_runs.csv,data/raw/iran_us_war/youtube_runs.csv,"project_week=W14; discovery_route=source_scope; source_id=; returned_count=836; stored_count=817; records_in_window=817; records_sampled_out=19; oldest_record_utc=2026-05-30T00:14:00Z; newest_record_utc=2026-06-05T23:56:44Z; quota_consumed=; error_count=0; prefiltered_sources_count=0; prefiltered_sources_log_ref=youtube_skipped_videos.csv; started_at_utc=2026-08-08T14:19:21Z; finished_at_utc=2026-08-08T15:06:50Z; assigned_query==executed_query: youtube_runs.csv logs one query_text field, no separate as-typed vs as-executed variant (search.list takes a single string); run_log_notes=quota_consumed/error_count/prefiltered_sources_count reported once on the first row of this run, not per bucket (they are run-level, not query x week - level).; source_row_hash=f529047aa11a8b80"
yt_20260808T141921Z,youtube,0.2-draft,,,,2026-06-06,2026-06-12,time,300,capped,done,youtube_runs.csv,data/raw/iran_us_war/youtube_runs.csv,"project_week=W15; discovery_route=query_search; source_id=; returned_count=639; stored_count=544; records_in_window=544; records_sampled_out=95; oldest_record_utc=2026-06-06T00:13:48Z; newest_record_utc=2026-06-12T23:18:35Z; quota_consumed=; error_count=0; prefiltered_sources_count=0; prefiltered_sources_log_ref=youtube_skipped_videos.csv; started_at_utc=2026-08-08T14:19:21Z; finished_at_utc=2026-08-08T15:06:50Z; assigned_query==executed_query: youtube_runs.csv logs one query_text field, no separate as-typed vs as-executed variant (search.list takes a single string); run_log_notes=quota_consumed/error_count/prefiltered_sources_count reported once on the first row of this run, not per bucket (they are run-level, not query x week - level).; source_row_hash=0ccd7f4021bd890e"
yt_20260808T141921Z,youtube,0.2-draft,,,,2026-06-13,2026-06-19,time,300,capped,done,youtube_runs.csv,data/raw/iran_us_war/youtube_runs.csv,"project_week=W16; discovery_route=query_search; source_id=; returned_count=170; stored_count=156; records_in_window=156; records_sampled_out=14; oldest_record_utc=2026-06-13T00:01:32Z; newest_record_utc=2026-06-19T23:20:55Z; quota_consumed=; error_count=0; prefiltered_sources_count=0; prefiltered_sources_log_ref=youtube_skipped_videos.csv; started_at_utc=2026-08-08T14:19:21Z; finished_at_utc=2026-08-08T15:06:50Z; assigned_query==executed_query: youtube_runs.csv logs one query_text field, no separate as-typed vs as-executed variant (search.list takes a single string); run_log_notes=quota_consumed/error_count/prefiltered_sources_count reported once on the first row of this run, not per bucket (they are run-level, not query x week - level).; source_row_hash=61159bc1ce50495b"
yt_20260808T141921Z,youtube,0.2-draft,,,,2026-06-20,2026-06-26,time,300,capped,done,youtube_runs.csv,data/raw/iran_us_war/youtube_runs.csv,"project_week=W17; discovery_route=source_scope; source_id=; returned_count=831; stored_count=754; records_in_window=754; records_sampled_out=77; oldest_record_utc=2026-06-20T00:18:40Z; newest_record_utc=2026-06-26T23:18:40Z; quota_consumed=; error_count=0; prefiltered_sources_count=0; prefiltered_sources_log_ref=youtube_skipped_videos.csv; started_at_utc=2026-08-08T14:19:21Z; finished_at_utc=2026-08-08T15:06:50Z; assigned_query==executed_query: youtube_runs.csv logs one query_text field, no separate as-typed vs as-executed variant (search.list takes a single string); run_log_notes=quota_consumed/error_count/prefiltered_sources_count reported once on the first row of this run, not per bucket (they are run-level, not query x week - level).; source_row_hash=be524c1816749f48"
yt_20260808T141921Z,youtube,0.2-draft,,,,2026-06-27,2026-07-03,time,300,capped,done,youtube_runs.csv,data/raw/iran_us_war/youtube_runs.csv,"project_week=W18; discovery_route=query_search; source_id=; returned_count=711; stored_count=703; records_in_window=703; records_sampled_out=8; oldest_record_utc=2026-06-27T01:15:32Z; newest_record_utc=2026-07-03T14:15:46Z; quota_consumed=; error_count=0; prefiltered_sources_count=0; prefiltered_sources_log_ref=youtube_skipped_videos.csv; started_at_utc=2026-08-08T14:19:21Z; finished_at_utc=2026-08-08T15:06:50Z; assigned_query==executed_query: youtube_runs.csv logs one query_text field, no separate as-typed vs as-executed variant (search.list takes a single string); run_log_notes=quota_consumed/error_count/prefiltered_sources_count reported once on the first row of this run, not per bucket (they are run-level, not query x week - level).; source_row_hash=bb5592965880c9c2"
yt_20260808T141921Z,youtube,0.2-draft,,,,2026-07-04,2026-07-10,time,300,capped,done,youtube_runs.csv,data/raw/iran_us_war/youtube_runs.csv,"project_week=W19; discovery_route=source_scope; source_id=; returned_count=3478; stored_count=2351; records_in_window=2351; records_sampled_out=1127; oldest_record_utc=2026-07-04T03:16:25Z; newest_record_utc=2026-07-10T23:58:47Z; quota_consumed=; error_count=0; prefiltered_sources_count=0; prefiltered_sources_log_ref=youtube_skipped_videos.csv; started_at_utc=2026-08-08T14:19:21Z; finished_at_utc=2026-08-08T15:06:50Z; assigned_query==executed_query: youtube_runs.csv logs one query_text field, no separate as-typed vs as-executed variant (search.list takes a single string); run_log_notes=quota_consumed/error_count/prefiltered_sources_count reported once on the first row of this run, not per bucket (they are run-level, not query x week - level).; source_row_hash=13357349d238c956"
yt_20260808T141921Z,youtube,0.2-draft,,,,2026-07-11,2026-07-17,time,300,capped,done,youtube_runs.csv,data/raw/iran_us_war/youtube_runs.csv,"project_week=W20; discovery_route=source_scope; source_id=; returned_count=16251; stored_count=10611; records_in_window=10611; records_sampled_out=5627; oldest_record_utc=2026-07-11T00:00:50Z; newest_record_utc=2026-07-17T23:59:30Z; quota_consumed=; error_count=0; prefiltered_sources_count=0; prefiltered_sources_log_ref=youtube_skipped_videos.csv; started_at_utc=2026-08-08T14:19:21Z; finished_at_utc=2026-08-08T15:06:50Z; assigned_query==executed_query: youtube_runs.csv logs one query_text field, no separate as-typed vs as-executed variant (search.list takes a single string); run_log_notes=quota_consumed/error_count/prefiltered_sources_count reported once on the first row of this run, not per bucket (they are run-level, not query x week - level).; source_row_hash=de32f39803c80179"
yt_20260808T141921Z,youtube,0.2-draft,,,,2026-07-18,2026-07-22,time,300,capped,done,youtube_runs.csv,data/raw/iran_us_war/youtube_runs.csv,"project_week=W21; discovery_route=query_search; source_id=; returned_count=41011; stored_count=20488; records_in_window=20488; records_sampled_out=20516; oldest_record_utc=2026-07-18T00:00:59Z; newest_record_utc=2026-07-22T23:59:03Z; quota_consumed=; error_count=0; prefiltered_sources_count=0; prefiltered_sources_log_ref=youtube_skipped_videos.csv; started_at_utc=2026-08-08T14:19:21Z; finished_at_utc=2026-08-08T15:06:50Z; assigned_query==executed_query: youtube_runs.csv logs one query_text field, no separate as-typed vs as-executed variant (search.list takes a single string); run_log_notes=quota_consumed/error_count/prefiltered_sources_count reported once on the first row of this run, not per bucket (they are run-level, not query x week - level).; source_row_hash=cec1949d08dc1e3e"
yt_20260808T141921Z,youtube,0.2-draft,q_en_actor_2,Trump Iran,Trump Iran,unknown,unknown,time,300,capped,done,youtube_runs.csv,data/raw/iran_us_war/youtube_runs.csv,"project_week=OUT; discovery_route=query_search; source_id=YT-009; returned_count=6687; stored_count=2334; records_in_window=0; records_sampled_out=4353; oldest_record_utc=2026-07-23T00:00:28Z; newest_record_utc=2026-08-08T14:29:35Z; quota_consumed=; error_count=0; prefiltered_sources_count=0; prefiltered_sources_log_ref=youtube_skipped_videos.csv; started_at_utc=2026-08-08T14:19:21Z; finished_at_utc=2026-08-08T15:06:50Z; assigned_query==executed_query: youtube_runs.csv logs one query_text field, no separate as-typed vs as-executed variant (search.list takes a single string); run_log_notes=quota_consumed/error_count/prefiltered_sources_count reported once on the first row of this run, not per bucket (they are run-level, not query x week - level).; source_row_hash=2b1fae89bac72b11"
yt_20260808T141921Z,youtube,0.2-draft,q_en_actor_2,Trump Iran,Trump Iran,2026-07-18,2026-07-22,time,300,capped,done,youtube_runs.csv,data/raw/iran_us_war/youtube_runs.csv,"project_week=W21; discovery_route=query_search; source_id=; returned_count=8244; stored_count=3139; records_in_window=3139; records_sampled_out=5105; oldest_record_utc=2026-07-21T16:04:27Z; newest_record_utc=2026-07-22T23:57:39Z; quota_consumed=; error_count=0; prefiltered_sources_count=0; prefiltered_sources_log_ref=youtube_skipped_videos.csv; started_at_utc=2026-08-08T14:19:21Z; finished_at_utc=2026-08-08T15:06:50Z; assigned_query==executed_query: youtube_runs.csv logs one query_text field, no separate as-typed vs as-executed variant (search.list takes a single string); run_log_notes=quota_consumed/error_count/prefiltered_sources_count reported once on the first row of this run, not per bucket (they are run-level, not query x week - level).; source_row_hash=a2637dc73e28c8ae"
yt_20260808T141921Z,youtube,0.2-draft,q_en_support_1,support US strike on Iran,support US strike on Iran,unknown,unknown,time,300,capped,done,youtube_runs.csv,data/raw/iran_us_war/youtube_runs.csv,"project_week=OUT; discovery_route=query_search; source_id=; returned_count=1490; stored_count=627; records_in_window=0; records_sampled_out=863; oldest_record_utc=2026-07-23T00:01:14Z; newest_record_utc=2026-08-08T04:15:42Z; quota_consumed=; error_count=0; prefiltered_sources_count=0; prefiltered_sources_log_ref=youtube_skipped_videos.csv; started_at_utc=2026-08-08T14:19:21Z; finished_at_utc=2026-08-08T15:06:50Z; assigned_query==executed_query: youtube_runs.csv logs one query_text field, no separate as-typed vs as-executed variant (search.list takes a single string); run_log_notes=quota_consumed/error_count/prefiltered_sources_count reported once on the first row of this run, not per bucket (they are run-level, not query x week - level).; source_row_hash=153026838eee7a09"
yt_20260808T141921Z,youtube,0.2-draft,q_en_support_1,support US strike on Iran,support US strike on Iran,2026-07-18,2026-07-22,time,300,capped,done,youtube_runs.csv,data/raw/iran_us_war/youtube_runs.csv,"project_week=W21; discovery_route=query_search; source_id=; returned_count=14095; stored_count=5342; records_in_window=5342; records_sampled_out=8753; oldest_record_utc=2026-07-19T10:32:43Z; newest_record_utc=2026-07-22T23:53:32Z; quota_consumed=; error_count=0; prefiltered_sources_count=0; prefiltered_sources_log_ref=youtube_skipped_videos.csv; started_at_utc=2026-08-08T14:19:21Z; finished_at_utc=2026-08-08T15:06:50Z; assigned_query==executed_query: youtube_runs.csv logs one query_text field, no separate as-typed vs as-executed variant (search.list takes a single string); run_log_notes=quota_consumed/error_count/prefiltered_sources_count reported once on the first row of this run, not per bucket (they are run-level, not query x week - level).; source_row_hash=dcc6af3b03dfba58"
yt_20260808T141921Z,youtube,0.2-draft,q_en_support_2,support Iran against US,support Iran against US,unknown,unknown,time,300,capped,done,youtube_runs.csv,data/raw/iran_us_war/youtube_runs.csv,"project_week=OUT; discovery_route=query_search; source_id=; returned_count=4360; stored_count=1258; records_in_window=0; records_sampled_out=3102; oldest_record_utc=2026-07-23T00:00:50Z; newest_record_utc=2026-08-08T13:21:03Z; quota_consumed=; error_count=0; prefiltered_sources_count=0; prefiltered_sources_log_ref=youtube_skipped_videos.csv; started_at_utc=2026-08-08T14:19:21Z; finished_at_utc=2026-08-08T15:06:50Z; assigned_query==executed_query: youtube_runs.csv logs one query_text field, no separate as-typed vs as-executed variant (search.list takes a single string); run_log_notes=quota_consumed/error_count/prefiltered_sources_count reported once on the first row of this run, not per bucket (they are run-level, not query x week - level).; source_row_hash=0f35154fc9bc34f5"
yt_20260808T141921Z,youtube,0.2-draft,q_en_support_2,support Iran against US,support Iran against US,2026-07-11,2026-07-17,time,300,capped,done,youtube_runs.csv,data/raw/iran_us_war/youtube_runs.csv,"project_week=W20; discovery_route=query_search; source_id=YT-003; returned_count=4404; stored_count=1461; records_in_window=1461; records_sampled_out=2943; oldest_record_utc=2026-07-11T12:37:22Z; newest_record_utc=2026-07-17T23:31:20Z; quota_consumed=; error_count=0; prefiltered_sources_count=0; prefiltered_sources_log_ref=youtube_skipped_videos.csv; started_at_utc=2026-08-08T14:19:21Z; finished_at_utc=2026-08-08T15:06:50Z; assigned_query==executed_query: youtube_runs.csv logs one query_text field, no separate as-typed vs as-executed variant (search.list takes a single string); run_log_notes=quota_consumed/error_count/prefiltered_sources_count reported once on the first row of this run, not per bucket (they are run-level, not query x week - level).; source_row_hash=205c9825ba44608a"
yt_20260808T141921Z,youtube,0.2-draft,q_en_support_2,support Iran against US,support Iran against US,2026-07-18,2026-07-22,time,300,capped,done,youtube_runs.csv,data/raw/iran_us_war/youtube_runs.csv,"project_week=W21; discovery_route=query_search; source_id=; returned_count=16055; stored_count=4630; records_in_window=4630; records_sampled_out=11425; oldest_record_utc=2026-07-18T00:07:47Z; newest_record_utc=2026-07-22T23:48:58Z; quota_consumed=; error_count=0; prefiltered_sources_count=0; prefiltered_sources_log_ref=youtube_skipped_videos.csv; started_at_utc=2026-08-08T14:19:21Z; finished_at_utc=2026-08-08T15:06:50Z; assigned_query==executed_query: youtube_runs.csv logs one query_text field, no separate as-typed vs as-executed variant (search.list takes a single string); run_log_notes=quota_consumed/error_count/prefiltered_sources_count reported once on the first row of this run, not per bucket (they are run-level, not query x week - level).; source_row_hash=a17c96f8a3fb84a3"
yt_20260808T141921Z,youtube,0.2-draft,q_en_topic_1,Iran US war,Iran US war,unknown,unknown,time,300,capped,done,youtube_runs.csv,data/raw/iran_us_war/youtube_runs.csv,"project_week=OUT; discovery_route=query_search; source_id=YT-013; returned_count=7896; stored_count=2018; records_in_window=0; records_sampled_out=5878; oldest_record_utc=2026-07-23T00:01:24Z; newest_record_utc=2026-08-08T13:01:52Z; quota_consumed=; error_count=0; prefiltered_sources_count=0; prefiltered_sources_log_ref=youtube_skipped_videos.csv; started_at_utc=2026-08-08T14:19:21Z; finished_at_utc=2026-08-08T15:06:50Z; assigned_query==executed_query: youtube_runs.csv logs one query_text field, no separate as-typed vs as-executed variant (search.list takes a single string); run_log_notes=quota_consumed/error_count/prefiltered_sources_count reported once on the first row of this run, not per bucket (they are run-level, not query x week - level).; source_row_hash=41829a0e2d3544b6"
yt_20260808T141921Z,youtube,0.2-draft,q_en_topic_1,Iran US war,Iran US war,2026-03-14,2026-03-20,time,300,capped,done,youtube_runs.csv,data/raw/iran_us_war/youtube_runs.csv,"project_week=W03; discovery_route=query_search; source_id=; returned_count=139; stored_count=28; records_in_window=28; records_sampled_out=111; oldest_record_utc=2026-03-18T13:32:38Z; newest_record_utc=2026-03-20T21:22:54Z; quota_consumed=; error_count=0; prefiltered_sources_count=0; prefiltered_sources_log_ref=youtube_skipped_videos.csv; started_at_utc=2026-08-08T14:19:21Z; finished_at_utc=2026-08-08T15:06:50Z; assigned_query==executed_query: youtube_runs.csv logs one query_text field, no separate as-typed vs as-executed variant (search.list takes a single string); run_log_notes=quota_consumed/error_count/prefiltered_sources_count reported once on the first row of this run, not per bucket (they are run-level, not query x week - level).; source_row_hash=c070c13a8884d180"
yt_20260808T141921Z,youtube,0.2-draft,q_en_topic_1,Iran US war,Iran US war,2026-03-21,2026-03-27,time,300,capped,done,youtube_runs.csv,data/raw/iran_us_war/youtube_runs.csv,"project_week=W04; discovery_route=query_search; source_id=; returned_count=300; stored_count=61; records_in_window=61; records_sampled_out=239; oldest_record_utc=2026-03-21T00:09:42Z; newest_record_utc=2026-03-27T13:42:49Z; quota_consumed=; error_count=0; prefiltered_sources_count=0; prefiltered_sources_log_ref=youtube_skipped_videos.csv; started_at_utc=2026-08-08T14:19:21Z; finished_at_utc=2026-08-08T15:06:50Z; assigned_query==executed_query: youtube_runs.csv logs one query_text field, no separate as-typed vs as-executed variant (search.list takes a single string); run_log_notes=quota_consumed/error_count/prefiltered_sources_count reported once on the first row of this run, not per bucket (they are run-level, not query x week - level).; source_row_hash=5e1dfce5b3c0adda"
yt_20260808T141921Z,youtube,0.2-draft,q_en_topic_1,Iran US war,Iran US war,2026-03-28,2026-04-03,time,300,capped,done,youtube_runs.csv,data/raw/iran_us_war/youtube_runs.csv,"project_week=W05; discovery_route=query_search; source_id=; returned_count=191; stored_count=35; records_in_window=35; records_sampled_out=156; oldest_record_utc=2026-03-28T02:26:31Z; newest_record_utc=2026-04-02T12:05:11Z; quota_consumed=; error_count=0; prefiltered_sources_count=0; prefiltered_sources_log_ref=youtube_skipped_videos.csv; started_at_utc=2026-08-08T14:19:21Z; finished_at_utc=2026-08-08T15:06:50Z; assigned_query==executed_query: youtube_runs.csv logs one query_text field, no separate as-typed vs as-executed variant (search.list takes a single string); run_log_notes=quota_consumed/error_count/prefiltered_sources_count reported once on the first row of this run, not per bucket (they are run-level, not query x week - level).; source_row_hash=225c0ee84f5f8e73"
yt_20260808T141921Z,youtube,0.2-draft,q_en_topic_1,Iran US war,Iran US war,2026-04-04,2026-04-10,time,300,capped,done,youtube_runs.csv,data/raw/iran_us_war/youtube_runs.csv,"project_week=W06; discovery_route=query_search; source_id=; returned_count=90; stored_count=24; records_in_window=24; records_sampled_out=66; oldest_record_utc=2026-04-04T03:18:48Z; newest_record_utc=2026-04-10T20:11:12Z; quota_consumed=; error_count=0; prefiltered_sources_count=0; prefiltered_sources_log_ref=youtube_skipped_videos.csv; started_at_utc=2026-08-08T14:19:21Z; finished_at_utc=2026-08-08T15:06:50Z; assigned_query==executed_query: youtube_runs.csv logs one query_text field, no separate as-typed vs as-executed variant (search.list takes a single string); run_log_notes=quota_consumed/error_count/prefiltered_sources_count reported once on the first row of this run, not per bucket (they are run-level, not query x week - level).; source_row_hash=0c92a5b7be18520a"
yt_20260808T141921Z,youtube,0.2-draft,q_en_topic_1,Iran US war,Iran US war,2026-04-11,2026-04-17,time,300,capped,done,youtube_runs.csv,data/raw/iran_us_war/youtube_runs.csv,"project_week=W07; discovery_route=query_search; source_id=; returned_count=60; stored_count=14; records_in_window=14; records_sampled_out=46; oldest_record_utc=2026-04-12T00:31:23Z; newest_record_utc=2026-04-17T21:22:32Z; quota_consumed=; error_count=0; prefiltered_sources_count=0; prefiltered_sources_log_ref=youtube_skipped_videos.csv; started_at_utc=2026-08-08T14:19:21Z; finished_at_utc=2026-08-08T15:06:50Z; assigned_query==executed_query: youtube_runs.csv logs one query_text field, no separate as-typed vs as-executed variant (search.list takes a single string); run_log_notes=quota_consumed/error_count/prefiltered_sources_count reported once on the first row of this run, not per bucket (they are run-level, not query x week - level).; source_row_hash=7b46bc57c25c1ef5"
yt_20260808T141921Z,youtube,0.2-draft,q_en_topic_1,Iran US war,Iran US war,2026-04-18,2026-04-24,time,300,capped,done,youtube_runs.csv,data/raw/iran_us_war/youtube_runs.csv,"project_week=W08; discovery_route=query_search; source_id=; returned_count=1025; stored_count=213; records_in_window=213; records_sampled_out=812; oldest_record_utc=2026-04-18T15:12:04Z; newest_record_utc=2026-04-24T23:46:26Z; quota_consumed=; error_count=0; prefiltered_sources_count=0; prefiltered_sources_log_ref=youtube_skipped_videos.csv; started_at_utc=2026-08-08T14:19:21Z; finished_at_utc=2026-08-08T15:06:50Z; assigned_query==executed_query: youtube_runs.csv logs one query_text field, no separate as-typed vs as-executed variant (search.list takes a single string); run_log_notes=quota_consumed/error_count/prefiltered_sources_count reported once on the first row of this run, not per bucket (they are run-level, not query x week - level).; source_row_hash=58662a200f032acf"
yt_20260808T141921Z,youtube,0.2-draft,q_en_topic_1,Iran US war,Iran US war,2026-04-25,2026-05-01,time,300,capped,done,youtube_runs.csv,data/raw/iran_us_war/youtube_runs.csv,"project_week=W09; discovery_route=query_search; source_id=; returned_count=381; stored_count=70; records_in_window=70; records_sampled_out=311; oldest_record_utc=2026-04-25T00:26:05Z; newest_record_utc=2026-05-01T21:16:06Z; quota_consumed=; error_count=0; prefiltered_sources_count=0; prefiltered_sources_log_ref=youtube_skipped_videos.csv; started_at_utc=2026-08-08T14:19:21Z; finished_at_utc=2026-08-08T15:06:50Z; assigned_query==executed_query: youtube_runs.csv logs one query_text field, no separate as-typed vs as-executed variant (search.list takes a single string); run_log_notes=quota_consumed/error_count/prefiltered_sources_count reported once on the first row of this run, not per bucket (they are run-level, not query x week - level).; source_row_hash=12c8e044e0e784d6"
yt_20260808T141921Z,youtube,0.2-draft,q_en_topic_1,Iran US war,Iran US war,2026-05-02,2026-05-08,time,300,capped,done,youtube_runs.csv,data/raw/iran_us_war/youtube_runs.csv,"project_week=W10; discovery_route=query_search; source_id=; returned_count=111; stored_count=23; records_in_window=23; records_sampled_out=88; oldest_record_utc=2026-05-02T03:19:43Z; newest_record_utc=2026-05-08T16:15:59Z; quota_consumed=; error_count=0; prefiltered_sources_count=0; prefiltered_sources_log_ref=youtube_skipped_videos.csv; started_at_utc=2026-08-08T14:19:21Z; finished_at_utc=2026-08-08T15:06:50Z; assigned_query==executed_query: youtube_runs.csv logs one query_text field, no separate as-typed vs as-executed variant (search.list takes a single string); run_log_notes=quota_consumed/error_count/prefiltered_sources_count reported once on the first row of this run, not per bucket (they are run-level, not query x week - level).; source_row_hash=b4db67aea78032a1"
yt_20260808T141921Z,youtube,0.2-draft,q_en_topic_1,Iran US war,Iran US war,2026-05-09,2026-05-15,time,300,capped,done,youtube_runs.csv,data/raw/iran_us_war/youtube_runs.csv,"project_week=W11; discovery_route=query_search; source_id=; returned_count=86; stored_count=20; records_in_window=20; records_sampled_out=66; oldest_record_utc=2026-05-09T04:28:29Z; newest_record_utc=2026-05-14T16:58:40Z; quota_consumed=; error_count=0; prefiltered_sources_count=0; prefiltered_sources_log_ref=youtube_skipped_videos.csv; started_at_utc=2026-08-08T14:19:21Z; finished_at_utc=2026-08-08T15:06:50Z; assigned_query==executed_query: youtube_runs.csv logs one query_text field, no separate as-typed vs as-executed variant (search.list takes a single string); run_log_notes=quota_consumed/error_count/prefiltered_sources_count reported once on the first row of this run, not per bucket (they are run-level, not query x week - level).; source_row_hash=89824e2d6b2e988b"
yt_20260808T141921Z,youtube,0.2-draft,q_en_topic_1,Iran US war,Iran US war,2026-05-16,2026-05-22,time,300,capped,done,youtube_runs.csv,data/raw/iran_us_war/youtube_runs.csv,"project_week=W12; discovery_route=query_search; source_id=; returned_count=86; stored_count=11; records_in_window=11; records_sampled_out=75; oldest_record_utc=2026-05-16T09:23:00Z; newest_record_utc=2026-05-22T18:35:43Z; quota_consumed=; error_count=0; prefiltered_sources_count=0; prefiltered_sources_log_ref=youtube_skipped_videos.csv; started_at_utc=2026-08-08T14:19:21Z; finished_at_utc=2026-08-08T15:06:50Z; assigned_query==executed_query: youtube_runs.csv logs one query_text field, no separate as-typed vs as-executed variant (search.list takes a single string); run_log_notes=quota_consumed/error_count/prefiltered_sources_count reported once on the first row of this run, not per bucket (they are run-level, not query x week - level).; source_row_hash=ae027ba8bc3cff61"
yt_20260808T141921Z,youtube,0.2-draft,q_en_topic_1,Iran US war,Iran US war,2026-05-23,2026-05-29,time,300,capped,done,youtube_runs.csv,data/raw/iran_us_war/youtube_runs.csv,"project_week=W13; discovery_route=query_search; source_id=; returned_count=95; stored_count=21; records_in_window=21; records_sampled_out=74; oldest_record_utc=2026-05-23T06:38:27Z; newest_record_utc=2026-05-29T17:51:30Z; quota_consumed=; error_count=0; prefiltered_sources_count=0; prefiltered_sources_log_ref=youtube_skipped_videos.csv; started_at_utc=2026-08-08T14:19:21Z; finished_at_utc=2026-08-08T15:06:50Z; assigned_query==executed_query: youtube_runs.csv logs one query_text field, no separate as-typed vs as-executed variant (search.list takes a single string); run_log_notes=quota_consumed/error_count/prefiltered_sources_count reported once on the first row of this run, not per bucket (they are run-level, not query x week - level).; source_row_hash=64d7f4654115e494"
yt_20260808T141921Z,youtube,0.2-draft,q_en_topic_1,Iran US war,Iran US war,2026-05-30,2026-06-05,time,300,capped,done,youtube_runs.csv,data/raw/iran_us_war/youtube_runs.csv,"project_week=W14; discovery_route=query_search; source_id=; returned_count=62; stored_count=11; records_in_window=11; records_sampled_out=51; oldest_record_utc=2026-05-30T19:19:14Z; newest_record_utc=2026-06-04T07:34:02Z; quota_consumed=; error_count=0; prefiltered_sources_count=0; prefiltered_sources_log_ref=youtube_skipped_videos.csv; started_at_utc=2026-08-08T14:19:21Z; finished_at_utc=2026-08-08T15:06:50Z; assigned_query==executed_query: youtube_runs.csv logs one query_text field, no separate as-typed vs as-executed variant (search.list takes a single string); run_log_notes=quota_consumed/error_count/prefiltered_sources_count reported once on the first row of this run, not per bucket (they are run-level, not query x week - level).; source_row_hash=cc367139c3626bdc"
yt_20260808T141921Z,youtube,0.2-draft,q_en_topic_1,Iran US war,Iran US war,2026-06-06,2026-06-12,time,300,capped,done,youtube_runs.csv,data/raw/iran_us_war/youtube_runs.csv,"project_week=W15; discovery_route=query_search; source_id=; returned_count=54; stored_count=15; records_in_window=15; records_sampled_out=39; oldest_record_utc=2026-06-06T12:55:20Z; newest_record_utc=2026-06-11T12:47:33Z; quota_consumed=; error_count=0; prefiltered_sources_count=0; prefiltered_sources_log_ref=youtube_skipped_videos.csv; started_at_utc=2026-08-08T14:19:21Z; finished_at_utc=2026-08-08T15:06:50Z; assigned_query==executed_query: youtube_runs.csv logs one query_text field, no separate as-typed vs as-executed variant (search.list takes a single string); run_log_notes=quota_consumed/error_count/prefiltered_sources_count reported once on the first row of this run, not per bucket (they are run-level, not query x week - level).; source_row_hash=b929338a35b4d576"
yt_20260808T141921Z,youtube,0.2-draft,q_en_topic_1,Iran US war,Iran US war,2026-06-13,2026-06-19,time,300,capped,done,youtube_runs.csv,data/raw/iran_us_war/youtube_runs.csv,"project_week=W16; discovery_route=query_search; source_id=; returned_count=28; stored_count=7; records_in_window=7; records_sampled_out=21; oldest_record_utc=2026-06-14T03:57:47Z; newest_record_utc=2026-06-19T06:39:50Z; quota_consumed=; error_count=0; prefiltered_sources_count=0; prefiltered_sources_log_ref=youtube_skipped_videos.csv; started_at_utc=2026-08-08T14:19:21Z; finished_at_utc=2026-08-08T15:06:50Z; assigned_query==executed_query: youtube_runs.csv logs one query_text field, no separate as-typed vs as-executed variant (search.list takes a single string); run_log_notes=quota_consumed/error_count/prefiltered_sources_count reported once on the first row of this run, not per bucket (they are run-level, not query x week - level).; source_row_hash=0cc3339d4ebe2918"
yt_20260808T141921Z,youtube,0.2-draft,q_en_topic_1,Iran US war,Iran US war,2026-06-20,2026-06-26,time,300,capped,done,youtube_runs.csv,data/raw/iran_us_war/youtube_runs.csv,"project_week=W17; discovery_route=query_search; source_id=; returned_count=17; stored_count=1; records_in_window=1; records_sampled_out=16; oldest_record_utc=2026-06-23T01:12:51Z; newest_record_utc=2026-06-23T01:12:51Z; quota_consumed=; error_count=0; prefiltered_sources_count=0; prefiltered_sources_log_ref=youtube_skipped_videos.csv; started_at_utc=2026-08-08T14:19:21Z; finished_at_utc=2026-08-08T15:06:50Z; assigned_query==executed_query: youtube_runs.csv logs one query_text field, no separate as-typed vs as-executed variant (search.list takes a single string); run_log_notes=quota_consumed/error_count/prefiltered_sources_count reported once on the first row of this run, not per bucket (they are run-level, not query x week - level).; source_row_hash=f689a50943079b0f"
yt_20260808T141921Z,youtube,0.2-draft,q_en_topic_1,Iran US war,Iran US war,2026-06-27,2026-07-03,time,300,capped,done,youtube_runs.csv,data/raw/iran_us_war/youtube_runs.csv,"project_week=W18; discovery_route=query_search; source_id=; returned_count=42; stored_count=5; records_in_window=5; records_sampled_out=37; oldest_record_utc=2026-06-30T17:05:34Z; newest_record_utc=2026-07-03T03:07:01Z; quota_consumed=; error_count=0; prefiltered_sources_count=0; prefiltered_sources_log_ref=youtube_skipped_videos.csv; started_at_utc=2026-08-08T14:19:21Z; finished_at_utc=2026-08-08T15:06:50Z; assigned_query==executed_query: youtube_runs.csv logs one query_text field, no separate as-typed vs as-executed variant (search.list takes a single string); run_log_notes=quota_consumed/error_count/prefiltered_sources_count reported once on the first row of this run, not per bucket (they are run-level, not query x week - level).; source_row_hash=62ddf172be3c29ff"
yt_20260808T141921Z,youtube,0.2-draft,q_en_topic_1,Iran US war,Iran US war,2026-07-04,2026-07-10,time,300,capped,done,youtube_runs.csv,data/raw/iran_us_war/youtube_runs.csv,"project_week=W19; discovery_route=query_search; source_id=; returned_count=48; stored_count=7; records_in_window=7; records_sampled_out=41; oldest_record_utc=2026-07-04T10:18:53Z; newest_record_utc=2026-07-10T08:06:50Z; quota_consumed=; error_count=0; prefiltered_sources_count=0; prefiltered_sources_log_ref=youtube_skipped_videos.csv; started_at_utc=2026-08-08T14:19:21Z; finished_at_utc=2026-08-08T15:06:50Z; assigned_query==executed_query: youtube_runs.csv logs one query_text field, no separate as-typed vs as-executed variant (search.list takes a single string); run_log_notes=quota_consumed/error_count/prefiltered_sources_count reported once on the first row of this run, not per bucket (they are run-level, not query x week - level).; source_row_hash=a39bca24be904f25"
yt_20260808T141921Z,youtube,0.2-draft,q_en_topic_1,Iran US war,Iran US war,2026-07-11,2026-07-17,time,300,capped,done,youtube_runs.csv,data/raw/iran_us_war/youtube_runs.csv,"project_week=W20; discovery_route=query_search; source_id=; returned_count=24; stored_count=3; records_in_window=3; records_sampled_out=21; oldest_record_utc=2026-07-11T05:13:12Z; newest_record_utc=2026-07-14T00:03:40Z; quota_consumed=; error_count=0; prefiltered_sources_count=0; prefiltered_sources_log_ref=youtube_skipped_videos.csv; started_at_utc=2026-08-08T14:19:21Z; finished_at_utc=2026-08-08T15:06:50Z; assigned_query==executed_query: youtube_runs.csv logs one query_text field, no separate as-typed vs as-executed variant (search.list takes a single string); run_log_notes=quota_consumed/error_count/prefiltered_sources_count reported once on the first row of this run, not per bucket (they are run-level, not query x week - level).; source_row_hash=7ad7fb3a751ad356"
yt_20260808T141921Z,youtube,0.2-draft,q_en_topic_1,Iran US war,Iran US war,2026-07-18,2026-07-22,time,300,capped,done,youtube_runs.csv,data/raw/iran_us_war/youtube_runs.csv,"project_week=W21; discovery_route=query_search; source_id=YT-013; returned_count=7091; stored_count=2594; records_in_window=2594; records_sampled_out=4497; oldest_record_utc=2026-07-18T10:02:44Z; newest_record_utc=2026-07-22T23:58:12Z; quota_consumed=; error_count=0; prefiltered_sources_count=0; prefiltered_sources_log_ref=youtube_skipped_videos.csv; started_at_utc=2026-08-08T14:19:21Z; finished_at_utc=2026-08-08T15:06:50Z; assigned_query==executed_query: youtube_runs.csv logs one query_text field, no separate as-typed vs as-executed variant (search.list takes a single string); run_log_notes=quota_consumed/error_count/prefiltered_sources_count reported once on the first row of this run, not per bucket (they are run-level, not query x week - level).; source_row_hash=9499b02e54cf9b2c"
yt_20260808T141921Z,youtube,0.2-draft,q_fa_actor_2,ترامپ ایران,ترامپ ایران,unknown,unknown,time,300,capped,done,youtube_runs.csv,data/raw/iran_us_war/youtube_runs.csv,"project_week=OUT; discovery_route=query_search; source_id=YT-030; returned_count=3329; stored_count=1518; records_in_window=0; records_sampled_out=1811; oldest_record_utc=2026-07-23T00:00:18Z; newest_record_utc=2026-08-08T13:41:38Z; quota_consumed=; error_count=0; prefiltered_sources_count=0; prefiltered_sources_log_ref=youtube_skipped_videos.csv; started_at_utc=2026-08-08T14:19:21Z; finished_at_utc=2026-08-08T15:06:50Z; assigned_query==executed_query: youtube_runs.csv logs one query_text field, no separate as-typed vs as-executed variant (search.list takes a single string); run_log_notes=quota_consumed/error_count/prefiltered_sources_count reported once on the first row of this run, not per bucket (they are run-level, not query x week - level).; source_row_hash=25e1f6ee52d510c5"
yt_20260808T141921Z,youtube,0.2-draft,q_fa_actor_2,ترامپ ایران,ترامپ ایران,2026-07-04,2026-07-10,time,300,capped,done,youtube_runs.csv,data/raw/iran_us_war/youtube_runs.csv,"project_week=W19; discovery_route=query_search; source_id=YT-009; returned_count=23; stored_count=17; records_in_window=17; records_sampled_out=6; oldest_record_utc=2026-07-08T19:17:20Z; newest_record_utc=2026-07-09T04:59:30Z; quota_consumed=; error_count=0; prefiltered_sources_count=0; prefiltered_sources_log_ref=youtube_skipped_videos.csv; started_at_utc=2026-08-08T14:19:21Z; finished_at_utc=2026-08-08T15:06:50Z; assigned_query==executed_query: youtube_runs.csv logs one query_text field, no separate as-typed vs as-executed variant (search.list takes a single string); run_log_notes=quota_consumed/error_count/prefiltered_sources_count reported once on the first row of this run, not per bucket (they are run-level, not query x week - level).; source_row_hash=2ea16988b733d3d1"
yt_20260808T141921Z,youtube,0.2-draft,q_fa_actor_2,ترامپ ایران,ترامپ ایران,2026-07-11,2026-07-17,time,300,capped,done,youtube_runs.csv,data/raw/iran_us_war/youtube_runs.csv,"project_week=W20; discovery_route=query_search; source_id=YT-030; returned_count=2860; stored_count=777; records_in_window=777; records_sampled_out=2083; oldest_record_utc=2026-07-13T17:53:02Z; newest_record_utc=2026-07-17T23:55:13Z; quota_consumed=; error_count=0; prefiltered_sources_count=0; prefiltered_sources_log_ref=youtube_skipped_videos.csv; started_at_utc=2026-08-08T14:19:21Z; finished_at_utc=2026-08-08T15:06:50Z; assigned_query==executed_query: youtube_runs.csv logs one query_text field, no separate as-typed vs as-executed variant (search.list takes a single string); run_log_notes=quota_consumed/error_count/prefiltered_sources_count reported once on the first row of this run, not per bucket (they are run-level, not query x week - level).; source_row_hash=0a70e7f6ed324278"
yt_20260808T141921Z,youtube,0.2-draft,q_fa_actor_2,ترامپ ایران,ترامپ ایران,2026-07-18,2026-07-22,time,300,capped,done,youtube_runs.csv,data/raw/iran_us_war/youtube_runs.csv,"project_week=W21; discovery_route=query_search; source_id=YT-030; returned_count=6803; stored_count=4188; records_in_window=4188; records_sampled_out=2611; oldest_record_utc=2026-07-18T00:01:21Z; newest_record_utc=2026-07-22T23:55:36Z; quota_consumed=; error_count=0; prefiltered_sources_count=0; prefiltered_sources_log_ref=youtube_skipped_videos.csv; started_at_utc=2026-08-08T14:19:21Z; finished_at_utc=2026-08-08T15:06:50Z; assigned_query==executed_query: youtube_runs.csv logs one query_text field, no separate as-typed vs as-executed variant (search.list takes a single string); run_log_notes=quota_consumed/error_count/prefiltered_sources_count reported once on the first row of this run, not per bucket (they are run-level, not query x week - level).; source_row_hash=d6b84db88195cbbc"
yt_20260808T141921Z,youtube,0.2-draft,q_fa_support_1,حمایت از اقدام آمریکا علیه ایران,حمایت از اقدام آمریکا علیه ایران,2026-02-28,2026-03-06,time,300,not_capped,done,youtube_runs.csv,data/raw/iran_us_war/youtube_runs.csv,"project_week=W01; discovery_route=query_search; source_id=YT-030; returned_count=3; stored_count=3; records_in_window=3; records_sampled_out=0; oldest_record_utc=2026-03-04T07:34:10Z; newest_record_utc=2026-03-04T07:35:35Z; quota_consumed=; error_count=0; prefiltered_sources_count=0; prefiltered_sources_log_ref=youtube_skipped_videos.csv; started_at_utc=2026-08-08T14:19:21Z; finished_at_utc=2026-08-08T15:06:50Z; assigned_query==executed_query: youtube_runs.csv logs one query_text field, no separate as-typed vs as-executed variant (search.list takes a single string); run_log_notes=quota_consumed/error_count/prefiltered_sources_count reported once on the first row of this run, not per bucket (they are run-level, not query x week - level).; source_row_hash=c2f2ed725eb38e26"
yt_20260808T141921Z,youtube,0.2-draft,q_fa_support_1,حمایت از اقدام آمریکا علیه ایران,حمایت از اقدام آمریکا علیه ایران,2026-03-14,2026-03-20,time,300,not_capped,done,youtube_runs.csv,data/raw/iran_us_war/youtube_runs.csv,"project_week=W03; discovery_route=query_search; source_id=; returned_count=2; stored_count=2; records_in_window=2; records_sampled_out=0; oldest_record_utc=2026-03-20T10:54:44Z; newest_record_utc=2026-03-20T13:35:48Z; quota_consumed=; error_count=0; prefiltered_sources_count=0; prefiltered_sources_log_ref=youtube_skipped_videos.csv; started_at_utc=2026-08-08T14:19:21Z; finished_at_utc=2026-08-08T15:06:50Z; assigned_query==executed_query: youtube_runs.csv logs one query_text field, no separate as-typed vs as-executed variant (search.list takes a single string); run_log_notes=quota_consumed/error_count/prefiltered_sources_count reported once on the first row of this run, not per bucket (they are run-level, not query x week - level).; source_row_hash=198c87f81e837731"
yt_20260808T141921Z,youtube,0.2-draft,q_fa_support_1,حمایت از اقدام آمریکا علیه ایران,حمایت از اقدام آمریکا علیه ایران,2026-03-21,2026-03-27,time,300,not_capped,done,youtube_runs.csv,data/raw/iran_us_war/youtube_runs.csv,"project_week=W04; discovery_route=query_search; source_id=YT-030; returned_count=9; stored_count=9; records_in_window=9; records_sampled_out=0; oldest_record_utc=2026-03-26T16:47:59Z; newest_record_utc=2026-03-27T03:33:47Z; quota_consumed=; error_count=0; prefiltered_sources_count=0; prefiltered_sources_log_ref=youtube_skipped_videos.csv; started_at_utc=2026-08-08T14:19:21Z; finished_at_utc=2026-08-08T15:06:50Z; assigned_query==executed_query: youtube_runs.csv logs one query_text field, no separate as-typed vs as-executed variant (search.list takes a single string); run_log_notes=quota_consumed/error_count/prefiltered_sources_count reported once on the first row of this run, not per bucket (they are run-level, not query x week - level).; source_row_hash=ff66e64db66c09a1"
yt_20260808T141921Z,youtube,0.2-draft,q_fa_support_1,حمایت از اقدام آمریکا علیه ایران,حمایت از اقدام آمریکا علیه ایران,2026-03-28,2026-04-03,time,300,not_capped,done,youtube_runs.csv,data/raw/iran_us_war/youtube_runs.csv,"project_week=W05; discovery_route=query_search; source_id=; returned_count=3; stored_count=3; records_in_window=3; records_sampled_out=0; oldest_record_utc=2026-03-28T02:44:04Z; newest_record_utc=2026-03-30T10:26:09Z; quota_consumed=; error_count=0; prefiltered_sources_count=0; prefiltered_sources_log_ref=youtube_skipped_videos.csv; started_at_utc=2026-08-08T14:19:21Z; finished_at_utc=2026-08-08T15:06:50Z; assigned_query==executed_query: youtube_runs.csv logs one query_text field, no separate as-typed vs as-executed variant (search.list takes a single string); run_log_notes=quota_consumed/error_count/prefiltered_sources_count reported once on the first row of this run, not per bucket (they are run-level, not query x week - level).; source_row_hash=9668e45aa0f74da9"
yt_20260808T141921Z,youtube,0.2-draft,q_fa_support_1,حمایت از اقدام آمریکا علیه ایران,حمایت از اقدام آمریکا علیه ایران,2026-04-04,2026-04-10,time,300,not_capped,done,youtube_runs.csv,data/raw/iran_us_war/youtube_runs.csv,"project_week=W06; discovery_route=query_search; source_id=; returned_count=108; stored_count=108; records_in_window=108; records_sampled_out=0; oldest_record_utc=2026-04-04T12:36:08Z; newest_record_utc=2026-04-06T09:58:17Z; quota_consumed=; error_count=0; prefiltered_sources_count=0; prefiltered_sources_log_ref=youtube_skipped_videos.csv; started_at_utc=2026-08-08T14:19:21Z; finished_at_utc=2026-08-08T15:06:50Z; assigned_query==executed_query: youtube_runs.csv logs one query_text field, no separate as-typed vs as-executed variant (search.list takes a single string); run_log_notes=quota_consumed/error_count/prefiltered_sources_count reported once on the first row of this run, not per bucket (they are run-level, not query x week - level).; source_row_hash=1afa24ae2afbe86a"
yt_20260808T141921Z,youtube,0.2-draft,q_fa_support_1,حمایت از اقدام آمریکا علیه ایران,حمایت از اقدام آمریکا علیه ایران,2026-06-13,2026-06-19,time,300,not_capped,done,youtube_runs.csv,data/raw/iran_us_war/youtube_runs.csv,"project_week=W16; discovery_route=query_search; source_id=; returned_count=2; stored_count=2; records_in_window=2; records_sampled_out=0; oldest_record_utc=2026-06-14T20:06:18Z; newest_record_utc=2026-06-14T20:09:08Z; quota_consumed=; error_count=0; prefiltered_sources_count=0; prefiltered_sources_log_ref=youtube_skipped_videos.csv; started_at_utc=2026-08-08T14:19:21Z; finished_at_utc=2026-08-08T15:06:50Z; assigned_query==executed_query: youtube_runs.csv logs one query_text field, no separate as-typed vs as-executed variant (search.list takes a single string); run_log_notes=quota_consumed/error_count/prefiltered_sources_count reported once on the first row of this run, not per bucket (they are run-level, not query x week - level).; source_row_hash=854f289893c94e6b"
yt_20260808T141921Z,youtube,0.2-draft,q_fa_support_1,حمایت از اقدام آمریکا علیه ایران,حمایت از اقدام آمریکا علیه ایران,2026-06-20,2026-06-26,time,300,not_capped,done,youtube_runs.csv,data/raw/iran_us_war/youtube_runs.csv,"project_week=W17; discovery_route=query_search; source_id=; returned_count=118; stored_count=118; records_in_window=118; records_sampled_out=0; oldest_record_utc=2026-06-23T18:51:10Z; newest_record_utc=2026-06-26T01:48:31Z; quota_consumed=; error_count=0; prefiltered_sources_count=0; prefiltered_sources_log_ref=youtube_skipped_videos.csv; started_at_utc=2026-08-08T14:19:21Z; finished_at_utc=2026-08-08T15:06:50Z; assigned_query==executed_query: youtube_runs.csv logs one query_text field, no separate as-typed vs as-executed variant (search.list takes a single string); run_log_notes=quota_consumed/error_count/prefiltered_sources_count reported once on the first row of this run, not per bucket (they are run-level, not query x week - level).; source_row_hash=b61e095bde1f01c2"
yt_20260808T141921Z,youtube,0.2-draft,q_fa_support_1,حمایت از اقدام آمریکا علیه ایران,حمایت از اقدام آمریکا علیه ایران,2026-06-27,2026-07-03,time,300,not_capped,done,youtube_runs.csv,data/raw/iran_us_war/youtube_runs.csv,"project_week=W18; discovery_route=query_search; source_id=; returned_count=15; stored_count=15; records_in_window=15; records_sampled_out=0; oldest_record_utc=2026-06-27T16:54:05Z; newest_record_utc=2026-07-03T14:58:53Z; quota_consumed=; error_count=0; prefiltered_sources_count=0; prefiltered_sources_log_ref=youtube_skipped_videos.csv; started_at_utc=2026-08-08T14:19:21Z; finished_at_utc=2026-08-08T15:06:50Z; assigned_query==executed_query: youtube_runs.csv logs one query_text field, no separate as-typed vs as-executed variant (search.list takes a single string); run_log_notes=quota_consumed/error_count/prefiltered_sources_count reported once on the first row of this run, not per bucket (they are run-level, not query x week - level).; source_row_hash=fdc98ae98a8776ca"
yt_20260808T141921Z,youtube,0.2-draft,q_fa_support_1,حمایت از اقدام آمریکا علیه ایران,حمایت از اقدام آمریکا علیه ایران,2026-07-04,2026-07-10,time,300,not_capped,done,youtube_runs.csv,data/raw/iran_us_war/youtube_runs.csv,"project_week=W19; discovery_route=query_search; source_id=; returned_count=1; stored_count=1; records_in_window=1; records_sampled_out=0; oldest_record_utc=2026-07-06T19:39:37Z; newest_record_utc=2026-07-06T19:39:37Z; quota_consumed=; error_count=0; prefiltered_sources_count=0; prefiltered_sources_log_ref=youtube_skipped_videos.csv; started_at_utc=2026-08-08T14:19:21Z; finished_at_utc=2026-08-08T15:06:50Z; assigned_query==executed_query: youtube_runs.csv logs one query_text field, no separate as-typed vs as-executed variant (search.list takes a single string); run_log_notes=quota_consumed/error_count/prefiltered_sources_count reported once on the first row of this run, not per bucket (they are run-level, not query x week - level).; source_row_hash=a02c1ed59b2e03f5"
yt_20260808T141921Z,youtube,0.2-draft,q_fa_support_2,حمایت از ایران در برابر آمریکا,حمایت از ایران در برابر آمریکا,unknown,unknown,time,300,capped,done,youtube_runs.csv,data/raw/iran_us_war/youtube_runs.csv,"project_week=OUT; discovery_route=query_search; source_id=; returned_count=3; stored_count=2; records_in_window=0; records_sampled_out=1; oldest_record_utc=2026-07-25T19:55:26Z; newest_record_utc=2026-08-01T02:06:48Z; quota_consumed=; error_count=0; prefiltered_sources_count=0; prefiltered_sources_log_ref=youtube_skipped_videos.csv; started_at_utc=2026-08-08T14:19:21Z; finished_at_utc=2026-08-08T15:06:50Z; assigned_query==executed_query: youtube_runs.csv logs one query_text field, no separate as-typed vs as-executed variant (search.list takes a single string); run_log_notes=quota_consumed/error_count/prefiltered_sources_count reported once on the first row of this run, not per bucket (they are run-level, not query x week - level).; source_row_hash=011cd370c87cd03e"
yt_20260808T141921Z,youtube,0.2-draft,q_fa_support_2,حمایت از ایران در برابر آمریکا,حمایت از ایران در برابر آمریکا,2026-02-28,2026-03-06,time,300,not_capped,done,youtube_runs.csv,data/raw/iran_us_war/youtube_runs.csv,"project_week=W01; discovery_route=query_search; source_id=; returned_count=294; stored_count=294; records_in_window=294; records_sampled_out=0; oldest_record_utc=2026-03-03T07:53:38Z; newest_record_utc=2026-03-06T23:48:41Z; quota_consumed=; error_count=0; prefiltered_sources_count=0; prefiltered_sources_log_ref=youtube_skipped_videos.csv; started_at_utc=2026-08-08T14:19:21Z; finished_at_utc=2026-08-08T15:06:50Z; assigned_query==executed_query: youtube_runs.csv logs one query_text field, no separate as-typed vs as-executed variant (search.list takes a single string); run_log_notes=quota_consumed/error_count/prefiltered_sources_count reported once on the first row of this run, not per bucket (they are run-level, not query x week - level).; source_row_hash=8008215cf220ec24"
yt_20260808T141921Z,youtube,0.2-draft,q_fa_support_2,حمایت از ایران در برابر آمریکا,حمایت از ایران در برابر آمریکا,2026-03-07,2026-03-13,time,300,capped,done,youtube_runs.csv,data/raw/iran_us_war/youtube_runs.csv,"project_week=W02; discovery_route=query_search; source_id=; returned_count=920; stored_count=199; records_in_window=199; records_sampled_out=721; oldest_record_utc=2026-03-07T02:26:14Z; newest_record_utc=2026-03-13T22:56:31Z; quota_consumed=; error_count=0; prefiltered_sources_count=0; prefiltered_sources_log_ref=youtube_skipped_videos.csv; started_at_utc=2026-08-08T14:19:21Z; finished_at_utc=2026-08-08T15:06:50Z; assigned_query==executed_query: youtube_runs.csv logs one query_text field, no separate as-typed vs as-executed variant (search.list takes a single string); run_log_notes=quota_consumed/error_count/prefiltered_sources_count reported once on the first row of this run, not per bucket (they are run-level, not query x week - level).; source_row_hash=1a8ee39310733223"
yt_20260808T141921Z,youtube,0.2-draft,q_fa_support_2,حمایت از ایران در برابر آمریکا,حمایت از ایران در برابر آمریکا,2026-03-14,2026-03-20,time,300,capped,done,youtube_runs.csv,data/raw/iran_us_war/youtube_runs.csv,"project_week=W03; discovery_route=query_search; source_id=; returned_count=182; stored_count=35; records_in_window=35; records_sampled_out=147; oldest_record_utc=2026-03-14T02:13:25Z; newest_record_utc=2026-03-20T22:24:35Z; quota_consumed=; error_count=0; prefiltered_sources_count=0; prefiltered_sources_log_ref=youtube_skipped_videos.csv; started_at_utc=2026-08-08T14:19:21Z; finished_at_utc=2026-08-08T15:06:50Z; assigned_query==executed_query: youtube_runs.csv logs one query_text field, no separate as-typed vs as-executed variant (search.list takes a single string); run_log_notes=quota_consumed/error_count/prefiltered_sources_count reported once on the first row of this run, not per bucket (they are run-level, not query x week - level).; source_row_hash=bcd1b4f291720493"
yt_20260808T141921Z,youtube,0.2-draft,q_fa_support_2,حمایت از ایران در برابر آمریکا,حمایت از ایران در برابر آمریکا,2026-03-21,2026-03-27,time,300,capped,done,youtube_runs.csv,data/raw/iran_us_war/youtube_runs.csv,"project_week=W04; discovery_route=query_search; source_id=; returned_count=53; stored_count=14; records_in_window=14; records_sampled_out=39; oldest_record_utc=2026-03-21T01:27:03Z; newest_record_utc=2026-03-27T17:30:12Z; quota_consumed=; error_count=0; prefiltered_sources_count=0; prefiltered_sources_log_ref=youtube_skipped_videos.csv; started_at_utc=2026-08-08T14:19:21Z; finished_at_utc=2026-08-08T15:06:50Z; assigned_query==executed_query: youtube_runs.csv logs one query_text field, no separate as-typed vs as-executed variant (search.list takes a single string); run_log_notes=quota_consumed/error_count/prefiltered_sources_count reported once on the first row of this run, not per bucket (they are run-level, not query x week - level).; source_row_hash=1779f5e38c9d0093"
yt_20260808T141921Z,youtube,0.2-draft,q_fa_support_2,حمایت از ایران در برابر آمریکا,حمایت از ایران در برابر آمریکا,2026-03-28,2026-04-03,time,300,capped,done,youtube_runs.csv,data/raw/iran_us_war/youtube_runs.csv,"project_week=W05; discovery_route=query_search; source_id=; returned_count=300; stored_count=250; records_in_window=250; records_sampled_out=50; oldest_record_utc=2026-03-29T08:17:16Z; newest_record_utc=2026-04-03T23:55:46Z; quota_consumed=; error_count=0; prefiltered_sources_count=0; prefiltered_sources_log_ref=youtube_skipped_videos.csv; started_at_utc=2026-08-08T14:19:21Z; finished_at_utc=2026-08-08T15:06:50Z; assigned_query==executed_query: youtube_runs.csv logs one query_text field, no separate as-typed vs as-executed variant (search.list takes a single string); run_log_notes=quota_consumed/error_count/prefiltered_sources_count reported once on the first row of this run, not per bucket (they are run-level, not query x week - level).; source_row_hash=42f7e0de77e1ff2f"
yt_20260808T141921Z,youtube,0.2-draft,q_fa_support_2,حمایت از ایران در برابر آمریکا,حمایت از ایران در برابر آمریکا,2026-04-04,2026-04-10,time,300,capped,done,youtube_runs.csv,data/raw/iran_us_war/youtube_runs.csv,"project_week=W06; discovery_route=query_search; source_id=; returned_count=197; stored_count=62; records_in_window=62; records_sampled_out=135; oldest_record_utc=2026-04-04T00:00:37Z; newest_record_utc=2026-04-10T22:21:31Z; quota_consumed=; error_count=0; prefiltered_sources_count=0; prefiltered_sources_log_ref=youtube_skipped_videos.csv; started_at_utc=2026-08-08T14:19:21Z; finished_at_utc=2026-08-08T15:06:50Z; assigned_query==executed_query: youtube_runs.csv logs one query_text field, no separate as-typed vs as-executed variant (search.list takes a single string); run_log_notes=quota_consumed/error_count/prefiltered_sources_count reported once on the first row of this run, not per bucket (they are run-level, not query x week - level).; source_row_hash=ef61a68005a9beea"
yt_20260808T141921Z,youtube,0.2-draft,q_fa_support_2,حمایت از ایران در برابر آمریکا,حمایت از ایران در برابر آمریکا,2026-04-11,2026-04-17,time,300,capped,done,youtube_runs.csv,data/raw/iran_us_war/youtube_runs.csv,"project_week=W07; discovery_route=query_search; source_id=; returned_count=75; stored_count=14; records_in_window=14; records_sampled_out=61; oldest_record_utc=2026-04-11T05:14:35Z; newest_record_utc=2026-04-16T06:13:37Z; quota_consumed=; error_count=0; prefiltered_sources_count=0; prefiltered_sources_log_ref=youtube_skipped_videos.csv; started_at_utc=2026-08-08T14:19:21Z; finished_at_utc=2026-08-08T15:06:50Z; assigned_query==executed_query: youtube_runs.csv logs one query_text field, no separate as-typed vs as-executed variant (search.list takes a single string); run_log_notes=quota_consumed/error_count/prefiltered_sources_count reported once on the first row of this run, not per bucket (they are run-level, not query x week - level).; source_row_hash=fdfa90af0b099e31"
yt_20260808T141921Z,youtube,0.2-draft,q_fa_support_2,حمایت از ایران در برابر آمریکا,حمایت از ایران در برابر آمریکا,2026-04-18,2026-04-24,time,300,capped,done,youtube_runs.csv,data/raw/iran_us_war/youtube_runs.csv,"project_week=W08; discovery_route=query_search; source_id=; returned_count=24; stored_count=7; records_in_window=7; records_sampled_out=17; oldest_record_utc=2026-04-18T01:08:32Z; newest_record_utc=2026-04-24T15:44:03Z; quota_consumed=; error_count=0; prefiltered_sources_count=0; prefiltered_sources_log_ref=youtube_skipped_videos.csv; started_at_utc=2026-08-08T14:19:21Z; finished_at_utc=2026-08-08T15:06:50Z; assigned_query==executed_query: youtube_runs.csv logs one query_text field, no separate as-typed vs as-executed variant (search.list takes a single string); run_log_notes=quota_consumed/error_count/prefiltered_sources_count reported once on the first row of this run, not per bucket (they are run-level, not query x week - level).; source_row_hash=dc74501361d0832b"
yt_20260808T141921Z,youtube,0.2-draft,q_fa_support_2,حمایت از ایران در برابر آمریکا,حمایت از ایران در برابر آمریکا,2026-04-25,2026-05-01,time,300,capped,done,youtube_runs.csv,data/raw/iran_us_war/youtube_runs.csv,"project_week=W09; discovery_route=query_search; source_id=; returned_count=31; stored_count=21; records_in_window=21; records_sampled_out=10; oldest_record_utc=2026-04-26T17:49:02Z; newest_record_utc=2026-05-01T23:24:00Z; quota_consumed=; error_count=0; prefiltered_sources_count=0; prefiltered_sources_log_ref=youtube_skipped_videos.csv; started_at_utc=2026-08-08T14:19:21Z; finished_at_utc=2026-08-08T15:06:50Z; assigned_query==executed_query: youtube_runs.csv logs one query_text field, no separate as-typed vs as-executed variant (search.list takes a single string); run_log_notes=quota_consumed/error_count/prefiltered_sources_count reported once on the first row of this run, not per bucket (they are run-level, not query x week - level).; source_row_hash=a7b9aefc951065fc"
yt_20260808T141921Z,youtube,0.2-draft,q_fa_support_2,حمایت از ایران در برابر آمریکا,حمایت از ایران در برابر آمریکا,2026-05-02,2026-05-08,time,300,capped,done,youtube_runs.csv,data/raw/iran_us_war/youtube_runs.csv,"project_week=W10; discovery_route=query_search; source_id=; returned_count=58; stored_count=57; records_in_window=57; records_sampled_out=1; oldest_record_utc=2026-05-03T04:43:44Z; newest_record_utc=2026-05-08T13:23:47Z; quota_consumed=; error_count=0; prefiltered_sources_count=0; prefiltered_sources_log_ref=youtube_skipped_videos.csv; started_at_utc=2026-08-08T14:19:21Z; finished_at_utc=2026-08-08T15:06:50Z; assigned_query==executed_query: youtube_runs.csv logs one query_text field, no separate as-typed vs as-executed variant (search.list takes a single string); run_log_notes=quota_consumed/error_count/prefiltered_sources_count reported once on the first row of this run, not per bucket (they are run-level, not query x week - level).; source_row_hash=1ba30167b8b21832"
yt_20260808T141921Z,youtube,0.2-draft,q_fa_support_2,حمایت از ایران در برابر آمریکا,حمایت از ایران در برابر آمریکا,2026-05-09,2026-05-15,time,300,not_capped,done,youtube_runs.csv,data/raw/iran_us_war/youtube_runs.csv,"project_week=W11; discovery_route=query_search; source_id=; returned_count=7; stored_count=7; records_in_window=7; records_sampled_out=0; oldest_record_utc=2026-05-10T12:33:46Z; newest_record_utc=2026-05-13T09:17:10Z; quota_consumed=; error_count=0; prefiltered_sources_count=0; prefiltered_sources_log_ref=youtube_skipped_videos.csv; started_at_utc=2026-08-08T14:19:21Z; finished_at_utc=2026-08-08T15:06:50Z; assigned_query==executed_query: youtube_runs.csv logs one query_text field, no separate as-typed vs as-executed variant (search.list takes a single string); run_log_notes=quota_consumed/error_count/prefiltered_sources_count reported once on the first row of this run, not per bucket (they are run-level, not query x week - level).; source_row_hash=bbd2a2d84fe0f2f3"
yt_20260808T141921Z,youtube,0.2-draft,q_fa_support_2,حمایت از ایران در برابر آمریکا,حمایت از ایران در برابر آمریکا,2026-05-16,2026-05-22,time,300,not_capped,done,youtube_runs.csv,data/raw/iran_us_war/youtube_runs.csv,"project_week=W12; discovery_route=query_search; source_id=; returned_count=38; stored_count=38; records_in_window=38; records_sampled_out=0; oldest_record_utc=2026-05-16T10:07:44Z; newest_record_utc=2026-05-21T22:52:49Z; quota_consumed=; error_count=0; prefiltered_sources_count=0; prefiltered_sources_log_ref=youtube_skipped_videos.csv; started_at_utc=2026-08-08T14:19:21Z; finished_at_utc=2026-08-08T15:06:50Z; assigned_query==executed_query: youtube_runs.csv logs one query_text field, no separate as-typed vs as-executed variant (search.list takes a single string); run_log_notes=quota_consumed/error_count/prefiltered_sources_count reported once on the first row of this run, not per bucket (they are run-level, not query x week - level).; source_row_hash=5ae22d1917ecf3b4"
yt_20260808T141921Z,youtube,0.2-draft,q_fa_support_2,حمایت از ایران در برابر آمریکا,حمایت از ایران در برابر آمریکا,2026-05-23,2026-05-29,time,300,capped,done,youtube_runs.csv,data/raw/iran_us_war/youtube_runs.csv,"project_week=W13; discovery_route=query_search; source_id=; returned_count=16; stored_count=11; records_in_window=11; records_sampled_out=5; oldest_record_utc=2026-05-23T07:12:36Z; newest_record_utc=2026-05-29T12:28:15Z; quota_consumed=; error_count=0; prefiltered_sources_count=0; prefiltered_sources_log_ref=youtube_skipped_videos.csv; started_at_utc=2026-08-08T14:19:21Z; finished_at_utc=2026-08-08T15:06:50Z; assigned_query==executed_query: youtube_runs.csv logs one query_text field, no separate as-typed vs as-executed variant (search.list takes a single string); run_log_notes=quota_consumed/error_count/prefiltered_sources_count reported once on the first row of this run, not per bucket (they are run-level, not query x week - level).; source_row_hash=a11d7c31d7b4fd78"
yt_20260808T141921Z,youtube,0.2-draft,q_fa_support_2,حمایت از ایران در برابر آمریکا,حمایت از ایران در برابر آمریکا,2026-05-30,2026-06-05,time,300,capped,done,youtube_runs.csv,data/raw/iran_us_war/youtube_runs.csv,"project_week=W14; discovery_route=query_search; source_id=; returned_count=10; stored_count=4; records_in_window=4; records_sampled_out=6; oldest_record_utc=2026-05-30T01:47:07Z; newest_record_utc=2026-06-04T06:27:31Z; quota_consumed=; error_count=0; prefiltered_sources_count=0; prefiltered_sources_log_ref=youtube_skipped_videos.csv; started_at_utc=2026-08-08T14:19:21Z; finished_at_utc=2026-08-08T15:06:50Z; assigned_query==executed_query: youtube_runs.csv logs one query_text field, no separate as-typed vs as-executed variant (search.list takes a single string); run_log_notes=quota_consumed/error_count/prefiltered_sources_count reported once on the first row of this run, not per bucket (they are run-level, not query x week - level).; source_row_hash=c96c232aa57e5c50"
yt_20260808T141921Z,youtube,0.2-draft,q_fa_support_2,حمایت از ایران در برابر آمریکا,حمایت از ایران در برابر آمریکا,2026-06-06,2026-06-12,time,300,capped,done,youtube_runs.csv,data/raw/iran_us_war/youtube_runs.csv,"project_week=W15; discovery_route=query_search; source_id=; returned_count=8; stored_count=5; records_in_window=5; records_sampled_out=3; oldest_record_utc=2026-06-07T01:25:18Z; newest_record_utc=2026-06-12T21:40:11Z; quota_consumed=; error_count=0; prefiltered_sources_count=0; prefiltered_sources_log_ref=youtube_skipped_videos.csv; started_at_utc=2026-08-08T14:19:21Z; finished_at_utc=2026-08-08T15:06:50Z; assigned_query==executed_query: youtube_runs.csv logs one query_text field, no separate as-typed vs as-executed variant (search.list takes a single string); run_log_notes=quota_consumed/error_count/prefiltered_sources_count reported once on the first row of this run, not per bucket (they are run-level, not query x week - level).; source_row_hash=61eaeb9bcd0c64a1"
yt_20260808T141921Z,youtube,0.2-draft,q_fa_support_2,حمایت از ایران در برابر آمریکا,حمایت از ایران در برابر آمریکا,2026-06-13,2026-06-19,time,300,capped,done,youtube_runs.csv,data/raw/iran_us_war/youtube_runs.csv,"project_week=W16; discovery_route=query_search; source_id=; returned_count=5; stored_count=2; records_in_window=2; records_sampled_out=3; oldest_record_utc=2026-06-17T15:54:45Z; newest_record_utc=2026-06-19T19:35:26Z; quota_consumed=; error_count=0; prefiltered_sources_count=0; prefiltered_sources_log_ref=youtube_skipped_videos.csv; started_at_utc=2026-08-08T14:19:21Z; finished_at_utc=2026-08-08T15:06:50Z; assigned_query==executed_query: youtube_runs.csv logs one query_text field, no separate as-typed vs as-executed variant (search.list takes a single string); run_log_notes=quota_consumed/error_count/prefiltered_sources_count reported once on the first row of this run, not per bucket (they are run-level, not query x week - level).; source_row_hash=48b73baa3238bbfe"
yt_20260808T141921Z,youtube,0.2-draft,q_fa_support_2,حمایت از ایران در برابر آمریکا,حمایت از ایران در برابر آمریکا,2026-06-20,2026-06-26,time,300,not_capped,done,youtube_runs.csv,data/raw/iran_us_war/youtube_runs.csv,"project_week=W17; discovery_route=query_search; source_id=; returned_count=3; stored_count=3; records_in_window=3; records_sampled_out=0; oldest_record_utc=2026-06-21T22:51:15Z; newest_record_utc=2026-06-26T17:08:55Z; quota_consumed=; error_count=0; prefiltered_sources_count=0; prefiltered_sources_log_ref=youtube_skipped_videos.csv; started_at_utc=2026-08-08T14:19:21Z; finished_at_utc=2026-08-08T15:06:50Z; assigned_query==executed_query: youtube_runs.csv logs one query_text field, no separate as-typed vs as-executed variant (search.list takes a single string); run_log_notes=quota_consumed/error_count/prefiltered_sources_count reported once on the first row of this run, not per bucket (they are run-level, not query x week - level).; source_row_hash=334033b4cf729b10"
yt_20260808T141921Z,youtube,0.2-draft,q_fa_support_2,حمایت از ایران در برابر آمریکا,حمایت از ایران در برابر آمریکا,2026-06-27,2026-07-03,time,300,not_capped,done,youtube_runs.csv,data/raw/iran_us_war/youtube_runs.csv,"project_week=W18; discovery_route=query_search; source_id=; returned_count=1; stored_count=1; records_in_window=1; records_sampled_out=0; oldest_record_utc=2026-07-01T18:20:03Z; newest_record_utc=2026-07-01T18:20:03Z; quota_consumed=; error_count=0; prefiltered_sources_count=0; prefiltered_sources_log_ref=youtube_skipped_videos.csv; started_at_utc=2026-08-08T14:19:21Z; finished_at_utc=2026-08-08T15:06:50Z; assigned_query==executed_query: youtube_runs.csv logs one query_text field, no separate as-typed vs as-executed variant (search.list takes a single string); run_log_notes=quota_consumed/error_count/prefiltered_sources_count reported once on the first row of this run, not per bucket (they are run-level, not query x week - level).; source_row_hash=f49b4545163c359e"
yt_20260808T141921Z,youtube,0.2-draft,q_fa_support_2,حمایت از ایران در برابر آمریکا,حمایت از ایران در برابر آمریکا,2026-07-11,2026-07-17,time,300,capped,done,youtube_runs.csv,data/raw/iran_us_war/youtube_runs.csv,"project_week=W20; discovery_route=query_search; source_id=; returned_count=111; stored_count=110; records_in_window=110; records_sampled_out=1; oldest_record_utc=2026-07-13T17:13:06Z; newest_record_utc=2026-07-17T19:06:34Z; quota_consumed=; error_count=0; prefiltered_sources_count=0; prefiltered_sources_log_ref=youtube_skipped_videos.csv; started_at_utc=2026-08-08T14:19:21Z; finished_at_utc=2026-08-08T15:06:50Z; assigned_query==executed_query: youtube_runs.csv logs one query_text field, no separate as-typed vs as-executed variant (search.list takes a single string); run_log_notes=quota_consumed/error_count/prefiltered_sources_count reported once on the first row of this run, not per bucket (they are run-level, not query x week - level).; source_row_hash=e998e1db52360225"
yt_20260808T141921Z,youtube,0.2-draft,q_fa_support_2,حمایت از ایران در برابر آمریکا,حمایت از ایران در برابر آمریکا,2026-07-18,2026-07-22,time,300,not_capped,done,youtube_runs.csv,data/raw/iran_us_war/youtube_runs.csv,"project_week=W21; discovery_route=query_search; source_id=; returned_count=5; stored_count=5; records_in_window=5; records_sampled_out=0; oldest_record_utc=2026-07-19T01:55:46Z; newest_record_utc=2026-07-22T18:59:42Z; quota_consumed=; error_count=0; prefiltered_sources_count=0; prefiltered_sources_log_ref=youtube_skipped_videos.csv; started_at_utc=2026-08-08T14:19:21Z; finished_at_utc=2026-08-08T15:06:50Z; assigned_query==executed_query: youtube_runs.csv logs one query_text field, no separate as-typed vs as-executed variant (search.list takes a single string); run_log_notes=quota_consumed/error_count/prefiltered_sources_count reported once on the first row of this run, not per bucket (they are run-level, not query x week - level).; source_row_hash=c17f66945df38c2b"
yt_20260808T141921Z,youtube,0.2-draft,q_fa_topic_1,جنگ ایران آمریکا,جنگ ایران آمریکا,unknown,unknown,time,300,capped,done,youtube_runs.csv,data/raw/iran_us_war/youtube_runs.csv,"project_week=OUT; discovery_route=query_search; source_id=YT-030; returned_count=1488; stored_count=1088; records_in_window=0; records_sampled_out=399; oldest_record_utc=2026-07-23T00:01:02Z; newest_record_utc=2026-08-08T13:41:04Z; quota_consumed=; error_count=0; prefiltered_sources_count=0; prefiltered_sources_log_ref=youtube_skipped_videos.csv; started_at_utc=2026-08-08T14:19:21Z; finished_at_utc=2026-08-08T15:06:50Z; assigned_query==executed_query: youtube_runs.csv logs one query_text field, no separate as-typed vs as-executed variant (search.list takes a single string); run_log_notes=quota_consumed/error_count/prefiltered_sources_count reported once on the first row of this run, not per bucket (they are run-level, not query x week - level).; source_row_hash=c3bddd4ef481797e"
yt_20260808T141921Z,youtube,0.2-draft,q_fa_topic_1,جنگ ایران آمریکا,جنگ ایران آمریکا,2026-07-18,2026-07-22,time,300,capped,done,youtube_runs.csv,data/raw/iran_us_war/youtube_runs.csv,"project_week=W21; discovery_route=query_search; source_id=YT-030; returned_count=5903; stored_count=3808; records_in_window=3808; records_sampled_out=2094; oldest_record_utc=2026-07-18T07:13:15Z; newest_record_utc=2026-07-22T23:59:08Z; quota_consumed=; error_count=0; prefiltered_sources_count=0; prefiltered_sources_log_ref=youtube_skipped_videos.csv; started_at_utc=2026-08-08T14:19:21Z; finished_at_utc=2026-08-08T15:06:50Z; assigned_query==executed_query: youtube_runs.csv logs one query_text field, no separate as-typed vs as-executed variant (search.list takes a single string); run_log_notes=quota_consumed/error_count/prefiltered_sources_count reported once on the first row of this run, not per bucket (they are run-level, not query x week - level).; source_row_hash=05da52cc6c545e86"
yt_20260811T224206Z,youtube,0.3-draft,,,,unknown,unknown,time,300,capped,done,youtube_runs.csv,data/raw/iran_us_war/youtube_runs.csv,"project_week=OUT; discovery_route=source_scope; source_id=; returned_count=2988; stored_count=2075; records_in_window=0; records_sampled_out=719; oldest_record_utc=2026-07-23T01:12:40Z; newest_record_utc=2026-08-11T22:45:31Z; quota_consumed=; error_count=0; prefiltered_sources_count=20; prefiltered_sources_log_ref=youtube_skipped_videos.csv; started_at_utc=2026-08-11T22:42:06Z; finished_at_utc=2026-08-11T22:48:29Z; assigned_query==executed_query: youtube_runs.csv logs one query_text field, no separate as-typed vs as-executed variant (search.list takes a single string); run_log_notes=quota_consumed/error_count/prefiltered_sources_count reported once on the first row of this run, not per bucket (they are run-level, not query x week - level).; source_row_hash=01c60deb49f91882"
yt_20260811T224206Z,youtube,0.3-draft,,,,2026-03-14,2026-03-20,time,300,not_capped,done,youtube_runs.csv,data/raw/iran_us_war/youtube_runs.csv,"project_week=W03; discovery_route=query_search; source_id=; returned_count=1; stored_count=0; records_in_window=0; records_sampled_out=0; oldest_record_utc=; newest_record_utc=; quota_consumed=; error_count=0; prefiltered_sources_count=0; prefiltered_sources_log_ref=youtube_skipped_videos.csv; started_at_utc=2026-08-11T22:42:06Z; finished_at_utc=2026-08-11T22:48:29Z; assigned_query==executed_query: youtube_runs.csv logs one query_text field, no separate as-typed vs as-executed variant (search.list takes a single string); run_log_notes=quota_consumed/error_count/prefiltered_sources_count reported once on the first row of this run, not per bucket (they are run-level, not query x week - level).; source_row_hash=cc83d4106d52e21b"
yt_20260811T224206Z,youtube,0.3-draft,,,,2026-04-11,2026-04-17,time,300,not_capped,done,youtube_runs.csv,data/raw/iran_us_war/youtube_runs.csv,"project_week=W07; discovery_route=query_search; source_id=YT-030; returned_count=1; stored_count=0; records_in_window=0; records_sampled_out=0; oldest_record_utc=; newest_record_utc=; quota_consumed=; error_count=0; prefiltered_sources_count=0; prefiltered_sources_log_ref=youtube_skipped_videos.csv; started_at_utc=2026-08-11T22:42:06Z; finished_at_utc=2026-08-11T22:48:29Z; assigned_query==executed_query: youtube_runs.csv logs one query_text field, no separate as-typed vs as-executed variant (search.list takes a single string); run_log_notes=quota_consumed/error_count/prefiltered_sources_count reported once on the first row of this run, not per bucket (they are run-level, not query x week - level).; source_row_hash=1032f3e3765e9dba"
yt_20260811T224206Z,youtube,0.3-draft,,,,2026-04-25,2026-05-01,time,300,not_capped,done,youtube_runs.csv,data/raw/iran_us_war/youtube_runs.csv,"project_week=W09; discovery_route=query_search; source_id=; returned_count=3; stored_count=0; records_in_window=0; records_sampled_out=0; oldest_record_utc=; newest_record_utc=; quota_consumed=; error_count=0; prefiltered_sources_count=0; prefiltered_sources_log_ref=youtube_skipped_videos.csv; started_at_utc=2026-08-11T22:42:06Z; finished_at_utc=2026-08-11T22:48:29Z; assigned_query==executed_query: youtube_runs.csv logs one query_text field, no separate as-typed vs as-executed variant (search.list takes a single string); run_log_notes=quota_consumed/error_count/prefiltered_sources_count reported once on the first row of this run, not per bucket (they are run-level, not query x week - level).; source_row_hash=b63421172bc574b4"
yt_20260811T224206Z,youtube,0.3-draft,,,,2026-05-02,2026-05-08,time,300,not_capped,done,youtube_runs.csv,data/raw/iran_us_war/youtube_runs.csv,"project_week=W10; discovery_route=query_search; source_id=YT-030; returned_count=5; stored_count=0; records_in_window=0; records_sampled_out=0; oldest_record_utc=; newest_record_utc=; quota_consumed=; error_count=0; prefiltered_sources_count=0; prefiltered_sources_log_ref=youtube_skipped_videos.csv; started_at_utc=2026-08-11T22:42:06Z; finished_at_utc=2026-08-11T22:48:29Z; assigned_query==executed_query: youtube_runs.csv logs one query_text field, no separate as-typed vs as-executed variant (search.list takes a single string); run_log_notes=quota_consumed/error_count/prefiltered_sources_count reported once on the first row of this run, not per bucket (they are run-level, not query x week - level).; source_row_hash=192aa98474f7009b"
yt_20260811T224206Z,youtube,0.3-draft,,,,2026-05-09,2026-05-15,time,300,not_capped,done,youtube_runs.csv,data/raw/iran_us_war/youtube_runs.csv,"project_week=W11; discovery_route=query_search; source_id=YT-031; returned_count=9; stored_count=0; records_in_window=0; records_sampled_out=0; oldest_record_utc=; newest_record_utc=; quota_consumed=; error_count=0; prefiltered_sources_count=0; prefiltered_sources_log_ref=youtube_skipped_videos.csv; started_at_utc=2026-08-11T22:42:06Z; finished_at_utc=2026-08-11T22:48:29Z; assigned_query==executed_query: youtube_runs.csv logs one query_text field, no separate as-typed vs as-executed variant (search.list takes a single string); run_log_notes=quota_consumed/error_count/prefiltered_sources_count reported once on the first row of this run, not per bucket (they are run-level, not query x week - level).; source_row_hash=a92817b99dee9eb1"
yt_20260811T224206Z,youtube,0.3-draft,,,,2026-05-16,2026-05-22,time,300,not_capped,done,youtube_runs.csv,data/raw/iran_us_war/youtube_runs.csv,"project_week=W12; discovery_route=query_search; source_id=YT-030; returned_count=11; stored_count=0; records_in_window=0; records_sampled_out=0; oldest_record_utc=; newest_record_utc=; quota_consumed=; error_count=0; prefiltered_sources_count=0; prefiltered_sources_log_ref=youtube_skipped_videos.csv; started_at_utc=2026-08-11T22:42:06Z; finished_at_utc=2026-08-11T22:48:29Z; assigned_query==executed_query: youtube_runs.csv logs one query_text field, no separate as-typed vs as-executed variant (search.list takes a single string); run_log_notes=quota_consumed/error_count/prefiltered_sources_count reported once on the first row of this run, not per bucket (they are run-level, not query x week - level).; source_row_hash=de42a3a1e6c2eedc"
yt_20260811T224206Z,youtube,0.3-draft,,,,2026-05-23,2026-05-29,time,300,not_capped,done,youtube_runs.csv,data/raw/iran_us_war/youtube_runs.csv,"project_week=W13; discovery_route=source_scope; source_id=YT-034; returned_count=1; stored_count=0; records_in_window=0; records_sampled_out=0; oldest_record_utc=; newest_record_utc=; quota_consumed=; error_count=0; prefiltered_sources_count=0; prefiltered_sources_log_ref=youtube_skipped_videos.csv; started_at_utc=2026-08-11T22:42:06Z; finished_at_utc=2026-08-11T22:48:29Z; assigned_query==executed_query: youtube_runs.csv logs one query_text field, no separate as-typed vs as-executed variant (search.list takes a single string); run_log_notes=quota_consumed/error_count/prefiltered_sources_count reported once on the first row of this run, not per bucket (they are run-level, not query x week - level).; source_row_hash=046891f6d67a8438"
yt_20260811T224206Z,youtube,0.3-draft,,,,2026-05-30,2026-06-05,time,300,not_capped,done,youtube_runs.csv,data/raw/iran_us_war/youtube_runs.csv,"project_week=W14; discovery_route=query_search; source_id=; returned_count=3; stored_count=0; records_in_window=0; records_sampled_out=0; oldest_record_utc=; newest_record_utc=; quota_consumed=; error_count=0; prefiltered_sources_count=0; prefiltered_sources_log_ref=youtube_skipped_videos.csv; started_at_utc=2026-08-11T22:42:06Z; finished_at_utc=2026-08-11T22:48:29Z; assigned_query==executed_query: youtube_runs.csv logs one query_text field, no separate as-typed vs as-executed variant (search.list takes a single string); run_log_notes=quota_consumed/error_count/prefiltered_sources_count reported once on the first row of this run, not per bucket (they are run-level, not query x week - level).; source_row_hash=3bcfcf2174df73f8"
yt_20260811T224206Z,youtube,0.3-draft,,,,2026-06-06,2026-06-12,time,300,not_capped,done,youtube_runs.csv,data/raw/iran_us_war/youtube_runs.csv,"project_week=W15; discovery_route=query_search; source_id=YT-030; returned_count=4; stored_count=0; records_in_window=0; records_sampled_out=0; oldest_record_utc=; newest_record_utc=; quota_consumed=; error_count=0; prefiltered_sources_count=0; prefiltered_sources_log_ref=youtube_skipped_videos.csv; started_at_utc=2026-08-11T22:42:06Z; finished_at_utc=2026-08-11T22:48:29Z; assigned_query==executed_query: youtube_runs.csv logs one query_text field, no separate as-typed vs as-executed variant (search.list takes a single string); run_log_notes=quota_consumed/error_count/prefiltered_sources_count reported once on the first row of this run, not per bucket (they are run-level, not query x week - level).; source_row_hash=74161d30cbae7bbf"
yt_20260811T224206Z,youtube,0.3-draft,,,,2026-06-13,2026-06-19,time,300,not_capped,done,youtube_runs.csv,data/raw/iran_us_war/youtube_runs.csv,"project_week=W16; discovery_route=query_search; source_id=; returned_count=1; stored_count=0; records_in_window=0; records_sampled_out=0; oldest_record_utc=; newest_record_utc=; quota_consumed=; error_count=0; prefiltered_sources_count=0; prefiltered_sources_log_ref=youtube_skipped_videos.csv; started_at_utc=2026-08-11T22:42:06Z; finished_at_utc=2026-08-11T22:48:29Z; assigned_query==executed_query: youtube_runs.csv logs one query_text field, no separate as-typed vs as-executed variant (search.list takes a single string); run_log_notes=quota_consumed/error_count/prefiltered_sources_count reported once on the first row of this run, not per bucket (they are run-level, not query x week - level).; source_row_hash=497729f3861f4d37"
yt_20260811T224206Z,youtube,0.3-draft,,,,2026-06-20,2026-06-26,time,300,not_capped,done,youtube_runs.csv,data/raw/iran_us_war/youtube_runs.csv,"project_week=W17; discovery_route=query_search; source_id=YT-030; returned_count=16; stored_count=0; records_in_window=0; records_sampled_out=0; oldest_record_utc=; newest_record_utc=; quota_consumed=; error_count=0; prefiltered_sources_count=0; prefiltered_sources_log_ref=youtube_skipped_videos.csv; started_at_utc=2026-08-11T22:42:06Z; finished_at_utc=2026-08-11T22:48:29Z; assigned_query==executed_query: youtube_runs.csv logs one query_text field, no separate as-typed vs as-executed variant (search.list takes a single string); run_log_notes=quota_consumed/error_count/prefiltered_sources_count reported once on the first row of this run, not per bucket (they are run-level, not query x week - level).; source_row_hash=a5f2c968a1d8812e"
yt_20260811T224206Z,youtube,0.3-draft,,,,2026-06-27,2026-07-03,time,300,not_capped,done,youtube_runs.csv,data/raw/iran_us_war/youtube_runs.csv,"project_week=W18; discovery_route=query_search; source_id=YT-030; returned_count=11; stored_count=0; records_in_window=0; records_sampled_out=0; oldest_record_utc=; newest_record_utc=; quota_consumed=; error_count=0; prefiltered_sources_count=0; prefiltered_sources_log_ref=youtube_skipped_videos.csv; started_at_utc=2026-08-11T22:42:06Z; finished_at_utc=2026-08-11T22:48:29Z; assigned_query==executed_query: youtube_runs.csv logs one query_text field, no separate as-typed vs as-executed variant (search.list takes a single string); run_log_notes=quota_consumed/error_count/prefiltered_sources_count reported once on the first row of this run, not per bucket (they are run-level, not query x week - level).; source_row_hash=0ab044ac86691c35"
yt_20260811T224206Z,youtube,0.3-draft,,,,2026-07-04,2026-07-10,time,300,not_capped,done,youtube_runs.csv,data/raw/iran_us_war/youtube_runs.csv,"project_week=W19; discovery_route=query_search; source_id=; returned_count=10; stored_count=0; records_in_window=0; records_sampled_out=0; oldest_record_utc=; newest_record_utc=; quota_consumed=; error_count=0; prefiltered_sources_count=0; prefiltered_sources_log_ref=youtube_skipped_videos.csv; started_at_utc=2026-08-11T22:42:06Z; finished_at_utc=2026-08-11T22:48:29Z; assigned_query==executed_query: youtube_runs.csv logs one query_text field, no separate as-typed vs as-executed variant (search.list takes a single string); run_log_notes=quota_consumed/error_count/prefiltered_sources_count reported once on the first row of this run, not per bucket (they are run-level, not query x week - level).; source_row_hash=44159880141745b7"
yt_20260811T224206Z,youtube,0.3-draft,,,,2026-07-11,2026-07-17,time,300,not_capped,done,youtube_runs.csv,data/raw/iran_us_war/youtube_runs.csv,"project_week=W20; discovery_route=query_search; source_id=; returned_count=35; stored_count=0; records_in_window=0; records_sampled_out=0; oldest_record_utc=; newest_record_utc=; quota_consumed=; error_count=0; prefiltered_sources_count=0; prefiltered_sources_log_ref=youtube_skipped_videos.csv; started_at_utc=2026-08-11T22:42:06Z; finished_at_utc=2026-08-11T22:48:29Z; assigned_query==executed_query: youtube_runs.csv logs one query_text field, no separate as-typed vs as-executed variant (search.list takes a single string); run_log_notes=quota_consumed/error_count/prefiltered_sources_count reported once on the first row of this run, not per bucket (they are run-level, not query x week - level).; source_row_hash=0804229cef214c2c"
yt_20260811T224206Z,youtube,0.3-draft,,,,2026-07-18,2026-07-22,time,300,not_capped,done,youtube_runs.csv,data/raw/iran_us_war/youtube_runs.csv,"project_week=W21; discovery_route=query_search; source_id=; returned_count=73; stored_count=1; records_in_window=1; records_sampled_out=0; oldest_record_utc=2026-07-21T14:02:23Z; newest_record_utc=2026-07-21T14:02:23Z; quota_consumed=; error_count=0; prefiltered_sources_count=0; prefiltered_sources_log_ref=youtube_skipped_videos.csv; started_at_utc=2026-08-11T22:42:06Z; finished_at_utc=2026-08-11T22:48:29Z; assigned_query==executed_query: youtube_runs.csv logs one query_text field, no separate as-typed vs as-executed variant (search.list takes a single string); run_log_notes=quota_consumed/error_count/prefiltered_sources_count reported once on the first row of this run, not per bucket (they are run-level, not query x week - level).; source_row_hash=38a243addcea204a"
yt_20260811T224206Z,youtube,0.3-draft,q_en_support_1,support US strike on Iran,support US strike on Iran,2026-07-18,2026-07-22,time,300,not_capped,done,youtube_runs.csv,data/raw/iran_us_war/youtube_runs.csv,"project_week=W21; discovery_route=query_search; source_id=; returned_count=1; stored_count=0; records_in_window=0; records_sampled_out=0; oldest_record_utc=; newest_record_utc=; quota_consumed=; error_count=0; prefiltered_sources_count=0; prefiltered_sources_log_ref=youtube_skipped_videos.csv; started_at_utc=2026-08-11T22:42:06Z; finished_at_utc=2026-08-11T22:48:29Z; assigned_query==executed_query: youtube_runs.csv logs one query_text field, no separate as-typed vs as-executed variant (search.list takes a single string); run_log_notes=quota_consumed/error_count/prefiltered_sources_count reported once on the first row of this run, not per bucket (they are run-level, not query x week - level).; source_row_hash=fa52b139e32ac9df"
yt_20260811T224206Z,youtube,0.3-draft,q_en_support_2,support Iran against US,support Iran against US,unknown,unknown,time,300,not_capped,done,youtube_runs.csv,data/raw/iran_us_war/youtube_runs.csv,"project_week=OUT; discovery_route=query_search; source_id=YT-009; returned_count=1; stored_count=1; records_in_window=0; records_sampled_out=0; oldest_record_utc=2026-08-05T09:04:40Z; newest_record_utc=2026-08-05T09:04:40Z; quota_consumed=; error_count=0; prefiltered_sources_count=0; prefiltered_sources_log_ref=youtube_skipped_videos.csv; started_at_utc=2026-08-11T22:42:06Z; finished_at_utc=2026-08-11T22:48:29Z; assigned_query==executed_query: youtube_runs.csv logs one query_text field, no separate as-typed vs as-executed variant (search.list takes a single string); run_log_notes=quota_consumed/error_count/prefiltered_sources_count reported once on the first row of this run, not per bucket (they are run-level, not query x week - level).; source_row_hash=90b3d39f713da2ac"
yt_20260811T224206Z,youtube,0.3-draft,q_fa_actor_1,سپاه پاسداران آمریکا,سپاه پاسداران آمریکا,unknown,unknown,time,300,not_capped,done,youtube_runs.csv,data/raw/iran_us_war/youtube_runs.csv,"project_week=OUT; discovery_route=query_search; source_id=YT-030; returned_count=1; stored_count=0; records_in_window=0; records_sampled_out=0; oldest_record_utc=; newest_record_utc=; quota_consumed=; error_count=0; prefiltered_sources_count=0; prefiltered_sources_log_ref=youtube_skipped_videos.csv; started_at_utc=2026-08-11T22:42:06Z; finished_at_utc=2026-08-11T22:48:29Z; assigned_query==executed_query: youtube_runs.csv logs one query_text field, no separate as-typed vs as-executed variant (search.list takes a single string); run_log_notes=quota_consumed/error_count/prefiltered_sources_count reported once on the first row of this run, not per bucket (they are run-level, not query x week - level).; source_row_hash=d458a03f44f1ad50"
yt_20260811T224206Z,youtube,0.3-draft,q_fa_actor_3,خامنه‌ای آمریکا,خامنه‌ای آمریکا,unknown,unknown,time,300,not_capped,done,youtube_runs.csv,data/raw/iran_us_war/youtube_runs.csv,"project_week=OUT; discovery_route=query_search; source_id=; returned_count=4; stored_count=0; records_in_window=0; records_sampled_out=0; oldest_record_utc=; newest_record_utc=; quota_consumed=; error_count=0; prefiltered_sources_count=0; prefiltered_sources_log_ref=youtube_skipped_videos.csv; started_at_utc=2026-08-11T22:42:06Z; finished_at_utc=2026-08-11T22:48:29Z; assigned_query==executed_query: youtube_runs.csv logs one query_text field, no separate as-typed vs as-executed variant (search.list takes a single string); run_log_notes=quota_consumed/error_count/prefiltered_sources_count reported once on the first row of this run, not per bucket (they are run-level, not query x week - level).; source_row_hash=05b94248a9eded8b"
yt_20260811T224206Z,youtube,0.3-draft,q_fa_actor_3,خامنه‌ای آمریکا,خامنه‌ای آمریکا,2026-07-04,2026-07-10,time,300,not_capped,done,youtube_runs.csv,data/raw/iran_us_war/youtube_runs.csv,"project_week=W19; discovery_route=query_search; source_id=; returned_count=1; stored_count=0; records_in_window=0; records_sampled_out=0; oldest_record_utc=; newest_record_utc=; quota_consumed=; error_count=0; prefiltered_sources_count=0; prefiltered_sources_log_ref=youtube_skipped_videos.csv; started_at_utc=2026-08-11T22:42:06Z; finished_at_utc=2026-08-11T22:48:29Z; assigned_query==executed_query: youtube_runs.csv logs one query_text field, no separate as-typed vs as-executed variant (search.list takes a single string); run_log_notes=quota_consumed/error_count/prefiltered_sources_count reported once on the first row of this run, not per bucket (they are run-level, not query x week - level).; source_row_hash=4ff086083b01cb80"
yt_20260811T224206Z,youtube,0.3-draft,q_fa_actor_3,خامنه‌ای آمریکا,خامنه‌ای آمریکا,2026-07-18,2026-07-22,time,300,not_capped,done,youtube_runs.csv,data/raw/iran_us_war/youtube_runs.csv,"project_week=W21; discovery_route=query_search; source_id=; returned_count=6; stored_count=0; records_in_window=0; records_sampled_out=0; oldest_record_utc=; newest_record_utc=; quota_consumed=; error_count=0; prefiltered_sources_count=0; prefiltered_sources_log_ref=youtube_skipped_videos.csv; started_at_utc=2026-08-11T22:42:06Z; finished_at_utc=2026-08-11T22:48:29Z; assigned_query==executed_query: youtube_runs.csv logs one query_text field, no separate as-typed vs as-executed variant (search.list takes a single string); run_log_notes=quota_consumed/error_count/prefiltered_sources_count reported once on the first row of this run, not per bucket (they are run-level, not query x week - level).; source_row_hash=91ad543410b65b88"
yt_20260811T224206Z,youtube,0.3-draft,q_fa_dipl_1,مذاکرات هسته‌ای ایران آمریکا,مذاکرات هسته‌ای ایران آمریکا,2026-05-02,2026-05-08,time,300,not_capped,done,youtube_runs.csv,data/raw/iran_us_war/youtube_runs.csv,"project_week=W10; discovery_route=query_search; source_id=; returned_count=1; stored_count=0; records_in_window=0; records_sampled_out=0; oldest_record_utc=; newest_record_utc=; quota_consumed=; error_count=0; prefiltered_sources_count=0; prefiltered_sources_log_ref=youtube_skipped_videos.csv; started_at_utc=2026-08-11T22:42:06Z; finished_at_utc=2026-08-11T22:48:29Z; assigned_query==executed_query: youtube_runs.csv logs one query_text field, no separate as-typed vs as-executed variant (search.list takes a single string); run_log_notes=quota_consumed/error_count/prefiltered_sources_count reported once on the first row of this run, not per bucket (they are run-level, not query x week - level).; source_row_hash=afcf538c733dceef"
yt_20260811T224206Z,youtube,0.3-draft,q_fa_dipl_1,مذاکرات هسته‌ای ایران آمریکا,مذاکرات هسته‌ای ایران آمریکا,2026-05-09,2026-05-15,time,300,not_capped,done,youtube_runs.csv,data/raw/iran_us_war/youtube_runs.csv,"project_week=W11; discovery_route=query_search; source_id=; returned_count=1; stored_count=0; records_in_window=0; records_sampled_out=0; oldest_record_utc=; newest_record_utc=; quota_consumed=; error_count=0; prefiltered_sources_count=0; prefiltered_sources_log_ref=youtube_skipped_videos.csv; started_at_utc=2026-08-11T22:42:06Z; finished_at_utc=2026-08-11T22:48:29Z; assigned_query==executed_query: youtube_runs.csv logs one query_text field, no separate as-typed vs as-executed variant (search.list takes a single string); run_log_notes=quota_consumed/error_count/prefiltered_sources_count reported once on the first row of this run, not per bucket (they are run-level, not query x week - level).; source_row_hash=16e88fb199e85179"
yt_20260811T224206Z,youtube,0.3-draft,q_fa_dipl_1,مذاکرات هسته‌ای ایران آمریکا,مذاکرات هسته‌ای ایران آمریکا,2026-05-23,2026-05-29,time,300,not_capped,done,youtube_runs.csv,data/raw/iran_us_war/youtube_runs.csv,"project_week=W13; discovery_route=query_search; source_id=; returned_count=2; stored_count=0; records_in_window=0; records_sampled_out=0; oldest_record_utc=; newest_record_utc=; quota_consumed=; error_count=0; prefiltered_sources_count=0; prefiltered_sources_log_ref=youtube_skipped_videos.csv; started_at_utc=2026-08-11T22:42:06Z; finished_at_utc=2026-08-11T22:48:29Z; assigned_query==executed_query: youtube_runs.csv logs one query_text field, no separate as-typed vs as-executed variant (search.list takes a single string); run_log_notes=quota_consumed/error_count/prefiltered_sources_count reported once on the first row of this run, not per bucket (they are run-level, not query x week - level).; source_row_hash=26772d4331ccd70f"
yt_20260811T224206Z,youtube,0.3-draft,q_fa_dipl_1,مذاکرات هسته‌ای ایران آمریکا,مذاکرات هسته‌ای ایران آمریکا,2026-05-30,2026-06-05,time,300,not_capped,done,youtube_runs.csv,data/raw/iran_us_war/youtube_runs.csv,"project_week=W14; discovery_route=query_search; source_id=; returned_count=1; stored_count=0; records_in_window=0; records_sampled_out=0; oldest_record_utc=; newest_record_utc=; quota_consumed=; error_count=0; prefiltered_sources_count=0; prefiltered_sources_log_ref=youtube_skipped_videos.csv; started_at_utc=2026-08-11T22:42:06Z; finished_at_utc=2026-08-11T22:48:29Z; assigned_query==executed_query: youtube_runs.csv logs one query_text field, no separate as-typed vs as-executed variant (search.list takes a single string); run_log_notes=quota_consumed/error_count/prefiltered_sources_count reported once on the first row of this run, not per bucket (they are run-level, not query x week - level).; source_row_hash=b7d8249c88a10308"
yt_20260811T224206Z,youtube,0.3-draft,q_fa_dipl_1,مذاکرات هسته‌ای ایران آمریکا,مذاکرات هسته‌ای ایران آمریکا,2026-06-20,2026-06-26,time,300,not_capped,done,youtube_runs.csv,data/raw/iran_us_war/youtube_runs.csv,"project_week=W17; discovery_route=query_search; source_id=; returned_count=3; stored_count=0; records_in_window=0; records_sampled_out=0; oldest_record_utc=; newest_record_utc=; quota_consumed=; error_count=0; prefiltered_sources_count=0; prefiltered_sources_log_ref=youtube_skipped_videos.csv; started_at_utc=2026-08-11T22:42:06Z; finished_at_utc=2026-08-11T22:48:29Z; assigned_query==executed_query: youtube_runs.csv logs one query_text field, no separate as-typed vs as-executed variant (search.list takes a single string); run_log_notes=quota_consumed/error_count/prefiltered_sources_count reported once on the first row of this run, not per bucket (they are run-level, not query x week - level).; source_row_hash=6b54db86883d269a"
yt_20260811T224206Z,youtube,0.3-draft,q_fa_dipl_1,مذاکرات هسته‌ای ایران آمریکا,مذاکرات هسته‌ای ایران آمریکا,2026-06-27,2026-07-03,time,300,not_capped,done,youtube_runs.csv,data/raw/iran_us_war/youtube_runs.csv,"project_week=W18; discovery_route=query_search; source_id=; returned_count=1; stored_count=0; records_in_window=0; records_sampled_out=0; oldest_record_utc=; newest_record_utc=; quota_consumed=; error_count=0; prefiltered_sources_count=0; prefiltered_sources_log_ref=youtube_skipped_videos.csv; started_at_utc=2026-08-11T22:42:06Z; finished_at_utc=2026-08-11T22:48:29Z; assigned_query==executed_query: youtube_runs.csv logs one query_text field, no separate as-typed vs as-executed variant (search.list takes a single string); run_log_notes=quota_consumed/error_count/prefiltered_sources_count reported once on the first row of this run, not per bucket (they are run-level, not query x week - level).; source_row_hash=d6b75403f9eeb5e2"
yt_20260811T224206Z,youtube,0.3-draft,q_fa_dipl_1,مذاکرات هسته‌ای ایران آمریکا,مذاکرات هسته‌ای ایران آمریکا,2026-07-04,2026-07-10,time,300,not_capped,done,youtube_runs.csv,data/raw/iran_us_war/youtube_runs.csv,"project_week=W19; discovery_route=query_search; source_id=; returned_count=1; stored_count=0; records_in_window=0; records_sampled_out=0; oldest_record_utc=; newest_record_utc=; quota_consumed=; error_count=0; prefiltered_sources_count=0; prefiltered_sources_log_ref=youtube_skipped_videos.csv; started_at_utc=2026-08-11T22:42:06Z; finished_at_utc=2026-08-11T22:48:29Z; assigned_query==executed_query: youtube_runs.csv logs one query_text field, no separate as-typed vs as-executed variant (search.list takes a single string); run_log_notes=quota_consumed/error_count/prefiltered_sources_count reported once on the first row of this run, not per bucket (they are run-level, not query x week - level).; source_row_hash=5066adc9ed749919"
yt_20260811T224206Z,youtube,0.3-draft,q_fa_econ_1,تحریم ایران آمریکا,تحریم ایران آمریکا,2026-07-04,2026-07-10,time,300,not_capped,done,youtube_runs.csv,data/raw/iran_us_war/youtube_runs.csv,"project_week=W19; discovery_route=query_search; source_id=YT-030; returned_count=1; stored_count=0; records_in_window=0; records_sampled_out=0; oldest_record_utc=; newest_record_utc=; quota_consumed=; error_count=0; prefiltered_sources_count=0; prefiltered_sources_log_ref=youtube_skipped_videos.csv; started_at_utc=2026-08-11T22:42:06Z; finished_at_utc=2026-08-11T22:48:29Z; assigned_query==executed_query: youtube_runs.csv logs one query_text field, no separate as-typed vs as-executed variant (search.list takes a single string); run_log_notes=quota_consumed/error_count/prefiltered_sources_count reported once on the first row of this run, not per bucket (they are run-level, not query x week - level).; source_row_hash=f4002f1e973ada4e"
yt_20260811T224206Z,youtube,0.3-draft,q_fa_hashtag_1,#ایران_آمریکا,#ایران_آمریکا,2026-04-11,2026-04-17,time,300,not_capped,done,youtube_runs.csv,data/raw/iran_us_war/youtube_runs.csv,"project_week=W07; discovery_route=query_search; source_id=; returned_count=1; stored_count=0; records_in_window=0; records_sampled_out=0; oldest_record_utc=; newest_record_utc=; quota_consumed=; error_count=0; prefiltered_sources_count=0; prefiltered_sources_log_ref=youtube_skipped_videos.csv; started_at_utc=2026-08-11T22:42:06Z; finished_at_utc=2026-08-11T22:48:29Z; assigned_query==executed_query: youtube_runs.csv logs one query_text field, no separate as-typed vs as-executed variant (search.list takes a single string); run_log_notes=quota_consumed/error_count/prefiltered_sources_count reported once on the first row of this run, not per bucket (they are run-level, not query x week - level).; source_row_hash=5ac30561bc11d5ec"
yt_20260811T224206Z,youtube,0.3-draft,q_fa_hashtag_1,#ایران_آمریکا,#ایران_آمریکا,2026-04-18,2026-04-24,time,300,not_capped,done,youtube_runs.csv,data/raw/iran_us_war/youtube_runs.csv,"project_week=W08; discovery_route=query_search; source_id=; returned_count=2; stored_count=0; records_in_window=0; records_sampled_out=0; oldest_record_utc=; newest_record_utc=; quota_consumed=; error_count=0; prefiltered_sources_count=0; prefiltered_sources_log_ref=youtube_skipped_videos.csv; started_at_utc=2026-08-11T22:42:06Z; finished_at_utc=2026-08-11T22:48:29Z; assigned_query==executed_query: youtube_runs.csv logs one query_text field, no separate as-typed vs as-executed variant (search.list takes a single string); run_log_notes=quota_consumed/error_count/prefiltered_sources_count reported once on the first row of this run, not per bucket (they are run-level, not query x week - level).; source_row_hash=2cfc5abc43134b9a"
yt_20260811T224206Z,youtube,0.3-draft,q_fa_hashtag_1,#ایران_آمریکا,#ایران_آمریکا,2026-06-13,2026-06-19,time,300,not_capped,done,youtube_runs.csv,data/raw/iran_us_war/youtube_runs.csv,"project_week=W16; discovery_route=query_search; source_id=; returned_count=1; stored_count=0; records_in_window=0; records_sampled_out=0; oldest_record_utc=; newest_record_utc=; quota_consumed=; error_count=0; prefiltered_sources_count=0; prefiltered_sources_log_ref=youtube_skipped_videos.csv; started_at_utc=2026-08-11T22:42:06Z; finished_at_utc=2026-08-11T22:48:29Z; assigned_query==executed_query: youtube_runs.csv logs one query_text field, no separate as-typed vs as-executed variant (search.list takes a single string); run_log_notes=quota_consumed/error_count/prefiltered_sources_count reported once on the first row of this run, not per bucket (they are run-level, not query x week - level).; source_row_hash=3ffc6a362d2787b5"
yt_20260811T224206Z,youtube,0.3-draft,q_fa_hashtag_1,#ایران_آمریکا,#ایران_آمریکا,2026-06-20,2026-06-26,time,300,not_capped,done,youtube_runs.csv,data/raw/iran_us_war/youtube_runs.csv,"project_week=W17; discovery_route=query_search; source_id=; returned_count=1; stored_count=0; records_in_window=0; records_sampled_out=0; oldest_record_utc=; newest_record_utc=; quota_consumed=; error_count=0; prefiltered_sources_count=0; prefiltered_sources_log_ref=youtube_skipped_videos.csv; started_at_utc=2026-08-11T22:42:06Z; finished_at_utc=2026-08-11T22:48:29Z; assigned_query==executed_query: youtube_runs.csv logs one query_text field, no separate as-typed vs as-executed variant (search.list takes a single string); run_log_notes=quota_consumed/error_count/prefiltered_sources_count reported once on the first row of this run, not per bucket (they are run-level, not query x week - level).; source_row_hash=dcbe8af215bee6e2"
yt_20260811T224206Z,youtube,0.3-draft,q_fa_hashtag_1,#ایران_آمریکا,#ایران_آمریکا,2026-06-27,2026-07-03,time,300,not_capped,done,youtube_runs.csv,data/raw/iran_us_war/youtube_runs.csv,"project_week=W18; discovery_route=query_search; source_id=; returned_count=1; stored_count=0; records_in_window=0; records_sampled_out=0; oldest_record_utc=; newest_record_utc=; quota_consumed=; error_count=0; prefiltered_sources_count=0; prefiltered_sources_log_ref=youtube_skipped_videos.csv; started_at_utc=2026-08-11T22:42:06Z; finished_at_utc=2026-08-11T22:48:29Z; assigned_query==executed_query: youtube_runs.csv logs one query_text field, no separate as-typed vs as-executed variant (search.list takes a single string); run_log_notes=quota_consumed/error_count/prefiltered_sources_count reported once on the first row of this run, not per bucket (they are run-level, not query x week - level).; source_row_hash=ff892f78f3981278"
yt_20260811T224206Z,youtube,0.3-draft,q_fa_hashtag_1,#ایران_آمریکا,#ایران_آمریکا,2026-07-11,2026-07-17,time,300,not_capped,done,youtube_runs.csv,data/raw/iran_us_war/youtube_runs.csv,"project_week=W20; discovery_route=query_search; source_id=; returned_count=1; stored_count=0; records_in_window=0; records_sampled_out=0; oldest_record_utc=; newest_record_utc=; quota_consumed=; error_count=0; prefiltered_sources_count=0; prefiltered_sources_log_ref=youtube_skipped_videos.csv; started_at_utc=2026-08-11T22:42:06Z; finished_at_utc=2026-08-11T22:48:29Z; assigned_query==executed_query: youtube_runs.csv logs one query_text field, no separate as-typed vs as-executed variant (search.list takes a single string); run_log_notes=quota_consumed/error_count/prefiltered_sources_count reported once on the first row of this run, not per bucket (they are run-level, not query x week - level).; source_row_hash=d09f84cc380f089f"
yt_20260811T224206Z,youtube,0.3-draft,q_fa_oppose_1,محکومیت حمله آمریکا به ایران,محکومیت حمله آمریکا به ایران,2026-04-04,2026-04-10,time,300,not_capped,done,youtube_runs.csv,data/raw/iran_us_war/youtube_runs.csv,"project_week=W06; discovery_route=query_search; source_id=YT-030; returned_count=1; stored_count=0; records_in_window=0; records_sampled_out=0; oldest_record_utc=; newest_record_utc=; quota_consumed=; error_count=0; prefiltered_sources_count=0; prefiltered_sources_log_ref=youtube_skipped_videos.csv; started_at_utc=2026-08-11T22:42:06Z; finished_at_utc=2026-08-11T22:48:29Z; assigned_query==executed_query: youtube_runs.csv logs one query_text field, no separate as-typed vs as-executed variant (search.list takes a single string); run_log_notes=quota_consumed/error_count/prefiltered_sources_count reported once on the first row of this run, not per bucket (they are run-level, not query x week - level).; source_row_hash=a59d865cd52fc31d"
yt_20260811T224206Z,youtube,0.3-draft,q_fa_oppose_1,محکومیت حمله آمریکا به ایران,محکومیت حمله آمریکا به ایران,2026-05-16,2026-05-22,time,300,not_capped,done,youtube_runs.csv,data/raw/iran_us_war/youtube_runs.csv,"project_week=W12; discovery_route=query_search; source_id=YT-031; returned_count=1; stored_count=0; records_in_window=0; records_sampled_out=0; oldest_record_utc=; newest_record_utc=; quota_consumed=; error_count=0; prefiltered_sources_count=0; prefiltered_sources_log_ref=youtube_skipped_videos.csv; started_at_utc=2026-08-11T22:42:06Z; finished_at_utc=2026-08-11T22:48:29Z; assigned_query==executed_query: youtube_runs.csv logs one query_text field, no separate as-typed vs as-executed variant (search.list takes a single string); run_log_notes=quota_consumed/error_count/prefiltered_sources_count reported once on the first row of this run, not per bucket (they are run-level, not query x week - level).; source_row_hash=157adf7efdecf4e6"
yt_20260811T224206Z,youtube,0.3-draft,q_fa_oppose_1,محکومیت حمله آمریکا به ایران,محکومیت حمله آمریکا به ایران,2026-07-18,2026-07-22,time,300,not_capped,done,youtube_runs.csv,data/raw/iran_us_war/youtube_runs.csv,"project_week=W21; discovery_route=query_search; source_id=; returned_count=1; stored_count=0; records_in_window=0; records_sampled_out=0; oldest_record_utc=; newest_record_utc=; quota_consumed=; error_count=0; prefiltered_sources_count=0; prefiltered_sources_log_ref=youtube_skipped_videos.csv; started_at_utc=2026-08-11T22:42:06Z; finished_at_utc=2026-08-11T22:48:29Z; assigned_query==executed_query: youtube_runs.csv logs one query_text field, no separate as-typed vs as-executed variant (search.list takes a single string); run_log_notes=quota_consumed/error_count/prefiltered_sources_count reported once on the first row of this run, not per bucket (they are run-level, not query x week - level).; source_row_hash=84069d8edf7c5d7c"
yt_20260811T224206Z,youtube,0.3-draft,q_fa_oppose_2,محکومیت اقدام ایران علیه آمریکا,محکومیت اقدام ایران علیه آمریکا,2026-03-21,2026-03-27,time,300,not_capped,done,youtube_runs.csv,data/raw/iran_us_war/youtube_runs.csv,"project_week=W04; discovery_route=query_search; source_id=; returned_count=1; stored_count=0; records_in_window=0; records_sampled_out=0; oldest_record_utc=; newest_record_utc=; quota_consumed=; error_count=0; prefiltered_sources_count=0; prefiltered_sources_log_ref=youtube_skipped_videos.csv; started_at_utc=2026-08-11T22:42:06Z; finished_at_utc=2026-08-11T22:48:29Z; assigned_query==executed_query: youtube_runs.csv logs one query_text field, no separate as-typed vs as-executed variant (search.list takes a single string); run_log_notes=quota_consumed/error_count/prefiltered_sources_count reported once on the first row of this run, not per bucket (they are run-level, not query x week - level).; source_row_hash=68bd947738289950"
yt_20260811T224206Z,youtube,0.3-draft,q_fa_support_1,حمایت از اقدام آمریکا علیه ایران,حمایت از اقدام آمریکا علیه ایران,2026-02-28,2026-03-06,time,300,not_capped,done,youtube_runs.csv,data/raw/iran_us_war/youtube_runs.csv,"project_week=W01; discovery_route=query_search; source_id=YT-030; returned_count=1; stored_count=0; records_in_window=0; records_sampled_out=0; oldest_record_utc=; newest_record_utc=; quota_consumed=; error_count=0; prefiltered_sources_count=0; prefiltered_sources_log_ref=youtube_skipped_videos.csv; started_at_utc=2026-08-11T22:42:06Z; finished_at_utc=2026-08-11T22:48:29Z; assigned_query==executed_query: youtube_runs.csv logs one query_text field, no separate as-typed vs as-executed variant (search.list takes a single string); run_log_notes=quota_consumed/error_count/prefiltered_sources_count reported once on the first row of this run, not per bucket (they are run-level, not query x week - level).; source_row_hash=40cab646e2738871"
yt_20260811T224206Z,youtube,0.3-draft,q_fa_support_1,حمایت از اقدام آمریکا علیه ایران,حمایت از اقدام آمریکا علیه ایران,2026-03-21,2026-03-27,time,300,not_capped,done,youtube_runs.csv,data/raw/iran_us_war/youtube_runs.csv,"project_week=W04; discovery_route=query_search; source_id=YT-030; returned_count=1; stored_count=0; records_in_window=0; records_sampled_out=0; oldest_record_utc=; newest_record_utc=; quota_consumed=; error_count=0; prefiltered_sources_count=0; prefiltered_sources_log_ref=youtube_skipped_videos.csv; started_at_utc=2026-08-11T22:42:06Z; finished_at_utc=2026-08-11T22:48:29Z; assigned_query==executed_query: youtube_runs.csv logs one query_text field, no separate as-typed vs as-executed variant (search.list takes a single string); run_log_notes=quota_consumed/error_count/prefiltered_sources_count reported once on the first row of this run, not per bucket (they are run-level, not query x week - level).; source_row_hash=698d23292b344a69"
yt_20260811T224206Z,youtube,0.3-draft,q_fa_support_1,حمایت از اقدام آمریکا علیه ایران,حمایت از اقدام آمریکا علیه ایران,2026-03-28,2026-04-03,time,300,not_capped,done,youtube_runs.csv,data/raw/iran_us_war/youtube_runs.csv,"project_week=W05; discovery_route=query_search; source_id=; returned_count=1; stored_count=0; records_in_window=0; records_sampled_out=0; oldest_record_utc=; newest_record_utc=; quota_consumed=; error_count=0; prefiltered_sources_count=0; prefiltered_sources_log_ref=youtube_skipped_videos.csv; started_at_utc=2026-08-11T22:42:06Z; finished_at_utc=2026-08-11T22:48:29Z; assigned_query==executed_query: youtube_runs.csv logs one query_text field, no separate as-typed vs as-executed variant (search.list takes a single string); run_log_notes=quota_consumed/error_count/prefiltered_sources_count reported once on the first row of this run, not per bucket (they are run-level, not query x week - level).; source_row_hash=22e6bd738725dec8"
yt_20260811T224206Z,youtube,0.3-draft,q_fa_support_2,حمایت از ایران در برابر آمریکا,حمایت از ایران در برابر آمریکا,2026-02-28,2026-03-06,time,300,not_capped,done,youtube_runs.csv,data/raw/iran_us_war/youtube_runs.csv,"project_week=W01; discovery_route=query_search; source_id=; returned_count=1; stored_count=0; records_in_window=0; records_sampled_out=0; oldest_record_utc=; newest_record_utc=; quota_consumed=; error_count=0; prefiltered_sources_count=0; prefiltered_sources_log_ref=youtube_skipped_videos.csv; started_at_utc=2026-08-11T22:42:06Z; finished_at_utc=2026-08-11T22:48:29Z; assigned_query==executed_query: youtube_runs.csv logs one query_text field, no separate as-typed vs as-executed variant (search.list takes a single string); run_log_notes=quota_consumed/error_count/prefiltered_sources_count reported once on the first row of this run, not per bucket (they are run-level, not query x week - level).; source_row_hash=4dada8c953fbc7bc"
yt_20260811T224206Z,youtube,0.3-draft,q_fa_support_2,حمایت از ایران در برابر آمریکا,حمایت از ایران در برابر آمریکا,2026-04-04,2026-04-10,time,300,not_capped,done,youtube_runs.csv,data/raw/iran_us_war/youtube_runs.csv,"project_week=W06; discovery_route=query_search; source_id=; returned_count=1; stored_count=0; records_in_window=0; records_sampled_out=0; oldest_record_utc=; newest_record_utc=; quota_consumed=; error_count=0; prefiltered_sources_count=0; prefiltered_sources_log_ref=youtube_skipped_videos.csv; started_at_utc=2026-08-11T22:42:06Z; finished_at_utc=2026-08-11T22:48:29Z; assigned_query==executed_query: youtube_runs.csv logs one query_text field, no separate as-typed vs as-executed variant (search.list takes a single string); run_log_notes=quota_consumed/error_count/prefiltered_sources_count reported once on the first row of this run, not per bucket (they are run-level, not query x week - level).; source_row_hash=b25ec94ac9bf64e8"
yt_20260811T224206Z,youtube,0.3-draft,q_fa_support_2,حمایت از ایران در برابر آمریکا,حمایت از ایران در برابر آمریکا,2026-05-23,2026-05-29,time,300,not_capped,done,youtube_runs.csv,data/raw/iran_us_war/youtube_runs.csv,"project_week=W13; discovery_route=query_search; source_id=; returned_count=2; stored_count=0; records_in_window=0; records_sampled_out=0; oldest_record_utc=; newest_record_utc=; quota_consumed=; error_count=0; prefiltered_sources_count=0; prefiltered_sources_log_ref=youtube_skipped_videos.csv; started_at_utc=2026-08-11T22:42:06Z; finished_at_utc=2026-08-11T22:48:29Z; assigned_query==executed_query: youtube_runs.csv logs one query_text field, no separate as-typed vs as-executed variant (search.list takes a single string); run_log_notes=quota_consumed/error_count/prefiltered_sources_count reported once on the first row of this run, not per bucket (they are run-level, not query x week - level).; source_row_hash=7f52b01777175cff"
yt_20260811T224206Z,youtube,0.3-draft,q_fa_support_2,حمایت از ایران در برابر آمریکا,حمایت از ایران در برابر آمریکا,2026-07-18,2026-07-22,time,300,not_capped,done,youtube_runs.csv,data/raw/iran_us_war/youtube_runs.csv,"project_week=W21; discovery_route=query_search; source_id=; returned_count=1; stored_count=0; records_in_window=0; records_sampled_out=0; oldest_record_utc=; newest_record_utc=; quota_consumed=; error_count=0; prefiltered_sources_count=0; prefiltered_sources_log_ref=youtube_skipped_videos.csv; started_at_utc=2026-08-11T22:42:06Z; finished_at_utc=2026-08-11T22:48:29Z; assigned_query==executed_query: youtube_runs.csv logs one query_text field, no separate as-typed vs as-executed variant (search.list takes a single string); run_log_notes=quota_consumed/error_count/prefiltered_sources_count reported once on the first row of this run, not per bucket (they are run-level, not query x week - level).; source_row_hash=62c4206313948efc"
yt_20260811T224206Z,youtube,0.3-draft,q_fa_topic_2,تنش نظامی ایران و آمریکا,تنش نظامی ایران و آمریکا,unknown,unknown,time,300,not_capped,done,youtube_runs.csv,data/raw/iran_us_war/youtube_runs.csv,"project_week=OUT; discovery_route=query_search; source_id=YT-029; returned_count=6; stored_count=0; records_in_window=0; records_sampled_out=0; oldest_record_utc=; newest_record_utc=; quota_consumed=; error_count=0; prefiltered_sources_count=0; prefiltered_sources_log_ref=youtube_skipped_videos.csv; started_at_utc=2026-08-11T22:42:06Z; finished_at_utc=2026-08-11T22:48:29Z; assigned_query==executed_query: youtube_runs.csv logs one query_text field, no separate as-typed vs as-executed variant (search.list takes a single string); run_log_notes=quota_consumed/error_count/prefiltered_sources_count reported once on the first row of this run, not per bucket (they are run-level, not query x week - level).; source_row_hash=8f3ebfdbd4905a5c"
yt_20260811T224206Z,youtube,0.3-draft,q_fa_topic_2,تنش نظامی ایران و آمریکا,تنش نظامی ایران و آمریکا,2026-06-06,2026-06-12,time,300,not_capped,done,youtube_runs.csv,data/raw/iran_us_war/youtube_runs.csv,"project_week=W15; discovery_route=query_search; source_id=; returned_count=1; stored_count=0; records_in_window=0; records_sampled_out=0; oldest_record_utc=; newest_record_utc=; quota_consumed=; error_count=0; prefiltered_sources_count=0; prefiltered_sources_log_ref=youtube_skipped_videos.csv; started_at_utc=2026-08-11T22:42:06Z; finished_at_utc=2026-08-11T22:48:29Z; assigned_query==executed_query: youtube_runs.csv logs one query_text field, no separate as-typed vs as-executed variant (search.list takes a single string); run_log_notes=quota_consumed/error_count/prefiltered_sources_count reported once on the first row of this run, not per bucket (they are run-level, not query x week - level).; source_row_hash=8d743d772b604c8b"
yt_20260811T224206Z,youtube,0.3-draft,q_fa_topic_2,تنش نظامی ایران و آمریکا,تنش نظامی ایران و آمریکا,2026-06-27,2026-07-03,time,300,not_capped,done,youtube_runs.csv,data/raw/iran_us_war/youtube_runs.csv,"project_week=W18; discovery_route=query_search; source_id=; returned_count=1; stored_count=0; records_in_window=0; records_sampled_out=0; oldest_record_utc=; newest_record_utc=; quota_consumed=; error_count=0; prefiltered_sources_count=0; prefiltered_sources_log_ref=youtube_skipped_videos.csv; started_at_utc=2026-08-11T22:42:06Z; finished_at_utc=2026-08-11T22:48:29Z; assigned_query==executed_query: youtube_runs.csv logs one query_text field, no separate as-typed vs as-executed variant (search.list takes a single string); run_log_notes=quota_consumed/error_count/prefiltered_sources_count reported once on the first row of this run, not per bucket (they are run-level, not query x week - level).; source_row_hash=d5afe09e6a01c2b3"
yt_20260811T224206Z,youtube,0.3-draft,q_fa_topic_2,تنش نظامی ایران و آمریکا,تنش نظامی ایران و آمریکا,2026-07-04,2026-07-10,time,300,not_capped,done,youtube_runs.csv,data/raw/iran_us_war/youtube_runs.csv,"project_week=W19; discovery_route=query_search; source_id=; returned_count=1; stored_count=0; records_in_window=0; records_sampled_out=0; oldest_record_utc=; newest_record_utc=; quota_consumed=; error_count=0; prefiltered_sources_count=0; prefiltered_sources_log_ref=youtube_skipped_videos.csv; started_at_utc=2026-08-11T22:42:06Z; finished_at_utc=2026-08-11T22:48:29Z; assigned_query==executed_query: youtube_runs.csv logs one query_text field, no separate as-typed vs as-executed variant (search.list takes a single string); run_log_notes=quota_consumed/error_count/prefiltered_sources_count reported once on the first row of this run, not per bucket (they are run-level, not query x week - level).; source_row_hash=8e3742cbc91509aa"
yt_20260811T224206Z,youtube,0.3-draft,q_fa_topic_2,تنش نظامی ایران و آمریکا,تنش نظامی ایران و آمریکا,2026-07-11,2026-07-17,time,300,not_capped,done,youtube_runs.csv,data/raw/iran_us_war/youtube_runs.csv,"project_week=W20; discovery_route=query_search; source_id=YT-029; returned_count=2; stored_count=0; records_in_window=0; records_sampled_out=0; oldest_record_utc=; newest_record_utc=; quota_consumed=; error_count=0; prefiltered_sources_count=0; prefiltered_sources_log_ref=youtube_skipped_videos.csv; started_at_utc=2026-08-11T22:42:06Z; finished_at_utc=2026-08-11T22:48:29Z; assigned_query==executed_query: youtube_runs.csv logs one query_text field, no separate as-typed vs as-executed variant (search.list takes a single string); run_log_notes=quota_consumed/error_count/prefiltered_sources_count reported once on the first row of this run, not per bucket (they are run-level, not query x week - level).; source_row_hash=bf55a493bf4f6b52"
